source,target,year,month,day,mode,companion
1,685,1660,January,1,walk,
685,1,1660,January,1,walk,
1,17,1660,January,1,walk,Elizabeth Pepys
17,1,1660,January,1,walk,Elizabeth Pepys
1,170,1660,January,2,walk,
170,66,1660,January,2,walk,
66,15,1660,January,2,walk,
15,13,1660,January,2,walk,
13,1,1660,January,2,walk,
1,66,1660,January,2,walk,
66,528,1660,January,2,walk,Thomas Moore
528,674,1660,January,2,walk,
674,1,1660,January,2,walk,
1,12,1660,January,2,walk,
12,1,1660,January,2,walk,
1,71,1660,January,3,walk,
71,170,1660,January,3,walk,
170,15,1660,January,3,walk,
15,1,1660,January,3,walk,
1,674,1660,January,3,walk,
674,1,1660,January,3,walk,
1,15,1660,January,4,walk,
15,12,1660,January,4,walk,
12,13,1660,January,4,walk,
13,104,1660,January,4,walk,
104,1,1660,January,4,walk,
1,12,1660,January,4,walk,
1,15,1660,January,5,walk,
15,6,1660,January,5,walk,
6,15,1660,January,5,walk,
15,1,1660,January,5,walk,
1,674,1660,January,5,walk,Elizabeth Pepys
674,687,1660,January,5,walk,
687,17,1660,January,5,walk,
17,674,1660,January,5,walk,
674,1,1660,January,5,walk,Elizabeth Pepys
1,134,1660,January,6,walk,John Pepys Jr.
134,15,1660,January,6,walk,
15,1,1660,January,6,walk,
1,990,1660,January,6,walk,
990,1,1660,January,6,walk,Elizabeth Pepys
1,15,1660,January,7,walk,
15,1,1660,January,7,walk,
1,987,1660,January,7,walk,
987,1,1660,January,7,walk,
1,989,1660,January,7,walk,
989,674,1660,January,7,walk,
674,6,1660,January,7,walk,
6,1,1660,January,7,walk,
1,685,1660,January,8,walk,
685,17,1660,January,8,walk,
17,745,1660,January,8,walk,Elizabeth Pepys
745,71,1660,January,8,walk,
71,17,1660,January,8,walk,
17,1,1660,January,8,walk,Edward Shepley
1,134,1660,January,9,walk,
134,694,1660,January,9,walk,
694,13,1660,January,9,walk,
13,674,1660,January,9,walk,
674,13,1660,January,9,walk,
13,1,1660,January,9,walk,
1,66,1660,January,10,walk,
66,15,1660,January,10,walk,
15,286,1660,January,10,walk,
286,167,1660,January,10,walk,
167,694,1660,January,10,walk,
694,992,1660,January,10,walk,
992,1,1660,January,10,walk,
1,12,1660,January,11,walk,
12,66,1660,January,11,walk,John Pepys Sr
66,674,1660,January,11,walk,
674,694,1660,January,11,walk,
694,1,1660,January,11,walk,
1,134,1660,January,12,walk,
134,15,1660,January,12,walk,
15,12,1660,January,12,walk,
12,1,1660,January,12,walk,
1,682,1660,January,12,walk,
682,1,1660,January,12,walk,
1,15,1660,January,13,walk,
15,12,1660,January,13,walk,
12,1,1660,January,13,walk,
1,15,1660,January,14,walk,
15,13,1660,January,14,walk,
13,75,1660,January,14,walk,Henry Moore
75,1,1660,January,14,walk,
1,694,1660,January,14,walk,
694,1,1660,January,14,walk,
1,66,1660,January,16,walk,
66,15,1660,January,16,walk,
15,987,1660,January,16,walk,
987,993,1660,January,16,walk,
993,994,1660,January,16,walk,
994,1,1660,January,16,walk,Edward Shepley
1,66,1660,January,17,coach,
66,13,1660,January,17,walk,
13,995,1660,January,17,coach,Elizabeth Pepys
995,66,1660,January,17,coach,Elizabeth Pepys
66,674,1660,January,17,walk,
674,694,1660,January,17,walk,
694,134,1660,January,17,walk,
134,1,1660,January,17,walk,
1,15,1660,January,18,walk,
15,12,1660,January,18,walk,
12,246,1660,January,18,walk,
246,6,1660,January,18,walk,
6,66,1660,January,18,walk,
66,1,1660,January,18,walk,
1,987,1660,January,19,walk,
987,492,1660,January,19,walk,Edward Shepley; James Pierce
492,3,1660,January,19,walk,
3,987,1660,January,19,walk,
987,674,1660,January,19,walk,Edward Shepley; Thomas Moore
674,996,1660,January,19,walk,
996,676,1660,January,19,walk,
676,1,1660,January,19,walk,
1,987,1660,January,20,walk,
987,13,1660,January,20,walk,
13,444,1660,January,20,boat,
444,694,1660,January,20,walk,
694,13,1660,January,20,walk,
13,1,1660,January,20,walk,
1,6,1660,January,21,walk,
6,15,1660,January,21,walk,
15,987,1660,January,21,walk,
987,66,1660,January,21,walk,Mr. Hawly
66,997,1660,January,21,walk,
997,683,1660,January,21,walk,
683,674,1660,January,21,walk,
674,3,1660,January,21,walk,
3,1,1660,January,21,walk,
1,745,1660,January,22,walk,
745,17,1660,January,22,walk,Elizabeth Pepys
17,1,1660,January,22,walk,Elizabeth Pepys
1,1141,1660,January,23,walk,
1141,15,1660,January,23,walk,
15,1,1660,January,23,walk,
1,674,1660,January,23,walk,
674,1,1660,January,23,walk,
1,15,1660,January,24,walk,
15,12,1660,January,24,walk,
12,5,1660,January,24,walk,Elizabeth Pepys
5,694,1660,January,24,walk,
694,1,1660,January,24,walk,
1,1141,1660,January,25,walk,
1141,15,1660,January,25,walk,
15,1,1660,January,25,walk,
1,24,1660,January,25,boat,
24,1,1660,January,25,walk,
1,15,1660,January,26,walk,
15,12,1660,January,26,walk,
12,1,1660,January,26,walk,
1,694,1660,January,26,walk,
694,1,1660,January,26,walk,
1,574,1660,January,27,walk,
574,13,1660,January,27,walk,
13,331,1660,January,27,walk,
331,1,1660,January,27,walk,
1,134,1660,January,28,walk,
134,15,1660,January,28,walk,
15,13,1660,January,28,walk,
13,66,1660,January,28,walk,
66,1,1660,January,28,walk,
1,685,1660,January,29,walk,
685,66,1660,January,29,walk,Henry Moore
66,1,1660,January,29,walk,
1,70,1660,January,29,walk,
70,17,1660,January,29,walk,
17,1,1660,January,29,walk,
1,15,1660,January,30,walk,
15,12,1660,January,30,walk,
12,1,1660,January,30,boat,
1,674,1660,January,30,walk,
674,492,1660,January,30,walk,
492,1,1660,January,30,walk,
1,6,1660,January,31,walk,
6,134,1660,January,31,walk,
134,15,1660,January,31,walk,
15,12,1660,January,31,walk,
12,1,1660,January,31,walk,
1,13,1660,January,31,walk,
13,12,1660,January,31,walk,
12,674,1660,January,31,walk,
674,134,1660,January,31,walk,
134,1,1660,January,31,walk,
1,15,1660,February,1,walk,
15,13,1660,February,1,walk,
13,561,1660,February,1,walk,
561,677,1660,February,1,walk,
677,674,1660,February,1,walk,
674,1,1660,February,1,walk,
1,66,1660,February,1,walk,
66,12,1660,February,1,walk,
12,1,1660,February,1,walk,
1,75,1660,February,2,walk,
75,76,1660,February,2,walk,
76,1,1660,February,2,walk,
1,3,1660,February,2,boat,
3,1,1660,February,2,boat,
1,134,1660,February,3,walk,
134,107,1660,February,3,walk,
107,3,1660,February,3,walk,
3,15,1660,February,3,walk,
15,13,1660,February,3,walk,Betty Turner; Joyce Norton
13,83,1660,February,3,walk,Roger Pepys
83,246,1660,February,3,walk,Betty Turner; Joyce Norton
246,1,1660,February,3,walk,Betty Turner; Joyce Norton
1,3,1660,February,3,walk,
3,107,1660,February,3,walk,Elizabeth Pepys
107,115,1660,February,3,walk,Elizabeth Pepys
115,673,1660,February,3,walk,
673,1,1660,February,3,walk,
1,15,1660,February,3,walk,
15,1,1660,February,3,walk,
1,15,1660,February,4,walk,
15,13,1660,February,4,walk,
13,12,1660,February,4,walk,
12,679,1660,February,4,walk,
679,717,1660,February,4,boat,
717,156,1660,February,4,walk,
156,561,1660,February,4,walk,
561,66,1660,February,4,walk,
66,677,1660,February,4,walk,
677,674,1660,February,4,walk,
674,1,1660,February,4,walk,
1,13,1660,February,5,boat,Elizabeth Pepys
13,1,1660,February,5,boat,
1,66,1660,February,6,walk,
66,13,1660,February,6,walk,
13,104,1660,February,6,walk,
104,13,1660,February,6,walk,
13,1,1660,February,6,walk,John Pepys Sr
1,678,1660,February,6,walk,John Pepys Sr
678,673,1660,February,6,walk,
673,12,1660,February,6,walk,
12,1,1660,February,6,walk,
1,15,1660,February,7,walk,
15,170,1660,February,7,walk,
170,675,1660,February,7,walk,
675,451,1660,February,7,walk,
451,1,1660,February,7,walk,
1,13,1660,February,7,walk,
13,170,1660,February,7,coach,
170,66,1660,February,7,walk,
66,673,1660,February,7,walk,
673,1,1660,February,7,walk,
1,104,1660,February,8,walk,
104,15,1660,February,8,walk,
15,104,1660,February,8,walk,
104,12,1660,February,8,walk,
12,83,1660,February,8,walk,
83,1,1660,February,8,walk,
1,674,1660,February,8,walk,
674,170,1660,February,8,walk,
170,17,1660,February,8,walk,
17,1,1660,February,8,walk,
1,15,1660,February,8,walk,
15,1,1660,February,8,walk,
1,13,1660,February,9,walk,
13,721,1660,February,9,walk,
721,15,1660,February,9,walk,
15,677,1660,February,9,walk,
677,13,1660,February,9,walk,
13,5,1660,February,9,walk,
5,1,1660,February,9,walk,
1,13,1660,February,9,walk,
13,170,1660,February,9,boat,
170,13,1660,February,9,walk,
13,688,1660,February,9,walk,
688,1,1660,February,9,coach,
1,134,1660,February,9,walk,
134,1,1660,February,9,walk,
1,15,1660,February,9,walk,
15,1,1660,February,9,walk,
1,689,1660,February,10,walk,
689,15,1660,February,10,walk,
15,104,1660,February,10,walk,
104,1,1660,February,10,walk,
1,15,1660,February,10,walk,
15,1,1660,February,10,walk,
1,687,1660,February,10,walk,Henry Moore
687,688,1660,February,10,walk,Henry Moore
688,1,1660,February,10,walk,
1,15,1660,February,11,walk,
15,13,1660,February,11,walk,
13,688,1660,February,11,walk,
688,724,1660,February,11,walk,
724,725,1660,February,11,walk,
725,105,1660,February,11,coach,
105,691,1660,February,11,walk,
691,105,1660,February,11,walk,
105,167,1660,February,11,walk,
167,693,1660,February,11,walk,
693,1,1660,February,11,walk,
1,23,1660,February,11,walk,Elizabeth Pepys
23,1,1660,February,11,walk,Elizabeth Pepys
1,3,1660,February,12,walk,
3,1,1660,February,12,walk,
1,72,1660,February,12,walk,Thomas Pepys
72,21,1660,February,12,walk,
21,71,1660,February,12,walk,Elizabeth Pepys
71,17,1660,February,12,walk,Elizabeth Pepys
17,1,1660,February,12,walk,Elizabeth Pepys
1,15,1660,February,13,walk,
15,1,1660,February,13,walk,
1,674,1660,February,13,walk,
674,1,1660,February,13,walk,
1,174,1660,February,13,walk,Elizabeth Pepys
174,17,1660,February,13,walk,Elizabeth Pepys
17,714,1660,February,13,walk,
714,687,1660,February,13,walk,
687,17,1660,February,13,walk,
17,1,1660,February,13,walk,Elizabeth Pepys
1,13,1660,February,14,walk,Henry Moore
13,104,1660,February,14,walk,Henry Moore
104,15,1660,February,14,walk,
15,12,1660,February,14,walk,
12,1,1660,February,14,walk,
1,66,1660,February,14,walk,
66,674,1660,February,14,walk,
674,1,1660,February,14,walk,
1,13,1660,February,14,walk,
13,12,1660,February,14,walk,
12,1,1660,February,14,walk,
1,15,1660,February,14,walk,
15,1,1660,February,14,walk,
1,134,1660,February,15,walk,
134,15,1660,February,15,walk,
15,12,1660,February,15,walk,
12,66,1660,February,15,walk,
66,712,1660,February,15,walk,
712,21,1660,February,15,walk,
21,17,1660,February,15,walk,
17,715,1660,February,15,walk,
715,674,1660,February,15,walk,
674,1,1660,February,15,walk,
1,15,1660,February,17,walk,
15,1,1660,February,17,walk,
1,685,1660,February,17,walk,
685,107,1660,February,17,walk,
107,686,1660,February,17,walk,
686,13,1660,February,17,walk,
13,3,1660,February,17,walk,
3,134,1660,February,17,walk,
134,1,1660,February,17,walk,
1,15,1660,February,18,walk,
15,13,1660,February,18,walk,
13,1,1660,February,18,walk,
1,6,1660,February,18,walk,
6,682,1660,February,18,walk,
682,683,1660,February,18,walk,
683,398,1660,February,18,walk,
398,3,1660,February,18,walk,
3,1,1660,February,18,walk,
1,3,1660,February,19,coach,Colonel Slingsby; Mrs Turner
3,1,1660,February,19,coach,
1,15,1660,February,20,walk,
15,1,1660,February,20,walk,
1,13,1660,February,20,walk,
13,676,1660,February,20,walk,
676,694,1660,February,20,walk,
694,12,1660,February,20,walk,
12,1,1660,February,20,walk,
1,13,1660,February,21,walk,
13,66,1660,February,21,walk,
66,13,1660,February,21,coach,
13,695,1660,February,21,walk,
695,1,1660,February,21,walk,
1,6,1660,February,22,walk,
6,1,1660,February,22,walk,
1,15,1660,February,22,walk,
15,12,1660,February,22,walk,
12,13,1660,February,22,walk,
13,17,1660,February,22,walk,
17,66,1660,February,22,walk,
66,674,1660,February,22,walk,
674,3,1660,February,22,walk,
3,17,1660,February,22,walk,
17,1,1660,February,22,walk,Elizabeth Pepys
1,15,1660,February,23,walk,
15,1,1660,February,23,walk,
1,3,1660,February,23,walk,
3,1,1660,February,23,walk,
1,13,1660,February,23,walk,
13,1,1660,February,23,coach,
1,696,1660,February,24,walk,
696,5,1660,February,24,horse,
5,458,1660,February,24,horse,James Pierce
458,698,1660,February,24,horse,James Pierce
698,699,1660,February,25,horse,
699,203,1660,February,25,walk,John Pepys Sr
203,699,1660,February,25,walk,John Pepys Sr
699,701,1660,February,25,walk,
701,699,1660,February,25,walk,
699,459,1660,February,25,walk,John Pepys Sr
459,703,1660,February,25,walk,
703,701,1660,February,25,walk,
699,467,1660,February,26,walk,John Pepys Sr
467,699,1660,February,26,walk,John Pepys Sr
699,706,1660,February,27,horse,
706,707,1660,February,27,walk,
707,706,1660,February,27,walk,
706,708,1660,February,27,horse,
708,117,1660,February,28,horse,
117,1,1660,February,28,horse,
1,66,1660,February,28,walk,
66,677,1660,February,28,walk,
677,710,1660,February,28,walk,William Howe
710,53,1660,February,28,walk,
53,674,1660,February,28,walk,
674,1,1660,February,28,walk,
1,15,1660,February,29,walk,
15,12,1660,February,29,walk,
12,1,1660,February,29,walk,
1,712,1660,February,29,boat,Elizabeth Pepys
712,17,1660,February,29,walk,Elizabeth Pepys
17,71,1660,February,29,walk,
71,17,1660,February,29,walk,
17,1,1660,February,29,walk,Elizabeth Pepys
1,6,1660,March,1,walk,
6,15,1660,March,1,walk,
15,66,1660,March,1,walk,
66,726,1660,March,1,boat,
726,285,1660,March,1,boat,
285,1,1660,March,1,walk,
1,685,1660,March,4,walk,
685,17,1660,March,4,walk,Elizabeth Pepys
17,745,1660,March,4,walk,Elizabeth Pepys
745,17,1660,March,4,walk,Elizabeth Pepys
17,1,1660,March,4,walk,Elizabeth Pepys
1,12,1660,March,5,walk,
12,728,1660,March,5,boat,
728,13,1660,March,5,boat,
13,1,1660,March,5,walk,
1,66,1660,March,6,walk,
66,3,1660,March,6,walk,
3,15,1660,March,6,walk,
15,12,1660,March,6,walk,
12,1,1660,March,6,walk,
1,743,1660,March,6,walk,
1,66,1660,March,7,walk,
66,380,1660,March,7,coach,
380,3,1660,March,7,walk,
3,15,1660,March,7,walk,
15,731,1660,March,7,walk,
731,1,1660,March,7,walk,
1,3,1660,March,8,walk,
3,733,1660,March,8,walk,
733,13,1660,March,8,walk,
13,1,1660,March,8,walk,
1,280,1660,March,8,walk,Elizabeth Pepys
280,1,1660,March,8,walk,Elizabeth Pepys
1,3,1660,March,8,walk,
3,730,1660,March,8,walk,
730,58,1660,March,8,walk,
58,134,1660,March,8,walk,
134,1,1660,March,8,walk,
1,6,1660,March,9,coach,
6,9,1660,March,9,coach,
9,66,1660,March,9,walk,
66,3,1660,March,9,walk,
3,730,1660,March,9,walk,
730,134,1660,March,9,walk,
134,1,1660,March,9,walk,
1,17,1660,March,10,walk,
17,300,1660,March,10,walk,
300,1,1660,March,10,coach,
1,674,1660,March,10,walk,
674,677,1660,March,10,walk,
677,3,1660,March,10,walk,
3,15,1660,March,10,walk,
15,3,1660,March,10,walk,
3,1,1660,March,10,walk,
1,17,1660,March,11,walk,Elizabeth Pepys
17,1,1660,March,11,walk,Elizabeth Pepys
1,23,1660,March,12,walk,Elizabeth Pepys
23,246,1660,March,12,walk,Elizabeth Pepys
246,736,1660,March,12,horse,
736,735,1660,March,12,horse,
735,6,1660,March,13,horse,
6,17,1660,March,13,walk,
17,3,1660,March,13,walk,
3,730,1660,March,13,walk,
730,1,1660,March,13,walk,
1,6,1660,March,14,walk,
6,380,1660,March,14,walk,James Pierce
380,3,1660,March,14,walk,
3,676,1660,March,14,walk,
676,730,1660,March,14,walk,
730,674,1660,March,14,coach,
674,677,1660,March,14,walk,
677,1,1660,March,14,walk,
1,12,1660,March,15,walk,
12,13,1660,March,15,walk,
13,15,1660,March,15,boat,
15,134,1660,March,15,walk,
134,300,1660,March,15,boat,Elizabeth Pepys
300,6,1660,March,15,walk,
6,674,1660,March,15,coach,
674,739,1660,March,15,walk,
739,13,1660,March,15,walk,
13,134,1660,March,15,walk,
134,1,1660,March,15,walk,Elizabeth Pepys
1,15,1660,March,16,boat,
15,740,1660,March,16,walk,
740,17,1660,March,16,walk,Elizabeth Pepys
17,730,1660,March,16,walk,
730,13,1660,March,16,walk,
13,1,1660,March,16,walk,
1,66,1660,March,17,walk,
66,693,1660,March,17,walk,Elizabeth Pepys
693,730,1660,March,17,walk,
730,743,1660,March,17,coach,
743,744,1660,March,18,walk,
744,6,1660,March,18,walk,
6,745,1660,March,18,walk,
745,66,1660,March,18,walk,
66,746,1660,March,18,walk,
746,743,1660,March,18,walk,
743,6,1660,March,19,walk,
6,730,1660,March,19,walk,
730,246,1660,March,19,walk,
246,742,1660,March,19,walk,
742,3,1660,March,19,walk,
3,743,1660,March,19,walk,
743,1,1660,March,20,walk,
1,6,1660,March,20,walk,
6,3,1660,March,20,coach,
3,676,1660,March,20,walk,
676,678,1660,March,20,walk,
678,6,1660,March,20,walk,
6,765,1660,March,21,walk,
765,742,1660,March,21,walk,
742,66,1660,March,21,walk,
66,17,1660,March,21,walk,
17,743,1660,March,21,walk,
743,66,1660,March,22,walk,
66,741,1660,March,22,walk,
741,66,1660,March,22,walk,
66,6,1660,March,22,walk,
6,43,1660,March,23,coach,
43,1578,1660,March,23,boat,
748,750,1660,April,30,boat,William Howe
750,751,1660,April,30,walk,William Howe
751,752,1660,April,30,walk,William Howe
752,748,1660,April,30,boat,William Howe
748,754,1660,May,14,boat,
754,753,1660,May,14,coach,
754,748,1660,May,15,boat,
748,754,1660,May,17,boat,Edward Pickering; William Howe; Edward Montagu (child)
754,753,1660,May,17,coach,
753,755,1660,May,18,schuit,
755,753,1660,May,18,schuit,
1599,754,1660,May,19,wagon,
754,1598,1660,May,19,walk,
1598,753,1660,May,19,walk,
753,756,1660,May,19,walk,
756,753,1660,May,19,walk,
754,748,1660,May,20,boat,
748,754,1660,May,22,boat,Lord Sandwich; William Penn
754,748,1660,May,22,boat,Lord Sandwich; William Penn
748,750,1660,May,29,boat,
750,748,1660,May,29,boat,
748,750,1660,June,8,horse,
750,757,1660,June,8,horse,
757,758,1660,June,8,horse,
759,163,1660,June,9,boat,Henry Moore; William Howe
163,66,1660,June,9,walk,
66,17,1660,June,9,walk,
17,3,1660,June,9,walk,
17,409,1660,June,10,walk,Elizabeth Pepys
409,17,1660,June,10,walk,Elizabeth Pepys
17,6,1660,June,11,walk,
6,3,1660,June,11,walk,
3,66,1660,June,11,coach,
66,12,1660,June,11,walk,
12,13,1660,June,11,walk,
13,10,1660,June,11,walk,Henry Moore
10,730,1660,June,11,walk,
730,66,1660,June,11,walk,
66,774,1660,June,11,coach,
774,66,1660,June,11,walk,
66,71,1660,June,11,walk,
71,17,1660,June,11,walk,
17,6,1660,June,12,walk,
6,775,1660,June,12,walk,
775,66,1660,June,12,walk,
66,1134,1660,June,12,walk,
1134,226,1660,June,12,walk,
226,6,1660,June,12,walk,
6,17,1660,June,12,walk,
17,6,1660,June,13,walk,
6,82,1660,June,13,walk,
82,66,1660,June,13,walk,
66,3,1660,June,13,boat,
3,730,1660,June,13,walk,
730,83,1660,June,13,walk,
83,6,1660,June,13,walk,
6,17,1660,June,13,walk,
17,6,1660,June,14,walk,
6,66,1660,June,14,walk,
66,778,1660,June,14,walk,
778,12,1660,June,14,walk,
12,678,1660,June,14,walk,
678,17,1660,June,14,walk,
9,80,1660,June,15,walk,
80,97,1660,June,15,boat,
97,9,1660,June,15,boat,
9,17,1660,June,15,walk,
17,232,1660,June,15,walk,
232,17,1660,June,15,walk,
17,783,1660,June,16,walk,
783,6,1660,June,16,walk,
6,3,1660,June,16,walk,
3,730,1660,June,16,walk,
730,66,1660,June,16,walk,
66,3,1660,June,16,walk,
3,715,1660,June,16,walk,
715,17,1660,June,16,walk,
17,6,1660,June,18,walk,
6,336,1660,June,18,walk,
336,784,1660,June,18,walk,
784,763,1660,June,18,boat,
763,730,1660,June,18,boat,
730,6,1660,June,18,walk,
6,66,1660,June,18,walk,
66,17,1660,June,18,walk,
17,6,1660,June,19,walk,
6,3,1660,June,19,walk,
3,778,1660,June,19,walk,
778,6,1660,June,19,walk,
6,3,1660,June,19,walk,
3,779,1660,June,19,walk,
779,17,1660,June,19,walk,
17,6,1660,June,20,walk,
6,336,1660,June,20,walk,
336,1,1660,June,20,walk,Elizabeth Pepys
1,778,1660,June,20,walk,
778,450,1660,June,20,walk,
450,730,1660,June,20,walk,
730,115,1660,June,20,walk,
115,17,1660,June,20,walk,
17,67,1660,June,20,walk,
67,17,1660,June,20,walk,
17,6,1660,June,21,walk,
6,321,1660,June,21,walk,
321,58,1660,June,21,walk,
58,66,1660,June,21,walk,
66,155,1660,June,21,walk,
155,3,1660,June,21,walk,
3,17,1660,June,21,walk,
1,134,1660,June,24,walk,
134,331,1660,June,24,walk,
331,17,1660,June,24,walk,Elizabeth Pepys
17,66,1660,June,24,walk,
66,745,1660,June,24,walk,Henry Moore
745,3,1660,June,24,walk,
3,66,1660,June,24,walk,
66,1,1660,June,24,walk,Elizabeth Pepys
1,3,1660,June,25,walk,
3,10,1660,June,25,walk,
10,730,1660,June,25,walk,
730,66,1660,June,25,coach,
66,774,1660,June,25,coach,Elizabeth Pepys
774,1,1660,June,25,walk,Elizabeth Pepys
1,765,1660,June,26,walk,
765,766,1660,June,26,walk,
766,155,1660,June,26,walk,
155,773,1660,June,26,walk,Elizabeth Pepys
773,155,1660,June,26,walk,
155,400,1660,June,26,walk,
400,17,1660,June,26,walk,
17,6,1660,June,27,walk,
6,3,1660,June,27,walk,
3,764,1660,June,27,walk,
764,3,1660,June,27,walk,
3,17,1660,June,27,coach,
785,314,1660,June,28,walk,
314,1141,1660,June,28,walk,
1141,5,1660,June,28,walk,
5,6,1660,June,28,walk,
6,785,1660,June,28,walk,
785,760,1660,June,28,walk,Elizabeth Pepys; Elizabeth Pierce
760,82,1660,June,28,walk,
82,785,1660,June,28,walk,
1,3,1660,June,29,walk,
3,6,1660,June,29,walk,
6,767,1660,June,29,walk,
767,13,1660,June,29,walk,
13,10,1660,June,29,walk,
10,3,1660,June,29,walk,
3,6,1660,June,29,walk,
6,1,1660,June,29,walk,
1,769,1660,June,30,walk,
769,6,1660,June,30,walk,
6,3,1660,June,30,walk,
3,1,1660,June,30,walk,
1,770,1660,June,30,walk,
770,769,1660,June,30,walk,
769,66,1660,June,30,walk,Henry Moore
66,3,1660,June,30,walk,
1,103,1660,July,1,walk,
103,743,1660,July,1,walk,
743,829,1660,July,1,walk,
829,1,1660,July,1,walk,
1,787,1660,July,2,walk,
787,829,1660,July,2,walk,
829,785,1660,July,2,walk,
785,532,1660,July,4,boat,Elizabeth Pepys
532,9,1660,July,4,walk,
9,400,1660,July,4,walk,
400,829,1660,July,4,walk,
829,285,1660,July,4,walk,
285,829,1660,July,4,walk,
829,785,1660,July,4,walk,
785,3,1660,July,5,walk,
3,730,1660,July,5,walk,
730,829,1660,July,5,walk,
829,785,1660,July,5,walk,
785,829,1660,July,6,walk,
829,13,1660,July,6,walk,
13,285,1660,July,6,walk,
285,829,1660,July,6,walk,
829,9,1660,July,6,walk,
9,767,1660,July,6,walk,
767,283,1660,July,6,walk,
283,829,1660,July,6,walk,
829,785,1660,July,6,walk,
785,829,1660,July,7,walk,
829,321,1660,July,7,walk,
321,23,1660,July,7,walk,
23,24,1660,July,7,walk,
24,82,1660,July,7,walk,
82,9,1660,July,7,walk,
9,829,1660,July,7,walk,
829,785,1660,July,7,walk,
785,767,1660,July,9,walk,
767,9,1660,July,9,walk,
9,170,1660,July,9,walk,
170,829,1660,July,9,walk,
829,785,1660,July,9,walk,
785,104,1660,July,10,walk,
104,3,1660,July,10,walk,
3,785,1660,July,10,walk,Elizabeth Pepys
785,9,1660,July,11,boat,William Penn
9,80,1660,July,11,walk,
80,9,1660,July,11,walk,
9,3,1660,July,11,walk,
3,4,1660,July,11,walk,
4,785,1660,July,11,coach,
785,3,1660,July,12,coach,
3,829,1660,July,12,walk,
829,165,1660,July,12,walk,
165,186,1660,July,12,walk,
186,9,1660,July,12,walk,
9,785,1660,July,12,walk,
785,186,1660,July,13,walk,
186,9,1660,July,13,walk,
9,186,1660,July,13,walk,
186,785,1660,July,13,walk,
785,829,1660,July,14,walk,
829,134,1660,July,14,walk,
134,829,1660,July,14,walk,
829,13,1660,July,14,walk,
13,10,1660,July,14,walk,
10,9,1660,July,14,walk,
9,82,1660,July,14,walk,
82,829,1660,July,14,walk,
829,785,1660,July,14,walk,Elizabeth Pepys
785,246,1660,July,15,walk,
246,103,1660,July,15,walk,
103,829,1660,July,15,walk,
829,107,1660,July,15,walk,
107,134,1660,July,15,walk,
134,829,1660,July,15,walk,
829,785,1660,July,15,walk,
785,829,1660,July,17,walk,
829,785,1660,July,17,walk,
785,9,1660,July,18,walk,
9,3,1660,July,18,walk,
3,829,1660,July,18,walk,
829,785,1660,July,18,walk,
785,17,1660,July,18,walk,
17,785,1660,July,18,walk,
785,532,1660,July,19,boat,Elizabeth Pepys
532,829,1660,July,19,walk,
829,13,1660,July,19,walk,
13,58,1660,July,19,walk,
58,730,1660,July,19,walk,
730,785,1660,July,19,boat,
785,9,1660,July,20,walk,
9,17,1660,July,20,walk,
17,3,1660,July,20,walk,
3,785,1660,July,20,walk,Elizabeth Pepys
785,788,1660,July,21,walk,
788,829,1660,July,21,walk,
829,301,1660,July,21,walk,
301,3,1660,July,21,walk,
3,785,1660,July,21,walk,
785,232,1660,July,22,walk,
232,829,1660,July,22,walk,
829,107,1660,July,22,walk,
107,134,1660,July,22,walk,
134,829,1660,July,22,walk,
829,785,1660,July,22,boat,
785,159,1660,July,23,walk,
159,829,1660,July,23,walk,
829,765,1660,July,23,walk,
765,819,1660,July,23,walk,
819,785,1660,July,23,boat,
785,3,1660,July,24,walk,
3,785,1660,July,24,walk,
785,9,1660,July,25,walk,
9,3,1660,July,25,walk,
3,10,1660,July,25,walk,
10,785,1660,July,25,walk,
785,3,1660,July,26,walk,
3,4,1660,July,26,walk,
4,10,1660,July,26,walk,
10,790,1660,July,26,walk,
790,785,1660,July,26,walk,
785,13,1660,July,28,walk,
13,104,1660,July,28,walk,
104,785,1660,July,28,walk,
785,3,1660,July,29,walk,
3,95,1660,July,29,walk,
95,829,1660,July,29,walk,
829,107,1660,July,29,walk,
107,134,1660,July,29,walk,
134,829,1660,July,29,walk,
829,785,1660,July,29,walk,
785,9,1660,July,30,walk,
9,13,1660,July,30,walk,
13,83,1660,July,30,walk,
83,785,1660,July,30,walk,
785,3,1660,July,31,walk,
3,4,1660,July,31,walk,
4,285,1660,July,31,walk,
285,785,1660,July,31,boat,
785,3,1660,August,1,boat,
3,829,1660,August,1,walk,
829,4,1660,August,1,walk,
4,10,1660,August,1,walk,
10,300,1660,August,1,walk,
300,785,1660,August,1,boat,
785,9,1660,August,3,walk,
9,379,1660,August,3,coach,Elizabeth Pepys
379,4,1660,August,3,walk,
4,397,1660,August,3,walk,
397,379,1660,August,3,walk,
379,785,1660,August,3,walk,Elizabeth Pepys
785,3,1660,August,4,walk,
3,829,1660,August,4,walk,
829,4,1660,August,4,walk,
4,336,1660,August,4,walk,
336,410,1660,August,4,coach,
410,785,1660,August,4,coach,
785,228,1660,August,5,walk,
228,17,1660,August,5,walk,
17,3,1660,August,5,walk,
3,22,1660,August,5,walk,
22,5,1660,August,5,walk,
5,829,1660,August,5,walk,
829,317,1660,August,5,walk,
317,785,1660,August,5,boat,
785,9,1660,August,6,walk,
9,785,1660,August,6,walk,
785,4,1660,August,6,walk,
4,82,1660,August,6,walk,
82,829,1660,August,6,walk,
829,785,1660,August,6,walk,
785,3,1660,August,7,walk,
3,4,1660,August,7,walk,
4,792,1660,August,7,coach,
792,678,1660,August,7,walk,
678,785,1660,August,7,walk,
785,9,1660,August,8,walk,
9,785,1660,August,8,walk,Elizabeth Pepys
785,4,1660,August,8,boat,Elizabeth Pepys
4,829,1660,August,8,walk,
829,26,1660,August,8,walk,Elizabeth Pepys
26,829,1660,August,9,walk,
829,83,1660,August,9,walk,
83,4,1660,August,9,walk,
4,10,1660,August,9,walk,
10,794,1660,August,9,walk,Elizabeth Pepys
794,785,1660,August,9,walk,Elizabeth Pepys
785,9,1660,August,10,walk,
9,785,1660,August,10,walk,
785,4,1660,August,10,boat,
4,382,1660,August,10,coach,
382,829,1660,August,10,walk,
829,785,1660,August,10,coach,
785,829,1660,August,11,walk,
829,4,1660,August,11,walk,
4,829,1660,August,11,walk,
829,785,1660,August,11,walk,
785,829,1660,August,12,walk,
829,95,1660,August,12,walk,
95,829,1660,August,12,walk,
829,107,1660,August,12,walk,
107,829,1660,August,12,walk,
829,82,1660,August,12,walk,
82,17,1660,August,12,walk,
17,785,1660,August,12,walk,
785,9,1660,August,13,walk,
9,4,1660,August,13,walk,John Pepys Sr
4,83,1660,August,13,walk,
83,829,1660,August,13,walk,
829,785,1660,August,13,coach,
785,4,1660,August,14,walk,
4,829,1660,August,14,walk,
829,4,1660,August,14,walk,
4,785,1660,August,14,boat,Elizabeth Pepys
785,9,1660,August,15,walk,
9,3,1660,August,15,boat,
3,13,1660,August,15,walk,
13,829,1660,August,15,walk,
829,785,1660,August,15,walk,
785,66,1660,August,16,coach,
66,3,1660,August,16,walk,
3,4,1660,August,16,walk,
4,785,1660,August,16,walk,
785,9,1660,August,17,walk,
9,785,1660,August,17,walk,
785,3,1660,August,17,boat,Elizabeth Pepys
3,4,1660,August,17,walk,
4,283,1660,August,17,walk,
283,682,1660,August,17,walk,
682,785,1660,August,17,coach,
785,532,1660,August,18,boat,Elizabeth Pepys
532,4,1660,August,18,walk,
4,10,1660,August,18,walk,
10,785,1660,August,18,walk,Elizabeth Pepys
785,186,1660,August,20,coach,Mrs Turner
186,165,1660,August,20,walk,
165,785,1660,August,20,walk,
785,3,1660,August,21,boat,William Penn
3,314,1660,August,21,walk,
314,730,1660,August,21,walk,
730,13,1660,August,21,walk,
13,66,1660,August,21,walk,
66,826,1660,August,21,walk,
826,785,1660,August,21,coach,
785,9,1660,August,22,walk,
9,3,1660,August,22,walk,
3,336,1660,August,22,walk,
336,17,1660,August,22,walk,John Pepys Sr
17,21,1660,August,22,walk,
21,785,1660,August,22,boat,
785,304,1660,August,23,boat,
304,3,1660,August,23,boat,
3,336,1660,August,23,walk,
336,730,1660,August,23,walk,
730,13,1660,August,23,walk,
13,58,1660,August,23,walk,
58,785,1660,August,23,boat,
785,9,1660,August,24,walk,
9,176,1660,August,24,walk,William Batten; William Penn
176,415,1660,August,24,walk,William Batten; William Penn
415,3,1660,August,24,walk,
3,4,1660,August,24,walk,
4,17,1660,August,24,walk,John Pepys Sr
17,785,1660,August,24,walk,
785,304,1660,August,25,coach,
304,3,1660,August,25,walk,
3,10,1660,August,25,walk,
10,285,1660,August,25,walk,
285,4,1660,August,25,walk,
4,13,1660,August,25,walk,
13,785,1660,August,25,boat,
785,9,1660,August,25,walk,
9,785,1660,August,25,walk,
785,3,1660,August,27,walk,
3,4,1660,August,27,walk,
4,678,1660,August,27,walk,
678,785,1660,August,27,walk,
785,4,1660,August,28,walk,
4,785,1660,August,28,walk,
785,3,1660,August,30,walk,
3,13,1660,August,30,walk,
13,813,1660,August,30,walk,
813,5,1660,August,30,walk,
5,785,1660,August,30,walk,
785,3,1660,August,31,walk,
3,9,1660,August,31,walk,
9,785,1660,August,31,walk,
785,829,1660,August,31,walk,
829,285,1660,August,31,walk,
285,785,1660,August,31,walk,
785,3,1660,September,1,walk,
3,829,1660,September,1,walk,
829,801,1660,September,1,walk,
801,785,1660,September,1,walk,
785,23,1660,September,3,walk,
23,829,1660,September,3,walk,
829,358,1660,September,3,coach,
358,66,1660,September,3,walk,Henry Moore
66,785,1660,September,3,walk,Henry Moore
785,9,1660,September,4,walk,
9,3,1660,September,4,walk,
3,801,1660,September,4,walk,
801,802,1660,September,4,walk,
802,785,1660,September,4,walk,
785,9,1660,September,5,walk,
9,82,1660,September,5,coach,
82,9,1660,September,5,coach,
9,785,1660,September,5,walk,Elizabeth Pepys
785,3,1660,September,6,boat,William Batten
3,9,1660,September,6,walk,
9,829,1660,September,6,walk,
829,785,1660,September,6,walk,
785,9,1660,September,8,walk,
9,785,1660,September,8,walk,
63,9,1660,September,11,walk,William Batten; William Penn
9,63,1660,September,11,walk,
63,785,1660,September,11,walk,
785,63,1660,September,11,walk,
785,13,1660,September,13,walk,
13,785,1660,September,13,boat,
785,9,1660,September,15,walk,
9,13,1660,September,15,walk,
13,785,1660,September,15,walk,
785,13,1660,September,15,walk,
785,9,1660,September,17,walk,
9,3,1660,September,17,walk,Henry Moore
3,820,1660,September,17,walk,
820,785,1660,September,17,walk,
785,9,1660,September,18,walk,
9,13,1660,September,18,coach,William Batten; William Penn
13,83,1660,September,18,walk,
83,66,1660,September,18,walk,
66,785,1660,September,18,walk,
785,3,1660,September,20,walk,
3,1,1660,September,20,walk,
1,785,1660,September,20,walk,
9,3,1660,September,21,walk,
3,113,1660,September,21,boat,
113,800,1660,September,21,walk,
800,785,1660,September,21,coach,
785,52,1660,September,22,walk,
52,829,1660,September,22,walk,
829,802,1660,September,22,walk,
802,134,1660,September,22,walk,
134,345,1660,September,22,walk,
345,785,1660,September,22,coach,
785,9,1660,September,24,walk,
9,303,1660,September,24,coach,Elizabeth Pepys
303,1571,1660,September,24,walk,
1571,303,1660,September,24,walk,
303,131,1660,September,24,walk,
131,785,1660,September,24,walk,
785,9,1660,September,25,walk,
9,31,1660,September,25,boat,William Batten; Robert Slingsby
31,785,1660,September,25,boat,
785,9,1660,September,26,walk,
9,176,1660,September,26,walk,
176,785,1660,September,26,walk,
785,829,1660,September,26,walk,
829,785,1660,September,26,walk,
785,66,1660,September,27,walk,
66,785,1660,September,27,walk,
785,829,1660,September,27,walk,
829,785,1660,September,27,walk,
785,829,1660,October,1,walk,
829,9,1660,October,1,walk,
9,785,1660,October,1,walk,John Pepys Sr
785,112,1660,October,1,walk,John Pepys Sr
112,785,1660,October,1,walk,
785,3,1660,October,2,boat,William Penn
3,10,1660,October,2,walk,
10,3,1660,October,2,walk,
3,58,1660,October,2,walk,
58,103,1660,October,2,walk,
103,17,1660,October,2,coach,
17,785,1660,October,2,walk,
785,9,1660,October,4,walk,
9,3,1660,October,4,boat,
3,103,1660,October,4,walk,
103,829,1660,October,4,walk,
829,805,1660,October,4,walk,
805,785,1660,October,4,boat,
785,9,1660,October,5,walk,
9,785,1660,October,5,walk,
785,9,1660,October,6,walk,
9,3,1660,October,6,walk,
3,785,1660,October,6,walk,
785,9,1660,October,8,walk,
9,13,1660,October,8,walk,Henry Moore
13,17,1660,October,8,walk,Henry Moore
17,66,1660,October,8,walk,Henry Moore
66,829,1660,October,8,walk,
829,785,1660,October,8,boat,Henry Moore
785,9,1660,October,9,walk,
9,3,1660,October,9,walk,William Penn
3,829,1660,October,9,walk,
829,30,1660,October,9,boat,William Penn
30,31,1660,October,9,walk,William Penn
31,785,1660,October,9,boat,William Penn
785,9,1660,October,10,walk,
9,785,1660,October,10,walk,
785,829,1660,October,11,walk,
829,83,1660,October,11,walk,
83,10,1660,October,11,walk,
10,107,1660,October,11,walk,
107,96,1660,October,11,walk,
96,19,1660,October,11,walk,
19,785,1660,October,11,walk,
785,9,1660,October,12,walk,
9,80,1660,October,12,walk,
80,785,1660,October,12,walk,
785,829,1660,October,12,walk,
829,785,1660,October,12,walk,
785,829,1660,October,13,walk,
829,115,1660,October,13,walk,
115,829,1660,October,13,walk,
829,285,1660,October,13,walk,
285,785,1660,October,13,boat,
785,9,1660,October,15,walk,
9,245,1660,October,15,boat,Elizabeth Pepys
245,829,1660,October,15,walk,
829,785,1660,October,15,coach,Elizabeth Pepys
785,9,1660,October,16,walk,
9,96,1660,October,16,walk,Henry Moore
96,785,1660,October,16,walk,
785,829,1660,October,16,walk,
829,785,1660,October,16,boat,
785,9,1660,October,17,walk,
9,796,1660,October,17,walk,
796,785,1660,October,17,walk,
785,797,1660,October,18,walk,
797,232,1660,October,18,walk,
232,17,1660,October,18,walk,
17,829,1660,October,18,walk,
829,794,1660,October,18,walk,
794,785,1660,October,18,coach,Elizabeth Pepys
785,9,1660,October,19,walk,
9,785,1660,October,19,walk,
785,829,1660,October,20,walk,
829,785,1660,October,20,walk,
785,9,1660,October,22,walk,
9,785,1660,October,22,walk,
785,829,1660,October,22,walk,
829,785,1660,October,22,walk,
785,829,1660,October,23,walk,
829,3,1660,October,23,walk,
3,10,1660,October,23,walk,
10,785,1660,October,23,walk,
785,9,1660,October,24,walk,
9,3,1660,October,24,walk,
3,411,1660,October,24,walk,
411,785,1660,October,24,coach,
785,13,1660,October,25,walk,
13,785,1660,October,25,walk,
785,9,1660,October,26,walk,John Pepys Sr
9,3,1660,October,26,walk,
3,13,1660,October,26,walk,
13,785,1660,October,26,walk,
785,21,1660,October,27,walk,
21,785,1660,October,27,walk,
785,3,1660,October,27,walk,
3,15,1660,October,27,walk,
15,21,1660,October,27,walk,
785,829,1660,October,29,walk,
829,155,1660,October,29,walk,
155,785,1660,October,29,walk,
785,96,1660,October,30,walk,
96,66,1660,October,30,walk,
66,19,1660,October,30,walk,Henry Moore
19,785,1660,October,30,walk,
785,811,1660,November,1,horse,William Penn
811,430,1660,November,1,horse,William Penn; William Batten
430,785,1660,November,1,horse,William Penn; William Batten
785,9,1660,November,2,walk,
9,785,1660,November,2,walk,
785,3,1660,November,2,walk,
3,358,1660,November,2,boat,
358,829,1660,November,2,walk,
829,785,1660,November,2,walk,
785,3,1660,November,3,walk,
3,13,1660,November,3,walk,
13,1572,1660,November,3,walk,
1572,785,1660,November,3,walk,
785,176,1660,November,4,walk,
176,785,1660,November,4,walk,
785,3,1660,November,6,boat,William Batten; William Penn
3,829,1660,November,6,walk,
829,13,1660,November,6,walk,
13,285,1660,November,6,walk,
285,246,1660,November,6,walk,
246,9,1660,November,6,walk,
9,785,1660,November,6,walk,
785,6,1660,November,7,boat,
6,9,1660,November,7,boat,
9,13,1660,November,7,walk,
13,785,1660,November,7,boat,
785,9,1660,November,8,barge,William Batten; Robert Slingsby
9,31,1660,November,8,barge,William Batten; Robert Slingsby
31,408,1660,November,8,walk,
408,31,1660,November,8,walk,
31,785,1660,November,8,barge,
785,9,1660,November,9,walk,
9,800,1660,November,9,walk,
800,829,1660,November,9,walk,
829,677,1660,November,9,walk,
677,785,1660,November,9,walk,
785,9,1660,November,10,walk,William Batten
9,3,1660,November,10,walk,
3,336,1660,November,10,walk,
336,21,1660,November,10,walk,
21,785,1660,November,10,walk,
785,63,1660,November,11,walk,
63,176,1660,November,11,walk,
176,785,1660,November,11,walk,
785,6,1660,November,11,boat,
6,785,1660,November,11,boat,
785,9,1660,November,12,walk,
9,449,1660,November,12,walk,Robert Slingsby
449,345,1660,November,12,coach,
345,13,1660,November,12,walk,
13,813,1660,November,12,walk,
813,816,1660,November,12,walk,
816,17,1660,November,12,walk,
17,785,1660,November,12,walk,
785,829,1660,November,13,walk,Henry Moore
829,155,1660,November,13,boat,Henry Moore
155,825,1660,November,13,walk,
825,785,1660,November,13,walk,
785,9,1660,November,14,walk,
9,543,1660,November,14,walk,
543,3,1660,November,14,walk,
3,785,1660,November,14,walk,
785,13,1660,November,15,boat,
13,411,1660,November,15,walk,
411,829,1660,November,15,walk,
829,63,1660,November,15,walk,
63,785,1660,November,15,walk,
785,17,1660,November,16,walk,
17,170,1660,November,16,walk,Henry Moore
170,13,1660,November,16,walk,Henry Moore
13,104,1660,November,16,walk,
104,785,1660,November,16,boat,
785,3,1660,November,17,walk,
3,829,1660,November,17,walk,
829,226,1660,November,17,walk,
226,785,1660,November,17,walk,
785,3,1660,November,17,walk,
3,4,1660,November,17,walk,
4,6,1660,November,17,walk,
6,82,1660,November,17,walk,
82,785,1660,November,17,walk,
785,176,1660,November,18,walk,
176,785,1660,November,18,walk,
785,176,1660,November,18,walk,Elizabeth Pepys
176,785,1660,November,18,walk,Elizabeth Pepys
785,9,1660,November,19,walk,
9,3,1660,November,19,coach,Sir G. Carteret
3,9,1660,November,19,coach,Sir George Carteret
9,785,1660,November,19,walk,
785,829,1660,November,20,walk,
829,170,1660,November,20,walk,Henry Moore
170,193,1660,November,20,walk,
193,17,1660,November,20,walk,
17,785,1660,November,20,walk,
785,280,1660,November,21,walk,Elizabeth Pepys
280,670,1660,November,21,walk,Elizabeth Pepys
670,785,1660,November,21,walk,Elizabeth Pepys
785,9,1660,November,21,walk,
9,785,1660,November,21,walk,
785,23,1660,November,22,walk,Elizabeth Pepys
23,785,1660,November,22,walk,Elizabeth Pepys
785,80,1660,November,23,walk,
80,785,1660,November,23,walk,
785,829,1660,November,24,walk,
829,83,1660,November,24,walk,
83,411,1660,November,24,walk,
411,829,1660,November,24,boat,
829,785,1660,November,24,boat,
785,176,1660,November,25,walk,
176,131,1660,November,25,walk,
131,17,1660,November,25,walk,
17,785,1660,November,25,walk,
785,3,1660,November,27,walk,
3,13,1660,November,27,walk,
13,96,1660,November,27,walk,
96,17,1660,November,27,walk,
17,785,1660,November,27,walk,
785,3,1660,November,28,walk,
3,829,1660,November,28,walk,
829,285,1660,November,28,walk,
285,785,1660,November,28,walk,
785,9,1660,November,29,walk,
9,785,1660,November,29,walk,
785,9,1660,November,30,walk,
9,3,1660,November,30,boat,
3,785,1660,November,30,boat,
785,3,1660,December,1,walk,
3,4,1660,December,1,walk,
4,829,1660,December,1,walk,
829,159,1660,December,1,walk,
159,21,1660,December,1,walk,
21,832,1660,December,1,walk,
832,785,1660,December,1,walk,
785,9,1660,December,3,walk,
9,785,1660,December,3,walk,
785,3,1660,December,4,walk,
3,829,1660,December,4,walk,
829,785,1660,December,4,boat,
785,63,1660,December,4,walk,
63,785,1660,December,4,walk,
785,9,1660,December,5,walk,
9,785,1660,December,5,walk,
785,842,1660,December,5,walk,
842,843,1660,December,5,walk,
843,17,1660,December,5,walk,
17,785,1660,December,5,walk,
785,9,1660,December,6,walk,Elizabeth Pepys
9,532,1660,December,6,walk,Elizabeth Pepys
532,3,1660,December,6,walk,
3,4,1660,December,6,walk,
4,829,1660,December,6,walk,
829,10,1660,December,6,walk,Henry Moore
10,785,1660,December,6,walk,
785,9,1660,December,7,walk,
9,829,1660,December,7,walk,
829,4,1660,December,7,walk,
4,825,1660,December,7,walk,
825,785,1660,December,7,boat,
785,3,1660,December,8,walk,
3,4,1660,December,8,walk,
4,9,1660,December,8,boat,William Penn
9,296,1660,December,8,walk,
296,785,1660,December,8,walk,Elizabeth Pepys; James Pierce
785,27,1660,December,9,walk,
27,3,1660,December,9,boat,
3,6,1660,December,9,walk,
6,785,1660,December,9,boat,
785,159,1660,December,10,walk,
159,835,1660,December,10,walk,Elizabeth Pepys
835,13,1660,December,10,walk,
13,785,1660,December,10,walk,Robert Slingsby
785,631,1660,December,10,walk,
631,785,1660,December,10,walk,
785,9,1660,December,11,barge,Elizabeth Pepys; William Batten; William Penn
9,37,1660,December,11,barge,
37,3,1660,December,11,barge,William Penn
3,4,1660,December,11,walk,
4,785,1660,December,11,boat,Henry Moore
785,3,1660,December,12,walk,
3,829,1660,December,12,walk,
829,4,1660,December,12,walk,
4,825,1660,December,12,walk,
825,17,1660,December,12,coach,
17,785,1660,December,12,walk,
785,9,1660,December,13,walk,
9,785,1660,December,13,walk,
785,9,1660,December,14,walk,
9,631,1660,December,14,walk,
631,785,1660,December,14,walk,
785,3,1660,December,16,walk,
3,17,1660,December,16,walk,
17,785,1660,December,16,walk,Elizabeth Pepys
785,9,1660,December,17,walk,
9,785,1660,December,17,walk,
785,829,1660,December,19,walk,
829,785,1660,December,19,walk,
785,532,1660,December,21,boat,Elizabeth Pepys
532,3,1660,December,21,walk,
3,4,1660,December,21,walk,
4,829,1660,December,21,walk,
829,785,1660,December,21,walk,
785,9,1660,December,21,walk,
9,829,1660,December,21,walk,
785,9,1660,December,22,walk,
9,300,1660,December,22,walk,
300,785,1660,December,22,walk,William Penn
785,400,1660,December,24,walk,
400,9,1660,December,24,walk,
9,785,1660,December,24,walk,
785,176,1660,December,25,walk,
176,785,1660,December,25,walk,
785,176,1660,December,25,walk,Elizabeth Pepys
176,785,1660,December,25,walk,Elizabeth Pepys
785,400,1660,December,26,walk,
400,66,1660,December,26,walk,
66,829,1660,December,26,walk,
829,9,1660,December,26,walk,
9,835,1660,December,26,boat,Elizabeth Pepys
835,785,1660,December,26,boat,Elizabeth Pepys
785,400,1660,December,27,walk,
400,829,1660,December,27,walk,
829,63,1660,December,27,walk,Elizabeth Pepys
63,785,1660,December,27,walk,Elizabeth Pepys
785,9,1660,December,28,walk,
9,785,1660,December,28,walk,
785,829,1660,December,29,walk,
829,400,1660,December,29,walk,
400,17,1660,December,29,walk,
17,232,1660,December,29,walk,John Pepys Sr
232,17,1660,December,29,walk,John Pepys Sr
17,785,1660,December,29,walk,John Pepys Sr
785,21,1660,December,31,walk,
21,66,1660,December,31,walk,
66,842,1660,December,31,walk,
842,829,1660,December,31,walk,
829,134,1660,December,31,walk,
134,785,1660,December,31,coach,
785,17,1661,January,1,walk,
17,3,1661,January,1,coach,Elizabeth Pepys
3,4,1661,January,1,walk,
4,5,1661,January,1,walk,Elizabeth Pepys
5,785,1661,January,1,walk,Elizabeth Pepys
785,829,1661,January,2,walk,
829,785,1661,January,2,walk,
785,15,1661,January,3,walk,
15,12,1661,January,3,walk,
12,842,1661,January,3,walk,
842,785,1661,January,3,walk,
785,9,1661,January,4,walk,
9,3,1661,January,4,walk,Henry Moore
3,829,1661,January,4,walk,
829,193,1661,January,4,walk,Henry Moore
193,19,1661,January,4,walk,
19,17,1661,January,4,walk,
17,785,1661,January,4,walk,
785,829,1661,January,5,walk,
829,13,1661,January,5,walk,
13,12,1661,January,5,walk,
12,785,1661,January,5,walk,
785,176,1661,January,6,walk,Elizabeth Pepys
176,785,1661,January,6,walk,Elizabeth Pepys
785,176,1661,January,6,walk,
176,785,1661,January,6,walk,
785,9,1661,January,7,walk,
9,785,1661,January,7,walk,
785,829,1661,January,8,walk,
829,193,1661,January,8,walk,
193,829,1661,January,8,walk,
829,785,1661,January,8,walk,
785,23,1661,January,9,walk,
23,24,1661,January,9,walk,John Pepys Sr
24,785,1661,January,9,walk,
785,9,1661,January,10,walk,
9,801,1661,January,10,walk,
801,3,1661,January,10,boat,
3,829,1661,January,10,walk,
829,26,1661,January,10,walk,Elizabeth Pepys
26,24,1661,January,10,coach,Elizabeth Pepys
24,63,1661,January,10,walk,Elizabeth Pepys
63,785,1661,January,10,walk,Elizabeth Pepys
785,9,1661,January,11,walk,
9,785,1661,January,11,walk,
785,21,1661,January,11,walk,
21,631,1661,January,11,walk,
631,785,1661,January,11,walk,
785,9,1661,January,12,boat,Robert Slingsby
9,30,1661,January,12,walk,Robert Slingsby
30,31,1661,January,12,walk,Robert Slingsby
31,1036,1661,January,12,walk,
1036,836,1661,January,12,walk,
836,785,1661,January,12,boat,
836,176,1661,January,13,walk,
176,36,1661,January,13,coach,
36,836,1661,January,13,coach,
836,37,1661,January,14,coach,
37,38,1661,January,14,walk,
38,500,1661,January,14,walk,
500,37,1661,January,15,walk,
37,417,1661,January,15,walk,
417,841,1661,January,15,barge,Robert Slingsby
841,42,1661,January,15,walk,Robert Slingsby
42,43,1661,January,15,walk,Robert Slingsby
43,785,1661,January,15,walk,Robert Slingsby
785,449,1661,January,16,coach,Robert Slingsby
449,3,1661,January,16,coach,Robert Slingsby
3,47,1661,January,16,horse,
47,829,1661,January,16,horse,
829,845,1661,January,17,barge,
845,426,1661,January,17,boat,
426,847,1661,January,17,boat,
847,848,1661,January,17,boat,
848,1061,1661,January,17,boat,
1061,119,1661,January,17,coach,
119,785,1661,January,18,horse,
785,17,1661,January,18,walk,
17,52,1661,January,18,walk,John Pepys Sr
52,53,1661,January,18,walk,
53,785,1661,January,18,walk,
785,449,1661,January,19,walk,Robert Slingsby
449,3,1661,January,19,coach,Robert Slingsby
3,829,1661,January,19,walk,
829,10,1661,January,19,walk,
10,193,1661,January,19,walk,
193,850,1661,January,19,walk,
850,785,1661,January,19,walk,
785,176,1661,January,19,walk,
176,785,1661,January,19,walk,
785,3,1661,January,19,walk,
3,785,1661,January,19,walk,
785,176,1661,January,20,walk,
176,785,1661,January,20,walk,
785,176,1661,January,20,walk,Elizabeth Pepys
176,785,1661,January,20,walk,Elizabeth Pepys
785,24,1661,January,20,walk,
24,27,1661,January,20,walk,
27,785,1661,January,20,walk,
785,3,1661,January,21,walk,William Batten; Robert Slingsby
3,825,1661,January,21,walk,
825,785,1661,January,21,walk,
785,63,1661,January,21,walk,Elizabeth Pepys
63,785,1661,January,21,walk,Elizabeth Pepys
785,449,1661,January,22,coach,Robert Slingsby
449,57,1661,January,22,coach,Robert Slingsby
57,3,1661,January,22,walk,
3,447,1661,January,22,walk,Elizabeth Pepys
447,835,1661,January,22,walk,Elizabeth Pepys
835,58,1661,January,22,walk,
58,785,1661,January,22,walk,
785,9,1661,January,23,walk,
9,23,1661,January,23,walk,
23,61,1661,January,23,walk,
61,785,1661,January,23,walk,
785,9,1661,January,25,walk,
9,785,1661,January,25,walk,
785,21,1661,January,25,walk,
21,785,1661,January,25,walk,
785,176,1661,January,27,walk,
176,785,1661,January,27,walk,
785,1498,1661,January,27,walk,Sir William Penn
1498,785,1661,January,27,walk,Sir William Penn
785,9,1661,January,28,walk,
9,64,1661,January,28,walk,
64,66,1661,January,28,walk,
66,193,1661,January,28,walk,
193,66,1661,January,28,walk,Henry Moore
66,17,1661,January,28,walk,John Pepys Sr
17,67,1661,January,28,walk,John Pepys Sr
67,602,1661,January,28,walk,
602,785,1661,January,28,walk,
785,9,1661,January,29,walk,
9,358,1661,January,29,boat,Henry Moore
358,829,1661,January,29,walk,Henry Moore
829,70,1661,January,29,walk,
70,852,1661,January,29,boat,
852,785,1661,January,29,walk,
785,176,1661,January,30,walk,
176,785,1661,January,30,walk,
785,1498,1661,January,30,walk,Sir William Penn
1498,785,1661,January,30,walk,Sir William Penn
785,3,1661,January,31,walk,
3,829,1661,January,31,walk,
829,193,1661,January,31,walk,
193,17,1661,January,31,walk,
17,785,1661,January,31,walk,
785,74,1661,February,1,walk,
74,785,1661,February,1,walk,
785,75,1661,February,2,walk,
75,76,1661,February,2,walk,Thomas Moore
76,785,1661,February,2,walk,
785,77,1661,February,2,walk,
77,78,1661,February,2,walk,Colonel Slingsby
78,785,1661,February,2,walk,
785,79,1661,February,3,walk,
79,3,1661,February,3,walk,
3,447,1661,February,3,walk,
447,6,1661,February,3,walk,
6,7,1661,February,3,walk,
7,785,1661,February,3,boat,
785,3,1661,February,4,walk,Sir William Penn
3,785,1661,February,4,walk,Sir William Penn
785,80,1661,February,4,walk,
80,785,1661,February,4,walk,
785,63,1661,February,4,walk,Elizabeth Pepys
63,785,1661,February,4,walk,Elizabeth Pepys
785,13,1661,February,5,boat,Elizabeth Pepys
13,12,1661,February,5,walk,
12,13,1661,February,5,walk,
13,58,1661,February,5,walk,Elizabeth Pepys; Captain Murford
58,16,1661,February,5,coach,
16,785,1661,February,5,coach,
785,9,1661,February,6,walk,
9,785,1661,February,6,walk,
785,9,1661,February,6,walk,
9,63,1661,February,6,walk,
63,785,1661,February,6,walk,
785,3,1661,February,7,walk,Sir William Batten; Sir William Penn
3,13,1661,February,7,walk,
13,6,1661,February,7,walk,
6,98,1661,February,7,walk,Edward Shepley; John Creed
98,785,1661,February,7,walk,
785,9,1661,February,7,walk,
9,63,1661,February,7,walk,
63,785,1661,February,7,walk,
785,9,1661,February,8,walk,
9,23,1661,February,8,walk,
23,81,1661,February,8,walk,Captain Cuttle; Captain Curtis; Captain Mootham
81,82,1661,February,8,walk,Dick Scobell
82,785,1661,February,8,walk,
785,6,1661,February,9,walk,John Creed
6,83,1661,February,9,walk,John Creed; Mr Blackburne
83,6,1661,February,9,walk,
6,84,1661,February,9,walk,John Creed
84,85,1661,February,9,walk,John Creed
85,785,1661,February,9,walk,
785,9,1661,February,11,walk,
9,785,1661,February,11,walk,
785,15,1661,February,11,walk,
15,3,1661,February,11,walk,Mr Warren
3,88,1661,February,11,walk,Mr Reeve
88,66,1661,February,11,walk,
66,17,1661,February,11,walk,Thomas Moore
17,89,1661,February,11,walk,Thomas Moore
89,785,1661,February,11,walk,
785,6,1661,February,12,walk,
6,10,1661,February,12,walk,Mr Pickering; John Creed; Captain Ferrers
10,86,1661,February,12,boat,John Creed; Captain Ferrers
86,16,1661,February,12,coach,John Creed
16,87,1661,February,12,walk,John Creed
87,17,1661,February,12,walk,
17,785,1661,February,12,walk,
785,3,1661,February,13,coach,Sir William Penn
3,82,1661,February,13,coach,Sir William Penn
82,63,1661,February,13,walk,Uncle Wight
63,785,1661,February,13,walk,
785,63,1661,February,14,walk,
63,31,1661,February,14,boat,Sir William Batten; Lady Batten; Elizabeth Pepys
31,90,1661,February,14,boat,Sir William Batten; Lady Batten; Elizabeth Pepys
90,785,1661,February,14,boat,Sir William Batten; Lady Batten; Elizabeth Pepys
785,9,1661,February,15,walk,
9,785,1661,February,15,walk,
785,6,1661,February,16,walk,
6,16,1661,February,16,walk,
16,785,1661,February,16,walk,
785,22,1661,February,17,walk,
22,785,1661,February,17,walk,
785,6,1661,February,17,walk,
6,785,1661,February,17,walk,
785,24,1661,February,17,walk,Elizabeth Pepys
24,785,1661,February,17,walk,Elizabeth Pepys
785,23,1661,February,18,walk,Elizabeth Pepys; Mrs Martha Batten
23,91,1661,February,18,walk,Elizabeth Pepys; Mrs Martha Batten
91,785,1661,February,18,walk,Elizabeth Pepys; Mrs Martha Batten
785,3,1661,February,19,coach,Colonel Slingsby; Betty Turner
3,56,1661,February,19,walk,Colonel Slingsby
56,92,1661,February,19,walk,Colonel Slingsby
92,6,1661,February,19,walk,
6,785,1661,February,19,coach,
785,9,1661,February,20,walk,
9,27,1661,February,20,walk,
27,785,1661,February,20,walk,
785,6,1661,February,21,coach,Sir William Penn
6,13,1661,February,21,walk,
13,12,1661,February,21,walk,Mr Hawley
12,785,1661,February,21,coach,
785,17,1661,February,22,walk,Elizabeth Pepys; Pall Pepys
17,71,1661,February,22,walk,Theophila Turner
71,93,1661,February,22,coach,Theophila Turner; Joyce Norton
93,785,1661,February,22,coach,Theophila Turner
785,63,1661,February,22,walk,Elizabeth Pepys
63,785,1661,February,22,walk,Elizabeth Pepys
785,400,1661,February,23,walk,
400,94,1661,February,23,walk,Mr Hartlibb
94,3,1661,February,23,boat,Mr Hartlibb
3,6,1661,February,23,walk,
6,95,1661,February,23,walk,Mr Childe
95,85,1661,February,23,boat,
85,785,1661,February,23,walk,
785,22,1661,February,24,walk,
22,63,1661,February,24,walk,Elizabeth Pepys
63,785,1661,February,24,walk,Elizabeth Pepys
785,6,1661,February,25,coach,Sir William Penn
6,96,1661,February,25,walk,Luellin
96,97,1661,February,25,walk,Luellin
97,6,1661,February,25,walk,Luellin
6,9,1661,February,25,boat,
9,785,1661,February,25,walk,Sir William Penn
785,71,1661,February,26,walk,
71,66,1661,February,26,walk,
66,71,1661,February,26,walk,
71,93,1661,February,26,coach,Theophila Turner
93,785,1661,February,26,coach,Theophila Turner
785,63,1661,February,26,walk,
63,80,1661,February,26,walk,Sir William Batten
80,785,1661,February,26,walk,
785,82,1661,February,27,walk,John Pepys
82,21,1661,February,27,walk,John Pepys
21,785,1661,February,27,walk,
785,7,1661,February,28,walk,
7,99,1661,February,28,boat,Captain Cuttance; Captain Teddiman
99,100,1661,February,28,walk,Captain Cuttance; Captain Teddiman
100,30,1661,February,28,boat,Captain Cuttance
30,31,1661,February,28,walk,Captain Cuttance
31,101,1661,February,28,walk,
101,102,1661,February,28,walk,Sir William Penn; Lady Batten
102,30,1661,February,28,walk,Sir William Penn; Lady Batten
30,785,1661,February,28,boat,Sir William Penn
785,85,1661,March,1,walk,
85,17,1661,March,1,walk,
17,785,1661,March,1,walk,
785,66,1661,March,2,walk,Thomas Moore
66,16,1661,March,2,walk,
16,86,1661,March,2,walk,
86,785,1661,March,2,walk,
785,22,1661,March,3,walk,
22,785,1661,March,3,walk,
785,6,1661,March,3,walk,
6,103,1661,March,3,walk,
103,5,1661,March,3,walk,
5,6,1661,March,3,walk,
6,9,1661,March,4,walk,
9,785,1661,March,4,walk,
785,3,1661,March,4,walk,
3,92,1661,March,4,walk,Thomas Moore
92,785,1661,March,4,walk,
785,13,1661,March,5,walk,Mr Pierce
13,104,1661,March,5,walk,Captain Cuttance; Lieutenant Lambert; Mr Pierce surgeon
104,20,1661,March,5,walk,
20,59,1661,March,5,walk,
59,56,1661,March,5,walk,
56,785,1661,March,5,coach,Elizabeth Pepys
785,9,1661,March,5,walk,
9,785,1661,March,5,walk,
785,63,1661,March,6,walk,Sir William Batten; Elizabeth Pepys
63,3,1661,March,6,walk,Captain Cuttle
3,785,1661,March,6,walk,
785,3,1661,March,7,walk,
3,6,1661,March,7,walk,
6,66,1661,March,7,walk,
66,105,1661,March,7,walk,Thomas Moore
105,81,1661,March,7,walk,Thomas Moore
81,74,1661,March,7,walk,John Spicer
74,785,1661,March,7,walk,
785,106,1661,March,8,coach,Sir William Batten; Colonel Slingsby
106,785,1661,March,8,coach,Sir William Batten; Sir William Wale
785,3,1661,March,9,walk,
3,107,1661,March,9,walk,John Creed
107,6,1661,March,9,walk,
6,71,1661,March,9,walk,
71,17,1661,March,9,walk,
17,785,1661,March,9,walk,
785,176,1661,March,10,walk,
176,785,1661,March,10,walk,
785,16,1661,March,11,walk,
16,785,1661,March,11,walk,
785,23,1661,March,12,walk,
23,81,1661,March,12,walk,Nick Osborne
81,785,1661,March,12,walk,
785,105,1661,March,12,walk,
105,785,1661,March,12,walk,
785,9,1661,March,13,walk,
9,785,1661,March,13,walk,
785,3,1661,March,14,walk,Sir William Batten; Sir William Penn
3,6,1661,March,14,walk,
6,92,1661,March,14,walk,John Creed
92,6,1661,March,14,walk,
6,16,1661,March,14,walk,John Creed
16,87,1661,March,14,walk,John Creed
87,785,1661,March,14,walk,
785,80,1661,March,15,walk,Sir William Batten; Sir William Penn
80,785,1661,March,15,walk,
785,27,1661,March,16,walk,
27,6,1661,March,16,walk,
6,85,1661,March,16,walk,
85,785,1661,March,16,walk,
785,22,1661,March,17,walk,
22,63,1661,March,17,walk,Elizabeth Pepys; Sir William Batten; Lady Batten
63,22,1661,March,17,walk,
22,785,1661,March,17,walk,
785,63,1661,March,17,walk,Elizabeth Pepys
63,785,1661,March,17,walk,Elizabeth Pepys
785,26,1661,March,18,boat,Elizabeth Pepys
26,56,1661,March,18,walk,
56,26,1661,March,18,walk,
26,108,1661,March,18,walk,
108,785,1661,March,18,walk,Elizabeth Pepys
785,63,1661,March,18,walk,
63,785,1661,March,18,walk,
785,6,1661,March,19,walk,
6,85,1661,March,19,walk,John Creed
85,109,1661,March,19,walk,John Creed; Mr Jones
109,785,1661,March,19,walk,
785,3,1661,March,20,walk,
3,785,1661,March,20,boat,
785,63,1661,March,20,walk,Elizabeth Pepys
63,785,1661,March,20,walk,Elizabeth Pepys
785,6,1661,March,21,walk,
6,785,1661,March,21,boat,
785,849,1661,March,22,horse,Lady Batten; Sir William Penn
849,31,1661,March,22,coach,Lady Batten; Sir William Penn
31,63,1661,March,22,coach,Lady Batten; Sir William Penn
63,785,1661,March,22,walk,
785,397,1661,March,23,walk,
397,111,1661,March,23,walk,
111,397,1661,March,23,walk,
397,112,1661,March,23,walk,Uncle Wight
112,785,1661,March,23,walk,
785,22,1661,March,24,walk,Elizabeth Pepys
22,63,1661,March,24,walk,Sir William Batten; Lady Batten; Elizabeth Pepys
63,22,1661,March,24,walk,
22,785,1661,March,24,walk,
785,9,1661,March,25,walk,
9,113,1661,March,25,walk,Mr Salisbury
113,3,1661,March,25,boat,Mr Salisbury
3,6,1661,March,25,walk,
6,7,1661,March,25,walk,
7,86,1661,March,25,boat,Captain Ferrers
86,71,1661,March,25,walk,
71,17,1661,March,25,walk,
17,785,1661,March,25,walk,
785,17,1661,March,26,coach,Elizabeth Pepys
17,86,1661,March,26,walk,Mr Pierce surgeon; Elizabeth Pierce; Elizabeth Pepys
86,785,1661,March,26,coach,Elizabeth Pepys
785,80,1661,March,27,walk,
80,785,1661,March,27,walk,
785,44,1661,March,28,walk,John Creed
44,2,1661,March,28,coach,John Creed
2,6,1661,March,28,walk,
6,16,1661,March,28,walk,Edward Shepley
16,74,1661,March,28,walk,Edward Shepley
74,785,1661,March,28,coach,
785,63,1661,March,29,walk,
63,785,1661,March,29,walk,
785,3,1661,March,30,boat,Colonel Slingsby
3,2,1661,March,30,walk,
2,6,1661,March,30,walk,
6,74,1661,March,30,walk,John Creed
74,785,1661,March,30,walk,
785,22,1661,March,31,walk,
22,17,1661,March,31,walk,
17,71,1661,March,31,walk,
71,785,1661,March,31,walk,
785,9,1661,April,1,walk,
9,63,1661,April,1,walk,
63,114,1661,April,1,walk,Dr Castle
114,4,1661,April,1,walk,
4,85,1661,April,1,walk,
85,17,1661,April,1,walk,
17,785,1661,April,1,walk,
785,17,1661,April,2,coach,Elizabeth Pepys; Pall Pepys
17,115,1661,April,2,walk,Elizabeth Pepys
115,107,1661,April,2,walk,
107,6,1661,April,2,walk,
6,4,1661,April,2,walk,
4,85,1661,April,2,walk,
85,17,1661,April,2,walk,
17,785,1661,April,2,walk,Elizabeth Pepys
785,80,1661,April,2,walk,
80,785,1661,April,2,walk,
785,4,1661,April,2,walk,
4,785,1661,April,2,walk,
785,9,1661,April,3,walk,
9,63,1661,April,3,walk,William Batten; Sir William Penn
63,785,1661,April,3,walk,
785,6,1661,April,4,walk,
6,4,1661,April,4,walk,
4,17,1661,April,4,walk,Thomas Moore
17,785,1661,April,4,walk,
785,4,1661,April,4,walk,
4,785,1661,April,4,walk,
785,27,1661,April,5,walk,
27,116,1661,April,5,walk,Sir William Batten; Sir William Penn; Sir John Lawson
116,785,1661,April,5,walk,
785,63,1661,April,5,walk,
63,785,1661,April,5,walk,
785,4,1661,April,6,walk,
4,10,1661,April,6,walk,John Creed; Thomas Moore
10,7,1661,April,6,walk,
7,86,1661,April,6,boat,John Creed
86,17,1661,April,6,walk,
17,785,1661,April,6,walk,
785,117,1661,April,7,walk,
117,3,1661,April,7,walk,
3,6,1661,April,7,walk,Dr Fuller
6,17,1661,April,7,walk,
17,785,1661,April,7,walk,
785,63,1661,April,7,walk,
63,785,1661,April,7,walk,
785,43,1661,April,8,walk,
43,1062,1661,April,8,boat,Sir William Batten; Lady Batten; Betty Turner; Mr Fowler
1062,47,1661,April,8,coach,Sir William Batten; Lady Batten; Betty Turner
47,119,1661,April,8,coach,
119,1061,1661,April,9,coach,Sir William Batten
1061,119,1661,April,9,coach,Sir William Batten
119,48,1661,April,9,boat,
48,119,1661,April,9,boat,
119,121,1661,April,10,walk,
121,122,1661,April,10,walk,
122,123,1661,April,10,walk,
123,119,1661,April,10,walk,
119,124,1661,April,10,coach,
124,125,1661,April,10,walk,
125,126,1661,April,10,walk,
126,127,1661,April,10,walk,
127,47,1661,April,11,coach,Sir William Batten; Lady Batten; Captain Cuttance
47,849,1661,April,11,coach,Sir William Batten; Lady Batten; Captain Cuttance
849,785,1661,April,11,coach,Sir William Batten; Lady Batten; Captain Cuttance
785,63,1661,April,11,walk,
63,785,1661,April,11,walk,
785,63,1661,April,12,walk,
63,785,1661,April,12,walk,
785,43,1661,April,13,walk,
43,3,1661,April,13,boat,Sir William Penn
3,6,1661,April,13,walk,
6,92,1661,April,13,walk,Captain Cuttance; Captain Clark
92,3,1661,April,13,walk,
3,128,1661,April,13,walk,
128,6,1661,April,13,walk,
6,7,1661,April,13,walk,
7,785,1661,April,13,boat,
785,129,1661,April,13,coach,Sir William Penn; Captain Terne
129,785,1661,April,13,coach,Sir William Penn
785,80,1661,April,13,walk,Sir William Penn
80,785,1661,April,13,walk,
785,130,1661,April,14,walk,
130,17,1661,April,14,walk,
17,131,1661,April,14,walk,
131,6,1661,April,14,walk,Thomas Moore
6,114,1661,April,14,walk,
114,17,1661,April,14,walk,
17,9,1661,April,15,walk,
9,400,1661,April,15,walk,
400,785,1661,April,15,walk,
785,44,1661,April,15,coach,Colonel Slingsby
44,24,1661,April,15,walk,
24,82,1661,April,15,walk,Uncle Wight
82,785,1661,April,15,walk,
785,9,1661,April,15,walk,
9,785,1661,April,15,walk,
785,17,1661,April,15,walk,
785,43,1661,April,16,walk,
43,31,1661,April,16,boat,Mr Coventry; Colonel Slingsby
31,35,1661,April,16,walk,
35,1036,1661,April,16,walk,
1036,785,1661,April,16,boat,
785,63,1661,April,16,walk,
63,785,1661,April,16,walk,
785,17,1661,April,16,walk,
17,9,1661,April,17,walk,
9,63,1661,April,17,walk,
63,785,1661,April,17,walk,
785,112,1661,April,17,walk,Mr Allen
112,80,1661,April,17,walk,
80,785,1661,April,17,walk,
785,9,1661,April,17,walk,
9,785,1661,April,17,walk,
785,132,1661,April,18,horse,Sir William Batten; Sir William Penn
132,133,1661,April,18,walk,
133,785,1661,April,18,horse,Sir William Penn
785,63,1661,April,19,walk,
63,785,1661,April,19,walk,
785,112,1661,April,19,walk,Sir William Warren; Edward Shepley; Thomas Moore
112,785,1661,April,19,walk,
785,17,1661,April,19,boat,
17,3,1661,April,20,boat,
3,4,1661,April,20,walk,
4,92,1661,April,20,walk,John Creed; Thomas Moore
92,6,1661,April,20,walk,
6,128,1661,April,20,walk,Lady Sandwich; Lady Wright
128,6,1661,April,20,walk,Lady Sandwich
6,23,1661,April,20,walk,John Creed
23,96,1661,April,20,walk,John Creed
96,134,1661,April,20,walk,John Creed
134,135,1661,April,20,walk,John Creed
135,17,1661,April,21,walk,
17,785,1661,April,21,walk,
785,136,1661,April,22,walk,Sir William Batten; Lady Batten; Sir William Penn
136,74,1661,April,22,walk,Sir William Batten
74,785,1661,April,22,walk,
785,7,1661,April,22,walk,
7,6,1661,April,22,boat,
6,103,1661,April,23,walk,
103,13,1661,April,23,walk,
13,59,1661,April,23,walk,Elizabeth Pepys; Mrs Frankleyn
59,134,1661,April,23,walk,
134,59,1661,April,23,walk,
59,785,1661,April,23,walk,Elizabeth Pepys; Mrs Frankleyn
785,137,1661,April,23,walk,Mr Hunt
137,6,1661,April,23,walk,
6,138,1661,April,24,walk,John Creed
138,26,1661,April,24,walk,
26,117,1661,April,24,coach,Elizabeth Pepys; Mrs Frankleyn
117,785,1661,April,24,coach,Elizabeth Pepys
785,9,1661,April,24,walk,
9,785,1661,April,24,walk,
785,63,1661,April,24,walk,Elizabeth Pepys
63,785,1661,April,24,walk,
785,139,1661,April,25,walk,Thomas Moore
139,785,1661,April,25,walk,
785,112,1661,April,25,walk,Edward Shepley; Mr Pierce surgeon
112,785,1661,April,25,walk,
785,9,1661,April,26,walk,
9,785,1661,April,26,walk,
785,6,1661,April,27,walk,
6,16,1661,April,27,walk,John Creed; Captain Ferrers
16,87,1661,April,27,walk,John Creed; Captain Ferrers
87,63,1661,April,27,coach,
63,785,1661,April,27,walk,
785,17,1661,April,28,walk,
17,140,1661,April,28,walk,
140,17,1661,April,28,walk,Betty Turner
17,80,1661,April,29,walk,John Pepys; Lieutenant Lambert
80,9,1661,April,29,walk,
9,3,1661,April,29,walk,
3,785,1661,April,29,walk,
785,6,1661,April,29,coach,
6,785,1661,April,29,walk,
785,63,1661,April,29,walk,
63,71,1661,April,29,walk,
71,785,1661,April,29,walk,
785,9,1661,April,29,walk,
9,785,1661,April,29,walk,
785,142,1661,April,30,coach,Elizabeth Pepys; John Creed
142,143,1661,April,30,coach,Elizabeth Pepys; John Creed; Mr Hater; Mrs Hater
143,144,1661,April,30,coach,Elizabeth Pepys; John Creed; Mr Hater; Mrs Hater
144,145,1661,May,1,coach,Elizabeth Pepys; John Creed; Mr Hater; Mrs Hater
145,146,1661,May,1,coach,Elizabeth Pepys; John Creed; Mr Hater
146,147,1661,May,2,walk,John Creed
147,146,1661,May,2,walk,
146,147,1661,May,2,walk,
147,148,1661,May,2,boat,Elizabeth Pepys; John Creed
148,146,1661,May,2,boat,
146,149,1661,May,2,walk,
149,146,1661,May,2,walk,
146,365,1661,May,3,walk,
365,146,1661,May,3,walk,
146,145,1661,May,3,coach,Elizabeth Pepys; John Creed
145,151,1661,May,4,coach,Elizabeth Pepys; John Creed; Mr Hater
151,152,1661,May,5,walk,John Creed
152,151,1661,May,5,walk,
151,785,1661,May,6,coach,Elizabeth Pepys
785,63,1661,May,6,walk,
63,785,1661,May,6,walk,
785,3,1661,May,7,walk,
3,6,1661,May,7,walk,
6,153,1661,May,7,walk,John Creed
153,785,1661,May,7,walk,
785,63,1661,May,7,walk,
63,785,1661,May,7,walk,
785,6,1661,May,9,walk,
6,77,1661,May,9,walk,
77,104,1661,May,9,walk,Mr Childe
104,785,1661,May,9,boat,
785,155,1661,May,9,walk,
155,785,1661,May,9,walk,
785,80,1661,May,10,walk,Mr Blackburne; John Creed
80,785,1661,May,10,walk,
785,63,1661,May,10,walk,
63,785,1661,May,10,walk,
785,3,1661,May,11,boat,Thomas Moore
3,156,1661,May,11,walk,
156,17,1661,May,11,walk,
17,785,1661,May,11,walk,
785,155,1661,May,12,walk,
155,785,1661,May,12,walk,
785,79,1661,May,12,boat,
79,156,1661,May,12,walk,John Creed
156,157,1661,May,12,walk,John Creed
157,158,1661,May,12,walk,John Creed
158,785,1661,May,12,walk,
785,23,1661,May,13,walk,John Creed
23,153,1661,May,13,walk,John Creed
153,785,1661,May,13,walk,John Creed
785,6,1661,May,14,boat,
6,92,1661,May,14,walk,Edward Shepley; Mr Pinkny
92,785,1661,May,14,walk,
785,112,1661,May,14,walk,Edward Shepley
112,785,1661,May,14,walk,
785,9,1661,May,15,walk,
9,785,1661,May,15,walk,
785,79,1661,May,16,boat,
79,16,1661,May,16,walk,
16,155,1661,May,16,boat,John Creed
155,785,1661,May,16,walk,
785,23,1661,May,17,walk,Lieutenant Lambert
23,153,1661,May,17,walk,Lieutenant Lambert
153,9,1661,May,17,walk,
9,785,1661,May,17,walk,
785,43,1661,May,18,walk,
43,159,1661,May,18,boat,
159,13,1661,May,18,boat,
13,92,1661,May,18,walk,Mr Spicer; John Creed
92,785,1661,May,18,boat,John Creed
785,160,1661,May,19,walk,
160,6,1661,May,19,walk,
6,161,1661,May,19,walk,Captain Ferrers; Mr Howe
161,6,1661,May,19,walk,
6,17,1661,May,19,walk,
17,785,1661,May,19,walk,
785,23,1661,May,20,walk,John Creed
23,153,1661,May,20,walk,John Creed
153,112,1661,May,20,walk,John Creed
112,9,1661,May,20,walk,
9,785,1661,May,20,walk,
785,162,1661,May,21,walk,Colonel Slingsby; Major Waters
162,37,1661,May,21,boat,Colonel Slingsby
37,31,1661,May,21,boat,Colonel Slingsby
31,163,1661,May,21,boat,Colonel Slingsby
163,17,1661,May,21,walk,
17,68,1661,May,21,walk,
68,785,1661,May,21,walk,
785,6,1661,May,22,walk,
6,155,1661,May,22,boat,Mr Howe
155,9,1661,May,22,boat,
9,785,1661,May,22,walk,
785,6,1661,May,23,walk,
6,83,1661,May,23,walk,Edward Shepley; Thomas Moore; John Bowles
83,785,1661,May,23,boat,
785,164,1661,May,23,coach,
164,9,1661,May,23,coach,
9,785,1661,May,23,walk,
785,9,1661,May,24,walk,
9,155,1661,May,24,walk,
155,785,1661,May,24,walk,
785,174,1661,May,25,walk,
174,16,1661,May,25,walk,
16,21,1661,May,25,walk,
21,785,1661,May,25,walk,
785,22,1661,May,26,walk,
22,785,1661,May,26,walk,
785,112,1661,May,26,walk,
112,63,1661,May,26,walk,
63,785,1661,May,26,walk,
785,155,1661,May,27,walk,
155,165,1661,May,27,boat,Lord Sandwich; Lord Hinchinbrooke
165,10,1661,May,27,walk,
10,9,1661,May,27,boat,
9,29,1661,May,27,walk,Colonel Slingsby
29,785,1661,May,27,walk,
785,9,1661,May,27,walk,
9,785,1661,May,27,walk,
785,155,1661,May,28,walk,
155,166,1661,May,28,walk,John Bowles
166,23,1661,May,28,walk,Edward Shepley
23,82,1661,May,28,walk,Edward Shepley
82,112,1661,May,28,walk,Edward Shepley
112,785,1661,May,28,walk,
785,167,1661,May,28,walk,
167,785,1661,May,28,walk,
785,27,1661,May,28,walk,
27,785,1661,May,28,walk,
785,132,1661,May,29,coach,Sir William Penn
132,175,1661,May,29,walk,
175,132,1661,May,29,walk,
132,168,1661,May,29,walk,
168,169,1661,May,29,walk,
169,785,1661,May,29,coach,Sir William Penn
785,155,1661,May,30,walk,
155,170,1661,May,30,walk,Thomas Moore
170,108,1661,May,30,walk,
108,171,1661,May,30,walk,Ralph Greatorex
171,172,1661,May,30,walk,
172,173,1661,May,30,boat,
173,785,1661,May,30,walk,
785,9,1661,May,30,walk,
9,29,1661,May,30,walk,Colonel Slingsby
29,785,1661,May,30,walk,
785,155,1661,May,30,walk,
155,170,1661,May,30,boat,Thomas Moore
170,785,1661,May,30,walk,
785,17,1661,May,31,walk,
17,785,1661,May,31,walk,
785,9,1661,May,31,walk,
9,785,1661,May,31,walk,
785,37,1661,June,1,boat,Sir William Penn; Mr Gauden
37,177,1661,June,1,walk,Captain Poole
177,31,1661,June,1,boat,Sir William Penn
31,102,1661,June,1,walk,
102,30,1661,June,1,walk,
30,785,1661,June,1,boat,
785,176,1661,June,2,walk,
176,785,1661,June,2,walk,
785,176,1661,June,2,walk,
176,785,1661,June,2,walk,
785,155,1661,June,3,walk,John Creed
155,785,1661,June,3,walk,John Creed
785,43,1661,June,3,walk,John Creed
43,785,1661,June,3,walk,
785,182,1661,June,3,boat,Dr Pierce
182,155,1661,June,3,boat,Dr Pierce
155,785,1661,June,3,boat,Dr Pierce
785,177,1661,June,3,walk,Dr Pierce
177,155,1661,June,3,walk,Dr Pierce
155,7,1661,June,3,walk,
7,785,1661,June,3,walk,John Creed
785,9,1661,June,3,walk,
9,785,1661,June,3,walk,
785,159,1661,June,4,boat,Colonel Slingsby
159,163,1661,June,4,walk,Colonel Slingsby
163,17,1661,June,4,walk,
17,182,1661,June,4,walk,John Pepys; Thomas Pepys Jr; cousin Holcroft
182,66,1661,June,4,walk,
66,16,1661,June,4,walk,
16,69,1661,June,4,walk,
69,785,1661,June,4,boat,
785,159,1661,June,4,walk,Colonel Slingsby
159,178,1661,June,4,walk,Colonel Slingsby
178,170,1661,June,4,walk,Colonel Slingsby
170,17,1661,June,4,walk,
17,179,1661,June,4,walk,John Pepys; John Holcroft
179,180,1661,June,4,walk,John Pepys
180,16,1661,June,4,walk,
785,155,1661,June,5,walk,
155,6,1661,June,5,walk,
6,9,1661,June,5,walk,
9,44,1661,June,5,walk,Sir William Penn; Colonel Slingsby
44,785,1661,June,5,walk,Sir William Penn
785,9,1661,June,5,walk,
9,785,1661,June,5,walk,
785,178,1661,June,6,boat,Captain Lambert
178,179,1661,June,6,boat,Captain Lambert
179,9,1661,June,6,boat,
9,180,1661,June,6,walk,Captain Lambert
180,785,1661,June,6,walk,
785,186,1661,June,6,boat,Captain Lambert
186,176,1661,June,6,walk,Captain Lambert
176,186,1661,June,6,boat,
186,9,1661,June,6,boat,
9,187,1661,June,6,walk,Captain Lambert
187,785,1661,June,6,walk,
785,9,1661,June,6,walk,
9,785,1661,June,6,walk,
785,6,1661,June,7,walk,
6,155,1661,June,7,walk,
155,9,1661,June,7,walk,
9,63,1661,June,7,walk,
63,785,1661,June,7,walk,
785,9,1661,June,7,walk,
9,785,1661,June,7,walk,
785,63,1661,June,7,walk,
785,6,1661,June,8,walk,
6,184,1661,June,8,walk,Edward Shepley; John Creed
184,16,1661,June,8,walk,
16,185,1661,June,8,walk,John Creed
185,82,1661,June,8,walk,
82,785,1661,June,8,walk,
785,6,1661,June,8,walk,Edward Shepley; John Creed
6,181,1661,June,8,walk,Edward Shepley; John Creed
181,16,1661,June,8,walk,
16,182,1661,June,8,walk,John Creed
182,82,1661,June,8,walk,
785,155,1661,June,9,walk,Elizabeth Pepys
155,3,1661,June,9,walk,
3,5,1661,June,9,walk,
5,104,1661,June,9,walk,Mr Pierce surgeon; Mr Symons
104,3,1661,June,9,walk,
3,7,1661,June,9,walk,
7,186,1661,June,9,boat,Dean Fuller; W. Howe
186,155,1661,June,9,boat,W. Howe
155,785,1661,June,9,walk,Elizabeth Pepys
785,5,1661,June,9,walk,Mr Pierce; Mr Symons
5,104,1661,June,9,walk,Mr Pierce; Mr Symons
104,3,1661,June,9,walk,
3,66,1661,June,9,boat,Dean Fuller; Mr Howe
66,155,1661,June,9,boat,Mr Howe
6,187,1661,June,10,walk,Edward Shepley; Mr Walden; Mr Rolt; Alderman Backwell
187,155,1661,June,10,walk,
155,9,1661,June,10,walk,
9,785,1661,June,10,walk,
785,6,1661,June,10,walk,
6,155,1661,June,10,walk,
155,9,1661,June,10,walk,
785,9,1661,June,11,walk,
9,785,1661,June,11,walk,
3,181,1661,June,12,boat,Captain Rolt; Captain Ferrers
181,159,1661,June,12,boat,
159,785,1661,June,12,boat,
785,3,1661,June,12,walk,
3,785,1661,June,12,walk,
785,159,1661,June,12,walk,
159,785,1661,June,12,walk,
785,155,1661,June,12,walk,Colonel Slingsby
155,400,1661,June,13,walk,
400,155,1661,June,13,walk,
155,3,1661,June,13,boat,Lord Sandwich
3,7,1661,June,13,walk,
7,31,1661,June,13,boat,Lord Sandwich
31,36,1661,June,13,boat,Captain Ferrers
36,176,1661,June,13,boat,Captain Ferrers; Captain Poole
176,195,1661,June,13,walk,Captain Ferrers
195,196,1661,June,13,walk,
196,43,1661,June,13,boat,
43,785,1661,June,13,walk,
785,6,1661,June,14,walk,
6,17,1661,June,14,walk,
17,785,1661,June,14,coach,
785,155,1661,June,15,walk,
155,17,1661,June,15,walk,
17,400,1661,June,15,walk,
400,785,1661,June,15,walk,
785,17,1661,June,15,walk,
17,785,1661,June,15,walk,
785,400,1661,June,15,walk,
785,155,1661,June,17,walk,Mr Carter
155,785,1661,June,17,walk,
785,9,1661,June,17,walk,
9,27,1661,June,17,walk,
27,785,1661,June,17,walk,
785,179,1661,June,18,boat,Elizabeth Pepys
179,785,1661,June,18,boat,Elizabeth Pepys
785,186,1661,June,18,boat,Elizabeth Pepys
186,785,1661,June,18,boat,Elizabeth Pepys
785,13,1661,June,19,walk,Thomas Moore
13,155,1661,June,19,boat,
155,785,1661,June,19,walk,
785,9,1661,June,19,walk,
9,23,1661,June,19,walk,
23,785,1661,June,19,walk,
785,191,1661,June,21,walk,John Pepys
191,785,1661,June,21,walk,
785,15,1661,June,21,walk,
15,24,1661,June,21,walk,Uncle Wight
24,785,1661,June,21,walk,
785,9,1661,June,21,walk,
9,785,1661,June,21,walk,
785,189,1661,June,21,walk,John Pepys
189,785,1661,June,21,walk,
785,66,1661,June,22,walk,
66,16,1661,June,22,walk,
16,192,1661,June,22,walk,Luellin; Blurton
192,785,1661,June,22,walk,
785,180,1661,June,22,walk,
180,16,1661,June,22,walk,
785,176,1661,June,23,walk,
176,63,1661,June,23,walk,Sir William Batten
63,176,1661,June,23,walk,
176,156,1661,June,23,walk,
156,157,1661,June,23,walk,
157,785,1661,June,23,walk,
785,22,1661,June,23,walk,
22,63,1661,June,23,walk,Sir William Batten
63,22,1661,June,23,walk,
22,156,1661,June,23,walk,
785,153,1661,June,24,walk,John Pepys; Dr Williams
153,785,1661,June,24,walk,
785,63,1661,June,24,walk,
63,785,1661,June,24,walk,
785,13,1661,June,26,walk,
13,155,1661,June,26,boat,Dean Fuller
155,17,1661,June,26,coach,
17,9,1661,June,26,boat,
9,785,1661,June,26,walk,
785,155,1661,June,26,walk,Dean Fuller
155,785,1661,June,26,walk,
785,17,1661,June,26,coach,
785,17,1661,June,27,walk,
17,196,1661,June,27,walk,John Pepys
196,785,1661,June,27,walk,
785,16,1661,June,27,coach,Lady Batten; Mrs Rebecca Allen; Mrs Thompson
16,63,1661,June,27,coach,
63,785,1661,June,27,walk,
785,17,1661,June,27,walk,John Pepys
17,190,1661,June,27,walk,John Pepys
190,785,1661,June,27,walk,
785,155,1661,June,28,walk,
155,9,1661,June,28,walk,
9,72,1661,June,28,coach,Sir William Penn
72,785,1661,June,28,coach,Sir William Penn
785,9,1661,June,28,walk,
9,785,1661,June,28,walk,
785,31,1661,June,29,boat,Sir William Batten; Sir William Penn
31,785,1661,June,29,boat,
785,190,1661,June,29,walk,
190,785,1661,June,29,walk,
785,191,1661,June,29,walk,
191,785,1661,June,29,walk,
785,176,1661,June,30,walk,
176,785,1661,June,30,walk,
785,3,1661,June,30,boat,Sir William Batten; Sir William Penn
3,156,1661,June,30,walk,
156,785,1661,June,30,walk,
785,22,1661,June,30,walk,
22,785,1661,June,30,walk,
785,9,1661,July,1,walk,
9,785,1661,July,1,walk,
785,13,1661,July,2,walk,
13,193,1661,July,2,coach,
193,785,1661,July,2,coach,
785,13,1661,July,2,coach,
13,192,1661,July,2,coach,
192,785,1661,July,2,coach,
785,194,1661,July,3,walk,
194,155,1661,July,3,walk,
155,195,1661,July,3,walk,
195,9,1661,July,3,walk,
9,63,1661,July,3,walk,Colonel Slingsby
63,785,1661,July,3,walk,
785,193,1661,July,3,walk,
193,155,1661,July,3,walk,
155,194,1661,July,3,walk,
194,9,1661,July,3,walk,
9,785,1661,July,3,walk,
785,9,1661,July,3,walk,
9,785,1661,July,3,walk,
785,16,1661,July,4,walk,
16,17,1661,July,4,walk,
17,23,1661,July,4,walk,
23,112,1661,July,4,walk,Uncle Wight
112,785,1661,July,4,walk,
785,9,1661,July,5,walk,
9,63,1661,July,5,walk,
63,785,1661,July,5,walk,
785,24,1661,July,6,walk,
24,155,1661,July,6,walk,
155,197,1661,July,6,walk,
197,198,1661,July,6,walk,
198,199,1661,July,6,horse,
199,200,1661,July,7,walk,
200,199,1661,July,7,walk,
199,200,1661,July,14,walk,John Pepys
200,201,1661,July,14,walk,
201,199,1661,July,14,walk,
199,201,1661,July,14,walk,John Pepys
201,202,1661,July,14,walk,
202,199,1661,July,14,walk,
199,202,1661,July,15,horse,
202,203,1661,July,15,walk,
203,1295,1661,July,15,walk,Dr Fairbrother
1295,205,1661,July,15,horse,
205,206,1661,July,15,horse,
206,199,1661,July,15,horse,
199,203,1661,July,15,horse,
203,206,1661,July,15,horse,
206,207,1661,July,15,horse,
207,208,1661,July,15,horse,
208,199,1661,July,15,horse,
199,207,1661,July,16,horse,John Pepys
207,208,1661,July,16,horse,
208,199,1661,July,16,horse,
199,209,1661,July,16,horse,John Pepys
209,210,1661,July,16,horse,
210,199,1661,July,16,horse,
199,209,1661,July,20,horse,
209,210,1661,July,20,walk,
210,211,1661,July,20,walk,
211,199,1661,July,20,walk,
199,212,1661,July,20,walk,John Pepys; Tom Trice
212,199,1661,July,20,walk,
199,211,1661,July,20,horse,
211,212,1661,July,20,walk,
212,213,1661,July,20,horse,
213,199,1661,July,20,horse,
199,232,1661,July,20,horse,
232,199,1661,July,20,horse,
199,1088,1661,July,22,horse,
1088,216,1661,July,22,horse,
216,217,1661,July,22,walk,
217,216,1661,July,22,walk,
216,158,1661,July,22,horse,
158,218,1661,July,22,walk,
218,17,1661,July,22,walk,
17,155,1661,July,22,walk,
155,785,1661,July,22,walk,
785,13,1661,July,23,walk,
13,16,1661,July,23,walk,
16,17,1661,July,23,walk,
17,24,1661,July,23,walk,
24,785,1661,July,23,walk,
785,3,1661,July,24,boat,Elizabeth Pepys
3,2,1661,July,24,walk,
2,155,1661,July,24,walk,
155,785,1661,July,24,boat,
785,9,1661,July,24,walk,
9,785,1661,July,24,walk,
785,23,1661,July,25,walk,
23,17,1661,July,25,walk,
17,16,1661,July,25,walk,Thomas Moore
16,785,1661,July,25,walk,
785,1088,1661,July,26,walk,Mr Hill
1088,785,1661,July,26,walk,
785,153,1661,July,26,walk,Thomas Moore
153,9,1661,July,26,walk,
9,785,1661,July,26,walk,
785,84,1661,July,26,walk,Thomas Moore
84,9,1661,July,26,walk,
785,194,1661,July,27,walk,
194,13,1661,July,27,walk,
13,155,1661,July,27,walk,
155,216,1661,July,27,walk,Mr Townsend; Captain Cooke
216,155,1661,July,27,walk,
155,159,1661,July,27,boat,Lady Jemimah; Pall Pepys
159,785,1661,July,27,boat,Lady Jemimah; Pall Pepys
785,155,1661,July,27,coach,Elizabeth Pepys
155,785,1661,July,27,coach,Elizabeth Pepys
785,155,1661,July,27,walk,Mr Townsend; Captain Cooke
155,166,1661,July,27,walk,Mr Townsend; Captain Cooke
166,155,1661,July,27,walk,
785,176,1661,July,28,walk,Elizabeth Pepys
176,785,1661,July,28,walk,Elizabeth Pepys
785,27,1661,July,28,walk,Elizabeth Pepys
27,785,1661,July,28,walk,Elizabeth Pepys
785,22,1661,July,28,walk,Elizabeth Pepys
22,785,1661,July,28,walk,Elizabeth Pepys
785,217,1661,July,29,walk,Colonel Slingsby
217,9,1661,July,29,walk,
9,785,1661,July,29,walk,
785,17,1661,July,29,walk,Thomas Pepys Jr
17,785,1661,July,29,walk,
785,3,1661,July,30,walk,
3,13,1661,July,30,walk,
13,155,1661,July,30,boat,
155,785,1661,July,30,walk,
785,9,1661,July,30,walk,Thomas Moore
9,19,1661,July,30,walk,Mr Salisbury
19,785,1661,July,30,walk,
785,16,1661,July,31,walk,
16,785,1661,July,31,walk,
785,132,1661,August,1,coach,Sir William Batten; Lady Batten; Sir William Penn; Margaret Penn
132,168,1661,August,1,walk,
168,785,1661,August,1,coach,Sir William Batten; Sir William Penn
785,268,1661,August,2,horse,
268,273,1661,August,3,horse,
273,274,1661,August,3,horse,
274,1295,1661,August,3,walk,
1295,205,1661,August,3,horse,Roger Pepys
205,202,1661,August,4,walk,
202,276,1661,August,4,walk,
276,205,1661,August,4,walk,
205,275,1661,August,5,horse,
275,209,1661,August,5,horse,
209,199,1661,August,5,horse,
199,209,1661,August,6,horse,
209,199,1661,August,6,horse,
199,212,1661,August,6,walk,
212,199,1661,August,6,walk,
199,260,1661,August,6,horse,
260,213,1661,August,7,horse,
213,217,1661,August,7,horse,
217,213,1661,August,7,horse,
213,785,1661,August,7,horse,
785,155,1661,August,7,walk,
155,785,1661,August,7,walk,
785,4,1661,August,8,walk,
4,155,1661,August,8,walk,Thomas Moore
155,4,1661,August,8,walk,
4,218,1661,August,8,walk,M. Eschar; Thomas Moore
218,785,1661,August,8,walk,
785,9,1661,August,9,walk,
9,5,1661,August,9,walk,
5,9,1661,August,9,walk,
9,785,1661,August,9,walk,
785,3,1661,August,9,walk,
3,5,1661,August,9,walk,M. Eschar
5,17,1661,August,9,coach,
17,785,1661,August,9,coach,
785,29,1661,August,10,walk,John Pepys
29,155,1661,August,10,walk,
155,16,1661,August,10,walk,Lady Jemimah; Lady Paulina; Captain Ferrers
16,785,1661,August,10,coach,
785,155,1661,August,10,boat,
155,785,1661,August,10,boat,
785,176,1661,August,11,walk,
176,785,1661,August,11,walk,
785,223,1661,August,11,walk,
223,156,1661,August,11,walk,
156,17,1661,August,11,walk,
17,785,1661,August,11,walk,
785,677,1661,August,12,walk,
677,155,1661,August,12,walk,
155,785,1661,August,12,walk,
785,4,1661,August,13,walk,
4,155,1661,August,13,walk,
155,17,1661,August,13,walk,
17,82,1661,August,13,walk,John Pepys
82,785,1661,August,13,walk,
785,3,1661,August,14,walk,Sir William Batten; Sir William Penn
3,155,1661,August,14,walk,
155,16,1661,August,14,walk,Captain Ferrers
16,117,1661,August,14,coach,Sir William Penn; Captain Ferrers
117,785,1661,August,14,coach,Sir William Penn
785,80,1661,August,14,walk,Sir William Penn
80,63,1661,August,14,walk,Sir William Penn
63,785,1661,August,14,walk,
785,4,1661,August,15,walk,
4,117,1661,August,15,coach,Sir William Penn
117,155,1661,August,15,walk,
155,193,1661,August,15,walk,
193,785,1661,August,15,walk,Sir William Penn
785,80,1661,August,15,walk,Sir William Penn
80,785,1661,August,15,walk,
785,225,1661,August,16,walk,John Pepys
225,785,1661,August,16,walk,
785,4,1661,August,17,walk,
4,107,1661,August,17,walk,Ned Pickering
107,155,1661,August,17,walk,Ned Pickering
155,193,1661,August,17,walk,Captain Ferrers
193,226,1661,August,17,walk,Captain Ferrers
226,785,1661,August,17,coach,
785,176,1661,August,18,walk,
176,785,1661,August,18,walk,
785,155,1661,August,18,walk,Elizabeth Pepys; Mr Sidney Mountagu
155,3,1661,August,18,walk,
3,5,1661,August,18,walk,
5,107,1661,August,18,walk,
107,785,1661,August,18,walk,
785,186,1661,August,19,walk,
186,227,1661,August,19,coach,Thomas Moore
227,785,1661,August,19,walk,Thomas Moore
785,9,1661,August,20,walk,
9,785,1661,August,20,walk,
785,17,1661,August,21,walk,
17,228,1661,August,21,walk,John Pepys
228,229,1661,August,21,walk,John Pepys
229,230,1661,August,21,walk,John Pepys
230,74,1661,August,21,walk,John Pepys
74,231,1661,August,21,walk,John Pepys
231,3,1661,August,21,walk,John Pepys
3,231,1661,August,21,walk,John Pepys
231,17,1661,August,21,walk,John Pepys
17,155,1661,August,21,walk,
155,785,1661,August,21,walk,
785,4,1661,August,22,walk,
4,785,1661,August,22,walk,
785,232,1661,August,22,coach,Elizabeth Pepys
232,234,1661,August,22,walk,
234,24,1661,August,22,walk,Elizabeth Pepys; Aunt Wight
24,785,1661,August,22,coach,Elizabeth Pepys
785,17,1661,August,23,walk,
17,228,1661,August,23,walk,John Pepys
228,235,1661,August,23,walk,John Pepys; Dr Williams
235,236,1661,August,23,walk,John Pepys; Tom Trice; Dr Williams
236,235,1661,August,23,walk,
235,237,1661,August,23,walk,Dr Williams
237,230,1661,August,23,walk,
230,193,1661,August,23,walk,Elizabeth Pepys
193,155,1661,August,23,walk,Elizabeth Pepys
155,785,1661,August,23,walk,Elizabeth Pepys
785,217,1661,August,24,walk,Colonel Slingsby
217,785,1661,August,24,walk,
785,112,1661,August,24,walk,Captain Isham
112,193,1661,August,24,walk,
193,191,1661,August,24,walk,Mr Spong
191,785,1661,August,24,walk,
785,176,1661,August,25,walk,
176,785,1661,August,25,walk,
785,24,1661,August,25,walk,John Pepys
24,117,1661,August,25,walk,John Pepys
117,785,1661,August,25,walk,
785,17,1661,August,26,walk,
17,233,1661,August,26,walk,John Pepys
233,155,1661,August,26,walk,
155,16,1661,August,26,walk,
16,226,1661,August,26,walk,Mr Bostock
226,232,1661,August,26,walk,
232,74,1661,August,26,walk,John Pepys; Uncle Fenner
74,238,1661,August,26,walk,
238,785,1661,August,26,walk,
785,155,1661,August,27,walk,
155,9,1661,August,27,walk,
9,785,1661,August,27,walk,
785,2,1661,August,27,coach,Elizabeth Pepys
2,16,1661,August,27,coach,Elizabeth Pepys
16,17,1661,August,27,walk,
17,785,1661,August,27,walk,Elizabeth Pepys
785,23,1661,August,28,walk,
23,785,1661,August,28,walk,Dr Williams
785,54,1661,August,29,walk,
54,232,1661,August,29,walk,
232,74,1661,August,29,walk,John Pepys; Uncle Fenner
74,785,1661,August,29,walk,
785,155,1661,August,30,walk,
155,239,1661,August,30,walk,Elizabeth Pepys
239,785,1661,August,30,walk,Elizabeth Pepys
785,74,1661,August,31,walk,Luellin
74,240,1661,August,31,walk,Luellin
240,241,1661,August,31,walk,Luellin
241,242,1661,August,31,walk,Luellin
242,240,1661,August,31,walk,
240,243,1661,August,31,walk,Lady Jemimah; Lady Paulina; Mr Pickering
243,155,1661,August,31,coach,Lady Jemimah; Lady Paulina
155,112,1661,August,31,walk,Thomas Moore
112,785,1661,August,31,walk,
785,176,1661,September,1,walk,
176,785,1661,September,1,walk,
785,63,1661,September,1,walk,
63,3,1661,September,1,coach,Captain Holmes
3,5,1661,September,1,walk,
5,17,1661,September,1,walk,
17,785,1661,September,1,walk,
785,2,1661,September,2,walk,
2,3,1661,September,2,walk,
3,245,1661,September,2,boat,Mr Battersby
245,155,1661,September,2,walk,
155,3,1661,September,2,walk,Captain Ferrers
3,13,1661,September,2,walk,
13,83,1661,September,2,walk,Captain Ferrers; Mr Pickering
83,13,1661,September,2,walk,Mr Pickering
13,159,1661,September,2,boat,Mr Pickering
159,112,1661,September,2,walk,
112,785,1661,September,2,walk,
785,155,1661,September,3,walk,Elizabeth Pepys
155,17,1661,September,3,walk,Elizabeth Pepys
17,785,1661,September,3,coach,Elizabeth Pepys
785,4,1661,September,4,walk,
4,107,1661,September,4,walk,Elizabeth Pepys
107,246,1661,September,4,walk,Elizabeth Pepys
246,247,1661,September,4,walk,Elizabeth Pepys
247,5,1661,September,4,walk,Elizabeth Pepys
5,17,1661,September,4,walk,Elizabeth Pepys
17,785,1661,September,4,walk,
785,4,1661,September,5,boat,
4,232,1661,September,5,boat,
232,248,1661,September,5,walk,Elizabeth Pepys; Margaret Pepys; Paulina Pepys
248,232,1661,September,5,walk,Elizabeth Pepys; Aunt Bell
232,240,1661,September,5,walk,Elizabeth Pepys
240,785,1661,September,5,walk,Elizabeth Pepys
785,249,1661,September,6,walk,Uncle Fenner
249,74,1661,September,6,walk,Uncle Fenner
74,250,1661,September,6,walk,Uncle Fenner
250,785,1661,September,6,walk,
785,16,1661,September,6,walk,
16,251,1661,September,6,walk,Sir William Penn; Sir G. Askew; Sir Theophilus Jones
251,785,1661,September,6,coach,Sir William Penn
785,155,1661,September,7,walk,
155,16,1661,September,7,coach,Elizabeth Pepys; Lady Jemimah; Lady Paulina
16,155,1661,September,7,coach,Lady Jemimah; Lady Paulina
155,785,1661,September,7,walk,Elizabeth Pepys
785,176,1661,September,8,walk,
176,785,1661,September,8,walk,
785,4,1661,September,9,walk,
4,252,1661,September,9,walk,Captain Morrice
252,253,1661,September,9,walk,Captain Morrice
253,13,1661,September,9,walk,
13,86,1661,September,9,walk,
86,785,1661,September,9,walk,
785,80,1661,September,9,walk,
80,785,1661,September,9,walk,
785,232,1661,September,10,walk,
232,244,1661,September,10,walk,
244,155,1661,September,10,walk,
155,785,1661,September,10,walk,
785,233,1661,September,11,walk,
233,228,1661,September,11,walk,
228,155,1661,September,11,walk,
155,785,1661,September,11,walk,
785,228,1661,September,11,walk,
228,193,1661,September,11,walk,Dr Williams
193,785,1661,September,11,walk,
785,155,1661,September,11,walk,
155,785,1661,September,11,walk,
785,4,1661,September,12,walk,
4,155,1661,September,12,boat,
155,785,1661,September,12,boat,
785,63,1661,September,12,walk,
63,785,1661,September,12,walk,
785,155,1661,September,12,walk,
155,785,1661,September,12,walk,
785,232,1661,September,13,walk,
232,256,1661,September,13,walk,Dr Williams
256,155,1661,September,13,walk,
155,257,1661,September,13,boat,Elizabeth Pepys
257,785,1661,September,13,boat,Elizabeth Pepys
785,23,1661,September,14,walk,
23,785,1661,September,14,walk,
785,255,1661,September,14,boat,Colonel Slingsby; Lady Slingsby; Elizabeth Pepys
255,785,1661,September,14,boat,
785,249,1661,September,15,walk,
249,785,1661,September,15,walk,
785,176,1661,September,15,walk,Elizabeth Pepys
176,254,1661,September,15,walk,Elizabeth Pepys
254,785,1661,September,15,walk,Elizabeth Pepys
785,233,1661,September,16,walk,Dr Williams
233,52,1661,September,16,walk,Dr Williams
52,244,1661,September,16,walk,
244,785,1661,September,16,walk,
785,155,1661,September,17,walk,
155,785,1661,September,17,walk,
785,267,1661,September,17,coach,Elizabeth Pepys
267,268,1661,September,17,horse,Elizabeth Pepys
268,202,1661,September,18,horse,Elizabeth Pepys
202,203,1661,September,18,walk,
203,202,1661,September,18,walk,
202,205,1661,September,18,horse,Elizabeth Pepys
205,202,1661,September,19,horse,John Pepys; Elizabeth Pepys
202,264,1661,September,19,walk,John Pepys
264,265,1661,September,19,walk,John Pepys
265,264,1661,September,19,walk,
264,266,1661,September,19,horse,Elizabeth Pepys; John Pepys Jr
266,264,1661,September,19,horse,
264,199,1661,September,19,horse,Elizabeth Pepys; John Pepys Jr
199,206,1661,September,20,horse,Will Stankes
206,259,1661,September,20,walk,
259,207,1661,September,20,horse,Uncle Thomas
207,199,1661,September,20,horse,Will Stankes
199,209,1661,September,21,horse,
209,201,1661,September,21,horse,
201,199,1661,September,21,horse,
199,200,1661,September,22,walk,
200,199,1661,September,22,walk,
199,260,1661,September,23,horse,Elizabeth Pepys
260,261,1661,September,23,horse,Elizabeth Pepys
261,262,1661,September,23,horse,Elizabeth Pepys
262,263,1661,September,24,horse,Elizabeth Pepys
263,785,1661,September,24,horse,Elizabeth Pepys
785,155,1661,September,24,walk,
155,785,1661,September,24,walk,
785,2,1661,September,25,coach,Sir William Penn
2,3,1661,September,25,coach,Colonel Slingsby
3,179,1661,September,25,walk,
179,16,1661,September,25,walk,
16,74,1661,September,25,walk,Sir William Penn; Sir G. More
74,785,1661,September,25,coach,Sir William Penn
785,16,1661,September,26,coach,Elizabeth Pepys
16,785,1661,September,26,coach,Elizabeth Pepys
785,3,1661,September,27,coach,Elizabeth Pepys
3,155,1661,September,27,walk,
155,785,1661,September,27,coach,Elizabeth Pepys
785,16,1661,September,28,coach,Sir William Penn; Margaret Penn; Elizabeth Pepys
16,785,1661,September,28,coach,
785,176,1661,September,29,walk,
176,785,1661,September,29,walk,
785,176,1661,September,29,walk,
176,27,1661,September,29,walk,
27,785,1661,September,29,walk,
785,4,1661,September,30,walk,
4,269,1661,September,30,walk,
269,4,1661,September,30,walk,
4,186,1661,September,30,walk,
186,227,1661,September,30,coach,Thomas Moore
227,3,1661,September,30,coach,Thomas Moore
3,155,1661,September,30,walk,
155,317,1661,September,30,boat,
317,271,1661,September,30,walk,
271,160,1661,September,30,walk,
160,272,1661,September,30,walk,
272,785,1661,September,30,coach,
785,9,1661,October,1,walk,
9,785,1661,October,1,walk,
785,249,1661,October,2,walk,Uncle Fenner
249,277,1661,October,2,walk,Uncle Fenner
277,278,1661,October,2,walk,Uncle Fenner
278,785,1661,October,2,walk,
785,16,1661,October,2,coach,Elizabeth Pepys
16,785,1661,October,2,coach,Elizabeth Pepys
785,279,1661,October,3,walk,Thomas Moore
279,785,1661,October,3,walk,Thomas Moore
785,112,1661,October,3,walk,Thomas Moore; Mr Battersby
112,63,1661,October,3,walk,
63,785,1661,October,3,walk,
785,3,1661,October,4,coach,Sir William Penn
3,194,1661,October,4,walk,
194,280,1661,October,4,walk,
280,155,1661,October,4,walk,
155,16,1661,October,4,walk,Captain Ferrers
16,785,1661,October,4,walk,
785,80,1661,October,5,walk,Sir William Penn
80,785,1661,October,5,walk,
785,176,1661,October,6,walk,
176,785,1661,October,6,walk,
785,281,1661,October,6,walk,
281,785,1661,October,6,walk,
785,63,1661,October,6,walk,
63,785,1661,October,6,walk,
785,232,1661,October,7,walk,
232,228,1661,October,7,walk,
228,785,1661,October,7,walk,
785,63,1661,October,8,walk,
63,16,1661,October,8,coach,Mrs Martha Batten
16,785,1661,October,8,coach,
785,16,1661,October,9,walk,Elizabeth Pierce; Madam Clifford
16,5,1661,October,9,walk,
5,282,1661,October,9,walk,Luellin; Blurton; Frank Bagge
282,785,1661,October,9,coach,
785,230,1661,October,10,walk,Sir William Penn
230,16,1661,October,10,coach,Sir William Penn; Elizabeth Pepys
16,785,1661,October,10,coach,
785,3,1661,October,14,boat,
3,155,1661,October,14,walk,
155,283,1661,October,14,walk,Captain Ferrers
283,284,1661,October,14,walk,Captain Ferrers; Mr Pim
284,785,1661,October,14,walk,
785,21,1661,October,15,walk,
21,785,1661,October,15,walk,
785,15,1661,October,17,walk,Captain Lambert
15,285,1661,October,17,walk,Captain Cock
285,286,1661,October,17,walk,Captain Lambert
286,785,1661,October,17,walk,
785,194,1661,October,18,walk,
194,155,1661,October,18,walk,
155,287,1661,October,18,walk,Thomas Moore
287,155,1661,October,18,walk,
155,785,1661,October,18,walk,
785,288,1661,October,19,coach,Mr Coventry; Sir George Carteret; Sir William Penn
288,785,1661,October,19,coach,Mr Coventry; Sir George Carteret; Sir William Penn
785,176,1661,October,20,walk,
176,785,1661,October,20,walk,
785,227,1661,October,21,coach,Thomas Moore
227,4,1661,October,21,coach,Thomas Moore
4,155,1661,October,21,walk,
155,193,1661,October,21,walk,
193,785,1661,October,21,walk,
785,4,1661,October,21,coach,
4,785,1661,October,21,walk,
785,44,1661,October,22,walk,
44,24,1661,October,22,walk,
24,785,1661,October,22,walk,
785,3,1661,October,23,walk,Sir William Penn
3,289,1661,October,23,walk,Sir William Penn
289,10,1661,October,23,walk,Sir William Penn
10,227,1661,October,23,coach,Sir William Penn
227,193,1661,October,23,coach,Sir William Penn
193,44,1661,October,23,walk,
44,785,1661,October,23,walk,
785,244,1661,October,24,walk,Elizabeth Pepys
244,785,1661,October,24,walk,Elizabeth Pepys
785,44,1661,October,24,walk,
44,785,1661,October,24,walk,
785,155,1661,October,25,walk,Elizabeth Pepys
155,193,1661,October,25,walk,Elizabeth Pepys
193,290,1661,October,25,walk,
290,785,1661,October,25,walk,
785,16,1661,October,26,coach,Sir William Penn; Elizabeth Pepys
16,82,1661,October,26,walk,Sir William Penn; Elizabeth Pepys
82,785,1661,October,26,walk,
785,176,1661,October,27,walk,
176,785,1661,October,27,walk,
785,176,1661,October,27,walk,Elizabeth Pepys
176,24,1661,October,27,walk,Elizabeth Pepys
24,785,1661,October,27,walk,Elizabeth Pepys
785,290,1661,October,28,walk,
290,16,1661,October,28,walk,Captain Ferrers
16,291,1661,October,28,walk,Captain Ferrers
291,785,1661,October,28,walk,
785,80,1661,October,29,walk,
80,785,1661,October,29,walk,
785,31,1661,October,30,walk,Captain Lambert
31,292,1661,October,30,walk,Captain Lambert
292,31,1661,October,30,walk,
31,785,1661,October,30,walk,
785,63,1661,October,30,walk,
63,785,1661,October,30,walk,
785,244,1661,October,31,walk,
244,293,1661,October,31,walk,
293,232,1661,October,31,walk,
232,785,1661,October,31,walk,
785,3,1661,November,1,coach,Sir William Penn
3,194,1661,November,1,walk,
194,3,1661,November,1,walk,
3,766,1661,November,1,walk,Sir William Penn
766,16,1661,November,1,walk,Sir William Penn
16,785,1661,November,1,walk,Sir William Penn
785,155,1661,November,2,walk,
155,785,1661,November,2,coach,Captain Ferrers; Lady Jemimah; Lady Paulina
785,3,1661,November,4,coach,Sir William Penn; Elizabeth Pepys
3,295,1661,November,4,walk,Elizabeth Pepys
295,3,1661,November,4,walk,
3,112,1661,November,4,walk,
112,244,1661,November,4,coach,
244,193,1661,November,4,coach,Elizabeth Pepys
193,24,1661,November,4,coach,Elizabeth Pepys
24,785,1661,November,4,walk,Elizabeth Pepys
785,295,1661,November,4,coach,Elizabeth Pepys
295,785,1661,November,4,coach,Elizabeth Pepys
785,63,1661,November,5,walk,
63,785,1661,November,5,walk,
785,80,1661,November,5,walk,Sir William Penn; Captain Cock
80,63,1661,November,5,walk,
785,162,1661,November,6,walk,
162,3,1661,November,6,walk,Thomas Moore
3,4,1661,November,6,walk,
4,785,1661,November,6,walk,
785,233,1661,November,7,walk,
233,228,1661,November,7,walk,
228,75,1661,November,7,walk,
75,232,1661,November,7,walk,
232,785,1661,November,7,walk,
785,186,1661,November,8,walk,
186,13,1661,November,8,walk,
13,300,1661,November,8,walk,Commissioner Pett
300,155,1661,November,8,walk,
155,228,1661,November,8,walk,
228,301,1661,November,8,walk,Dr Williams
301,244,1661,November,8,walk,
244,170,1661,November,8,walk,Thomas Pepys
170,785,1661,November,8,walk,
785,155,1661,November,9,walk,
155,785,1661,November,9,walk,
785,176,1661,November,10,walk,
176,155,1661,November,10,walk,
155,281,1661,November,10,walk,
281,785,1661,November,10,walk,
785,24,1661,November,10,walk,Elizabeth Pepys
24,785,1661,November,10,walk,Elizabeth Pepys
785,63,1661,November,10,walk,
63,296,1661,November,10,walk,Captain Cock
296,785,1661,November,10,walk,
785,155,1661,November,11,walk,
155,297,1661,November,11,walk,Mr Townsend; Thomas Moore
297,233,1661,November,11,walk,Thomas Moore
233,155,1661,November,11,walk,
155,298,1661,November,11,walk,Captain Ferrers
298,299,1661,November,11,walk,Captain Ferrers
299,155,1661,November,11,walk,
155,785,1661,November,11,coach,
785,16,1661,November,12,coach,Sir William Penn; Elizabeth Pepys
16,53,1661,November,12,walk,Sir William Penn; Elizabeth Pepys
53,785,1661,November,12,walk,
785,3,1661,November,13,walk,
3,5,1661,November,13,walk,
5,179,1661,November,13,walk,
179,16,1661,November,13,walk,
16,785,1661,November,13,coach,
785,155,1661,November,15,walk,Elizabeth Pepys
155,4,1661,November,15,walk,
4,193,1661,November,15,walk,
193,785,1661,November,15,coach,Elizabeth Pepys
785,4,1661,November,15,walk,
4,785,1661,November,15,walk,
785,170,1661,November,16,walk,
170,785,1661,November,16,walk,
785,176,1661,November,17,walk,
176,785,1661,November,17,walk,
785,27,1661,November,17,walk,Elizabeth Pepys
27,785,1661,November,17,walk,Elizabeth Pepys
785,117,1661,November,18,walk,Thomas Moore
117,302,1661,November,18,walk,Thomas Moore
302,59,1661,November,18,walk,
59,16,1661,November,18,walk,Elizabeth Pepys
16,785,1661,November,18,coach,Elizabeth Pepys
785,303,1661,November,19,coach,Elizabeth Pepys; Mr Hunt
303,170,1661,November,19,walk,
170,304,1661,November,19,walk,
304,785,1661,November,19,walk,
785,13,1661,November,20,boat,
13,155,1661,November,20,boat,
155,170,1661,November,20,walk,Thomas Moore
170,74,1661,November,20,walk,Thomas Moore
74,785,1661,November,20,walk,
785,170,1661,November,21,walk,Thomas Moore
170,156,1661,November,21,walk,Thomas Moore
156,21,1661,November,21,walk,
21,785,1661,November,21,walk,
785,80,1661,November,21,walk,Sir William Batten
80,170,1661,November,21,walk,
170,785,1661,November,21,walk,
785,80,1661,November,22,walk,Elizabeth Pepys
80,170,1661,November,22,walk,
170,315,1661,November,22,walk,
315,785,1661,November,22,walk,
785,59,1661,November,23,walk,Elizabeth Pepys
59,305,1661,November,23,coach,Commissioner Pett
305,155,1661,November,23,walk,
155,785,1661,November,23,walk,
785,306,1661,November,24,walk,Captain Cock
306,519,1661,November,24,walk,Captain Cock
519,155,1661,November,24,walk,
155,71,1661,November,24,walk,
71,112,1661,November,24,walk,Mr Young
112,63,1661,November,24,walk,
63,785,1661,November,24,walk,
785,13,1661,November,25,walk,Captain Lambert
13,58,1661,November,25,walk,Captain Lambert
58,104,1661,November,25,walk,Sir William Penn; Major General Massy
104,16,1661,November,25,walk,Sir William Penn
16,193,1661,November,25,walk,
193,282,1661,November,25,walk,Mr Sanchy; Mrs Mary Archer
282,309,1661,November,25,coach,Mr Sanchy
309,310,1661,November,25,walk,Mr Sanchy
310,309,1661,November,25,walk,Mr Sanchy
309,785,1661,November,25,walk,
785,305,1661,November,27,walk,
305,155,1661,November,27,walk,
155,16,1661,November,27,walk,Captain Ferrers; Thomas Moore
16,785,1661,November,27,walk,
785,312,1661,November,28,walk,Mr Gauden
312,311,1661,November,28,coach,Mr Gauden
311,186,1661,November,28,coach,Mr Gauden
186,284,1661,November,28,walk,Mr Gauden; Mr Dugdale; Mr Simons; Mr Kipps
284,785,1661,November,28,walk,Mr Gauden
785,13,1661,November,29,walk,
13,314,1661,November,29,walk,
314,3,1661,November,29,boat,
3,16,1661,November,29,walk,Sir William Penn
16,21,1661,November,29,walk,
21,785,1661,November,29,walk,
785,170,1661,November,30,walk,
170,155,1661,November,30,walk,
155,785,1661,November,30,walk,
785,9,1661,November,30,walk,
9,170,1661,November,30,walk,
170,785,1661,November,30,walk,
785,176,1661,December,1,walk,
176,785,1661,December,1,walk,
785,193,1661,December,2,coach,Mr Sanchy; Mrs Mary Archer
193,785,1661,December,2,coach,Mr Sanchy
785,305,1661,December,3,walk,
305,155,1661,December,3,walk,
155,170,1661,December,3,walk,Thomas Moore
170,155,1661,December,3,walk,
155,9,1661,December,3,boat,
9,785,1661,December,3,walk,
785,3,1661,December,4,walk,Sir William Batten; Sir William Penn
3,317,1661,December,4,boat,
317,170,1661,December,4,walk,
170,318,1661,December,4,walk,
318,766,1661,December,4,walk,Sir William Batten; Sir William Penn; Colonel Treswell; Mr Falconer
766,305,1661,December,4,boat,Elizabeth Pepys
305,193,1661,December,4,coach,Elizabeth Pepys
193,16,1661,December,4,coach,Elizabeth Pepys
16,785,1661,December,4,coach,Elizabeth Pepys
785,305,1661,December,5,walk,
305,319,1661,December,5,walk,
319,785,1661,December,5,walk,Sir William Penn
785,193,1661,December,5,coach,Elizabeth Pepys
193,170,1661,December,5,walk,
170,71,1661,December,5,walk,
71,785,1661,December,5,walk,
785,13,1661,December,6,walk,
13,58,1661,December,6,walk,Mr Spicer; Mr Hawley; Washington; Mr Ashwell
58,77,1661,December,6,walk,
77,320,1661,December,6,walk,
320,77,1661,December,6,walk,
77,321,1661,December,6,walk,
321,785,1661,December,6,coach,Sir William Batten; Sir William Penn
785,43,1661,December,7,walk,
43,322,1661,December,7,walk,
322,785,1661,December,7,walk,
785,186,1661,December,7,walk,Thomas Moore
186,3,1661,December,7,walk,
3,246,1661,December,7,walk,
246,4,1661,December,7,walk,
4,9,1661,December,7,boat,
9,27,1661,December,7,walk,
27,785,1661,December,7,walk,
785,9,1661,December,7,walk,
9,785,1661,December,7,walk,
785,4,1661,December,7,walk,
4,785,1661,December,7,walk,
785,155,1661,December,8,walk,
155,785,1661,December,8,walk,
785,3,1661,December,9,walk,
3,83,1661,December,9,walk,M. Eschar
83,155,1661,December,9,walk,
155,170,1661,December,9,walk,Thomas Moore
170,324,1661,December,9,walk,Thomas Moore; Mr Walpole
324,323,1661,December,9,walk,Thomas Moore; Mr Walpole
323,785,1661,December,9,coach,
785,179,1661,December,10,coach,
179,9,1661,December,10,walk,
9,785,1661,December,10,walk,
785,325,1661,December,11,walk,Mr Howell
325,785,1661,December,11,walk,
785,112,1661,December,11,walk,
112,15,1661,December,11,walk,
15,785,1661,December,11,walk,
785,72,1661,December,11,coach,Sir William Penn
72,326,1661,December,11,walk,Sir William Penn
326,785,1661,December,11,coach,Sir William Penn
785,63,1661,December,11,walk,
63,785,1661,December,11,walk,
785,80,1661,December,12,walk,Will Bowyer; Mr Gregory
80,155,1661,December,12,walk,
155,6,1661,December,12,walk,
6,3,1661,December,12,walk,
3,27,1661,December,12,walk,
27,785,1661,December,12,walk,
785,305,1661,December,13,walk,Elizabeth Pepys
305,785,1661,December,13,walk,Elizabeth Pepys
785,9,1661,December,13,walk,
9,94,1661,December,13,walk,Sir William Batten; Sir William Penn
94,785,1661,December,13,coach,
785,9,1661,December,14,walk,
9,785,1661,December,14,walk,
785,176,1661,December,15,walk,
176,785,1661,December,15,walk,
785,155,1661,December,16,coach,Thomas Moore
155,227,1661,December,16,coach,Thomas Moore
227,13,1661,December,16,coach,Thomas Moore
13,6,1661,December,16,walk,
6,193,1661,December,16,walk,Elizabeth Pepys
193,785,1661,December,16,coach,Elizabeth Pepys
785,305,1661,December,17,walk,
305,785,1661,December,17,walk,
785,4,1661,December,17,walk,
4,9,1661,December,17,walk,
9,785,1661,December,17,walk,
785,155,1661,December,18,walk,
155,170,1661,December,18,walk,Thomas Pepys
170,71,1661,December,18,walk,Thomas Pepys
71,155,1661,December,18,walk,
155,785,1661,December,18,walk,
785,305,1661,December,19,walk,Elizabeth Pepys
305,785,1661,December,19,coach,Elizabeth Pepys
785,80,1661,December,19,walk,
80,9,1661,December,19,walk,
9,785,1661,December,19,walk,
785,155,1661,December,20,walk,
155,74,1661,December,20,walk,Thomas Moore; Mr Swan
74,785,1661,December,20,walk,
785,4,1661,December,21,walk,
4,6,1661,December,21,walk,
6,13,1661,December,21,walk,
13,58,1661,December,21,walk,Exchequer men
58,244,1661,December,21,walk,
244,9,1661,December,21,coach,
9,785,1661,December,21,walk,
785,176,1661,December,22,walk,Elizabeth Pepys
176,785,1661,December,22,walk,
785,155,1661,December,23,coach,Thomas Moore
155,227,1661,December,23,coach,Thomas Moore
227,13,1661,December,23,coach,
13,319,1661,December,23,boat,
319,244,1661,December,23,walk,
244,71,1661,December,23,walk,
71,244,1661,December,23,walk,
244,21,1661,December,23,coach,
21,167,1661,December,23,walk,Mr Crumlum
167,785,1661,December,23,walk,
785,9,1661,December,24,walk,
9,785,1661,December,24,walk,
785,176,1661,December,25,walk,
176,785,1661,December,25,walk,
785,27,1661,December,25,walk,Elizabeth Pepys
27,785,1661,December,25,walk,Elizabeth Pepys
785,319,1661,December,26,walk,Sir William Penn
319,785,1661,December,26,walk,Sir William Penn
785,72,1661,December,26,coach,Sir William Penn; William Penn Jr; Margaret Penn; Elizabeth Pepys
72,326,1661,December,26,walk,Sir William Penn
326,785,1661,December,26,coach,
785,54,1661,December,27,walk,
54,117,1661,December,27,walk,
117,785,1661,December,27,walk,
785,327,1661,December,27,walk,Mr Faulconberge
327,27,1661,December,27,walk,
27,785,1661,December,27,walk,
785,9,1661,December,28,walk,
9,785,1661,December,28,walk,
785,26,1661,December,29,coach,Elizabeth Pepys
26,103,1661,December,29,walk,
103,3,1661,December,29,walk,
3,26,1661,December,29,walk,Elizabeth Pepys
26,155,1661,December,29,coach,Elizabeth Pepys
155,785,1661,December,29,coach,Elizabeth Pepys
785,305,1661,December,30,walk,Elizabeth Pepys; Sir William Penn
305,112,1661,December,30,walk,
112,27,1661,December,30,walk,
27,785,1661,December,30,walk,
785,305,1661,December,31,walk,Elizabeth Pepys
305,785,1661,December,31,walk,Elizabeth Pepys
785,9,1661,December,31,walk,
9,785,1661,December,31,walk,
785,328,1662,January,1,walk,William Penn Jr
328,785,1662,January,1,walk,
785,16,1662,January,1,coach,William Penn Jr; Margaret Penn; Elizabeth Pepys
16,785,1662,January,1,coach,
785,155,1662,January,2,walk,
155,9,1662,January,2,boat,
9,785,1662,January,2,walk,
785,29,1662,January,2,walk,
29,785,1662,January,2,walk,
785,244,1662,January,3,walk,
244,179,1662,January,3,walk,
179,1134,1662,January,3,walk,
1134,785,1662,January,3,walk,
785,13,1662,January,4,boat,Elizabeth Pepys
13,6,1662,January,4,walk,
6,246,1662,January,4,walk,Elizabeth Pepys; Old East
246,785,1662,January,4,coach,Elizabeth Pepys
785,9,1662,January,4,walk,
9,785,1662,January,4,walk,
785,27,1662,January,4,walk,Elizabeth Pepys
27,785,1662,January,4,walk,Elizabeth Pepys
785,176,1662,January,5,walk,
176,785,1662,January,5,walk,
785,176,1662,January,5,walk,
176,63,1662,January,5,walk,
63,785,1662,January,5,walk,
785,305,1662,January,6,walk,
305,27,1662,January,6,walk,
27,785,1662,January,6,walk,
785,27,1662,January,6,walk,
785,335,1662,January,7,walk,Sir William Penn
335,9,1662,January,7,coach,
9,785,1662,January,7,walk,
785,27,1662,January,7,walk,
27,785,1662,January,7,walk,
785,13,1662,January,8,walk,
13,155,1662,January,8,boat,
155,785,1662,January,8,walk,
785,63,1662,January,8,walk,
63,785,1662,January,8,walk,
785,9,1662,January,9,walk,
9,785,1662,January,9,walk,
785,3,1662,January,10,walk,
3,13,1662,January,10,walk,Thomas Moore
13,155,1662,January,10,walk,
155,26,1662,January,10,walk,
26,785,1662,January,10,coach,Elizabeth Pepys
785,244,1662,January,11,walk,Thomas Pepys
244,23,1662,January,11,walk,
23,785,1662,January,11,walk,
785,9,1662,January,11,walk,
9,63,1662,January,11,walk,
63,785,1662,January,11,walk,
785,176,1662,January,12,walk,
176,785,1662,January,12,walk,
785,5,1662,January,12,coach,Elizabeth Pepys
5,71,1662,January,12,walk,Elizabeth Pepys
71,785,1662,January,12,walk,Elizabeth Pepys
785,9,1662,January,14,walk,
9,785,1662,January,14,walk,
785,9,1662,January,15,walk,
9,785,1662,January,15,walk,
785,21,1662,January,16,walk,
21,305,1662,January,16,walk,
305,785,1662,January,16,walk,
785,63,1662,January,16,walk,
63,785,1662,January,16,walk,
785,13,1662,January,17,walk,Thomas Moore
13,179,1662,January,17,walk,Thomas Moore
179,331,1662,January,17,walk,
331,179,1662,January,17,walk,
179,155,1662,January,17,walk,
155,785,1662,January,17,walk,Elizabeth Pepys
785,228,1662,January,18,walk,
228,155,1662,January,18,walk,
155,21,1662,January,18,walk,
21,155,1662,January,18,walk,
155,9,1662,January,18,walk,
9,785,1662,January,18,walk,
785,6,1662,January,18,coach,Thomas Moore
6,332,1662,January,18,coach,Thomas Moore
332,785,1662,January,18,coach,
785,176,1662,January,19,walk,
176,785,1662,January,19,walk,
785,71,1662,January,19,walk,Elizabeth Pepys
71,325,1662,January,19,walk,Elizabeth Pepys
325,24,1662,January,19,walk,Elizabeth Pepys
24,785,1662,January,19,walk,Elizabeth Pepys
785,63,1662,January,19,walk,
63,785,1662,January,19,walk,
785,9,1662,January,20,walk,
9,63,1662,January,20,walk,
63,9,1662,January,20,walk,
9,785,1662,January,20,walk,
785,9,1662,January,21,walk,
9,785,1662,January,21,walk,
785,331,1662,January,22,walk,
331,13,1662,January,22,walk,
13,155,1662,January,22,walk,
155,98,1662,January,22,walk,Tom Trice; Dr Williams
98,155,1662,January,22,walk,
155,785,1662,January,22,walk,Elizabeth Pepys
785,232,1662,January,23,coach,
232,333,1662,January,23,walk,
333,24,1662,January,23,coach,Elizabeth Pepys
24,9,1662,January,23,walk,
9,24,1662,January,23,walk,
24,785,1662,January,23,walk,Elizabeth Pepys
785,9,1662,January,23,walk,
9,785,1662,January,23,walk,
785,305,1662,January,24,walk,
305,155,1662,January,24,walk,
155,1088,1662,January,24,walk,
1088,785,1662,January,24,walk,
785,334,1662,January,25,walk,Sir William Penn
334,9,1662,January,25,walk,
9,785,1662,January,25,walk,
785,27,1662,January,25,walk,Elizabeth Pepys
27,785,1662,January,25,walk,Elizabeth Pepys
785,176,1662,January,26,walk,
176,785,1662,January,26,walk,
785,43,1662,January,27,walk,
43,31,1662,January,27,boat,Sir William Batten; Sir William Penn
31,37,1662,January,27,boat,Sir William Batten; Sir William Penn
37,188,1662,January,27,walk,
188,785,1662,January,27,boat,Sir William Batten; Sir William Penn
785,305,1662,January,28,walk,Elizabeth Pepys
305,785,1662,January,28,walk,Elizabeth Pepys
785,9,1662,January,28,walk,
9,785,1662,January,28,walk,
785,336,1662,January,29,walk,
336,155,1662,January,29,walk,
155,785,1662,January,29,walk,
785,27,1662,January,29,walk,
27,785,1662,January,29,walk,
785,176,1662,January,30,walk,
176,785,1662,January,30,walk,
785,305,1662,February,1,walk,Commissioner Pett
305,155,1662,February,1,walk,Commissioner Pett
155,9,1662,February,1,walk,
9,785,1662,February,1,walk,
785,176,1662,February,2,walk,
176,785,1662,February,2,walk,
785,63,1662,February,3,walk,
63,9,1662,February,3,walk,Sir George Carteret; Sir William Batten
9,785,1662,February,3,walk,
785,334,1662,February,3,walk,Lady Batten
334,785,1662,February,3,walk,
785,13,1662,February,4,walk,
13,179,1662,February,4,walk,
179,9,1662,February,4,walk,
9,785,1662,February,4,walk,
785,337,1662,February,5,walk,Sir William Penn; Elizabeth Pepys
337,16,1662,February,5,walk,Sir William Penn; Elizabeth Pepys
16,785,1662,February,5,walk,
785,27,1662,February,5,walk,Elizabeth Pepys
27,785,1662,February,5,walk,Elizabeth Pepys
785,9,1662,February,6,walk,
9,785,1662,February,6,walk,
785,245,1662,February,7,boat,Commissioner Pett; Elizabeth Pepys
245,155,1662,February,7,walk,Commissioner Pett
155,305,1662,February,7,walk,
305,785,1662,February,7,coach,
785,9,1662,February,8,walk,
9,785,1662,February,8,walk,Sir William Penn
785,3,1662,February,8,walk,
3,6,1662,February,8,walk,
6,785,1662,February,8,walk,
785,21,1662,February,10,walk,
21,785,1662,February,10,walk,
785,9,1662,February,11,walk,
9,785,1662,February,11,walk,
785,318,1662,February,12,walk,
318,13,1662,February,12,walk,
13,179,1662,February,12,walk,
179,155,1662,February,12,walk,
155,785,1662,February,12,walk,
785,9,1662,February,13,walk,
9,785,1662,February,13,walk,
785,244,1662,February,14,coach,Elizabeth Pepys; W. Bowyer
244,59,1662,February,14,coach,Elizabeth Pepys; W. Bowyer
59,13,1662,February,14,walk,
13,92,1662,February,14,walk,Sergeant Pierce
92,59,1662,February,14,walk,
59,155,1662,February,14,walk,Elizabeth Pepys
155,785,1662,February,14,coach,Elizabeth Pepys
785,334,1662,February,15,walk,Sir William Batten; Sir William Penn
334,9,1662,February,15,walk,
9,63,1662,February,15,walk,
63,785,1662,February,15,walk,
785,9,1662,February,15,walk,
9,785,1662,February,15,walk,
785,176,1662,February,16,walk,
176,785,1662,February,16,walk,
785,140,1662,February,16,walk,
140,71,1662,February,16,walk,Betty Turner
71,24,1662,February,16,walk,
24,785,1662,February,16,walk,Elizabeth Pepys
785,31,1662,February,17,boat,Sir William Batten; Sir William Penn; Captain Cocke; Captain Tinker
31,37,1662,February,17,boat,
37,188,1662,February,17,walk,
188,785,1662,February,17,boat,Sir William Batten; Sir William Penn
785,80,1662,February,17,walk,
80,785,1662,February,17,walk,
785,155,1662,February,18,walk,
155,193,1662,February,18,walk,Elizabeth Pepys; Sir William Penn
193,785,1662,February,18,walk,
785,334,1662,February,19,walk,
334,155,1662,February,19,walk,
155,785,1662,February,19,walk,
785,165,1662,February,20,walk,
165,155,1662,February,20,walk,
155,305,1662,February,20,walk,
305,9,1662,February,20,walk,
9,785,1662,February,20,walk,
785,179,1662,February,21,walk,
179,318,1662,February,21,walk,
318,785,1662,February,21,walk,
785,155,1662,February,22,walk,
155,324,1662,February,22,walk,Thomas Moore
324,785,1662,February,22,walk,
785,305,1662,February,24,walk,
305,69,1662,February,24,boat,
69,338,1662,February,24,walk,
338,785,1662,February,24,boat,
785,29,1662,February,25,walk,Thomas Moore
29,785,1662,February,25,walk,
785,54,1662,February,26,walk,
54,230,1662,February,26,walk,
230,785,1662,February,26,walk,
785,9,1662,February,27,walk,
9,785,1662,February,27,walk,
785,5,1662,February,27,walk,Commissioner Pett
5,23,1662,February,27,walk,
23,785,1662,February,27,coach,Commissioner Pett
785,3,1662,February,28,coach,Sir William Penn
3,305,1662,February,28,boat,
305,785,1662,February,28,walk,
785,9,1662,February,28,walk,
9,785,1662,February,28,walk,
785,305,1662,March,1,coach,Elizabeth Pepys
305,193,1662,March,1,coach,Elizabeth Pepys
193,785,1662,March,1,coach,Elizabeth Pepys
785,176,1662,March,2,walk,
176,785,1662,March,2,walk,
785,176,1662,March,2,walk,
176,63,1662,March,2,walk,
63,785,1662,March,2,walk,
785,77,1662,March,2,walk,Sir William Penn
77,785,1662,March,2,walk,Sir William Penn
785,9,1662,March,3,walk,
9,785,1662,March,3,walk,
785,72,1662,March,4,coach,Sir William Penn; Elizabeth Pepys
72,339,1662,March,4,walk,Sir William Penn; Elizabeth Pepys
339,785,1662,March,4,coach,Sir William Penn; Elizabeth Pepys
785,305,1662,March,5,walk,
305,244,1662,March,5,walk,
244,340,1662,March,5,walk,
340,155,1662,March,5,walk,
155,785,1662,March,5,walk,
785,9,1662,March,5,walk,
9,785,1662,March,5,walk,
785,80,1662,March,6,walk,
80,9,1662,March,6,walk,
9,63,1662,March,6,walk,
63,785,1662,March,6,walk,
785,9,1662,March,6,walk,
9,785,1662,March,6,walk,
785,95,1662,March,7,walk,
95,3,1662,March,7,walk,Thomas Moore
3,155,1662,March,7,walk,
155,9,1662,March,7,walk,
9,785,1662,March,7,walk,
785,13,1662,March,8,coach,Sir William Batten; Sir William Penn
13,104,1662,March,8,walk,Sergeant Pierce
104,334,1662,March,8,walk,Sir William Batten; Sir William Penn
334,9,1662,March,8,walk,Sir William Penn
9,785,1662,March,8,walk,
785,176,1662,March,9,walk,
176,785,1662,March,9,walk,
785,63,1662,March,9,walk,
63,785,1662,March,9,walk,
785,27,1662,March,9,walk,Sir William Penn
27,785,1662,March,9,walk,
785,63,1662,March,10,walk,
63,319,1662,March,10,walk,Sir William Penn
319,63,1662,March,10,walk,
63,785,1662,March,10,walk,
785,9,1662,March,11,walk,
9,785,1662,March,11,walk,
785,9,1662,March,12,walk,
9,785,1662,March,12,walk,
785,9,1662,March,13,walk,
9,785,1662,March,13,walk,
785,24,1662,March,14,walk,
24,785,1662,March,14,walk,
785,3,1662,March,15,walk,Sir George Carteret; Sir William Batten; Sir William Penn
3,9,1662,March,15,walk,
9,23,1662,March,15,walk,
23,785,1662,March,15,walk,
785,9,1662,March,15,walk,
9,785,1662,March,15,walk,
785,155,1662,March,16,walk,
155,3,1662,March,16,walk,
3,107,1662,March,16,walk,
107,244,1662,March,16,walk,
244,785,1662,March,16,walk,
785,27,1662,March,16,walk,Elizabeth Pepys
27,785,1662,March,16,walk,Elizabeth Pepys
785,23,1662,March,17,walk,
23,785,1662,March,17,walk,
785,9,1662,March,17,walk,
9,785,1662,March,17,walk,
785,43,1662,March,18,walk,
43,341,1662,March,18,boat,Sir William Penn
341,785,1662,March,18,boat,Sir William Penn
785,9,1662,March,19,walk,
9,785,1662,March,19,walk,
785,23,1662,March,20,walk,
23,785,1662,March,20,walk,
785,3,1662,March,21,boat,Sir William Batten
3,6,1662,March,21,walk,
6,13,1662,March,21,walk,
13,342,1662,March,21,walk,Chetwind; Parry
342,155,1662,March,21,boat,
155,305,1662,March,21,walk,
305,785,1662,March,21,walk,
785,43,1662,March,22,walk,
43,343,1662,March,22,boat,Sir William Batten; Sir William Penn
343,785,1662,March,22,boat,Sir William Batten; Sir William Penn
785,176,1662,March,23,walk,
176,785,1662,March,23,walk,Sir William Batten
785,26,1662,March,23,coach,Elizabeth Pepys
26,3,1662,March,23,walk,
3,186,1662,March,23,walk,
186,311,1662,March,23,walk,
311,3,1662,March,23,walk,
3,26,1662,March,23,walk,Elizabeth Pepys
26,155,1662,March,23,coach,Elizabeth Pepys
155,785,1662,March,23,coach,Elizabeth Pepys
785,77,1662,March,23,walk,
77,785,1662,March,23,walk,
785,43,1662,March,24,walk,
43,344,1662,March,24,boat,Sir George Carteret; Sir William Batten; Sir William Penn
344,785,1662,March,24,boat,
785,159,1662,March,24,boat,Elizabeth Pepys; Elizabeth Pierce
159,177,1662,March,24,walk,Elizabeth Pepys; Elizabeth Pierce
177,9,1662,March,24,walk,
9,113,1662,March,24,walk,
113,345,1662,March,24,boat,
345,346,1662,March,24,coach,Elizabeth Pepys
346,13,1662,March,24,walk,
13,244,1662,March,24,walk,
244,345,1662,March,24,walk,
345,785,1662,March,24,walk,Elizabeth Pepys
785,63,1662,March,24,walk,
63,785,1662,March,24,walk,
785,9,1662,March,24,walk,
9,785,1662,March,24,walk,
785,9,1662,March,26,walk,
9,785,1662,March,26,walk,
785,31,1662,March,27,coach,Sir George Carteret; Sir William Batten; Sir William Penn
31,9,1662,March,27,coach,Sir William Batten; Sir William Penn
9,785,1662,March,27,walk,
785,9,1662,March,28,walk,
9,785,1662,March,28,walk,
785,155,1662,March,29,walk,
155,785,1662,March,29,walk,
785,9,1662,March,29,walk,
9,785,1662,March,29,walk,
785,176,1662,March,30,walk,
176,785,1662,March,30,walk,
785,244,1662,March,31,walk,
244,179,1662,March,31,walk,
179,347,1662,March,31,walk,
347,16,1662,March,31,walk,
16,785,1662,March,31,walk,
785,27,1662,March,31,walk,
27,785,1662,March,31,walk,
785,155,1662,April,1,walk,Elizabeth Pepys
155,193,1662,April,1,walk,Elizabeth Pepys; Lady Jemimah; Lady Paulina
193,348,1662,April,1,walk,Lady Paulina
348,193,1662,April,1,walk,Lady Paulina
193,157,1662,April,1,coach,Elizabeth Pepys; Lady Jemimah; Lady Paulina
157,1330,1662,April,1,walk,
1330,155,1662,April,1,coach,Elizabeth Pepys; Lady Jemimah; Lady Paulina
155,785,1662,April,1,coach,Elizabeth Pepys
785,350,1662,April,2,walk,Thomas Moore
350,785,1662,April,2,walk,
785,193,1662,April,2,boat,Elizabeth Pepys
193,785,1662,April,2,boat,Elizabeth Pepys
785,9,1662,April,3,walk,
9,785,1662,April,3,walk,
785,43,1662,April,4,walk,
43,31,1662,April,4,barge,Sir George Carteret; Sir William Batten; Sir William Penn
31,1036,1662,April,4,walk,Sir William Batten
1036,31,1662,April,4,walk,
31,785,1662,April,4,boat,Sir William Batten
785,155,1662,April,5,walk,Elizabeth Pepys
155,23,1662,April,5,walk,
23,155,1662,April,5,walk,
155,24,1662,April,5,walk,Elizabeth Pepys; ladies
24,785,1662,April,5,walk,Elizabeth Pepys
785,72,1662,April,5,coach,Elizabeth Pepys; ladies
72,157,1662,April,5,walk,Elizabeth Pepys; ladies
157,155,1662,April,5,coach,Elizabeth Pepys; ladies
155,785,1662,April,5,boat,Elizabeth Pepys
785,3,1662,April,6,boat,
3,95,1662,April,6,walk,
95,77,1662,April,6,walk,
77,107,1662,April,6,walk,
107,173,1662,April,6,walk,
173,156,1662,April,6,boat,
156,155,1662,April,6,walk,
155,1167,1662,April,6,walk,
1167,785,1662,April,6,boat,
785,27,1662,April,6,walk,Elizabeth Pepys
27,785,1662,April,6,walk,Elizabeth Pepys
785,3,1662,April,7,boat,
3,336,1662,April,7,walk,
336,165,1662,April,7,walk,
165,352,1662,April,7,walk,
352,244,1662,April,7,boat,
244,23,1662,April,7,coach,Elizabeth Pepys
23,785,1662,April,7,coach,Elizabeth Pepys
785,23,1662,April,7,walk,Uncle Wight
23,82,1662,April,7,walk,Uncle Wight
82,9,1662,April,7,walk,
9,785,1662,April,7,walk,
785,3,1662,April,8,coach,
3,785,1662,April,8,coach,Elizabeth Pepys
785,80,1662,April,9,walk,
80,23,1662,April,9,walk,
23,785,1662,April,9,walk,
785,3,1662,April,10,boat,Sir William Batten; Sir William Penn
3,155,1662,April,10,walk,Thomas Moore
155,9,1662,April,10,walk,
9,785,1662,April,10,walk,
785,31,1662,April,11,boat,Sir William Penn
31,353,1662,April,11,boat,Sir William Penn
353,37,1662,April,11,walk,Sir William Penn; Captain Minnes
37,353,1662,April,11,boat,Sir William Penn
353,354,1662,April,11,walk,Sir William Penn
354,180,1662,April,11,walk,
180,785,1662,April,11,boat,Sir William Penn
785,23,1662,April,11,walk,
23,785,1662,April,11,walk,
785,9,1662,April,12,walk,
9,785,1662,April,12,walk,
785,117,1662,April,13,walk,
117,155,1662,April,13,walk,
155,131,1662,April,13,walk,
131,156,1662,April,13,walk,
156,785,1662,April,13,walk,
785,27,1662,April,13,walk,Sir William Warren
27,785,1662,April,13,walk,
785,305,1662,April,14,walk,Elizabeth Pepys
305,280,1662,April,14,walk,Elizabeth Pepys
280,785,1662,April,14,walk,Elizabeth Pepys
785,345,1662,April,15,coach,Elizabeth Pepys
345,59,1662,April,15,coach,Elizabeth Pepys
59,785,1662,April,15,coach,Elizabeth Pepys
785,99,1662,April,17,walk,
99,4,1662,April,17,walk,
4,785,1662,April,17,walk,
785,9,1662,April,18,walk,
9,785,1662,April,18,walk,
785,355,1662,April,19,walk,
355,9,1662,April,19,walk,
9,785,1662,April,19,walk,
785,117,1662,April,20,walk,
117,155,1662,April,20,walk,
155,3,1662,April,20,walk,
3,95,1662,April,20,walk,
95,356,1662,April,20,walk,Mr Blagrave
356,785,1662,April,20,boat,
785,13,1662,April,21,walk,
13,179,1662,April,21,walk,
179,347,1662,April,21,walk,
347,3,1662,April,21,coach,
3,357,1662,April,21,walk,
357,785,1662,April,21,coach,Antony Joyce
785,159,1662,April,22,coach,Sir William Penn
159,358,1662,April,22,coach,Sir William Penn
358,359,1662,April,22,coach,Sir William Penn; Sir George Carteret; Dr Clerke
359,145,1662,April,23,coach,Sir William Penn; Sir George Carteret; Dr Clerke
145,361,1662,April,23,coach,
361,362,1662,April,23,coach,
362,363,1662,April,23,walk,Dr Clerke
363,364,1662,April,24,walk,Dr Clerke
364,365,1662,April,24,walk,
365,366,1662,April,24,walk,
366,364,1662,April,24,walk,
364,365,1662,April,24,walk,
365,147,1662,April,24,walk,Sir William Penn
147,368,1662,April,24,walk,Sir William Penn
368,365,1662,April,25,walk,
365,364,1662,April,25,walk,
364,365,1662,April,25,walk,
368,369,1662,April,26,boat,Sir George Carteret; Mr Stephens; Mr Holt
369,370,1662,April,26,horse,Sir George Carteret
370,371,1662,April,26,walk,Sir George Carteret
371,147,1662,April,26,horse,Sir George Carteret
368,362,1662,April,27,coach,Sir William Penn
362,372,1662,April,27,walk,
372,373,1662,April,27,walk,
373,364,1662,April,27,walk,Ned Pickering
364,147,1662,April,27,coach,Sir William Batten; Dr Clerke; Ned Pickering
147,374,1662,April,27,walk,
374,368,1662,April,27,walk,
368,362,1662,April,27,walk,
362,375,1662,April,27,walk,
375,376,1662,April,27,walk,Sir George Carteret; Sir William Penn
376,147,1662,April,27,walk,Sir William Penn; Dr Clerke
147,368,1662,April,27,walk,
368,365,1662,April,28,coach,
365,364,1662,April,28,walk,
364,365,1662,April,28,walk,
365,147,1662,April,28,walk,
147,368,1662,April,28,walk,
368,365,1662,April,29,walk,
365,364,1662,April,29,walk,
364,365,1662,April,29,walk,
365,362,1662,April,29,walk,Sir George Carteret; Sir William Penn
362,364,1662,April,29,walk,Elizabeth Pierce
364,377,1662,April,29,coach,Elizabeth Pierce; Dr Clerke
377,147,1662,April,29,walk,Dr Clerke
147,368,1662,April,29,walk,
147,365,1662,April,30,walk,Sir George Carteret
365,377,1662,April,30,walk,
377,375,1662,April,30,walk,Elizabeth Pierce
375,147,1662,April,30,walk,Elizabeth Pierce
147,377,1662,April,30,walk,Elizabeth Pierce
377,368,1662,April,30,walk,
368,147,1662,April,30,walk,
147,377,1662,April,30,walk,
377,1569,1662,April,30,walk,
145,359,1662,May,1,coach,Sir George Carteret; Sir William Penn
359,1569,1662,May,1,coach,
1569,362,1662,May,1,walk,
362,145,1662,May,1,coach,
359,378,1662,May,2,coach,Sir George Carteret; Sir William Penn
378,785,1662,May,2,coach,Sir George Carteret; Sir William Penn
785,26,1662,May,2,coach,Elizabeth Pepys; Mr Hunt; Mrs Hunt
26,379,1662,May,2,walk,
379,6,1662,May,2,walk,
6,26,1662,May,2,walk,Elizabeth Pepys
26,785,1662,May,2,walk,Elizabeth Pepys
785,380,1662,May,3,coach,Sir William Penn
380,13,1662,May,3,walk,
13,155,1662,May,3,walk,
155,43,1662,May,3,walk,Lady Sandwich children
43,785,1662,May,3,walk,Lady Sandwich children
785,155,1662,May,3,walk,Lady Sandwich children
155,381,1662,May,3,walk,
381,785,1662,May,3,walk,
785,244,1662,May,4,walk,Elizabeth Pepys
244,131,1662,May,4,walk,Elizabeth Pepys
131,170,1662,May,4,walk,
170,71,1662,May,4,walk,
71,156,1662,May,4,walk,Elizabeth Pepys
156,357,1662,May,4,walk,Elizabeth Pepys
357,785,1662,May,4,walk,Elizabeth Pepys
785,27,1662,May,4,walk,Elizabeth Pepys
27,785,1662,May,4,walk,Elizabeth Pepys
785,9,1662,May,6,walk,
9,23,1662,May,6,walk,
23,785,1662,May,6,walk,
785,13,1662,May,7,walk,
13,179,1662,May,7,walk,
179,347,1662,May,7,walk,
347,21,1662,May,7,walk,
21,71,1662,May,7,walk,
71,16,1662,May,7,walk,Betty Turner; Mrs Lucin
16,382,1662,May,7,coach,Betty Turner; Mrs Lucin
382,71,1662,May,7,coach,
71,785,1662,May,7,walk,
785,155,1662,May,8,walk,
155,21,1662,May,8,walk,
21,23,1662,May,8,coach,Sir George Carteret
23,785,1662,May,8,walk,
785,9,1662,May,8,walk,
9,785,1662,May,8,walk,
785,352,1662,May,9,walk,
352,383,1662,May,9,walk,
383,384,1662,May,9,walk,Mr Salisbury
384,385,1662,May,9,walk,
385,170,1662,May,9,walk,
170,785,1662,May,9,boat,
785,155,1662,May,10,walk,
155,9,1662,May,10,walk,
9,785,1662,May,10,walk,
785,176,1662,May,11,walk,
176,785,1662,May,11,walk,
785,3,1662,May,11,walk,
3,107,1662,May,11,walk,
107,155,1662,May,11,walk,
155,785,1662,May,11,walk,Elizabeth Pepys
785,155,1662,May,11,walk,Elizabeth Pepys
155,1167,1662,May,12,walk,Elizabeth Pepys; Lady Sandwich ladies; Mr Townsend family
1167,386,1662,May,12,barge,Elizabeth Pepys; Lady Sandwich ladies; Mr Townsend family
386,1055,1662,May,12,walk,Mr Townsend
1055,388,1662,May,12,barge,
388,1052,1662,May,12,walk,Mr Townsend
1052,390,1662,May,12,walk,
390,785,1662,May,12,barge,Elizabeth Pepys; Lady Sandwich ladies
785,155,1662,May,14,walk,
155,244,1662,May,14,walk,
244,21,1662,May,14,walk,
21,785,1662,May,14,walk,
785,4,1662,May,15,walk,
4,785,1662,May,15,walk,
785,9,1662,May,15,walk,
9,785,1662,May,15,walk,
785,9,1662,May,16,walk,
9,785,1662,May,16,walk,
785,170,1662,May,17,walk,
170,3,1662,May,17,walk,
3,13,1662,May,17,walk,Thomas Moore
13,155,1662,May,17,walk,Thomas Moore
155,280,1662,May,17,walk,Lady Sandwich; Mrs Sanderson
280,155,1662,May,17,walk,
155,9,1662,May,17,walk,
9,244,1662,May,17,walk,
244,785,1662,May,17,walk,
785,9,1662,May,17,walk,
9,785,1662,May,17,walk,
785,3,1662,May,18,boat,
3,95,1662,May,18,walk,
95,77,1662,May,18,walk,
77,95,1662,May,18,walk,
95,321,1662,May,18,walk,
321,785,1662,May,18,coach,
785,170,1662,May,19,walk,
170,244,1662,May,19,walk,
244,785,1662,May,19,walk,
785,16,1662,May,19,coach,Sir William Penn; Margaret Penn; Elizabeth Pepys
16,72,1662,May,19,walk,Sir William Penn; Elizabeth Pepys
72,785,1662,May,19,walk,Elizabeth Pepys
785,59,1662,May,21,boat,Elizabeth Pepys
59,6,1662,May,21,walk,Elizabeth Pepys
6,3,1662,May,21,walk,Elizabeth Pepys
3,392,1662,May,21,walk,Elizabeth Pepys
392,246,1662,May,21,walk,Elizabeth Pepys
246,16,1662,May,21,walk,Elizabeth Pepys
16,244,1662,May,21,walk,Elizabeth Pepys
244,71,1662,May,21,walk,Elizabeth Pepys
71,244,1662,May,21,walk,Elizabeth Pepys
244,785,1662,May,21,walk,Elizabeth Pepys
785,16,1662,May,22,coach,Sir William Penn; Margaret Penn; Elizabeth Pepys
16,785,1662,May,22,coach,
785,27,1662,May,22,walk,
27,785,1662,May,22,walk,
785,155,1662,May,23,walk,Elizabeth Pepys
155,193,1662,May,23,walk,Elizabeth Pepys
193,385,1662,May,23,walk,Elizabeth Pepys
385,785,1662,May,23,boat,Elizabeth Pepys
785,27,1662,May,23,walk,
27,785,1662,May,23,walk,
785,155,1662,May,24,walk,
155,167,1662,May,24,walk,John Creed
167,23,1662,May,24,walk,John Creed
23,785,1662,May,24,walk,John Creed
785,142,1662,May,24,walk,John Creed
142,9,1662,May,24,walk,
9,31,1662,May,24,boat,Sir William Penn
31,562,1662,May,24,walk,Sir William Penn
562,102,1662,May,24,walk,Sir William Penn
102,785,1662,May,24,walk,Sir William Penn
785,9,1662,May,24,walk,
9,785,1662,May,24,walk,
785,176,1662,May,25,walk,
176,785,1662,May,25,walk,
785,395,1662,May,25,walk,John Creed
395,155,1662,May,25,walk,
155,396,1662,May,25,coach,Captain Ferrers
396,155,1662,May,25,walk,
155,785,1662,May,25,walk,
785,155,1662,May,26,walk,Thomas Moore
155,785,1662,May,26,walk,
785,334,1662,May,26,walk,
334,244,1662,May,26,boat,
244,397,1662,May,26,walk,Elizabeth Pepys
397,72,1662,May,26,coach,Elizabeth Pepys
72,785,1662,May,26,coach,Elizabeth Pepys
785,155,1662,May,27,walk,
155,244,1662,May,27,walk,
244,242,1662,May,27,walk,John Pepys Sr
242,785,1662,May,27,walk,
785,155,1662,May,28,walk,John Creed
155,398,1662,May,28,walk,John Creed
398,785,1662,May,28,walk,
785,399,1662,May,28,walk,John Pepys Sr; Uncle Wight
399,155,1662,May,28,walk,
155,785,1662,May,28,walk,
785,155,1662,May,29,walk,
155,400,1662,May,29,walk,
400,785,1662,May,29,walk,
785,401,1662,May,29,boat,Elizabeth Pepys
401,402,1662,May,29,walk,Elizabeth Pepys
402,785,1662,May,29,boat,Elizabeth Pepys
785,43,1662,May,30,walk,
43,1062,1662,May,30,boat,Elizabeth Pepys
1062,102,1662,May,30,boat,Edward Shepley; Elizabeth Pepys
102,785,1662,May,30,boat,
785,155,1662,May,30,walk,
155,785,1662,May,30,walk,
785,3,1662,May,31,walk,
3,244,1662,May,31,walk,
244,785,1662,May,31,walk,John Pepys Sr
785,9,1662,May,31,walk,
9,244,1662,May,31,walk,
244,155,1662,May,31,walk,
155,785,1662,May,31,walk,
785,176,1662,June,1,walk,
176,785,1662,June,1,walk,
785,176,1662,June,1,walk,
176,785,1662,June,1,walk,
785,155,1662,June,2,walk,Thomas Moore
155,244,1662,June,2,walk,
244,404,1662,June,2,coach,John Pepys Sr; Elizabeth Pepys
404,71,1662,June,2,boat,Elizabeth Pepys
71,785,1662,June,2,coach,Elizabeth Pepys
785,9,1662,June,3,walk,
9,405,1662,June,3,walk,John Creed; Edward Shepley
405,785,1662,June,3,walk,John Creed; Edward Shepley
785,406,1662,June,3,walk,John Pepys Sr; Dr Williams; Tom Trice
406,155,1662,June,3,walk,
155,785,1662,June,3,walk,
785,9,1662,June,3,walk,
9,785,1662,June,3,walk,
785,37,1662,June,4,boat,Sir William Batten
37,188,1662,June,4,walk,
188,37,1662,June,4,walk,
37,785,1662,June,4,boat,Sir William Batten
785,155,1662,June,4,walk,
155,3,1662,June,4,walk,
3,155,1662,June,4,walk,
155,785,1662,June,4,walk,
785,155,1662,June,5,walk,
155,9,1662,June,5,walk,
9,785,1662,June,5,walk,
785,400,1662,June,5,walk,Thomas Moore
400,785,1662,June,5,walk,
785,155,1662,June,6,walk,
155,244,1662,June,6,walk,
244,785,1662,June,6,walk,
785,9,1662,June,6,walk,
9,785,1662,June,6,walk,
785,9,1662,June,7,walk,
9,334,1662,June,7,walk,Mr Coventry; Sir William Batten
334,77,1662,June,7,walk,
77,785,1662,June,7,walk,
785,176,1662,June,8,walk,
176,785,1662,June,8,walk,
785,176,1662,June,8,walk,
176,155,1662,June,8,walk,
155,785,1662,June,8,walk,
785,407,1662,June,9,walk,
407,74,1662,June,9,walk,Mr Greatorex
74,9,1662,June,9,walk,
9,785,1662,June,9,walk,
785,244,1662,June,10,walk,
244,54,1662,June,10,walk,
54,785,1662,June,10,walk,
785,9,1662,June,11,walk,
9,785,1662,June,11,walk,
785,9,1662,June,12,walk,
9,785,1662,June,12,walk,
785,77,1662,June,13,walk,
77,244,1662,June,13,walk,
244,155,1662,June,13,walk,
155,785,1662,June,13,walk,
785,102,1662,June,13,walk,Elizabeth Pepys
102,785,1662,June,13,walk,Elizabeth Pepys
785,9,1662,June,14,walk,
9,279,1662,June,14,walk,
279,9,1662,June,14,walk,
9,334,1662,June,14,walk,
334,9,1662,June,14,walk,
9,785,1662,June,14,walk,
785,176,1662,June,15,walk,
176,785,1662,June,15,walk,
785,279,1662,June,16,walk,William Hewer
279,408,1662,June,16,walk,William Hewer
408,31,1662,June,16,boat,William Hewer
31,279,1662,June,16,walk,
279,785,1662,June,16,boat,
785,9,1662,June,16,walk,Sir William Penn; Sir John Minnes
9,785,1662,June,16,walk,
785,155,1662,June,16,boat,Elizabeth Pepys
155,178,1662,June,16,boat,Elizabeth Pepys; Sandwich children
178,180,1662,June,16,walk,
180,155,1662,June,16,boat,Elizabeth Pepys
155,785,1662,June,16,walk,William Hewer
785,9,1662,June,17,walk,
9,63,1662,June,17,walk,
63,785,1662,June,17,walk,
785,409,1662,June,18,walk,John Creed
409,179,1662,June,18,walk,
179,410,1662,June,18,walk,Commissioner Pett
410,411,1662,June,18,walk,Commissioner Pett
411,412,1662,June,18,walk,Commissioner Pett
412,170,1662,June,18,walk,
170,23,1662,June,18,coach,Commissioner Pett
23,785,1662,June,18,walk,
785,9,1662,June,18,walk,
9,785,1662,June,18,walk,
785,9,1662,June,19,walk,
9,785,1662,June,19,walk,
785,400,1662,June,19,walk,Thomas Moore
400,785,1662,June,19,walk,
785,102,1662,June,19,boat,Elizabeth Pepys
102,785,1662,June,19,boat,Elizabeth Pepys
785,9,1662,June,20,walk,
9,785,1662,June,20,walk,
785,400,1662,June,20,walk,Thomas Moore
400,23,1662,June,20,walk,
23,1088,1662,June,20,walk,
1088,785,1662,June,20,walk,
785,102,1662,June,20,boat,Elizabeth Pepys
102,785,1662,June,20,boat,Elizabeth Pepys
785,9,1662,June,21,walk,
9,334,1662,June,21,walk,Sir William Penn
334,9,1662,June,21,walk,
9,785,1662,June,21,walk,
785,155,1662,June,22,walk,Edward Shepley
155,244,1662,June,22,walk,Thomas Pepys
244,155,1662,June,22,walk,Thomas Pepys
155,785,1662,June,22,walk,Thomas Pepys
785,413,1662,June,23,boat,Sir William Warren
413,414,1662,June,23,boat,
414,785,1662,June,23,walk,
785,9,1662,June,24,walk,
9,23,1662,June,24,walk,
23,785,1662,June,24,walk,
785,9,1662,June,24,walk,
9,785,1662,June,24,walk,
785,155,1662,June,25,walk,
155,415,1662,June,25,walk,
415,785,1662,June,25,walk,
785,23,1662,June,25,walk,
23,785,1662,June,25,walk,
785,9,1662,June,25,walk,
9,785,1662,June,25,walk,
785,9,1662,June,26,walk,
9,785,1662,June,26,walk,
785,155,1662,June,27,walk,
155,9,1662,June,27,walk,
9,785,1662,June,27,walk,
785,31,1662,June,27,boat,
31,102,1662,June,27,walk,
102,785,1662,June,27,boat,
785,112,1662,June,28,walk,Edward Shepley; John Creed; Uncle Wight
112,9,1662,June,28,walk,
9,785,1662,June,28,walk,
785,176,1662,June,29,walk,Elizabeth Pepys
176,785,1662,June,29,walk,Sir William Penn
785,27,1662,June,29,walk,
27,785,1662,June,29,walk,
785,155,1662,June,30,walk,Elizabeth Pepys
155,589,1662,June,30,coach,Elizabeth Pepys; Lady Sandwich
589,785,1662,June,30,coach,Elizabeth Pepys; Lady Sandwich
785,353,1662,June,30,boat,Lady Sandwich
353,245,1662,June,30,boat,Lady Sandwich
245,155,1662,June,30,walk,Lady Sandwich
155,785,1662,June,30,walk,Elizabeth Pepys
785,31,1662,July,1,boat,Captain Cuttance
31,102,1662,July,1,walk,Mr Cowly
102,785,1662,July,1,boat,
785,43,1662,July,2,walk,Commissioner Pett
43,31,1662,July,2,boat,Mr Coventry; Commissioner Pett
31,785,1662,July,2,barge,
785,9,1662,July,3,walk,
9,80,1662,July,3,walk,
80,9,1662,July,3,walk,
9,785,1662,July,3,walk,
785,9,1662,July,4,walk,
9,785,1662,July,4,walk,
785,9,1662,July,5,walk,
9,785,1662,July,5,walk,
785,176,1662,July,6,walk,
176,785,1662,July,6,walk,
785,155,1662,July,6,walk,
155,785,1662,July,6,walk,
785,13,1662,July,7,boat,Elizabeth Pepys
13,59,1662,July,7,walk,Elizabeth Pepys
59,785,1662,July,7,boat,Elizabeth Pepys
785,155,1662,July,8,walk,
155,785,1662,July,8,boat,Thomas Moore
785,9,1662,July,9,walk,
9,785,1662,July,9,walk,
785,9,1662,July,10,walk,
9,162,1662,July,10,walk,Sir William Batten
162,9,1662,July,10,walk,
9,785,1662,July,10,walk,
785,43,1662,July,11,walk,Commissioner Pett
43,31,1662,July,11,boat,Mr Coventry; Commissioner Pett
31,37,1662,July,11,boat,
37,417,1662,July,11,walk,
417,37,1662,July,11,walk,
37,3,1662,July,11,boat,
3,380,1662,July,11,walk,
380,170,1662,July,11,boat,Commissioner Pett
170,785,1662,July,11,boat,
785,9,1662,July,12,walk,
9,785,1662,July,12,walk,
785,43,1662,July,13,walk,Mr Turner
43,31,1662,July,13,boat,Mr Turner
31,785,1662,July,13,boat,
785,415,1662,July,14,walk,Mr Green
415,785,1662,July,14,walk,
785,15,1662,July,14,walk,Dr Tom Pepys
15,785,1662,July,14,walk,
785,9,1662,July,14,walk,
9,785,1662,July,14,walk,
785,341,1662,July,15,boat,Mr Cooper
341,785,1662,July,15,boat,
785,155,1662,July,16,walk,
155,419,1662,July,16,walk,John Creed
419,785,1662,July,16,boat,
785,155,1662,July,17,walk,
155,785,1662,July,17,walk,
785,9,1662,July,17,walk,
9,785,1662,July,17,walk,
785,31,1662,July,18,boat,
31,9,1662,July,18,boat,
9,785,1662,July,18,walk,
785,9,1662,July,19,walk,
9,785,1662,July,19,walk,
785,176,1662,July,20,walk,
176,785,1662,July,20,walk,
785,1077,1662,July,21,boat,
1077,417,1662,July,21,boat,
417,188,1662,July,21,walk,
188,37,1662,July,21,walk,
37,1077,1662,July,21,walk,
1077,785,1662,July,21,boat,
785,59,1662,July,21,coach,Elizabeth Pepys
59,13,1662,July,21,walk,
13,155,1662,July,21,walk,Elizabeth Pepys
155,785,1662,July,21,coach,Elizabeth Pepys
785,9,1662,July,22,walk,
9,785,1662,July,22,walk,
785,9,1662,July,23,walk,
9,785,1662,July,23,walk,
785,9,1662,July,24,walk,
9,785,1662,July,24,walk,
785,9,1662,July,25,walk,
9,785,1662,July,25,walk,
785,9,1662,July,26,walk,
9,785,1662,July,26,walk,
785,176,1662,July,27,walk,
176,785,1662,July,27,walk,
785,59,1662,July,27,boat,Elizabeth Pepys
59,107,1662,July,27,walk,
107,6,1662,July,27,walk,Elizabeth Pepys
6,785,1662,July,27,boat,Elizabeth Pepys
785,27,1662,July,27,walk,Elizabeth Pepys
27,785,1662,July,27,walk,Elizabeth Pepys
785,420,1662,July,28,walk,Elizabeth Pepys
420,43,1662,July,28,boat,
43,9,1662,July,28,walk,
9,785,1662,July,28,walk,
785,9,1662,July,28,walk,
785,9,1662,July,29,walk,
9,63,1662,July,29,walk,Sir George Carteret; Mr Coventry
63,785,1662,July,29,walk,
785,31,1662,July,29,walk,Mr Cooper
31,102,1662,July,29,walk,
102,785,1662,July,29,boat,
785,6,1662,July,30,boat,
6,37,1662,July,30,boat,Captain Fletcher
37,421,1662,July,30,walk,
421,785,1662,July,30,boat,Sir William Warren
785,9,1662,July,31,walk,
9,23,1662,July,31,coach,Mr Coventry
23,422,1662,July,31,walk,Mr Coventry
422,423,1662,July,31,walk,Mr Coventry
423,37,1662,July,31,boat,Mr Coventry
37,785,1662,July,31,boat,Mr Coventry
785,23,1662,August,1,walk,John Creed; Thomas Moore
23,74,1662,August,1,walk,John Creed; Thomas Moore
74,785,1662,August,1,coach,
785,1077,1662,August,2,boat,
1077,1062,1662,August,2,boat,Captain Cocke
1062,424,1662,August,2,horse,Captain Cocke; Mr Hemson; Lt Carteret
424,108,1662,August,2,barge,
108,109,1662,August,3,walk,Captain Cocke
109,397,1662,August,3,walk,
397,111,1662,August,3,coach,Commissioner Pett
111,108,1662,August,3,coach,
108,111,1662,August,3,walk,
111,109,1662,August,3,walk,Commissioner Pett
109,108,1662,August,3,walk,Mr Barrow
108,425,1662,August,4,barge,Commissioner Pett
425,426,1662,August,4,barge,Commissioner Pett
426,847,1662,August,4,barge,
847,116,1662,August,4,barge,
116,109,1662,August,4,barge,
109,108,1662,August,4,walk,
108,109,1662,August,4,walk,
109,424,1662,August,4,barge,
424,1062,1662,August,4,coach,Captain Cocke
1062,178,1662,August,4,boat,Captain Cocke
178,43,1662,August,5,boat,
43,785,1662,August,5,walk,
785,9,1662,August,5,walk,
9,785,1662,August,5,walk,
785,3,1662,August,6,boat,
3,380,1662,August,6,walk,
380,6,1662,August,6,walk,
6,785,1662,August,6,boat,
785,9,1662,August,6,walk,
9,785,1662,August,6,walk,
785,9,1662,August,7,walk,
9,785,1662,August,7,walk,
785,37,1662,August,8,boat,
37,188,1662,August,8,walk,Mr Coventry
188,178,1662,August,8,walk,Mr Coventry
178,31,1662,August,8,boat,Mr Coventry
31,102,1662,August,8,walk,Mr Coventry
102,159,1662,August,8,walk,Mr Coventry
159,785,1662,August,8,walk,
785,9,1662,August,9,walk,
9,334,1662,August,9,walk,Mr Coventry
334,79,1662,August,9,coach,Mr Coventry
79,785,1662,August,9,boat,
785,429,1662,August,10,walk,
429,244,1662,August,10,walk,
244,140,1662,August,10,walk,
140,71,1662,August,10,walk,Betty Turner
71,785,1662,August,10,walk,Thomas Moore
785,9,1662,August,11,walk,
9,442,1662,August,11,walk,Dean Fuller
442,443,1662,August,11,walk,Dean Fuller
443,80,1662,August,11,walk,Dean Fuller
80,9,1662,August,11,walk,
9,785,1662,August,11,walk,
785,9,1662,August,12,walk,
9,785,1662,August,12,walk,
785,9,1662,August,13,walk,
9,178,1662,August,13,boat,Commissioner Pett
178,441,1662,August,13,walk,
441,358,1662,August,13,boat,Commissioner Pett
358,785,1662,August,13,boat,
785,9,1662,August,14,walk,
9,112,1662,August,14,coach,Commissioner Pett
112,9,1662,August,14,walk,
9,785,1662,August,14,walk,
785,9,1662,August,15,walk,
9,23,1662,August,15,walk,
23,444,1662,August,15,walk,
444,21,1662,August,15,walk,
21,785,1662,August,15,walk,
785,9,1662,August,15,walk,
9,785,1662,August,15,walk,
785,244,1662,August,17,walk,
244,71,1662,August,17,walk,
71,429,1662,August,17,walk,
429,785,1662,August,17,coach,
785,71,1662,August,17,walk,
71,429,1662,August,17,walk,
785,430,1662,August,18,horse,
430,431,1662,August,18,horse,Mr Deane
431,1048,1662,August,18,horse,Mr Deane
1048,433,1662,August,18,horse,Mr Deane
433,430,1662,August,18,horse,Mr Deane
430,785,1662,August,18,horse,
785,9,1662,August,19,walk,
9,785,1662,August,19,walk,
785,6,1662,August,20,walk,
6,13,1662,August,20,walk,Thomas Moore
13,434,1662,August,20,walk,Mr Townsend
434,785,1662,August,20,boat,
785,9,1662,August,21,walk,
9,82,1662,August,21,walk,
82,785,1662,August,21,walk,
785,9,1662,August,21,walk,
9,785,1662,August,21,walk,
785,31,1662,August,22,boat,
31,785,1662,August,22,boat,
785,13,1662,August,22,boat,
13,6,1662,August,22,walk,John Creed
6,435,1662,August,22,walk,John Creed
435,785,1662,August,22,boat,
785,9,1662,August,22,walk,
9,785,1662,August,22,walk,
785,9,1662,August,23,walk,
9,436,1662,August,23,walk,John Creed
436,94,1662,August,23,walk,John Creed
94,3,1662,August,23,walk,John Creed
3,128,1662,August,23,walk,
128,6,1662,August,23,walk,
6,437,1662,August,23,walk,
437,113,1662,August,23,boat,
113,785,1662,August,23,walk,
785,176,1662,August,24,walk,
176,785,1662,August,24,walk,
785,24,1662,August,24,walk,
24,785,1662,August,24,walk,
785,648,1662,August,25,boat,
648,37,1662,August,25,boat,
37,188,1662,August,25,walk,
188,37,1662,August,25,walk,
37,439,1662,August,25,walk,
439,31,1662,August,25,boat,
31,785,1662,August,25,boat,
785,63,1662,August,25,walk,
63,785,1662,August,25,walk,
785,9,1662,August,26,walk,
9,31,1662,August,26,boat,Sir William Batten
31,440,1662,August,26,walk,
440,443,1662,August,26,boat,
443,785,1662,August,26,walk,
785,63,1662,August,27,walk,
63,785,1662,August,27,walk,
785,63,1662,August,28,walk,Mr Coventry
63,785,1662,August,28,walk,
785,9,1662,August,29,walk,
9,785,1662,August,29,walk,
785,9,1662,August,30,walk,
9,785,1662,August,30,walk,
785,176,1662,August,31,walk,
176,785,1662,August,31,walk,
785,244,1662,August,31,walk,
244,82,1662,August,31,walk,Uncle Wight
82,785,1662,August,31,walk,
785,380,1662,September,1,coach,Sir William Batten; Sir William Penn
380,6,1662,September,1,walk,
6,785,1662,September,1,boat,
785,9,1662,September,2,walk,
9,63,1662,September,2,walk,Sir William Penn
63,9,1662,September,2,walk,
9,785,1662,September,2,walk,
785,102,1662,September,3,boat,
102,31,1662,September,3,walk,Mr Coventry; Sir William Penn
31,9,1662,September,3,boat,
9,244,1662,September,3,walk,
244,445,1662,September,3,walk,Dr Fairbrother
445,6,1662,September,3,boat,
6,785,1662,September,3,boat,
785,9,1662,September,3,walk,
9,785,1662,September,3,walk,
6,43,1662,September,4,boat,
43,785,1662,September,4,walk,
785,9,1662,September,4,walk,
9,334,1662,September,4,walk,
334,9,1662,September,4,walk,
9,785,1662,September,4,walk,
785,37,1662,September,5,boat,
37,178,1662,September,5,walk,
178,31,1662,September,5,boat,
31,102,1662,September,5,walk,
102,785,1662,September,5,boat,
785,446,1662,September,5,walk,
446,63,1662,September,5,walk,
63,9,1662,September,5,walk,
9,785,1662,September,5,walk,
785,9,1662,September,6,walk,
9,334,1662,September,6,walk,Sir John Minnes; Sir William Batten; Sir William Penn
334,785,1662,September,6,walk,
785,9,1662,September,6,walk,
9,785,1662,September,6,walk,
785,95,1662,September,7,coach,Sir John Minnes
95,447,1662,September,7,walk,Mr Fox
447,6,1662,September,7,walk,
6,26,1662,September,7,walk,
26,410,1662,September,7,walk,Mr Pierce
410,785,1662,September,7,walk,
785,9,1662,September,7,walk,
9,785,1662,September,7,walk,
785,113,1662,September,8,walk,
113,3,1662,September,8,boat,
3,380,1662,September,8,walk,Sir George Carteret
380,15,1662,September,8,walk,
15,285,1662,September,8,walk,Mr Townsend
285,448,1662,September,8,walk,Mr Townsend
448,113,1662,September,8,boat,
113,23,1662,September,8,walk,
23,74,1662,September,8,walk,Sir William Warren
74,43,1662,September,8,walk,
43,102,1662,September,8,boat,Sir William Warren
102,31,1662,September,8,walk,
31,785,1662,September,8,barge,
785,9,1662,September,8,walk,
9,785,1662,September,8,walk,
785,9,1662,September,9,walk,
9,31,1662,September,9,boat,Mr Coventry; Sir John Minnes; Commissioner Pett
31,9,1662,September,9,boat,
9,449,1662,September,9,walk,Mr Coventry; Sir John Minnes
449,9,1662,September,9,walk,
9,785,1662,September,9,walk,
785,9,1662,September,10,walk,
9,155,1662,September,10,walk,
155,244,1662,September,10,walk,
244,23,1662,September,10,walk,
23,74,1662,September,10,walk,Uncle Wight
74,785,1662,September,10,walk,
785,9,1662,September,10,walk,
9,785,1662,September,10,walk,
785,9,1662,September,11,walk,
9,27,1662,September,11,walk,Sir William Penn
27,9,1662,September,11,walk,
9,785,1662,September,11,walk,
785,9,1662,September,12,walk,
9,785,1662,September,12,walk,
785,9,1662,September,13,walk,
9,785,1662,September,13,walk,
785,10,1662,September,14,boat,
10,380,1662,September,14,walk,
380,95,1662,September,14,walk,
95,3,1662,September,14,walk,
3,77,1662,September,14,walk,
77,785,1662,September,14,boat,
785,176,1662,September,14,walk,
176,785,1662,September,14,walk,
785,63,1662,September,14,walk,
63,9,1662,September,14,walk,
9,785,1662,September,14,walk,
785,3,1662,September,15,boat,Sir William Penn
3,450,1662,September,15,walk,
450,785,1662,September,15,walk,
785,31,1662,September,15,boat,Lady Batten; Betty Turner
31,785,1662,September,15,barge,Lady Batten; Betty Turner
785,9,1662,September,16,walk,
9,23,1662,September,16,walk,
23,785,1662,September,16,walk,
785,9,1662,September,16,walk,
9,785,1662,September,16,walk,
785,9,1662,September,17,walk,
9,23,1662,September,17,walk,
23,74,1662,September,17,walk,Thomas Moore; Mr Stucky
74,451,1662,September,17,walk,Thomas Moore
451,74,1662,September,17,walk,Mr Crumlum
74,785,1662,September,17,walk,Thomas Moore
785,9,1662,September,18,walk,
9,452,1662,September,18,walk,Sir George Carteret; Mr Coventry
452,785,1662,September,18,walk,
785,9,1662,September,18,walk,
9,785,1662,September,18,walk,
785,31,1662,September,19,boat,
31,102,1662,September,19,walk,
102,785,1662,September,19,boat,
785,9,1662,September,20,walk,
9,785,1662,September,20,walk,
785,380,1662,September,21,walk,
380,107,1662,September,21,walk,Thomas Pepys; Mr Cooke
107,453,1662,September,21,walk,
453,95,1662,September,21,walk,
95,3,1662,September,21,walk,
3,244,1662,September,21,walk,Thomas Pepys
244,785,1662,September,21,walk,
785,24,1662,September,21,walk,
24,785,1662,September,21,walk,
785,380,1662,September,22,coach,Sir John Minnes; Sir William Batten; Sir William Penn
380,407,1662,September,22,walk,
407,179,1662,September,22,walk,
179,244,1662,September,22,walk,
244,454,1662,September,22,walk,Mr Cooke
454,155,1662,September,22,walk,
155,785,1662,September,22,walk,
785,9,1662,September,23,walk,
9,31,1662,September,23,boat,
31,785,1662,September,23,coach,Sir George Carteret; Sir William Batten
785,9,1662,September,23,walk,
9,785,1662,September,23,walk,
785,179,1662,September,24,walk,
179,398,1662,September,24,walk,
398,244,1662,September,24,walk,
244,785,1662,September,24,boat,
785,9,1662,September,24,walk,
9,785,1662,September,24,walk,
785,9,1662,September,25,walk,
9,785,1662,September,25,walk,
785,63,1662,September,25,walk,
63,785,1662,September,25,walk,
785,9,1662,September,26,walk,
9,785,1662,September,26,walk,
785,9,1662,September,27,walk,
9,785,1662,September,27,walk,
785,244,1662,September,27,walk,
244,455,1662,September,28,walk,Thomas Pepys
455,244,1662,September,28,walk,
244,785,1662,September,28,walk,
785,176,1662,September,28,walk,Elizabeth Pepys
176,785,1662,September,28,walk,
785,244,1662,September,28,walk,
244,75,1662,September,29,coach,Thomas Moore
75,3,1662,September,29,coach,Thomas Moore
3,107,1662,September,29,walk,Thomas Moore
107,380,1662,September,29,walk,Mr Coventry; Sir William Penn
380,244,1662,September,29,boat,Mr Cooke
244,785,1662,September,29,boat,Elizabeth Pepys; Mr Cooke
785,16,1662,September,29,coach,Elizabeth Pepys; Margaret Penn
16,71,1662,September,29,coach,Elizabeth Pepys
71,785,1662,September,29,coach,Margaret Penn
785,9,1662,September,29,walk,
9,785,1662,September,29,walk,
785,9,1662,September,30,walk,
9,785,1662,September,30,walk,
785,27,1662,September,30,walk,Elizabeth Pepys
27,193,1662,September,30,coach,Elizabeth Pepys
193,785,1662,September,30,coach,Elizabeth Pepys
785,9,1662,October,1,walk,
9,31,1662,October,1,boat,
31,785,1662,October,1,boat,
785,9,1662,October,1,walk,
9,785,1662,October,1,walk,
785,9,1662,October,2,walk,
9,75,1662,October,2,coach,Thomas Moore
75,6,1662,October,2,coach,Thomas Moore
6,456,1662,October,2,walk,
456,6,1662,October,2,walk,
6,785,1662,October,2,walk,
785,6,1662,October,3,walk,
6,244,1662,October,3,walk,
244,21,1662,October,3,walk,
21,785,1662,October,3,walk,
785,9,1662,October,3,walk,
9,785,1662,October,3,walk,
785,9,1662,October,4,walk,
9,785,1662,October,4,walk,
785,176,1662,October,5,walk,
176,785,1662,October,5,walk,
785,176,1662,October,5,walk,
176,244,1662,October,5,walk,
244,785,1662,October,5,walk,
785,9,1662,October,5,walk,
9,785,1662,October,5,walk,
785,380,1662,October,6,boat,Sir William Penn
380,3,1662,October,6,walk,Mr Coventry; Sir William Penn
3,37,1662,October,6,boat,Mr Coventry; Sir William Penn
37,421,1662,October,6,walk,
421,417,1662,October,6,walk,
417,31,1662,October,6,boat,Mr Coventry; Sir William Penn
31,102,1662,October,6,walk,
102,43,1662,October,6,boat,Sir William Penn
43,3,1662,October,6,boat,Mr Coventry
3,6,1662,October,6,walk,
6,155,1662,October,6,boat,
155,785,1662,October,6,walk,
785,9,1662,October,6,walk,
9,785,1662,October,6,walk,
785,9,1662,October,7,walk,
9,785,1662,October,7,walk,
785,155,1662,October,7,coach,Elizabeth Pepys
155,13,1662,October,7,boat,Will Howe
13,6,1662,October,7,walk,
6,345,1662,October,7,walk,Elizabeth Pepys; Dr Williams
345,244,1662,October,7,walk,Dr Williams
244,785,1662,October,7,coach,Elizabeth Pepys
785,63,1662,October,7,walk,
63,785,1662,October,7,walk,
785,6,1662,October,8,boat,
6,155,1662,October,8,walk,
155,785,1662,October,8,walk,
785,9,1662,October,8,walk,
9,6,1662,October,8,coach,
6,3,1662,October,8,walk,
3,6,1662,October,8,walk,
6,785,1662,October,8,walk,
785,9,1662,October,9,walk,
9,785,1662,October,9,walk,
785,268,1662,October,9,horse,William Hewer
268,458,1662,October,9,horse,William Hewer
202,459,1662,October,10,walk,William Hewer
459,460,1662,October,10,walk,
460,459,1662,October,10,walk,
459,461,1662,October,10,walk,
461,205,1662,October,10,horse,
205,458,1662,October,10,horse,
458,202,1662,October,10,horse,William Hewer
205,209,1662,October,11,horse,
209,199,1662,October,11,horse,
199,200,1662,October,12,walk,
200,199,1662,October,12,walk,
199,201,1662,October,13,horse,
201,462,1662,October,13,horse,Edward Shepley
462,463,1662,October,13,walk,
463,199,1662,October,13,horse,
199,464,1662,October,13,walk,John Pepys Sr
464,199,1662,October,13,walk,
199,200,1662,October,13,walk,John Pepys Sr
200,199,1662,October,13,walk,
199,466,1662,October,14,walk,
466,199,1662,October,14,walk,John Pepys Sr
199,201,1662,October,14,horse,Thomas Pepys; Mr Cooke; William Hewer
201,202,1662,October,14,horse,Thomas Pepys; Mr Cooke; William Hewer
202,264,1662,October,14,walk,Thomas Pepys; Mr Cooke; William Hewer
264,467,1662,October,15,walk,Mr Cooke
467,468,1662,October,15,walk,Mr Cooke
468,469,1662,October,15,walk,Mr Cooke
469,264,1662,October,15,walk,
264,268,1662,October,15,horse,William Hewer
268,785,1662,October,15,horse,William Hewer
785,9,1662,October,16,walk,
9,785,1662,October,16,walk,
785,319,1662,October,16,walk,John Creed; Sir John Minnes
319,785,1662,October,16,walk,
785,6,1662,October,17,boat,
6,13,1662,October,17,walk,John Creed
13,419,1662,October,17,walk,John Creed; Captain Ferrers
419,155,1662,October,17,boat,
155,341,1662,October,17,boat,Commissioner Pett
341,31,1662,October,17,boat,Commissioner Pett
31,785,1662,October,17,boat,
785,27,1662,October,17,walk,
27,785,1662,October,17,walk,
785,9,1662,October,18,walk,
9,785,1662,October,18,walk,
785,27,1662,October,18,walk,
27,785,1662,October,18,walk,
785,244,1662,October,19,walk,
244,155,1662,October,19,walk,
155,24,1662,October,19,walk,
24,785,1662,October,19,walk,
785,3,1662,October,20,coach,Sir John Minnes; Sir William Batten
3,411,1662,October,20,walk,Commissioner Pett
411,244,1662,October,20,walk,
244,193,1662,October,20,coach,Elizabeth Pepys
193,785,1662,October,20,coach,Elizabeth Pepys
785,9,1662,October,20,walk,
9,27,1662,October,20,walk,
27,785,1662,October,20,walk,
785,9,1662,October,21,walk,
9,170,1662,October,21,boat,Mr Smith
170,470,1662,October,21,walk,Mr Smith
470,155,1662,October,21,walk,
155,785,1662,October,21,walk,
785,9,1662,October,21,walk,
9,785,1662,October,21,walk,
785,331,1662,October,22,coach,Elizabeth Pepys; Balthasar St Michel
331,6,1662,October,22,walk,
6,244,1662,October,22,boat,
244,470,1662,October,22,walk,
470,244,1662,October,22,walk,
244,785,1662,October,22,coach,
785,9,1662,October,22,walk,
9,785,1662,October,22,walk,
785,9,1662,October,23,walk,
9,63,1662,October,23,walk,
63,9,1662,October,23,walk,
9,27,1662,October,23,walk,
27,785,1662,October,23,walk,
785,31,1662,October,24,boat,
31,785,1662,October,24,boat,
785,27,1662,October,24,walk,
27,785,1662,October,24,walk,
785,319,1662,October,24,walk,Sir John Minnes
319,63,1662,October,24,walk,
63,785,1662,October,24,walk,
785,9,1662,October,25,walk,
9,785,1662,October,25,walk,
785,176,1662,October,26,walk,
176,785,1662,October,26,walk,
785,63,1662,October,26,walk,
63,785,1662,October,26,walk,
785,24,1662,October,26,walk,
24,785,1662,October,26,walk,
785,3,1662,October,27,boat,
3,6,1662,October,27,walk,
6,13,1662,October,27,walk,John Creed
13,471,1662,October,27,walk,John Creed
471,3,1662,October,27,walk,John Creed
3,23,1662,October,27,walk,John Creed
23,155,1662,October,27,coach,
155,785,1662,October,27,coach,
785,63,1662,October,27,walk,
63,27,1662,October,27,walk,
27,9,1662,October,27,walk,
9,785,1662,October,27,walk,
785,9,1662,October,28,walk,
9,785,1662,October,28,walk,
785,63,1662,October,29,walk,
63,785,1662,October,29,walk,
785,9,1662,October,29,walk,
9,785,1662,October,29,walk,
785,3,1662,October,30,boat,
3,6,1662,October,30,walk,
6,9,1662,October,30,boat,
9,43,1662,October,30,walk,Mr Wade
43,472,1662,October,30,walk,
472,473,1662,October,30,walk,Mr Wade; Mr Lee
473,9,1662,October,30,walk,Mr Lee
9,43,1662,October,30,walk,
43,3,1662,October,30,coach,Mr Lee
3,6,1662,October,30,walk,
6,785,1662,October,30,coach,
785,9,1662,October,30,walk,
9,785,1662,October,30,walk,
785,9,1662,October,31,walk,
9,785,1662,October,31,walk,
785,9,1662,November,1,walk,
9,334,1662,November,1,walk,John Creed
334,9,1662,November,1,walk,
9,43,1662,November,1,walk,Mr Lee; Mr Wade; Mr Evett
43,9,1662,November,1,walk,
9,80,1662,November,1,walk,Mr Wade; Captain Evett
80,9,1662,November,1,walk,
9,785,1662,November,1,walk,
785,176,1662,November,2,walk,
176,785,1662,November,2,walk,
785,63,1662,November,2,walk,
63,27,1662,November,2,walk,
27,785,1662,November,2,walk,
785,3,1662,November,3,coach,Sir John Minnes
3,6,1662,November,3,walk,
6,246,1662,November,3,walk,John Creed; Thomas Moore; Mr Howe
246,117,1662,November,3,coach,Thomas Moore
117,785,1662,November,3,walk,
785,9,1662,November,3,walk,
9,785,1662,November,3,walk,
785,9,1662,November,4,walk,
9,785,1662,November,4,walk,
785,27,1662,November,4,walk,
27,785,1662,November,4,walk,
785,9,1662,November,6,walk,
9,785,1662,November,6,walk,
785,43,1662,November,7,walk,Mr Lee; Mr Wade
43,3,1662,November,7,coach,
3,6,1662,November,7,walk,
6,244,1662,November,7,walk,
244,785,1662,November,7,walk,
785,9,1662,November,7,walk,
9,785,1662,November,7,walk,
785,9,1662,November,8,walk,
9,785,1662,November,8,walk,
785,176,1662,November,9,walk,
176,244,1662,November,9,walk,
244,155,1662,November,9,walk,
155,281,1662,November,9,walk,Thomas Moore
281,155,1662,November,9,walk,Thomas Moore
155,785,1662,November,9,walk,
785,63,1662,November,9,walk,
63,785,1662,November,9,walk,
785,9,1662,November,10,walk,
9,3,1662,November,10,coach,Sir John Minnes; Sir William Batten
3,6,1662,November,10,walk,
6,13,1662,November,10,walk,
13,179,1662,November,10,boat,
179,244,1662,November,10,walk,
244,474,1662,November,10,walk,Jack Cole
474,244,1662,November,10,walk,
244,475,1662,November,10,coach,Elizabeth Pepys
475,6,1662,November,10,coach,Elizabeth Pepys
6,244,1662,November,10,coach,Elizabeth Pepys; John Creed
244,785,1662,November,10,coach,Elizabeth Pepys
785,9,1662,November,10,walk,
9,785,1662,November,10,walk,
785,9,1662,November,11,walk,
9,785,1662,November,11,walk,
785,409,1662,November,12,coach,
409,170,1662,November,12,walk,
170,21,1662,November,12,walk,
21,785,1662,November,12,walk,
785,80,1662,November,12,walk,Mr Wade; Mr Evett
80,9,1662,November,12,walk,
9,785,1662,November,12,walk,
785,9,1662,November,13,walk,
9,785,1662,November,13,walk,
785,9,1662,November,14,walk,
9,785,1662,November,14,walk,
785,9,1662,November,15,walk,
9,304,1662,November,15,walk,
304,785,1662,November,15,walk,
785,9,1662,November,15,walk,
9,785,1662,November,15,walk,
785,176,1662,November,16,walk,
176,785,1662,November,16,walk,
785,27,1662,November,16,walk,
27,785,1662,November,16,walk,
785,6,1662,November,17,walk,
6,13,1662,November,17,walk,
13,170,1662,November,17,walk,
170,785,1662,November,17,walk,
785,476,1662,November,17,walk,John Creed
476,113,1662,November,17,walk,
113,170,1662,November,17,boat,Elizabeth Pepys; Mrs Gosnell
170,3,1662,November,17,boat,Elizabeth Pepys; John Creed
3,456,1662,November,17,walk,Elizabeth Pepys; John Creed
456,785,1662,November,17,coach,Elizabeth Pepys
785,9,1662,November,18,walk,
9,63,1662,November,18,walk,Sir John Minnes
63,318,1662,November,18,walk,Mr Phillips
318,170,1662,November,18,walk,Uncle Thomas
170,785,1662,November,18,walk,
785,9,1662,November,18,walk,
9,785,1662,November,18,walk,
785,9,1662,November,20,walk,
9,170,1662,November,20,coach,Mr Coventry
170,380,1662,November,20,walk,Mr Coventry
380,170,1662,November,20,walk,
170,477,1662,November,20,walk,Mr Thurland
477,170,1662,November,20,walk,Mr Thurland
170,74,1662,November,20,coach,Mr Coventry
74,785,1662,November,20,coach,
785,449,1662,November,21,walk,
449,785,1662,November,21,walk,
785,9,1662,November,22,walk,
9,785,1662,November,22,walk,
785,170,1662,November,22,walk,
170,155,1662,November,22,walk,
155,785,1662,November,22,walk,
785,176,1662,November,23,walk,
176,785,1662,November,23,walk,
785,27,1662,November,23,walk,
27,63,1662,November,23,walk,
63,9,1662,November,23,walk,
9,785,1662,November,23,walk,
785,9,1662,November,24,walk,
9,43,1662,November,24,coach,Sir John Minnes; Sir William Batten
43,3,1662,November,24,coach,
3,179,1662,November,24,walk,
179,318,1662,November,24,walk,
318,170,1662,November,24,walk,
170,785,1662,November,24,coach,Thomas Pepys
785,9,1662,November,25,walk,
9,80,1662,November,25,walk,
80,170,1662,November,25,coach,Mr Coventry
170,407,1662,November,25,walk,
407,6,1662,November,25,coach,
6,170,1662,November,25,coach,
170,785,1662,November,25,walk,
785,170,1662,November,26,walk,
170,785,1662,November,26,walk,
785,9,1662,November,27,walk,
9,279,1662,November,27,walk,
279,785,1662,November,27,walk,
785,478,1662,November,27,walk,
478,9,1662,November,27,walk,
9,170,1662,November,27,coach,Mr Coventry
170,785,1662,November,27,walk,
785,9,1662,November,27,walk,
9,785,1662,November,27,walk,
785,479,1662,November,28,walk,
479,785,1662,November,28,walk,
785,9,1662,November,29,walk,
9,71,1662,November,29,coach,Mr Coventry
71,170,1662,November,29,walk,
170,3,1662,November,29,walk,
3,6,1662,November,29,coach,Captain Cuttance
6,246,1662,November,29,walk,
246,6,1662,November,29,walk,
6,71,1662,November,29,walk,
71,170,1662,November,29,walk,
170,785,1662,November,29,walk,
785,176,1662,November,30,walk,
176,785,1662,November,30,walk,
785,643,1662,November,30,walk,
643,785,1662,November,30,walk,
785,27,1662,November,30,walk,
27,785,1662,November,30,walk,
785,3,1662,December,1,coach,Sir John Minnes; Sir William Batten
3,6,1662,December,1,walk,
6,107,1662,December,1,walk,
107,380,1662,December,1,walk,
380,3,1662,December,1,walk,
3,456,1662,December,1,walk,
456,6,1662,December,1,walk,
6,785,1662,December,1,walk,
785,9,1662,December,2,walk,
9,785,1662,December,2,walk,
785,31,1662,December,3,boat,Commissioner Pett
31,1036,1662,December,3,walk,Mr Wood
1036,31,1662,December,3,walk,
31,482,1662,December,3,boat,Commissioner Pett
482,785,1662,December,3,boat,
785,170,1662,December,3,walk,Commissioner Pett
170,785,1662,December,3,walk,
785,9,1662,December,3,walk,
9,785,1662,December,3,walk,
785,9,1662,December,4,walk,
9,785,1662,December,4,walk,
785,105,1662,December,5,walk,
105,74,1662,December,5,walk,W. Swan
74,170,1662,December,5,walk,
170,156,1662,December,5,walk,
156,244,1662,December,5,walk,
244,170,1662,December,5,walk,
170,478,1662,December,5,coach,Uncle Thomas
478,785,1662,December,5,walk,
785,9,1662,December,5,walk,
9,785,1662,December,5,walk,
785,9,1662,December,6,walk,
9,785,1662,December,6,walk,
785,82,1662,December,6,walk,
82,785,1662,December,6,walk,
785,176,1662,December,7,walk,Elizabeth Pepys
176,785,1662,December,7,walk,
785,643,1662,December,7,walk,
643,785,1662,December,7,walk,
785,24,1662,December,7,walk,Elizabeth Pepys; Mrs Gosnell
24,785,1662,December,7,walk,
785,27,1662,December,7,walk,Elizabeth Pepys
27,785,1662,December,7,walk,
785,484,1662,December,8,coach,Mrs Gosnell
484,3,1662,December,8,walk,
3,6,1662,December,8,walk,
6,107,1662,December,8,walk,
107,380,1662,December,8,walk,
380,785,1662,December,8,coach,
785,9,1662,December,9,walk,
9,319,1662,December,9,walk,
319,9,1662,December,9,walk,
9,785,1662,December,9,walk,
785,77,1662,December,10,walk,
77,9,1662,December,10,coach,Sir John Minnes
9,80,1662,December,10,walk,Sir John Minnes; Sir William Batten
80,785,1662,December,10,walk,
785,9,1662,December,10,walk,
9,785,1662,December,10,walk,
785,9,1662,December,11,walk,
9,785,1662,December,11,walk,
785,9,1662,December,12,walk,
9,785,1662,December,12,walk,
785,9,1662,December,13,walk,
9,27,1662,December,13,walk,Mr Coventry
27,9,1662,December,13,walk,
9,785,1662,December,13,walk,
785,176,1662,December,14,walk,
176,785,1662,December,14,walk,
785,3,1662,December,14,walk,
3,6,1662,December,14,walk,
6,95,1662,December,14,walk,
95,6,1662,December,14,walk,
6,419,1662,December,14,walk,John Creed; Captain Ferrers
419,6,1662,December,14,walk,
419,6,1662,December,15,walk,
6,380,1662,December,15,walk,
380,107,1662,December,15,walk,
107,380,1662,December,15,walk,
380,3,1662,December,15,walk,
3,6,1662,December,15,walk,
6,161,1662,December,15,walk,John Creed; Thomas Moore; Will Howe
161,3,1662,December,15,walk,
3,486,1662,December,15,coach,
486,487,1662,December,15,coach,
487,785,1662,December,15,coach,
785,63,1662,December,15,walk,
63,27,1662,December,15,walk,
27,785,1662,December,15,walk,
785,9,1662,December,16,walk,
9,3,1662,December,16,coach,
3,83,1662,December,16,walk,
83,6,1662,December,16,walk,
6,244,1662,December,16,coach,
244,785,1662,December,16,coach,
785,9,1662,December,16,walk,
9,785,1662,December,16,walk,
785,9,1662,December,17,walk,
9,785,1662,December,17,walk,
785,9,1662,December,18,walk,
9,785,1662,December,18,walk,
785,27,1662,December,18,walk,Elizabeth Pepys
27,489,1662,December,18,walk,
489,9,1662,December,18,walk,
785,43,1662,December,19,walk,Mr Lee; Mr Wade; Mr Evett
43,785,1662,December,19,walk,Mr Lee
785,9,1662,December,19,walk,
9,785,1662,December,19,walk,
785,9,1662,December,20,walk,
9,380,1662,December,20,coach,Mr Coventry
380,3,1662,December,20,walk,Mr Coventry
3,785,1662,December,20,coach,
785,9,1662,December,20,walk,
9,785,1662,December,20,walk,
785,176,1662,December,21,walk,
176,785,1662,December,21,walk,
785,244,1662,December,21,walk,
244,3,1662,December,21,walk,
3,95,1662,December,21,walk,
95,6,1662,December,21,walk,
6,419,1662,December,21,walk,John Creed; Captain Ferrers
419,6,1662,December,21,walk,John Creed
419,6,1662,December,22,walk,
6,380,1662,December,22,walk,
380,3,1662,December,22,walk,
3,107,1662,December,22,walk,Mr Coventry
107,358,1662,December,22,horse,Mr Coventry
358,37,1662,December,22,horse,Mr Coventry
37,491,1662,December,22,walk,Mr Coventry
491,37,1662,December,22,walk,
37,3,1662,December,22,boat,Mr Coventry
3,21,1662,December,22,coach,
21,785,1662,December,22,coach,
785,9,1662,December,23,walk,
9,785,1662,December,23,walk,
785,63,1662,December,24,walk,
63,785,1662,December,24,walk,
785,54,1662,December,24,walk,
54,451,1662,December,24,walk,
451,244,1662,December,24,walk,
244,398,1662,December,24,walk,
398,179,1662,December,24,walk,
179,21,1662,December,24,walk,
21,785,1662,December,24,walk,
785,9,1662,December,24,walk,
9,785,1662,December,24,walk,
785,95,1662,December,25,walk,
95,6,1662,December,25,walk,
6,785,1662,December,25,walk,
785,27,1662,December,25,walk,
27,9,1662,December,25,walk,
9,785,1662,December,25,walk,
785,658,1662,December,26,walk,
658,155,1662,December,26,walk,
155,170,1662,December,26,walk,
170,155,1662,December,26,walk,
155,193,1662,December,26,coach,
193,82,1662,December,26,walk,
82,785,1662,December,26,walk,
785,9,1662,December,27,walk,
9,23,1662,December,27,walk,
23,785,1662,December,27,walk,
785,193,1662,December,27,coach,Elizabeth Pepys
193,785,1662,December,27,coach,Elizabeth Pepys
785,176,1662,December,28,walk,Elizabeth Pepys
176,785,1662,December,28,walk,
785,643,1662,December,28,walk,
643,785,1662,December,28,walk,Thomas Pepys
785,24,1662,December,28,walk,
24,785,1662,December,28,walk,
785,3,1662,December,29,walk,
3,13,1662,December,29,walk,
13,98,1662,December,29,walk,Jack Spicer
98,3,1662,December,29,walk,
3,128,1662,December,29,walk,John Creed
128,492,1662,December,29,walk,John Creed; Will Howe
492,785,1662,December,29,coach,
785,9,1662,December,30,walk,
9,82,1662,December,30,walk,
82,785,1662,December,30,walk,
785,493,1662,December,30,coach,Elizabeth Pepys
493,3,1662,December,30,walk,Elizabeth Pepys
3,6,1662,December,30,walk,Elizabeth Pepys
6,785,1662,December,30,walk,
6,13,1662,December,31,walk,
13,98,1662,December,31,walk,Mr Bowyer
98,534,1662,December,31,walk,
534,6,1662,December,31,walk,
6,130,1662,December,31,coach,Elizabeth Pepys
130,3,1662,December,31,walk,
3,446,1662,December,31,coach,Mr Povy; Mr Gauden
446,3,1662,December,31,coach,Mr Povy
3,130,1662,December,31,walk,
130,6,1662,December,31,coach,Elizabeth Pepys
6,3,1663,January,1,walk,
3,6,1663,January,1,walk,
6,193,1663,January,1,coach,Elizabeth Pepys
193,785,1663,January,1,coach,Elizabeth Pepys
785,9,1663,January,1,walk,
9,785,1663,January,1,walk,
785,9,1663,January,2,walk,
9,319,1663,January,2,walk,Sir William Batten
319,785,1663,January,2,walk,
785,27,1663,January,2,walk,
27,9,1663,January,2,walk,
9,785,1663,January,2,walk,
785,9,1663,January,3,walk,
9,785,1663,January,3,walk,
785,176,1663,January,4,walk,
176,785,1663,January,4,walk,
785,155,1663,January,4,walk,Elizabeth Pepys
155,3,1663,January,4,walk,Elizabeth Pepys
3,95,1663,January,4,walk,
95,26,1663,January,4,walk,Elizabeth Pepys
26,6,1663,January,4,walk,
6,380,1663,January,5,walk,
380,3,1663,January,5,walk,
3,6,1663,January,5,walk,Sir William Batten
6,3,1663,January,5,walk,John Creed
3,6,1663,January,5,walk,
6,456,1663,January,5,walk,John Creed
456,6,1663,January,5,walk,
6,380,1663,January,6,walk,
380,244,1663,January,6,coach,Elizabeth Pepys
244,21,1663,January,6,walk,John Creed
21,117,1663,January,6,walk,John Creed
117,785,1663,January,6,walk,
785,9,1663,January,6,walk,
9,23,1663,January,6,walk,
23,495,1663,January,6,walk,
495,244,1663,January,6,walk,John Creed
244,193,1663,January,6,coach,Elizabeth Pepys; John Creed
193,785,1663,January,6,coach,Elizabeth Pepys
785,9,1663,January,6,walk,
9,785,1663,January,6,walk,
785,9,1663,January,7,walk,
9,31,1663,January,7,boat,Mr Waith
31,785,1663,January,7,boat,
785,9,1663,January,7,walk,
9,785,1663,January,7,walk,
785,193,1663,January,8,coach,Elizabeth Pepys
193,785,1663,January,8,coach,Elizabeth Pepys
785,9,1663,January,8,walk,
9,785,1663,January,8,walk,
785,9,1663,January,9,walk,
9,112,1663,January,9,walk,Major Tolhurst; Mr Beane
112,785,1663,January,9,walk,
785,9,1663,January,9,walk,
9,785,1663,January,9,walk,
785,9,1663,January,10,walk,
9,785,1663,January,10,walk,
785,176,1663,January,11,walk,
176,785,1663,January,11,walk,
785,27,1663,January,11,walk,
27,63,1663,January,11,walk,
63,9,1663,January,11,walk,
9,785,1663,January,11,walk,
785,63,1663,January,12,walk,
63,27,1663,January,12,walk,
27,77,1663,January,12,walk,
77,3,1663,January,12,coach,Sir George Carteret
3,6,1663,January,12,walk,
6,380,1663,January,12,walk,Lord Sandwich
380,6,1663,January,12,walk,
6,471,1663,January,12,walk,John Creed
471,496,1663,January,12,walk,John Creed
496,23,1663,January,12,walk,John Creed
23,6,1663,January,12,walk,
6,3,1663,January,12,walk,
3,446,1663,January,12,coach,
446,63,1663,January,12,walk,
63,785,1663,January,12,walk,
785,9,1663,January,13,walk,
9,785,1663,January,13,walk,
785,9,1663,January,14,walk,
9,785,1663,January,14,walk,
785,9,1663,January,15,walk,
9,31,1663,January,15,horse,Mr Coventry
31,785,1663,January,15,horse,
785,9,1663,January,15,walk,
9,785,1663,January,15,walk,
785,9,1663,January,16,walk,
9,785,1663,January,16,walk,
785,9,1663,January,17,walk,
9,785,1663,January,17,walk,
785,193,1663,January,17,coach,John Creed
193,497,1663,January,17,walk,John Creed
497,785,1663,January,17,walk,
785,176,1663,January,18,walk,
176,785,1663,January,18,walk,
785,27,1663,January,18,walk,
27,785,1663,January,18,walk,
785,3,1663,January,19,walk,
3,6,1663,January,19,walk,
6,380,1663,January,19,walk,
380,3,1663,January,19,walk,Mr Coventry
3,498,1663,January,19,coach,
498,499,1663,January,19,coach,Mr Bland
499,244,1663,January,19,walk,
244,155,1663,January,19,walk,
155,785,1663,January,19,walk,
785,9,1663,January,19,walk,
9,785,1663,January,19,walk,
785,6,1663,January,20,coach,
6,654,1663,January,20,walk,
654,6,1663,January,20,walk,
6,785,1663,January,20,walk,
785,9,1663,January,20,walk,
9,785,1663,January,20,walk,
785,9,1663,January,21,walk,
9,785,1663,January,21,walk,
785,501,1663,January,21,coach,Mrs Ackworth
501,785,1663,January,21,walk,
785,9,1663,January,21,walk,
9,785,1663,January,21,walk,
785,9,1663,January,22,walk,
9,502,1663,January,22,walk,
502,785,1663,January,22,walk,
785,498,1663,January,22,coach,
498,6,1663,January,22,coach,
6,419,1663,January,22,walk,John Creed; Mr Pierce; Will Howe; Captain Ferrers
419,6,1663,January,22,walk,
6,785,1663,January,22,walk,
419,244,1663,January,23,walk,
244,155,1663,January,23,walk,Thomas Moore; Mr Lovell
155,338,1663,January,23,walk,Mr Grant
338,484,1663,January,23,walk,
484,338,1663,January,23,walk,Sir William Batten
338,23,1663,January,23,walk,
23,785,1663,January,23,coach,Sir William Batten
785,63,1663,January,23,walk,Sir William Batten
63,9,1663,January,23,walk,
9,27,1663,January,23,walk,
27,9,1663,January,23,walk,
9,785,1663,January,23,walk,
785,9,1663,January,24,walk,
9,23,1663,January,24,walk,
23,489,1663,January,24,walk,
489,785,1663,January,24,walk,
785,102,1663,January,24,boat,
102,785,1663,January,24,boat,
785,498,1663,January,24,coach,
498,785,1663,January,24,coach,Mr Gauden
785,9,1663,January,24,walk,
9,785,1663,January,24,walk,
785,155,1663,January,25,walk,
155,471,1663,January,25,walk,John Creed
471,107,1663,January,25,walk,John Creed
107,6,1663,January,25,walk,
6,244,1663,January,25,walk,
244,785,1663,January,25,walk,
785,9,1663,January,25,walk,
9,785,1663,January,25,walk,
785,94,1663,January,26,boat,Sir William Batten
94,3,1663,January,26,walk,Sir William Batten
3,6,1663,January,26,walk,
6,13,1663,January,26,walk,
13,179,1663,January,26,coach,M. Raby
179,498,1663,January,26,walk,
498,3,1663,January,26,coach,
3,785,1663,January,26,coach,
785,9,1663,January,26,walk,
9,785,1663,January,26,walk,
785,9,1663,January,27,walk,
9,785,1663,January,27,walk,
785,503,1663,January,28,coach,Elizabeth Pepys
503,6,1663,January,28,walk,
6,170,1663,January,28,walk,
170,504,1663,January,28,walk,
504,398,1663,January,28,walk,
398,785,1663,January,28,walk,
785,9,1663,January,28,walk,
9,785,1663,January,28,walk,
785,9,1663,January,29,walk,
9,449,1663,January,29,walk,Mr Coventry
449,27,1663,January,29,walk,
27,9,1663,January,29,walk,
9,785,1663,January,29,walk,
785,176,1663,January,30,walk,
176,785,1663,January,30,walk,
785,9,1663,January,30,walk,
9,785,1663,January,30,walk,
785,9,1663,January,31,walk,
9,785,1663,January,31,walk,
785,6,1663,February,1,walk,
6,785,1663,February,1,walk,
785,380,1663,February,2,coach,Sir John Minnes; Sir William Batten
380,6,1663,February,2,walk,
6,498,1663,February,2,walk,
498,107,1663,February,2,walk,Mr Povy
107,3,1663,February,2,walk,
3,380,1663,February,2,walk,Mr Coventry
380,74,1663,February,2,walk,John Creed
74,170,1663,February,2,walk,
170,244,1663,February,2,walk,
244,785,1663,February,2,walk,
785,9,1663,February,2,walk,
9,785,1663,February,2,walk,
785,9,1663,February,3,walk,
9,785,1663,February,3,walk,
785,155,1663,February,4,walk,
155,505,1663,February,4,walk,
505,451,1663,February,4,walk,
451,506,1663,February,4,walk,
506,451,1663,February,4,walk,
451,74,1663,February,4,walk,Mr Elborough
74,170,1663,February,4,walk,
170,785,1663,February,4,walk,
785,9,1663,February,4,walk,
9,785,1663,February,4,walk,
785,9,1663,February,5,walk,
9,785,1663,February,5,walk,
785,170,1663,February,5,walk,Uncle Thomas
170,785,1663,February,5,walk,
785,409,1663,February,6,walk,
409,507,1663,February,6,walk,
507,498,1663,February,6,walk,
498,170,1663,February,6,walk,
170,6,1663,February,6,walk,
6,23,1663,February,6,coach,
23,785,1663,February,6,walk,
785,9,1663,February,6,walk,
9,785,1663,February,6,walk,
785,9,1663,February,7,walk,
9,785,1663,February,7,walk,
785,6,1663,February,8,walk,
6,95,1663,February,8,walk,
95,471,1663,February,8,walk,John Creed
471,6,1663,February,8,walk,
6,107,1663,February,8,walk,John Creed; Captain Ferrers
107,242,1663,February,8,walk,Captain Ferrers
242,785,1663,February,8,walk,
785,9,1663,February,10,walk,
9,785,1663,February,10,walk,
785,9,1663,February,10,walk,
9,23,1663,February,10,walk,
23,785,1663,February,10,walk,
785,176,1663,February,11,walk,
176,785,1663,February,11,walk,
785,9,1663,February,12,walk,
9,785,1663,February,12,walk,
785,244,1663,February,13,coach,Elizabeth Pepys
244,170,1663,February,13,walk,
170,785,1663,February,13,coach,Elizabeth Pepys
785,9,1663,February,13,walk,
9,785,1663,February,13,walk,
785,9,1663,February,14,walk,
9,785,1663,February,14,walk,
785,170,1663,February,14,coach,Uncle Thomas
170,785,1663,February,14,coach,Uncle Thomas
785,176,1663,February,15,walk,
176,785,1663,February,15,walk,
785,3,1663,February,16,coach,Sir William Batten; Sir John Minnes
3,6,1663,February,16,walk,
6,508,1663,February,16,walk,
508,13,1663,February,16,walk,
13,179,1663,February,16,walk,
179,318,1663,February,16,walk,John Creed
318,170,1663,February,16,walk,John Creed
170,155,1663,February,16,walk,John Creed
155,785,1663,February,16,walk,
785,27,1663,February,16,walk,
27,9,1663,February,16,walk,
9,785,1663,February,16,walk,
785,9,1663,February,17,walk,
9,785,1663,February,17,walk,
785,170,1663,February,17,coach,
170,13,1663,February,17,walk,
13,508,1663,February,17,walk,
508,6,1663,February,17,walk,
6,785,1663,February,17,coach,Mr Pickering
785,9,1663,February,18,walk,
9,785,1663,February,18,walk,
785,9,1663,February,19,walk,
9,785,1663,February,19,walk,
31,178,1663,February,20,boat,
178,37,1663,February,20,boat,Commissioner Pett
37,500,1663,February,20,walk,Commissioner Pett
500,37,1663,February,20,walk,
37,509,1663,February,20,boat,Commissioner Pett
509,170,1663,February,20,boat,
170,785,1663,February,20,walk,
785,9,1663,February,20,walk,
9,785,1663,February,20,walk,
785,37,1663,February,20,boat,
785,478,1663,February,21,walk,Captain Taylor; Mr Bowry
478,74,1663,February,21,walk,Captain Taylor
74,63,1663,February,21,walk,
63,785,1663,February,21,walk,
785,9,1663,February,21,walk,
9,785,1663,February,21,walk,
785,63,1663,February,22,walk,
63,27,1663,February,22,walk,
27,785,1663,February,22,walk,
785,3,1663,February,23,boat,
3,380,1663,February,23,walk,
380,6,1663,February,23,walk,
6,43,1663,February,23,boat,
43,785,1663,February,23,walk,
785,193,1663,February,23,coach,Elizabeth Pepys; John Creed
193,3,1663,February,23,coach,Elizabeth Pepys
3,456,1663,February,23,walk,Elizabeth Pepys
456,785,1663,February,23,coach,Elizabeth Pepys
785,9,1663,February,24,walk,
9,13,1663,February,24,boat,
13,508,1663,February,24,walk,
508,6,1663,February,24,walk,
6,785,1663,February,24,boat,
785,9,1663,February,24,walk,
9,785,1663,February,24,walk,
785,9,1663,February,25,walk,
9,785,1663,February,25,walk,
785,170,1663,February,25,walk,
170,244,1663,February,25,walk,
244,155,1663,February,25,walk,
155,785,1663,February,25,walk,
785,94,1663,February,26,walk,Sir William Batten
94,13,1663,February,26,boat,Sir William Batten
13,6,1663,February,26,walk,John Creed
6,471,1663,February,26,walk,John Creed
471,345,1663,February,26,walk,John Creed
345,43,1663,February,26,boat,
43,785,1663,February,26,walk,
785,9,1663,February,26,walk,
9,785,1663,February,26,walk,
785,9,1663,February,27,walk,
9,510,1663,February,27,walk,Commissioner Pett
510,9,1663,February,27,walk,
9,63,1663,February,27,walk,
63,9,1663,February,27,walk,
9,785,1663,February,27,walk,
785,9,1663,February,28,walk,
9,63,1663,February,28,walk,
63,170,1663,February,28,walk,Uncle Thomas
170,13,1663,February,28,boat,Roger Pepys
13,6,1663,February,28,walk,Roger Pepys
6,170,1663,February,28,walk,Roger Pepys
170,3,1663,February,28,walk,
3,785,1663,February,28,walk,
785,9,1663,February,28,walk,
9,785,1663,February,28,walk,
785,95,1663,March,1,walk,
95,3,1663,March,1,walk,
3,447,1663,March,1,walk,
447,6,1663,March,1,walk,
6,785,1663,March,1,walk,
785,170,1663,March,2,coach,
170,21,1663,March,2,walk,
21,785,1663,March,2,walk,
785,9,1663,March,2,walk,
9,785,1663,March,2,walk,
785,9,1663,March,3,walk,
9,785,1663,March,3,walk,William Hewer
785,338,1663,March,3,walk,
338,15,1663,March,3,walk,
15,785,1663,March,3,walk,
785,6,1663,March,4,coach,
6,785,1663,March,4,coach,
785,9,1663,March,4,walk,
9,785,1663,March,4,walk,
785,9,1663,March,5,walk,
9,23,1663,March,5,walk,
23,785,1663,March,5,walk,
785,9,1663,March,5,walk,
9,785,1663,March,5,walk,
785,9,1663,March,6,walk,
9,785,1663,March,6,walk,Uncle Wight; Aunt Wight
785,9,1663,March,7,walk,
9,176,1663,March,7,walk,Elizabeth Pepys
176,193,1663,March,7,walk,Elizabeth Pepys
193,785,1663,March,7,walk,Elizabeth Pepys
785,9,1663,March,8,walk,
9,785,1663,March,8,walk,
785,193,1663,March,8,walk,Elizabeth Pepys
193,785,1663,March,8,walk,Elizabeth Pepys
785,9,1663,March,9,walk,
9,785,1663,March,9,walk,
785,9,1663,March,10,walk,
9,785,1663,March,10,walk,
785,9,1663,March,11,walk,
9,334,1663,March,11,walk,Sir John Minnes; Sir William Penn
334,9,1663,March,11,walk,
9,785,1663,March,11,walk,
785,9,1663,March,12,walk,
9,785,1663,March,12,walk,
785,9,1663,March,13,walk,
9,314,1663,March,13,walk,
314,785,1663,March,13,walk,
785,244,1663,March,14,walk,
244,9,1663,March,14,walk,
9,244,1663,March,14,walk,
244,785,1663,March,14,walk,
785,176,1663,March,15,walk,Elizabeth Pepys; Mrs Ashwell
176,785,1663,March,15,walk,
785,59,1663,March,16,coach,Elizabeth Pepys; Mrs Ashwell
59,6,1663,March,16,coach,Mrs Ashwell
6,380,1663,March,16,walk,
380,3,1663,March,16,walk,
3,6,1663,March,16,walk,
6,170,1663,March,16,coach,Elizabeth Pepys
170,785,1663,March,16,coach,Elizabeth Pepys
785,9,1663,March,16,walk,
9,785,1663,March,16,walk,
785,512,1663,March,17,coach,Sir William Batten
512,513,1663,March,17,walk,
513,512,1663,March,17,walk,
512,43,1663,March,17,boat,Sir William Batten
43,473,1663,March,17,coach,Sir William Batten
473,785,1663,March,17,walk,
785,9,1663,March,17,walk,
9,785,1663,March,17,walk,
785,244,1663,March,18,walk,
244,71,1663,March,18,walk,
71,398,1663,March,18,walk,
398,244,1663,March,18,walk,
244,176,1663,March,18,walk,
176,17,1663,March,18,walk,
17,785,1663,March,18,walk,
785,9,1663,March,19,walk,
9,785,1663,March,19,walk,
785,244,1663,March,19,coach,Elizabeth Pepys
244,785,1663,March,19,coach,
785,9,1663,March,20,walk,
9,785,1663,March,20,walk,
785,9,1663,March,21,walk,
9,785,1663,March,21,walk,
785,9,1663,March,22,walk,
9,785,1663,March,22,walk,
785,24,1663,March,22,walk,
24,785,1663,March,22,walk,
785,59,1663,March,23,coach,Elizabeth Pepys; Mrs Ashwell
59,6,1663,March,23,coach,Mrs Ashwell
6,3,1663,March,23,walk,
3,6,1663,March,23,walk,John Creed
6,785,1663,March,23,coach,Will Howe
785,178,1663,March,24,boat,
178,37,1663,March,24,walk,
37,31,1663,March,24,walk,Captain Grove
31,30,1663,March,24,walk,
30,785,1663,March,24,boat,
785,95,1663,March,25,boat,
95,3,1663,March,25,walk,
3,107,1663,March,25,walk,
107,785,1663,March,25,walk,
785,9,1663,March,25,walk,
9,785,1663,March,25,walk,
785,9,1663,March,26,walk,
9,785,1663,March,26,walk,
785,23,1663,March,26,walk,Uncle Thomas
23,785,1663,March,26,walk,
785,23,1663,March,27,walk,
23,74,1663,March,27,walk,Uncle Thomas; Uncle Wight
74,15,1663,March,27,walk,John Creed
15,19,1663,March,27,walk,John Creed
19,21,1663,March,27,walk,
21,785,1663,March,27,walk,
785,9,1663,March,27,walk,
9,785,1663,March,27,walk,
785,9,1663,March,28,walk,
9,233,1663,March,28,walk,
233,17,1663,March,28,walk,
17,303,1663,March,28,walk,
303,9,1663,March,28,walk,
9,785,1663,March,28,walk,
785,176,1663,March,29,walk,
176,785,1663,March,29,walk,
785,9,1663,March,30,walk,
9,3,1663,March,30,coach,Sir William Penn
3,785,1663,March,30,coach,
785,9,1663,March,31,walk,
9,63,1663,March,31,walk,
63,785,1663,March,31,walk,
785,244,1663,April,1,walk,
244,170,1663,April,1,walk,
170,244,1663,April,1,walk,
244,522,1663,April,1,walk,
522,785,1663,April,1,walk,
785,9,1663,April,1,walk,
9,63,1663,April,1,walk,
63,785,1663,April,1,walk,
785,13,1663,April,2,coach,Sir William Penn
13,785,1663,April,2,coach,Sir William Penn
785,9,1663,April,2,walk,
9,785,1663,April,2,walk,
785,113,1663,April,3,walk,
113,3,1663,April,3,boat,
3,95,1663,April,3,walk,
95,3,1663,April,3,walk,
3,785,1663,April,3,walk,
785,3,1663,April,3,boat,
3,6,1663,April,3,walk,
6,785,1663,April,3,coach,
785,9,1663,April,3,walk,
9,785,1663,April,3,walk,
785,400,1663,April,4,walk,Thomas Moore
400,9,1663,April,4,walk,
9,785,1663,April,4,walk,
785,348,1663,April,4,coach,Aunt Wight; Uncle Wight; Betty Turner; Roger Pepys
348,785,1663,April,4,coach,
785,9,1663,April,4,walk,
785,176,1663,April,5,walk,Elizabeth Pepys; Mrs Ashwell
176,785,1663,April,5,walk,
785,9,1663,April,6,walk,
9,77,1663,April,6,walk,
77,785,1663,April,6,walk,
785,404,1663,April,6,coach,Elizabeth Pepys
404,3,1663,April,6,walk,
3,404,1663,April,6,walk,
404,785,1663,April,6,coach,Elizabeth Pepys
785,9,1663,April,6,walk,
9,785,1663,April,6,walk,
785,9,1663,April,7,walk,
9,23,1663,April,7,walk,
23,785,1663,April,7,walk,
785,9,1663,April,7,walk,
9,785,1663,April,7,walk,
785,170,1663,April,8,walk,Commissioner Pett
170,3,1663,April,8,boat,Commissioner Pett
3,95,1663,April,8,walk,
95,3,1663,April,8,walk,
3,785,1663,April,8,boat,
785,31,1663,April,8,boat,John Pepys; Elizabeth Pepys; Mrs Ashwell
31,785,1663,April,8,boat,
785,37,1663,April,8,boat,John Pepys
37,178,1663,April,8,walk,John Pepys
178,353,1663,April,8,walk,
353,37,1663,April,8,walk,
37,102,1663,April,8,boat,
102,785,1663,April,8,boat,
785,9,1663,April,8,walk,
9,785,1663,April,8,walk,
785,9,1663,April,9,walk,
9,785,1663,April,9,walk,
785,9,1663,April,10,walk,
9,23,1663,April,10,walk,
23,1011,1663,April,10,walk,Sir J. Cutler; Mr Grant
1011,785,1663,April,10,walk,
785,3,1663,April,10,boat,Elizabeth Pepys
3,107,1663,April,10,walk,
107,6,1663,April,10,walk,Elizabeth Pepys
6,345,1663,April,10,walk,Elizabeth Pepys
345,785,1663,April,10,coach,Elizabeth Pepys
785,9,1663,April,10,walk,
9,785,1663,April,10,walk,
785,9,1663,April,11,walk,
9,785,1663,April,11,walk,
785,24,1663,April,11,walk,John Pepys
24,785,1663,April,11,walk,
785,176,1663,April,12,walk,
176,785,1663,April,12,walk,
785,6,1663,April,12,walk,Elizabeth Pepys
6,3,1663,April,12,walk,John Creed
3,6,1663,April,12,walk,
6,156,1663,April,12,coach,Elizabeth Pepys; John Creed
156,785,1663,April,12,coach,
785,94,1663,April,13,walk,Sir William Batten
94,3,1663,April,13,boat,Sir William Batten
3,380,1663,April,13,walk,
380,3,1663,April,13,walk,
3,484,1663,April,13,walk,John Creed
484,155,1663,April,13,walk,
155,785,1663,April,13,walk,
785,37,1663,April,14,barge,Sir William Batten; Sir John Minnes; Sir William Penn
37,188,1663,April,14,walk,
188,178,1663,April,14,walk,
178,31,1663,April,14,boat,
31,102,1663,April,14,walk,
102,785,1663,April,14,boat,
785,9,1663,April,14,walk,
9,785,1663,April,14,walk,
785,413,1663,April,15,boat,Mr Maynes
413,785,1663,April,15,boat,
785,31,1663,April,15,walk,
31,525,1663,April,15,walk,Mr Shishe
525,31,1663,April,15,boat,Mr Shishe
31,785,1663,April,15,boat,
785,9,1663,April,15,walk,
9,785,1663,April,15,walk,
785,9,1663,April,16,walk,
9,785,1663,April,16,walk,
785,21,1663,April,17,walk,John Pepys
21,785,1663,April,17,walk,
785,9,1663,April,17,walk,
9,785,1663,April,17,walk,
785,9,1663,April,18,walk,
9,785,1663,April,18,walk,
785,176,1663,April,19,walk,
176,785,1663,April,19,walk,
785,176,1663,April,19,walk,John Pepys
176,24,1663,April,19,walk,John Pepys
24,785,1663,April,19,walk,
785,9,1663,April,20,walk,
9,526,1663,April,20,walk,
526,785,1663,April,20,walk,
785,3,1663,April,20,coach,
3,311,1663,April,20,coach,Sir George Carteret; Sir John Minnes
311,785,1663,April,20,coach,Sir John Minnes
785,9,1663,April,21,walk,
9,785,1663,April,21,walk,
785,9,1663,April,22,walk,
9,23,1663,April,22,walk,
23,24,1663,April,22,walk,
24,16,1663,April,22,coach,Elizabeth Pepys; John Pepys; Mrs Ashwell
16,785,1663,April,22,coach,
785,9,1663,April,22,walk,
9,785,1663,April,22,walk,
785,9,1663,April,23,walk,
9,63,1663,April,23,walk,
63,9,1663,April,23,walk,
9,785,1663,April,23,walk,
785,23,1663,April,24,walk,Captain Holland
23,785,1663,April,24,walk,
785,102,1663,April,24,walk,Elizabeth Pepys; Mrs Ashwell
102,785,1663,April,24,walk,Elizabeth Pepys; Mrs Ashwell
785,9,1663,April,25,walk,
9,785,1663,April,25,walk,
785,23,1663,April,25,walk,
23,13,1663,April,25,walk,
13,3,1663,April,25,walk,
3,6,1663,April,25,walk,
6,170,1663,April,25,boat,
170,785,1663,April,25,walk,
785,176,1663,April,26,walk,John Pepys; Thomas Pepys
176,785,1663,April,26,walk,
785,102,1663,April,26,boat,Elizabeth Pepys; Mrs Ashwell
102,785,1663,April,26,walk,Elizabeth Pepys; Mrs Ashwell
785,3,1663,April,27,boat,
3,380,1663,April,27,walk,Mr Coventry; Sir William Penn
380,3,1663,April,27,walk,
3,6,1663,April,27,walk,
6,528,1663,April,27,walk,John Creed
528,13,1663,April,27,walk,John Creed
13,785,1663,April,27,coach,
785,9,1663,April,28,walk,
9,785,1663,April,28,walk,
785,244,1663,April,29,walk,John Pepys
244,529,1663,April,29,coach,John Pepys
529,530,1663,April,29,coach,John Pepys
530,21,1663,April,29,coach,John Pepys
21,785,1663,April,29,coach,John Pepys
785,63,1663,April,30,walk,
63,785,1663,April,30,walk,
785,9,1663,April,30,walk,
9,23,1663,April,30,walk,
23,785,1663,April,30,walk,
785,9,1663,April,30,walk,
9,785,1663,April,30,walk,
785,531,1663,May,1,horse,John Pepys; Thomas Pepys; Will Stankes
531,348,1663,May,1,horse,
348,785,1663,May,1,horse,
785,71,1663,May,1,walk,
71,785,1663,May,1,walk,
785,9,1663,May,2,walk,
9,23,1663,May,2,walk,
23,785,1663,May,2,walk,
785,9,1663,May,2,walk,
9,27,1663,May,2,walk,
27,785,1663,May,2,walk,
785,9,1663,May,2,walk,
9,785,1663,May,2,walk,
785,176,1663,May,3,walk,
176,785,1663,May,3,walk,
785,341,1663,May,4,boat,
341,785,1663,May,4,boat,
785,179,1663,May,4,coach,Elizabeth Pepys
179,380,1663,May,4,walk,
380,3,1663,May,4,walk,
3,6,1663,May,4,walk,
6,3,1663,May,4,walk,
3,130,1663,May,4,walk,Elizabeth Pepys
130,23,1663,May,4,walk,Elizabeth Pepys; John Creed
23,532,1663,May,4,boat,Elizabeth Pepys
532,71,1663,May,4,walk,Elizabeth Pepys
71,244,1663,May,4,walk,Elizabeth Pepys
244,785,1663,May,4,coach,Elizabeth Pepys
785,9,1663,May,5,walk,
9,785,1663,May,5,walk,
785,9,1663,May,6,walk,
9,23,1663,May,6,walk,John Creed
23,21,1663,May,6,walk,
21,334,1663,May,6,walk,
334,9,1663,May,6,walk,
9,785,1663,May,6,walk,
785,345,1663,May,7,boat,Elizabeth Pepys
345,228,1663,May,7,walk,
228,244,1663,May,7,walk,
244,13,1663,May,7,walk,
13,179,1663,May,7,coach,
179,244,1663,May,7,coach,Elizabeth Pepys
244,785,1663,May,7,coach,Elizabeth Pepys
785,341,1663,May,7,boat,Elizabeth Pepys
341,785,1663,May,7,boat,Elizabeth Pepys
785,410,1663,May,8,boat,
410,533,1663,May,8,walk,
533,179,1663,May,8,walk,
179,170,1663,May,8,walk,
170,244,1663,May,8,walk,
244,533,1663,May,8,coach,Elizabeth Pepys; Mrs Ashwell
533,785,1663,May,8,boat,Elizabeth Pepys; Mrs Ashwell
785,9,1663,May,8,walk,
9,785,1663,May,8,walk,
785,244,1663,May,9,walk,
244,534,1663,May,9,walk,
534,785,1663,May,9,boat,
785,9,1663,May,9,walk,
9,785,1663,May,9,walk,
785,380,1663,May,10,walk,
380,3,1663,May,10,walk,Mr Coventry
3,380,1663,May,10,walk,
380,471,1663,May,10,walk,John Creed
471,107,1663,May,10,walk,John Creed
107,785,1663,May,10,walk,
785,37,1663,May,11,boat,
37,178,1663,May,11,walk,
178,785,1663,May,11,boat,
785,538,1663,May,11,coach,Sir William Penn; Margaret Penn
538,380,1663,May,11,coach,Sir William Penn
380,66,1663,May,11,boat,
66,451,1663,May,11,walk,Mr Crumlum
451,537,1663,May,11,walk,
537,785,1663,May,11,walk,
785,9,1663,May,12,walk,
9,785,1663,May,12,walk,
785,9,1663,May,13,walk,
9,785,1663,May,13,walk,
785,170,1663,May,14,walk,
170,241,1663,May,14,walk,Thomas Moore
241,785,1663,May,14,walk,
785,9,1663,May,14,walk,
9,785,1663,May,14,walk,
785,380,1663,May,15,walk,
380,107,1663,May,15,walk,
107,380,1663,May,15,walk,
380,13,1663,May,15,walk,
13,179,1663,May,15,coach,
179,380,1663,May,15,coach,
380,785,1663,May,15,walk,
785,9,1663,May,16,walk,
9,785,1663,May,16,walk,
785,404,1663,May,18,coach,Elizabeth Pepys; Mrs Ashwell; John Creed
404,380,1663,May,18,walk,
380,6,1663,May,18,walk,
6,3,1663,May,18,walk,John Creed
3,404,1663,May,18,walk,
404,3,1663,May,18,walk,John Creed
3,107,1663,May,18,walk,John Creed
107,404,1663,May,18,coach,Elizabeth Pepys; Mrs Ashwell; Mrs Clerke
404,348,1663,May,18,coach,Elizabeth Pepys; Mrs Ashwell; Mrs Clerke
348,404,1663,May,18,coach,
404,785,1663,May,18,coach,Elizabeth Pepys
785,9,1663,May,19,walk,
9,43,1663,May,19,walk,Sir John Minnes
43,9,1663,May,19,walk,
9,102,1663,May,19,boat,Elizabeth Pepys; Mrs Ashwell; Pembleton
102,443,1663,May,19,boat,
443,785,1663,May,19,walk,
785,9,1663,May,19,walk,
9,785,1663,May,19,walk,
785,9,1663,May,20,walk,
9,334,1663,May,20,walk,
334,785,1663,May,20,walk,
785,178,1663,May,20,boat,Elizabeth Pepys; Mrs Ashwell; Mr Howe
178,536,1663,May,20,walk,
536,785,1663,May,20,boat,
785,9,1663,May,21,walk,
9,785,1663,May,21,walk,
785,9,1663,May,22,walk,
9,23,1663,May,22,walk,John Creed
23,785,1663,May,22,walk,
785,178,1663,May,22,boat,John Creed
178,37,1663,May,22,walk,John Creed
37,178,1663,May,22,walk,John Creed
178,31,1663,May,22,boat,John Creed
31,102,1663,May,22,walk,John Creed
102,3,1663,May,22,boat,
3,785,1663,May,22,boat,
785,170,1663,May,23,boat,
170,407,1663,May,23,walk,
407,3,1663,May,23,coach,Sir John Minnes; Sir William Penn
3,407,1663,May,23,boat,
407,785,1663,May,23,boat,
785,9,1663,May,23,walk,
9,785,1663,May,23,walk,
785,176,1663,May,24,walk,
176,785,1663,May,24,walk,
785,27,1663,May,24,walk,Sir John Minnes
27,785,1663,May,24,walk,
785,380,1663,May,25,coach,Elizabeth Pepys; Mrs Ashwell
380,499,1663,May,25,coach,Elizabeth Pepys; Mrs Ashwell
499,6,1663,May,25,walk,
6,785,1663,May,25,coach,Elizabeth Pepys
785,9,1663,May,26,walk,
9,785,1663,May,26,walk,
785,170,1663,May,27,boat,Commissioner Pett
170,380,1663,May,27,walk,Commissioner Pett
380,1005,1663,May,27,walk,Commissioner Pett
1005,13,1663,May,27,walk,
13,516,1663,May,27,boat,
516,530,1663,May,27,walk,
530,785,1663,May,27,boat,
785,9,1663,May,27,walk,
9,785,1663,May,27,walk,
785,228,1663,May,28,walk,
228,23,1663,May,28,walk,
23,338,1663,May,28,walk,
338,785,1663,May,28,walk,
785,16,1663,May,28,boat,John Creed; Elizabeth Pepys
16,193,1663,May,28,boat,John Creed; Elizabeth Pepys
193,170,1663,May,28,walk,John Creed
170,785,1663,May,28,walk,John Creed; Elizabeth Pepys
785,102,1663,May,28,boat,John Creed; Elizabeth Pepys
102,443,1663,May,28,boat,Elizabeth Pepys; John Creed
443,785,1663,May,28,walk,
785,176,1663,May,29,walk,
176,785,1663,May,29,walk,
785,338,1663,May,29,walk,John Creed
338,785,1663,May,29,walk,
785,16,1663,May,29,boat,John Creed
16,193,1663,May,29,boat,John Creed
193,87,1663,May,29,walk,John Creed
87,244,1663,May,29,walk,
244,139,1663,May,29,walk,
139,244,1663,May,29,walk,
244,785,1663,May,29,walk,
785,9,1663,May,29,walk,
9,785,1663,May,29,walk,
785,241,1663,May,30,boat,John Creed
241,345,1663,May,30,walk,John Creed
345,244,1663,May,30,walk,John Creed
244,785,1663,May,30,walk,
785,9,1663,May,30,walk,
9,785,1663,May,30,walk,
785,176,1663,May,31,walk,
176,785,1663,May,31,walk,
785,244,1663,June,1,walk,
244,380,1663,June,1,walk,
380,3,1663,June,1,walk,
3,541,1663,June,1,coach,Sir John Minnes
541,193,1663,June,1,walk,
193,542,1663,June,1,walk,
542,785,1663,June,1,walk,
785,27,1663,June,1,walk,
27,785,1663,June,1,walk,
785,3,1663,June,2,boat,
3,380,1663,June,2,walk,
380,13,1663,June,2,walk,
13,543,1663,June,2,walk,
543,63,1663,June,2,walk,
63,9,1663,June,2,walk,
9,27,1663,June,2,walk,
27,785,1663,June,2,walk,
785,9,1663,June,2,walk,
9,785,1663,June,2,walk,
785,9,1663,June,3,walk,
9,519,1663,June,3,walk,
519,23,1663,June,3,walk,
23,785,1663,June,3,walk,Mr Deane
785,9,1663,June,3,walk,
9,785,1663,June,3,walk,
785,13,1663,June,4,coach,Elizabeth Pepys; Mrs Ashwell
13,59,1663,June,4,walk,Elizabeth Pepys; Mrs Ashwell
59,13,1663,June,4,walk,
13,785,1663,June,4,boat,
785,9,1663,June,4,walk,
9,785,1663,June,4,walk,
785,59,1663,June,5,coach,Elizabeth Pepys
59,244,1663,June,5,walk,
244,21,1663,June,5,walk,
21,31,1663,June,5,boat,
31,102,1663,June,5,walk,
102,3,1663,June,5,boat,
3,6,1663,June,5,walk,Elizabeth Pepys
6,179,1663,June,5,walk,Elizabeth Pepys
179,71,1663,June,5,walk,Elizabeth Pepys
71,785,1663,June,5,coach,Elizabeth Pepys
785,77,1663,June,6,walk,
77,160,1663,June,6,walk,
160,3,1663,June,6,coach,Sir John Hebden
3,785,1663,June,6,coach,Sir John Hebden
785,170,1663,June,6,boat,
170,546,1663,June,6,boat,Mr Deane
546,74,1663,June,6,walk,Mr Deane
74,785,1663,June,6,boat,
785,9,1663,June,6,walk,
9,785,1663,June,6,walk,
785,176,1663,June,7,walk,
176,785,1663,June,7,walk,
785,63,1663,June,7,walk,
63,27,1663,June,7,walk,
27,785,1663,June,7,walk,
785,380,1663,June,8,coach,Sir John Minnes
380,785,1663,June,8,coach,
785,9,1663,June,9,walk,
9,785,1663,June,9,walk,
785,23,1663,June,10,walk,
23,785,1663,June,10,walk,
785,16,1663,June,10,boat,John Creed
16,547,1663,June,10,walk,John Creed
547,548,1663,June,10,walk,
548,785,1663,June,10,boat,
785,27,1663,June,10,walk,
27,785,1663,June,10,walk,
785,9,1663,June,11,walk,
9,785,1663,June,11,walk,
785,9,1663,June,12,walk,
9,23,1663,June,12,walk,
23,785,1663,June,12,walk,
785,16,1663,June,12,boat,Elizabeth Pepys
16,23,1663,June,12,boat,Elizabeth Pepys
23,9,1663,June,12,walk,
9,27,1663,June,12,walk,
27,785,1663,June,12,walk,
785,94,1663,June,13,walk,
94,3,1663,June,13,boat,
3,77,1663,June,13,coach,Mr Cutler
77,284,1663,June,13,walk,Mr Cutler
284,9,1663,June,13,walk,
9,13,1663,June,13,walk,Mr Wayth
13,285,1663,June,13,walk,Mr Wayth
285,532,1663,June,13,boat,Mr Wayth
532,23,1663,June,13,walk,
23,785,1663,June,13,walk,
785,16,1663,June,13,boat,
16,26,1663,June,13,walk,Elizabeth Pepys
26,785,1663,June,13,coach,Elizabeth Pepys
785,9,1663,June,13,walk,
9,785,1663,June,13,walk,
785,176,1663,June,14,walk,
176,785,1663,June,14,walk,
785,27,1663,June,14,walk,
27,785,1663,June,14,walk,
785,94,1663,June,15,walk,
94,785,1663,June,15,walk,
785,549,1663,June,15,coach,Elizabeth Pepys
549,785,1663,June,15,coach,
785,550,1663,June,15,boat,
550,551,1663,June,15,walk,
551,334,1663,June,15,barge,Sir William Batten; Lord Sandwich
334,70,1663,June,15,barge,Lord Sandwich
70,785,1663,June,15,walk,
785,9,1663,June,16,walk,
9,63,1663,June,16,walk,
63,552,1663,June,16,walk,Sir John Minnes
552,9,1663,June,16,walk,
9,553,1663,June,16,walk,
553,9,1663,June,16,walk,
9,27,1663,June,16,walk,
27,785,1663,June,16,walk,
785,3,1663,June,17,boat,
3,785,1663,June,17,boat,
785,9,1663,June,18,walk,
9,785,1663,June,18,walk,
785,63,1663,June,18,walk,
63,785,1663,June,18,walk,
785,9,1663,June,19,walk,
9,23,1663,June,19,walk,
23,785,1663,June,19,walk,
785,101,1663,June,19,boat,John Creed; Thomas Moore
101,3,1663,June,19,boat,
3,4,1663,June,19,walk,
4,107,1663,June,19,walk,
107,554,1663,June,19,walk,
554,83,1663,June,19,walk,
83,785,1663,June,19,boat,
785,9,1663,June,20,walk,
9,785,1663,June,20,walk,
785,546,1663,June,20,boat,Mr Deane
546,785,1663,June,20,boat,
785,3,1663,June,21,boat,
3,380,1663,June,21,walk,Mr Coventry
380,3,1663,June,21,coach,Mr Coventry
3,785,1663,June,21,boat,
785,176,1663,June,21,walk,
176,449,1663,June,21,walk,Sir John Minnes
449,27,1663,June,21,walk,
27,9,1663,June,21,walk,
9,785,1663,June,21,walk,
785,13,1663,June,22,coach,Sir William Batten
13,74,1663,June,22,walk,John Creed
74,107,1663,June,22,walk,John Creed
107,380,1663,June,22,walk,John Creed
380,107,1663,June,22,walk,John Creed
107,3,1663,June,22,walk,
3,170,1663,June,22,boat,
170,244,1663,June,22,walk,
244,785,1663,June,22,walk,
785,63,1663,June,22,walk,
63,556,1663,June,22,coach,young Mr Batten
556,785,1663,June,22,walk,
785,9,1663,June,22,walk,
9,785,1663,June,22,walk,
785,170,1663,June,23,boat,
170,785,1663,June,23,boat,
785,23,1663,June,23,walk,
23,785,1663,June,23,walk,
785,74,1663,June,24,walk,
74,170,1663,June,24,boat,
170,380,1663,June,24,boat,
380,6,1663,June,24,walk,
6,471,1663,June,24,walk,John Creed
471,557,1663,June,24,walk,John Creed
557,107,1663,June,24,walk,John Creed
107,785,1663,June,24,boat,
785,178,1663,June,24,boat,John Creed
178,558,1663,June,24,walk,John Creed
558,785,1663,June,24,boat,John Creed
785,9,1663,June,25,walk,
9,785,1663,June,25,walk,
785,1295,1663,June,25,horse,
1295,785,1663,June,25,horse,
785,170,1663,June,26,walk,Thomas Moore
170,559,1663,June,26,walk,Thomas Moore
559,13,1663,June,26,boat,Thomas Moore
13,785,1663,June,26,boat,
785,560,1663,June,26,coach,Sir William Batten; Sir John Minnes; Lady Batten
560,785,1663,June,26,coach,
785,413,1663,June,27,boat,Sir William Warren
413,9,1663,June,27,boat,
9,785,1663,June,27,walk,
785,170,1663,June,27,boat,
170,561,1663,June,27,walk,Mr Clerke
561,244,1663,June,27,walk,
244,785,1663,June,27,walk,
785,9,1663,June,27,walk,
785,170,1663,June,29,boat,
170,380,1663,June,29,boat,
380,107,1663,June,29,walk,John Creed
107,13,1663,June,29,walk,John Creed
13,83,1663,June,29,walk,Mrs Lane
83,3,1663,June,29,walk,
3,170,1663,June,29,boat,Roger Pepys
170,156,1663,June,29,walk,Roger Pepys; Mr Goldsborough
156,170,1663,June,29,walk,
170,785,1663,June,29,boat,
785,63,1663,June,29,walk,
63,785,1663,June,29,walk,
785,3,1663,June,30,boat,John Creed
3,6,1663,June,30,walk,John Creed; Lord Sandwich
6,107,1663,June,30,walk,Lord Sandwich; John Creed
107,3,1663,June,30,walk,
3,785,1663,June,30,boat,
785,562,1663,June,30,boat,
562,31,1663,June,30,walk,John Creed
31,785,1663,June,30,boat,John Creed
785,3,1663,July,1,boat,John Creed
3,380,1663,July,1,walk,
380,13,1663,July,1,walk,
13,334,1663,July,1,boat,Sir William Batten
334,785,1663,July,1,boat,
785,170,1663,July,1,boat,
170,244,1663,July,1,walk,
244,785,1663,July,1,walk,
785,9,1663,July,2,walk,
9,23,1663,July,2,walk,
23,338,1663,July,2,walk,Captain Cox
338,785,1663,July,2,walk,
785,9,1663,July,2,walk,
9,785,1663,July,2,walk,
785,380,1663,July,3,coach,Sir John Minnes; Sir William Batten
380,13,1663,July,3,walk,
13,101,1663,July,3,boat,John Creed
101,563,1663,July,3,walk,John Creed
563,23,1663,July,3,boat,
23,785,1663,July,3,walk,
785,9,1663,July,3,walk,
9,27,1663,July,3,boat,
27,785,1663,July,3,walk,
785,380,1663,July,4,boat,Sir John Minnes; Sir William Batten
380,471,1663,July,4,walk,John Creed
471,348,1663,July,4,coach,John Creed; Mr Cutler
348,380,1663,July,4,walk,
380,101,1663,July,4,boat,
101,785,1663,July,4,walk,
785,564,1663,July,5,walk,
564,565,1663,July,5,horse,Sir John Minnes
565,566,1663,July,5,horse,Sir John Minnes
566,785,1663,July,5,horse,Sir John Minnes
785,9,1663,July,6,walk,
9,785,1663,July,6,walk,
785,37,1663,July,7,barge,Sir John Minnes
37,178,1663,July,7,walk,Mr Deane
178,31,1663,July,7,boat,
31,785,1663,July,7,boat,Mr Coventry
785,9,1663,July,8,walk,
9,63,1663,July,8,walk,
63,785,1663,July,8,walk,
785,70,1663,July,9,boat,
70,74,1663,July,9,walk,
74,301,1663,July,9,walk,
301,318,1663,July,9,walk,
318,785,1663,July,9,walk,
785,31,1663,July,9,boat,
31,27,1663,July,9,walk,
27,785,1663,July,9,walk,
785,13,1663,July,10,boat,
13,785,1663,July,10,boat,
785,1062,1663,July,10,boat,
1062,225,1663,July,10,horse,
119,1061,1663,July,11,walk,
1061,119,1663,July,11,coach,Commissioner Pett
119,1061,1663,July,11,coach,
1061,569,1663,July,11,boat,
569,570,1663,July,11,barge,
570,119,1663,July,11,barge,
119,1573,1663,July,12,walk,Sir John Minnes
1573,119,1663,July,12,walk,
119,1573,1663,July,12,walk,
1573,1061,1663,July,12,walk,
1061,119,1663,July,12,walk,
119,1061,1663,July,13,walk,
1061,119,1663,July,13,walk,
119,424,1663,July,13,barge,
424,785,1663,July,13,coach,Sir John Minnes; Mrs Allen
785,170,1663,July,13,walk,
170,3,1663,July,13,boat,
3,785,1663,July,13,boat,
785,63,1663,July,13,walk,
63,785,1663,July,13,walk,
785,9,1663,July,14,walk,
9,23,1663,July,14,walk,Mr Hunt
23,338,1663,July,14,walk,Mr Hunt
338,785,1663,July,14,walk,
785,9,1663,July,14,walk,
9,785,1663,July,14,walk,
785,9,1663,July,15,walk,
9,785,1663,July,15,walk,
785,13,1663,July,15,boat,
13,170,1663,July,15,walk,
170,785,1663,July,15,walk,
785,94,1663,July,16,walk,Anthony Joyce; Mr Stacy
94,74,1663,July,16,walk,Anthony Joyce; Mr Stacy
74,785,1663,July,16,walk,
785,341,1663,July,16,boat,
341,129,1663,July,16,boat,
129,785,1663,July,16,boat,
785,573,1663,July,16,walk,
573,23,1663,July,16,walk,
23,785,1663,July,16,walk,
785,9,1663,July,16,walk,
9,63,1663,July,16,walk,
63,785,1663,July,16,walk,
785,573,1663,July,17,walk,John Creed
573,74,1663,July,17,walk,John Creed; Mr Stefkins
74,23,1663,July,17,walk,
23,785,1663,July,17,walk,
785,102,1663,July,17,boat,
102,27,1663,July,17,walk,
27,579,1663,July,17,walk,Mr Bagwell
579,102,1663,July,17,walk,Mr Bagwell
102,785,1663,July,17,boat,
785,21,1663,July,18,walk,
21,577,1663,July,18,walk,
577,170,1663,July,18,walk,
170,155,1663,July,18,walk,
155,13,1663,July,18,walk,
13,574,1663,July,18,walk,Mrs Lane
574,170,1663,July,18,boat,
170,785,1663,July,18,walk,
785,176,1663,July,19,walk,
176,785,1663,July,19,walk,
785,37,1663,July,20,walk,
37,575,1663,July,20,walk,Captain Cocke
575,9,1663,July,20,boat,
9,3,1663,July,20,boat,
3,380,1663,July,20,walk,
380,178,1663,July,20,boat,
178,785,1663,July,20,boat,
785,9,1663,July,20,walk,
9,785,1663,July,20,walk,
785,576,1663,July,21,boat,Sir William Batten; Sir John Minnes; Lady Batten
576,9,1663,July,21,boat,Sir William Batten; Sir John Minnes
9,170,1663,July,21,boat,
170,785,1663,July,21,boat,
785,9,1663,July,21,walk,
9,785,1663,July,21,walk,
785,244,1663,July,22,walk,
244,179,1663,July,22,walk,
179,398,1663,July,22,walk,
398,21,1663,July,22,walk,
21,785,1663,July,22,walk,
785,408,1663,July,22,boat,
408,31,1663,July,22,boat,
31,27,1663,July,22,walk,
27,785,1663,July,22,walk,
785,37,1663,July,23,boat,
37,500,1663,July,23,walk,
500,785,1663,July,23,boat,
785,170,1663,July,24,boat,Roger Pepys
170,13,1663,July,24,walk,
13,301,1663,July,24,walk,
301,573,1663,July,24,walk,
573,785,1663,July,24,walk,
785,446,1663,July,24,walk,
446,785,1663,July,24,walk,
785,9,1663,July,24,walk,
9,785,1663,July,24,walk,
785,9,1663,July,25,walk,
9,3,1663,July,25,boat,John Creed
3,344,1663,July,25,boat,
344,1057,1663,July,25,coach,John Creed
1057,581,1663,July,25,horse,John Creed
581,785,1663,July,25,coach,
785,1258,1663,July,26,horse,John Creed
1258,583,1663,July,26,walk,John Creed
583,584,1663,July,26,walk,John Creed
584,581,1663,July,26,horse,John Creed
581,585,1663,July,26,horse,John Creed
585,586,1663,July,26,horse,John Creed
586,585,1663,July,26,horse,John Creed
585,785,1663,July,27,horse,John Creed
785,1258,1663,July,27,horse,John Creed
1258,585,1663,July,27,horse,John Creed
585,1258,1663,July,27,horse,John Creed
785,573,1663,July,28,walk,
573,785,1663,July,28,walk,
785,9,1663,July,28,walk,
9,785,1663,July,28,walk,
785,413,1663,July,29,boat,
413,785,1663,July,29,boat,
785,63,1663,July,29,walk,
63,27,1663,July,29,walk,
27,785,1663,July,29,walk,
785,9,1663,July,30,walk,
9,37,1663,July,30,boat,Mr Coventry
37,31,1663,July,30,boat,Mr Coventry; Sir George Carteret
31,589,1663,July,30,walk,Sir George Carteret
589,31,1663,July,30,walk,
31,3,1663,July,30,boat,Mr Coventry
3,785,1663,July,30,boat,
785,9,1663,July,31,walk,
9,785,1663,July,31,walk,
785,573,1663,July,31,walk,
573,23,1663,July,31,walk,
23,338,1663,July,31,walk,Thomas Moore
338,785,1663,July,31,walk,
785,155,1663,July,31,walk,Thomas Moore
155,785,1663,July,31,walk,
785,9,1663,August,1,walk,
9,1062,1663,August,1,boat,Mr Coventry
1062,1061,1663,August,1,horse,Mr Coventry
1061,122,1663,August,1,walk,
122,119,1663,August,1,walk,
119,1061,1663,August,2,walk,
1061,1574,1663,August,2,boat,Mr Coventry; Commissioner Pett
1574,119,1663,August,2,walk,
119,1573,1663,August,2,walk,
1573,1061,1663,August,2,walk,
1061,570,1663,August,2,boat,
570,119,1663,August,2,walk,
119,1061,1663,August,3,walk,
1061,122,1663,August,3,walk,
122,1062,1663,August,3,horse,Mr Coventry
1062,785,1663,August,3,horse,Mr Coventry
1062,9,1663,August,4,boat,Mr Coventry
9,785,1663,August,4,walk,
785,573,1663,August,4,walk,John Pepys
573,546,1663,August,4,boat,
546,590,1663,August,4,walk,
590,13,1663,August,4,boat,
13,534,1663,August,4,walk,
534,591,1663,August,4,boat,Mr Jervas
591,13,1663,August,4,boat,Mr Jervas
13,113,1663,August,4,boat,
113,785,1663,August,4,walk,
785,1062,1663,August,4,boat,
785,338,1663,August,5,walk,Mr Deane
338,23,1663,August,5,walk,
23,785,1663,August,5,walk,
785,13,1663,August,5,boat,
13,592,1663,August,5,walk,Mrs Lane
592,593,1663,August,5,boat,Mrs Lane
593,594,1663,August,5,walk,Mrs Lane
594,785,1663,August,5,coach,
785,9,1663,August,6,walk,
9,23,1663,August,6,walk,Sir William Warren
23,338,1663,August,6,walk,Sir William Warren
338,595,1663,August,6,walk,
595,596,1663,August,6,walk,Anthony Joyce; Kate Joyce
596,785,1663,August,6,walk,
785,518,1663,August,7,walk,
518,785,1663,August,7,walk,
785,573,1663,August,7,walk,
573,785,1663,August,7,walk,
785,31,1663,August,7,walk,
31,785,1663,August,7,walk,
785,9,1663,August,8,walk,
9,23,1663,August,8,walk,
23,785,1663,August,8,walk,
785,37,1663,August,8,boat,John Pepys
37,178,1663,August,8,walk,John Pepys
178,129,1663,August,8,boat,
129,785,1663,August,8,walk,
785,176,1663,August,9,walk,
176,785,1663,August,9,walk,
785,63,1663,August,9,walk,
63,597,1663,August,9,walk,Lady Batten
597,598,1663,August,9,walk,
598,785,1663,August,9,walk,
785,24,1663,August,9,walk,
24,785,1663,August,9,walk,
785,3,1663,August,10,boat,
3,380,1663,August,10,walk,
380,1182,1663,August,10,coach,Lord Sandwich; Lord Peterborough
1182,407,1663,August,10,walk,
407,785,1663,August,10,walk,
785,9,1663,August,11,walk,
9,23,1663,August,11,walk,
23,785,1663,August,11,walk,
785,498,1663,August,11,coach,Betty Turner; Mrs Morrice
498,170,1663,August,11,coach,Betty Turner; Mrs Morrice
170,13,1663,August,11,boat,Betty Turner; Mrs Morrice
13,600,1663,August,11,walk,Mrs Morrice
600,13,1663,August,11,walk,
13,178,1663,August,11,boat,Betty Turner; Mrs Morrice
178,601,1663,August,11,boat,Betty Turner; Mrs Morrice
601,71,1663,August,11,coach,Betty Turner; Mrs Morrice
71,785,1663,August,11,walk,
785,71,1663,August,12,walk,
71,3,1663,August,12,coach,
3,244,1663,August,12,boat,
244,602,1663,August,12,walk,
602,785,1663,August,12,walk,
785,3,1663,August,13,boat,Elizabeth Pepys
3,6,1663,August,13,walk,Elizabeth Pepys
6,26,1663,August,13,walk,Elizabeth Pepys
26,107,1663,August,13,walk,
107,26,1663,August,13,walk,Elizabeth Pepys
26,71,1663,August,13,boat,Elizabeth Pepys
71,785,1663,August,13,coach,Elizabeth Pepys
785,9,1663,August,14,walk,
9,785,1663,August,14,walk,
785,244,1663,August,14,walk,
244,785,1663,August,14,walk,
785,27,1663,August,14,walk,Elizabeth Pepys
27,785,1663,August,14,walk,
785,573,1663,August,15,walk,
573,785,1663,August,15,walk,
785,9,1663,August,15,walk,
9,785,1663,August,15,walk,
785,577,1663,August,15,walk,
577,31,1663,August,15,boat,Mr Palmer
31,785,1663,August,15,boat,
785,176,1663,August,16,walk,Elizabeth Pepys
176,785,1663,August,16,walk,
785,176,1663,August,16,walk,
176,449,1663,August,16,walk,
449,785,1663,August,16,walk,
785,27,1663,August,16,walk,Elizabeth Pepys
27,24,1663,August,16,walk,
24,785,1663,August,16,walk,
785,380,1663,August,17,coach,Sir John Minnes; Sir William Batten
380,3,1663,August,17,walk,Thomas Moore
3,785,1663,August,17,walk,
785,602,1663,August,17,walk,
602,244,1663,August,17,walk,
244,74,1663,August,17,walk,Thomas Pepys
74,785,1663,August,17,walk,
785,9,1663,August,18,walk,
9,785,1663,August,18,walk,
785,3,1663,August,19,walk,
3,338,1663,August,19,boat,Thomas Moore
338,785,1663,August,19,walk,
785,9,1663,August,20,walk,
9,785,1663,August,20,walk,
785,3,1663,August,21,boat,
3,244,1663,August,21,walk,
244,785,1663,August,21,walk,
785,31,1663,August,21,boat,
31,514,1663,August,21,walk,Sir William Batten
514,178,1663,August,21,boat,Sir William Batten
178,603,1663,August,21,walk,
603,785,1663,August,21,boat,
785,37,1663,August,22,boat,Sir William Batten; Sir John Minnes
37,178,1663,August,22,walk,Mr Castle
178,31,1663,August,22,boat,
31,785,1663,August,22,boat,
785,176,1663,August,23,walk,
176,785,1663,August,23,walk,
785,27,1663,August,23,walk,
27,785,1663,August,23,walk,
785,155,1663,August,24,walk,Thomas Moore
155,785,1663,August,24,walk,
785,6,1663,August,24,walk,
6,380,1663,August,24,walk,John Creed
380,345,1663,August,24,walk,John Creed
345,785,1663,August,24,boat,
785,9,1663,August,25,walk,
9,604,1663,August,25,boat,
604,9,1663,August,25,boat,
9,23,1663,August,25,walk,Sir William Warren
23,338,1663,August,25,walk,Sir William Warren
338,785,1663,August,25,walk,
785,3,1663,August,26,boat,
3,380,1663,August,26,walk,
380,785,1663,August,26,walk,
785,31,1663,August,26,walk,Thomas Moore
31,785,1663,August,26,walk,Thomas Moore
785,9,1663,August,27,walk,
9,341,1663,August,27,boat,Sir William Batten
341,9,1663,August,27,boat,
9,27,1663,August,27,walk,
27,9,1663,August,27,walk,
9,785,1663,August,27,walk,
785,9,1663,August,28,walk,
9,785,1663,August,28,walk,
785,3,1663,August,29,boat,Elizabeth Pepys
3,6,1663,August,29,walk,Elizabeth Pepys
6,3,1663,August,29,walk,
3,534,1663,August,29,walk,
534,6,1663,August,29,walk,Elizabeth Pepys
6,23,1663,August,29,walk,Elizabeth Pepys
23,345,1663,August,29,walk,Elizabeth Pepys
345,478,1663,August,29,walk,Elizabeth Pepys
478,785,1663,August,29,walk,Elizabeth Pepys
785,9,1663,August,31,walk,
9,785,1663,August,31,walk,
785,9,1663,September,1,walk,
9,785,1663,September,1,walk,
785,3,1663,September,2,coach,Sir John Minnes
3,1251,1663,September,2,coach,Lord Mayor; Sir John Minnes
1251,785,1663,September,2,boat,
785,9,1663,September,2,walk,
9,785,1663,September,2,walk,
785,63,1663,September,3,walk,
63,178,1663,September,3,boat,Lady Batten
178,31,1663,September,3,walk,
31,102,1663,September,3,walk,
102,785,1663,September,3,walk,
785,9,1663,September,3,walk,
9,785,1663,September,3,walk,
785,3,1663,September,4,boat,
3,13,1663,September,4,walk,
13,606,1663,September,4,walk,
606,498,1663,September,4,walk,John Creed
498,561,1663,September,4,walk,John Creed
561,498,1663,September,4,walk,John Creed
498,240,1663,September,4,coach,John Creed
240,785,1663,September,4,coach,
785,240,1663,September,4,coach,Elizabeth Pepys
240,785,1663,September,4,coach,Elizabeth Pepys
785,9,1663,September,4,walk,
9,785,1663,September,4,walk,
785,9,1663,September,5,walk,
9,23,1663,September,5,walk,
23,785,1663,September,5,walk,
785,478,1663,September,5,walk,Elizabeth Pepys; John Creed
478,785,1663,September,5,walk,Elizabeth Pepys
785,608,1663,September,5,walk,
608,9,1663,September,5,walk,
9,785,1663,September,5,walk,
785,1295,1663,September,7,horse,Uncle Thomas
1295,179,1663,September,7,horse,
179,244,1663,September,7,walk,
244,602,1663,September,7,walk,
602,609,1663,September,7,walk,
609,240,1663,September,7,walk,Mr Pickering
240,610,1663,September,7,walk,
610,785,1663,September,7,walk,
785,9,1663,September,7,walk,
9,785,1663,September,7,walk,
785,9,1663,September,8,walk,
9,785,1663,September,8,walk,
785,611,1663,September,8,walk,
611,785,1663,September,8,walk,
785,413,1663,September,9,walk,Sir William Warren
413,37,1663,September,9,boat,Sir William Warren
37,178,1663,September,9,walk,Sir William Warren
178,413,1663,September,9,boat,
413,785,1663,September,9,walk,
785,3,1663,September,9,boat,
3,77,1663,September,9,walk,
77,13,1663,September,9,walk,Ned Pickering
13,785,1663,September,9,boat,
785,9,1663,September,9,walk,
9,785,1663,September,9,walk,
785,9,1663,September,10,walk,
9,155,1663,September,10,walk,
155,785,1663,September,10,walk,
785,9,1663,September,10,walk,
9,785,1663,September,10,walk,
785,9,1663,September,11,walk,
9,80,1663,September,11,walk,
80,785,1663,September,11,walk,Thomas Moore
785,612,1663,September,11,coach,
612,179,1663,September,11,walk,
179,785,1663,September,11,walk,
785,9,1663,September,11,walk,
9,785,1663,September,11,walk,
785,3,1663,September,12,boat,
3,612,1663,September,12,walk,
612,785,1663,September,12,boat,
785,9,1663,September,12,walk,
9,23,1663,September,12,walk,Uncle Thomas
23,785,1663,September,12,walk,Uncle Thomas
785,3,1663,September,12,walk,
3,13,1663,September,12,walk,
13,785,1663,September,12,boat,
785,9,1663,September,12,walk,
9,785,1663,September,12,walk,
785,531,1663,September,14,coach,Elizabeth Pepys
531,268,1663,September,14,horse,Elizabeth Pepys; Uncle Thomas; Thomas Moore
268,614,1663,September,14,horse,Elizabeth Pepys; Uncle Thomas; Thomas Moore
614,615,1663,September,15,horse,Elizabeth Pepys; Uncle Thomas; Thomas Moore
615,199,1663,September,15,horse,Elizabeth Pepys; Uncle Thomas; Thomas Moore
199,201,1663,September,16,walk,Elizabeth Pepys
201,199,1663,September,16,walk,
199,616,1663,September,16,walk,John Pepys; Edward Shepley
616,617,1663,September,16,walk,
617,199,1663,September,16,walk,
199,618,1663,September,17,horse,Uncle Thomas; Thomas Jr
618,619,1663,September,18,horse,Uncle Thomas
619,620,1663,September,18,horse,Uncle Thomas
620,621,1663,September,19,horse,Uncle Thomas; Thomas Jr
621,199,1663,September,19,horse,
199,622,1663,September,19,horse,Elizabeth Pepys
622,623,1663,September,19,horse,Elizabeth Pepys
623,209,1663,September,19,horse,
209,199,1663,September,19,walk,Edward Shepley
199,625,1663,September,20,walk,
625,201,1663,September,20,walk,Edward Shepley; Dr King
201,199,1663,September,20,walk,
626,260,1663,September,21,horse,Elizabeth Pepys
260,213,1663,September,21,horse,Elizabeth Pepys
213,785,1663,September,21,horse,
785,3,1663,September,22,boat,Elizabeth Pepys
3,59,1663,September,22,walk,Elizabeth Pepys
59,3,1663,September,22,walk,
3,6,1663,September,22,walk,
6,785,1663,September,22,boat,Elizabeth Pepys
785,9,1663,September,22,walk,
9,785,1663,September,22,walk,
785,179,1663,September,23,boat,
179,13,1663,September,23,walk,
13,785,1663,September,23,boat,
785,3,1663,September,24,boat,
3,612,1663,September,24,walk,
612,9,1663,September,24,boat,
9,785,1663,September,24,walk,
785,13,1663,September,24,boat,
13,101,1663,September,24,boat,Mrs Lane
101,3,1663,September,24,boat,Mrs Lane
3,785,1663,September,24,boat,
785,9,1663,September,24,walk,
785,9,1663,September,25,walk,
9,31,1663,September,25,boat,Sir John Minnes; Sir William Batten
31,785,1663,September,25,boat,Sir John Minnes
785,9,1663,September,25,walk,
9,785,1663,September,25,walk,
785,9,1663,September,26,walk,
9,23,1663,September,26,walk,Mr Rawlinson; Mr Deane
23,82,1663,September,26,walk,Mr Rawlinson; Mr Deane
82,785,1663,September,26,walk,
785,9,1663,September,26,walk,
9,785,1663,September,26,walk,
785,176,1663,September,27,walk,
176,785,1663,September,27,walk,
785,275,1663,September,28,coach,Sir John Minnes
275,3,1663,September,28,coach,Sir John Minnes
3,785,1663,September,28,coach,Sir John Minnes
785,31,1663,September,28,boat,Sir John Minnes; Sir William Batten
31,785,1663,September,28,boat,
785,27,1663,September,28,walk,
27,785,1663,September,28,walk,
785,3,1663,September,30,boat,
3,785,1663,September,30,boat,Sir William Rider
785,9,1663,September,30,walk,
9,785,1663,September,30,walk,
785,9,1663,October,1,walk,
9,31,1663,October,1,boat,
31,785,1663,October,1,boat,
785,9,1663,October,1,walk,
9,785,1663,October,1,walk,
785,380,1663,October,2,boat,
380,23,1663,October,2,walk,
23,338,1663,October,2,walk,Mr Cutler
338,785,1663,October,2,walk,
785,9,1663,October,2,walk,
9,785,1663,October,2,walk,
785,9,1663,October,3,walk,
9,785,1663,October,3,walk,
785,176,1663,October,4,walk,
176,785,1663,October,4,walk,
785,170,1663,October,5,coach,Sir John Minnes
170,244,1663,October,5,walk,
244,345,1663,October,5,walk,John Creed
345,785,1663,October,5,walk,
785,9,1663,October,5,walk,
9,27,1663,October,5,walk,
27,785,1663,October,5,walk,
785,27,1663,October,5,walk,
785,9,1663,October,6,walk,
9,3,1663,October,6,coach,
3,77,1663,October,6,walk,
77,785,1663,October,6,boat,
785,27,1663,October,6,walk,
27,785,1663,October,6,walk,
785,275,1663,October,7,coach,
275,785,1663,October,7,coach,
785,9,1663,October,8,walk,
9,785,1663,October,8,walk,
785,275,1663,October,8,walk,
275,785,1663,October,8,walk,
785,9,1663,October,10,walk,
9,785,1663,October,10,walk,
785,275,1663,October,12,coach,
275,380,1663,October,12,coach,
380,23,1663,October,12,coach,Sir George Carteret; Sir John Minnes; Sir William Batten
23,785,1663,October,12,coach,
785,23,1663,October,12,coach,
23,345,1663,October,12,coach,
345,6,1663,October,12,walk,Elizabeth Pepys
6,3,1663,October,12,walk,
3,6,1663,October,12,walk,Elizabeth Pepys
6,785,1663,October,12,coach,Elizabeth Pepys
785,23,1663,October,12,walk,Elizabeth Pepys
23,630,1663,October,12,walk,Elizabeth Pepys
630,345,1663,October,12,walk,Elizabeth Pepys
785,9,1663,October,13,walk,
9,23,1663,October,13,walk,John Creed
23,785,1663,October,13,walk,John Creed
785,630,1663,October,14,coach,Elizabeth Pepys; Mr Rawlinson
630,13,1663,October,14,coach,Elizabeth Pepys
13,3,1663,October,14,walk,
3,13,1663,October,14,walk,Elizabeth Pepys
13,345,1663,October,14,walk,Elizabeth Pepys
345,537,1663,October,14,walk,Elizabeth Pepys
537,785,1663,October,14,walk,
785,9,1663,October,14,walk,
9,785,1663,October,14,walk,
785,631,1663,October,14,coach,Elizabeth Pepys; Mr Rawlinson
631,13,1663,October,14,coach,Elizabeth Pepys
13,345,1663,October,14,walk,
345,244,1663,October,14,walk,
244,785,1663,October,14,walk,
785,9,1663,October,15,walk,
9,785,1663,October,15,walk,
785,9,1663,October,16,walk,
9,785,1663,October,16,walk,
785,6,1663,October,16,coach,Elizabeth Pepys
6,3,1663,October,16,walk,
3,6,1663,October,16,walk,Elizabeth Pepys
6,350,1663,October,16,coach,Elizabeth Pepys
350,23,1663,October,16,walk,Elizabeth Pepys
23,785,1663,October,16,walk,
785,9,1663,October,17,walk,
9,80,1663,October,17,walk,Mr Gauden
80,785,1663,October,17,walk,
785,9,1663,October,17,walk,
9,785,1663,October,17,walk,
785,176,1663,October,18,walk,Elizabeth Pepys
176,785,1663,October,18,walk,
785,27,1663,October,18,walk,Elizabeth Pepys
27,24,1663,October,18,walk,
24,785,1663,October,18,walk,
785,380,1663,October,19,coach,Sir William Batten; Sir John Minnes
380,631,1663,October,19,coach,Sir William Batten
631,380,1663,October,19,coach,Sir William Batten
380,632,1663,October,19,walk,John Creed
632,3,1663,October,19,walk,John Creed
3,606,1663,October,19,walk,Elizabeth Pepys
606,345,1663,October,19,walk,Elizabeth Pepys
345,244,1663,October,19,walk,
244,785,1663,October,19,walk,
785,9,1663,October,19,walk,
9,785,1663,October,19,walk,
785,380,1663,October,19,walk,John Creed
380,639,1663,October,19,walk,John Creed
639,3,1663,October,19,walk,John Creed
785,9,1663,October,20,walk,
9,473,1663,October,20,coach,Sir George Carteret; Sir John Minnes
473,785,1663,October,20,coach,
785,3,1663,October,20,coach,Elizabeth Pepys
3,6,1663,October,20,walk,Elizabeth Pepys
6,3,1663,October,20,walk,
3,6,1663,October,20,walk,
6,21,1663,October,20,coach,Elizabeth Pepys
21,785,1663,October,20,coach,Elizabeth Pepys
785,9,1663,October,20,walk,
9,785,1663,October,20,walk,
785,9,1663,October,20,coach,Sir George Carteret; Sir John Minnes
9,632,1663,October,20,coach,Sir George Carteret; Sir John Minnes
632,785,1663,October,20,coach,
785,6,1663,October,20,coach,Elizabeth Pepys
785,23,1663,October,21,walk,
23,334,1663,October,21,walk,Sir William Batten
334,94,1663,October,21,walk,
94,244,1663,October,21,walk,
244,23,1663,October,21,walk,Elizabeth Pepys
23,155,1663,October,21,walk,
155,785,1663,October,21,walk,
785,9,1663,October,21,walk,
9,23,1663,October,21,walk,
23,334,1663,October,21,walk,
334,244,1663,October,21,walk,
244,633,1663,October,21,walk,
633,23,1663,October,21,walk,Elizabeth Pepys
23,785,1663,October,21,walk,
785,155,1663,October,21,walk,
785,9,1663,October,22,walk,
9,785,1663,October,22,walk,
785,9,1663,October,23,walk,
9,633,1663,October,23,walk,Uncle Thomas
633,471,1663,October,23,walk,
471,301,1663,October,23,walk,
301,275,1663,October,23,walk,
275,82,1663,October,23,walk,
82,785,1663,October,23,walk,
785,9,1663,October,23,walk,
9,785,1663,October,23,walk,
785,9,1663,October,23,walk,Uncle Thomas
9,634,1663,October,23,walk,Uncle Thomas
634,635,1663,October,23,walk,
635,21,1663,October,23,coach,T. Trice
21,785,1663,October,23,coach,
785,9,1663,October,24,walk,
9,80,1663,October,24,walk,Mr Gauden
80,170,1663,October,24,coach,Mr Coventry
170,301,1663,October,24,walk,
301,398,1663,October,24,walk,
398,785,1663,October,24,walk,
785,176,1663,October,25,walk,Elizabeth Pepys
176,785,1663,October,25,walk,
785,3,1663,October,26,boat,
3,13,1663,October,26,walk,John Creed
13,471,1663,October,26,walk,John Creed
471,170,1663,October,26,walk,John Creed
170,634,1663,October,26,coach,John Creed
634,23,1663,October,26,coach,
23,635,1663,October,26,coach,Sir William Batten
635,785,1663,October,26,coach,Sir William Batten
785,9,1663,October,26,walk,
9,785,1663,October,26,walk,
785,471,1663,October,26,walk,John Creed
471,655,1663,October,26,walk,John Creed
655,653,1663,October,26,coach,John Creed
653,611,1663,October,26,coach,
611,654,1663,October,26,coach,Sir William Batten
654,785,1663,October,26,coach,
785,275,1663,October,27,coach,
275,301,1663,October,27,walk,Dr Williams
301,1088,1663,October,27,walk,T. Trice
1088,21,1663,October,27,coach,T. Trice
21,785,1663,October,27,coach,
785,9,1663,October,27,walk,
9,785,1663,October,27,walk,
785,9,1663,October,27,coach,
9,634,1663,October,27,coach,
634,301,1663,October,27,walk,Dr Williams
301,635,1663,October,27,walk,T. Trice; Dr Williams
635,785,1663,October,27,coach,
785,9,1663,October,28,walk,
9,338,1663,October,28,walk,John Creed
338,785,1663,October,28,walk,
785,9,1663,October,28,walk,John Creed
9,23,1663,October,28,walk,John Creed
23,338,1663,October,28,walk,John Creed
338,87,1663,October,28,walk,
87,785,1663,October,28,walk,
785,9,1663,October,29,coach,
9,82,1663,October,29,coach,John Creed
82,105,1663,October,29,coach,John Creed
105,170,1663,October,29,coach,John Creed
170,19,1663,October,29,walk,John Creed; Mr Greatorex
19,785,1663,October,29,coach,
785,82,1663,October,29,coach,
82,1088,1663,October,29,coach,John Creed
1088,170,1663,October,29,coach,John Creed
170,637,1663,October,29,walk,John Creed; Mr Greatorex
637,785,1663,October,29,coach,
785,9,1663,October,30,walk,
9,23,1663,October,30,walk,
23,785,1663,October,30,walk,
785,345,1663,October,30,coach,Elizabeth Pepys
345,637,1663,October,30,walk,
637,244,1663,October,30,walk,
244,785,1663,October,30,walk,
785,345,1663,October,30,walk,
345,105,1663,October,30,walk,
105,244,1663,October,30,walk,
785,9,1663,October,31,walk,
9,785,1663,October,31,walk,
785,176,1663,November,1,walk,Elizabeth Pepys
176,785,1663,November,1,walk,
785,3,1663,November,2,coach,
3,785,1663,November,2,walk,
785,9,1663,November,3,walk,
9,338,1663,November,3,walk,
338,785,1663,November,3,walk,
785,9,1663,November,3,walk,
9,785,1663,November,3,walk,
785,338,1663,November,3,walk,
338,27,1663,November,3,walk,
27,785,1663,November,3,walk,
785,345,1663,November,4,coach,
345,785,1663,November,4,coach,
785,9,1663,November,4,walk,
9,785,1663,November,4,walk,
785,9,1663,November,4,coach,
9,345,1663,November,4,coach,
785,9,1663,November,5,walk,
9,112,1663,November,5,walk,
112,785,1663,November,5,walk,
785,9,1663,November,5,walk,Thomas Moore; Uncle Wight; Dr Williams; T. Trice
9,87,1663,November,5,walk,Thomas Moore; Uncle Wight; Dr Williams; T. Trice
87,785,1663,November,5,walk,
785,632,1663,November,6,coach,Elizabeth Pepys; Mrs Hunt
632,6,1663,November,6,walk,John Creed
6,3,1663,November,6,walk,John Creed
3,6,1663,November,6,walk,
6,785,1663,November,6,walk,Elizabeth Pepys
785,74,1663,November,6,walk,William Hewer; Mr Blackburne
74,785,1663,November,6,walk,
785,9,1663,November,6,walk,
9,23,1663,November,6,walk,
23,338,1663,November,6,walk,
338,23,1663,November,6,walk,
23,785,1663,November,6,walk,
785,6,1663,November,6,walk,John Creed
6,3,1663,November,6,walk,
3,785,1663,November,6,coach,Elizabeth Pepys
785,9,1663,November,7,walk,
9,13,1663,November,7,coach,
13,503,1663,November,7,walk,
503,304,1663,November,7,walk,
304,785,1663,November,7,walk,
785,9,1663,November,7,walk,
9,785,1663,November,7,walk,
785,13,1663,November,7,walk,
13,400,1663,November,7,walk,
400,641,1663,November,7,walk,
641,785,1663,November,7,walk,
785,176,1663,November,8,walk,
176,785,1663,November,8,walk,
785,3,1663,November,9,coach,
3,380,1663,November,9,walk,
380,13,1663,November,9,walk,
13,471,1663,November,9,walk,John Creed; Ned Pickering
471,503,1663,November,9,coach,
503,785,1663,November,9,coach,
785,338,1663,November,9,walk,
338,74,1663,November,9,walk,William Hewer; Mr Blackburne
74,785,1663,November,9,walk,
785,471,1663,November,9,coach,
471,350,1663,November,9,coach,
350,785,1663,November,9,coach,
785,9,1663,November,9,walk,
9,338,1663,November,9,walk,
785,9,1663,November,10,walk,
9,23,1663,November,10,walk,
23,785,1663,November,10,walk,
785,9,1663,November,10,walk,
9,785,1663,November,10,walk,
785,9,1663,November,11,walk,
9,338,1663,November,11,walk,
338,23,1663,November,11,walk,
23,785,1663,November,11,walk,
785,9,1663,November,11,walk,
9,785,1663,November,11,walk,
785,105,1663,November,11,coach,Elizabeth Pepys
105,785,1663,November,11,coach,
785,9,1663,November,12,walk,
9,23,1663,November,12,walk,
23,785,1663,November,12,walk,Thomas Moore
785,6,1663,November,12,coach,Thomas Moore
6,785,1663,November,12,coach,
785,9,1663,November,13,walk,
9,23,1663,November,13,walk,
23,338,1663,November,13,walk,
338,785,1663,November,13,walk,
785,9,1663,November,13,walk,
9,785,1663,November,13,walk,
785,9,1663,November,14,walk,
9,785,1663,November,14,walk,
785,176,1663,November,15,walk,
176,785,1663,November,15,walk,
785,9,1663,November,15,walk,
9,785,1663,November,15,walk,
785,3,1663,November,16,coach,
3,380,1663,November,16,walk,
380,6,1663,November,16,walk,
6,23,1663,November,16,coach,
23,785,1663,November,16,walk,
785,9,1663,November,16,walk,
9,785,1663,November,16,walk,
785,9,1663,November,17,walk,
9,23,1663,November,17,walk,Thomas Moore; Tom Trice; Uncle Wight
23,657,1663,November,17,walk,Thomas Moore; Tom Trice; Uncle Wight
657,471,1663,November,17,walk,Thomas Moore; Tom Trice; Uncle Wight
471,646,1663,November,17,walk,Thomas Moore; Tom Trice; Uncle Wight
646,785,1663,November,17,walk,Thomas Moore
785,9,1663,November,17,walk,
9,785,1663,November,17,walk,
785,102,1663,November,18,boat,Mr Hater
102,31,1663,November,18,walk,
31,1036,1663,November,18,walk,Captain Berkeley
1036,785,1663,November,18,boat,
785,31,1663,November,18,walk,Captain Terne; Captain Berkeley
31,304,1663,November,18,walk,Captain Terne; Captain Berkeley
304,785,1663,November,18,walk,
785,77,1663,November,19,coach,
77,311,1663,November,19,coach,Sir George Carteret
311,345,1663,November,19,coach,Sir George Carteret
345,170,1663,November,19,walk,Thomas Moore
170,311,1663,November,19,walk,
311,612,1663,November,19,walk,
612,170,1663,November,19,walk,Thomas Moore
170,13,1663,November,19,walk,
13,338,1663,November,19,walk,
338,400,1663,November,19,walk,
400,641,1663,November,19,walk,
641,785,1663,November,19,walk,
785,9,1663,November,19,walk,
9,785,1663,November,19,walk,
785,77,1663,November,19,coach,Sir George Carteret
77,1036,1663,November,19,coach,Sir George Carteret
1036,345,1663,November,19,coach,
345,170,1663,November,19,walk,
170,338,1663,November,19,walk,Thomas Moore
338,785,1663,November,19,walk,
785,6,1663,November,20,walk,Mr Howe
6,155,1663,November,20,walk,
155,23,1663,November,20,walk,Mr Howe
23,785,1663,November,20,walk,Mr Howe
785,59,1663,November,20,coach,Elizabeth Pepys
59,6,1663,November,20,walk,Thomas Moore
6,3,1663,November,20,walk,Thomas Moore
3,785,1663,November,20,coach,Elizabeth Pepys
785,9,1663,November,21,walk,
9,15,1663,November,21,walk,
15,70,1663,November,21,coach,
70,785,1663,November,21,walk,
785,9,1663,November,21,walk,
9,23,1663,November,21,walk,
23,649,1663,November,21,walk,
649,21,1663,November,21,coach,
21,785,1663,November,21,walk,
785,170,1663,November,22,walk,
170,6,1663,November,22,coach,
6,3,1663,November,22,walk,Lord Sandwich
3,95,1663,November,22,walk,
95,471,1663,November,22,walk,John Creed
471,176,1663,November,22,coach,
176,785,1663,November,22,walk,
785,9,1663,November,22,walk,
9,785,1663,November,22,walk,
785,3,1663,November,22,walk,
3,471,1663,November,22,walk,
785,3,1663,November,24,coach,
3,785,1663,November,24,coach,
785,9,1663,November,24,walk,
9,785,1663,November,24,walk,
785,9,1663,November,24,walk,Mr Deane
9,23,1663,November,24,walk,Mr Deane
23,785,1663,November,24,walk,
785,77,1663,November,25,walk,
77,3,1663,November,25,coach,Sir George Carteret
3,785,1663,November,25,walk,
785,9,1663,November,26,walk,
9,23,1663,November,26,walk,Mr Cutler
23,642,1663,November,26,walk,Mr Cutler
642,785,1663,November,26,walk,
785,9,1663,November,26,walk,
9,785,1663,November,26,walk,
785,23,1663,November,26,walk,Mr Cutler
23,650,1663,November,26,walk,Mr Cutler
650,785,1663,November,26,walk,
785,9,1663,November,27,walk,
9,23,1663,November,27,walk,
23,785,1663,November,27,walk,
785,9,1663,November,28,walk,
9,23,1663,November,28,coach,Mr Coventry
23,785,1663,November,28,walk,
785,176,1663,November,29,walk,
176,785,1663,November,29,walk,
785,829,1663,November,29,walk,
829,3,1663,November,29,walk,
3,785,1663,November,29,coach,
785,3,1663,November,30,coach,Sir William Penn
3,785,1663,November,30,coach,Sir William Penn
785,9,1663,December,1,walk,
9,655,1663,December,1,walk,
655,785,1663,December,1,walk,
785,9,1663,December,1,walk,
9,785,1663,December,1,walk,
785,1088,1663,December,1,walk,
1088,785,1663,December,1,walk,
785,9,1663,December,2,walk,
9,785,1663,December,2,walk,
785,646,1663,December,2,walk,Mr Bland
646,785,1663,December,2,walk,
785,9,1663,December,3,walk,
9,23,1663,December,3,walk,Mr Coventry
23,785,1663,December,3,walk,
785,9,1663,December,3,walk,
9,785,1663,December,3,walk,
785,37,1663,December,4,boat,
37,785,1663,December,4,boat,
785,9,1663,December,5,walk,
9,657,1663,December,5,walk,Sir John Minnes; Sir William Batten; Captain Allen
657,9,1663,December,5,walk,
9,785,1663,December,5,walk,
785,657,1663,December,5,walk,
657,785,1663,December,5,walk,
785,176,1663,December,6,walk,
176,785,1663,December,6,walk,
785,3,1663,December,7,walk,
3,380,1663,December,7,walk,
380,471,1663,December,7,coach,
471,785,1663,December,7,coach,
785,9,1663,December,7,walk,
9,785,1663,December,7,walk,
785,380,1663,December,7,coach,Sir William Batten; Captain Allen
380,170,1663,December,7,coach,Sir William Batten; Captain Allen
170,3,1663,December,7,coach,
3,471,1663,December,7,walk,
785,9,1663,December,8,walk,
9,23,1663,December,8,walk,
23,3,1663,December,8,coach,
3,785,1663,December,8,boat,
785,9,1663,December,8,walk,
9,785,1663,December,8,walk,
785,23,1663,December,8,walk,
23,785,1663,December,8,walk,
785,3,1663,December,8,coach,
785,9,1663,December,9,walk,
9,785,1663,December,9,walk,
785,658,1663,December,9,walk,
658,785,1663,December,9,walk,
785,244,1663,December,10,walk,
244,21,1663,December,10,walk,
21,785,1663,December,10,walk,
785,155,1663,December,11,walk,
155,21,1663,December,11,walk,
21,338,1663,December,11,walk,
338,398,1663,December,11,walk,
398,275,1663,December,11,walk,
275,785,1663,December,11,walk,
785,9,1663,December,11,walk,
9,785,1663,December,11,walk,
785,155,1663,December,11,walk,
155,602,1663,December,11,walk,
602,21,1663,December,11,walk,
21,338,1663,December,11,walk,
338,785,1663,December,11,walk,
785,9,1663,December,12,walk,
9,785,1663,December,12,walk,
785,9,1663,December,12,walk,Mr Luellin
9,23,1663,December,12,walk,Mr Luellin
23,785,1663,December,12,walk,Mr Luellin
785,176,1663,December,13,walk,
176,785,1663,December,13,walk,
785,3,1663,December,14,coach,
3,380,1663,December,14,walk,
380,3,1663,December,14,walk,
3,6,1663,December,14,walk,
6,471,1663,December,14,walk,John Creed
471,785,1663,December,14,coach,
785,9,1663,December,14,walk,
9,785,1663,December,14,walk,
785,9,1663,December,15,walk,
9,785,1663,December,15,walk,
785,70,1663,December,15,coach,
70,3,1663,December,15,coach,
3,21,1663,December,15,coach,Thomas Moore
21,785,1663,December,15,walk,
785,3,1663,December,15,coach,Thomas Moore
3,659,1663,December,15,walk,
659,785,1663,December,15,walk,
785,9,1663,December,16,walk,
9,23,1663,December,16,walk,
23,785,1663,December,16,walk,
785,9,1663,December,16,walk,
9,785,1663,December,16,walk,
785,23,1663,December,16,walk,
23,167,1663,December,16,walk,
167,785,1663,December,16,walk,
785,71,1663,December,17,coach,
71,170,1663,December,17,walk,
170,21,1663,December,17,walk,
21,785,1663,December,17,coach,
785,71,1663,December,17,walk,
71,661,1663,December,17,walk,
661,170,1663,December,17,walk,
170,71,1663,December,17,walk,
71,21,1663,December,17,coach,
785,648,1663,December,18,boat,
648,37,1663,December,18,boat,Mr Deane
37,417,1663,December,18,walk,
417,37,1663,December,18,walk,
37,31,1663,December,18,boat,
31,785,1663,December,18,boat,
785,9,1663,December,18,walk,
9,648,1663,December,18,boat,
648,37,1663,December,18,boat,Mr Deane
785,9,1663,December,19,walk,
9,398,1663,December,19,walk,
398,71,1663,December,19,walk,
71,785,1663,December,19,walk,
785,9,1663,December,19,walk,
9,785,1663,December,19,walk,
785,9,1663,December,19,walk,Mr Bland
9,446,1663,December,19,walk,Mr Bland
446,71,1663,December,19,coach,
785,176,1663,December,20,walk,
176,785,1663,December,20,walk,
785,6,1663,December,21,walk,
6,380,1663,December,21,walk,
380,649,1663,December,21,coach,Sir William Batten
649,71,1663,December,21,walk,
71,471,1663,December,21,walk,Mr Gauden; John Creed
471,650,1663,December,21,walk,
650,6,1663,December,21,coach,
6,3,1663,December,21,walk,Lord Sandwich
3,6,1663,December,21,walk,
6,547,1663,December,21,coach,Will Howe
547,59,1663,December,21,coach,
59,484,1663,December,21,coach,Elizabeth Pepys
484,785,1663,December,21,coach,Elizabeth Pepys
785,380,1663,December,21,coach,Sir William Batten
380,649,1663,December,21,coach,Sir William Batten
649,71,1663,December,21,walk,
71,471,1663,December,21,walk,
471,6,1663,December,21,walk,
6,650,1663,December,21,walk,
650,547,1663,December,21,walk,
547,666,1663,December,21,coach,
666,588,1663,December,21,coach,
588,785,1663,December,21,coach,Elizabeth Pepys
785,9,1663,December,22,walk,
9,217,1663,December,22,walk,Sir R. Browne
217,785,1663,December,22,walk,
785,26,1663,December,22,coach,Elizabeth Pepys
26,13,1663,December,22,walk,
13,26,1663,December,22,walk,Elizabeth Pepys
26,785,1663,December,22,coach,Elizabeth Pepys
785,217,1663,December,22,walk,Sir R. Browne
217,3,1663,December,22,coach,Elizabeth Pepys
3,26,1663,December,22,walk,Elizabeth Pepys
26,3,1663,December,22,walk,
3,13,1663,December,22,walk,
785,71,1663,December,23,coach,Elizabeth Pepys
71,652,1663,December,23,coach,Elizabeth Pepys; mourners
652,531,1663,December,23,coach,
531,785,1663,December,23,hackney,Elizabeth Pepys
785,531,1663,December,23,walk,
531,23,1663,December,23,walk,
23,785,1663,December,23,walk,
785,9,1663,December,23,walk,
9,785,1663,December,23,walk,
785,71,1663,December,23,coach,Elizabeth Pepys; Auditor Beale
71,652,1663,December,23,coach,Elizabeth Pepys; Auditor Beale
652,531,1663,December,23,coach,
785,653,1663,December,24,boat,
653,37,1663,December,24,boat,
37,785,1663,December,24,boat,
785,176,1663,December,25,walk,
176,785,1663,December,25,walk,
785,518,1663,December,26,walk,
518,478,1663,December,26,walk,
478,338,1663,December,26,walk,
338,785,1663,December,26,walk,
785,518,1663,December,26,walk,
518,670,1663,December,26,walk,
670,338,1663,December,26,walk,
785,176,1663,December,27,walk,
176,785,1663,December,27,walk,
785,643,1663,December,27,walk,
643,176,1663,December,27,walk,
176,785,1663,December,27,walk,
785,27,1663,December,27,walk,
27,785,1663,December,27,walk,
785,6,1663,December,28,coach,
6,654,1663,December,28,walk,
654,471,1663,December,28,walk,John Creed
471,275,1663,December,28,walk,
275,785,1663,December,28,walk,
785,6,1663,December,28,walk,
6,3,1663,December,28,walk,
3,654,1663,December,28,walk,
654,3,1663,December,28,walk,
3,471,1663,December,28,walk,
785,9,1663,December,29,walk,
9,23,1663,December,29,walk,Mr Pierce
23,785,1663,December,29,walk,Mr Pierce
785,6,1663,December,30,coach,
6,380,1663,December,30,walk,Mr Coventry
380,23,1663,December,30,coach,Mr Coventry
23,338,1663,December,30,walk,Mr Grant; Sir W. Petty
338,785,1663,December,30,walk,
785,23,1663,December,30,walk,
23,785,1663,December,30,walk,
785,9,1663,December,30,walk,
9,785,1663,December,30,walk,
785,6,1663,December,30,walk,Mr Coventry
6,3,1663,December,30,walk,Mr Coventry
3,641,1663,December,30,coach,Mr Coventry
641,338,1663,December,30,walk,
785,9,1663,December,31,walk,
9,23,1663,December,31,walk,
23,785,1663,December,31,walk,
785,244,1663,December,31,coach,
244,338,1663,December,31,walk,
338,785,1663,December,31,walk,
785,631,1664,January,1,walk,
631,24,1664,January,1,walk,
24,193,1664,January,1,coach,Elizabeth Pepys
193,24,1664,January,1,coach,Elizabeth Pepys
24,785,1664,January,1,walk,Elizabeth Pepys
785,9,1664,January,2,walk,
9,23,1664,January,2,walk,
23,785,1664,January,2,walk,Mr. Luellin
785,533,1664,January,2,coach,Elizabeth Pepys
533,785,1664,January,2,coach,Elizabeth Pepys
785,9,1664,January,2,walk,
9,785,1664,January,2,walk,
785,876,1664,January,4,coach,Elizabeth Pepys; Besse; the girl
876,6,1664,January,4,coach,
6,857,1664,January,4,walk,
857,6,1664,January,4,walk,
6,13,1664,January,4,walk,
13,654,1664,January,4,walk,
654,107,1664,January,4,walk,
107,3,1664,January,4,walk,
3,785,1664,January,4,coach,Elizabeth Pepys
785,9,1664,January,4,walk,
9,785,1664,January,4,walk,
785,9,1664,January,5,walk,
9,23,1664,January,5,walk,
23,631,1664,January,5,walk,
631,785,1664,January,5,walk,
785,9,1664,January,5,walk,
9,785,1664,January,5,walk,
785,9,1664,January,6,walk,
9,23,1664,January,6,walk,
23,785,1664,January,6,walk,
785,9,1664,January,6,walk,
9,785,1664,January,6,walk,
785,9,1664,January,7,walk,
9,861,1664,January,7,walk,
861,867,1664,January,7,coach,Sir George Carteret; Sir John Minnes
867,852,1664,January,7,coach,
852,785,1664,January,7,coach,
785,9,1664,January,7,walk,
9,785,1664,January,7,walk,
785,9,1664,January,8,walk,
9,23,1664,January,8,walk,
23,785,1664,January,8,walk,Mr. Luellin; Mr. Mount; Mr. W. Symons; James Pierce
785,9,1664,January,8,walk,
9,785,1664,January,8,walk,
785,9,1664,January,9,walk,
9,785,1664,January,9,walk,
785,26,1664,January,9,coach,Elizabeth Pepys; Jane
26,13,1664,January,9,walk,
13,818,1664,January,9,walk,
818,787,1664,January,9,walk,
787,13,1664,January,9,walk,
13,26,1664,January,9,coach,
26,345,1664,January,9,coach,Elizabeth Pepys; Jane
345,244,1664,January,9,coach,Elizabeth Pepys; Jane
244,875,1664,January,9,coach,Elizabeth Pepys; Jane
875,785,1664,January,9,coach,Elizabeth Pepys; Jane
785,9,1664,January,10,walk,
9,24,1664,January,10,walk,Elizabeth Pepys
24,785,1664,January,10,walk,Elizabeth Pepys
785,3,1664,January,11,coach,Captain Grove
3,654,1664,January,11,walk,
654,864,1664,January,11,walk,
864,3,1664,January,11,walk,
3,450,1664,January,11,walk,Duke of Albemarle; Sir William Rider; Mr. Povy; Sir John Lawson
450,3,1664,January,11,walk,
3,858,1664,January,11,walk,
858,631,1664,January,11,coach,
631,785,1664,January,11,walk,
785,9,1664,January,11,walk,
9,785,1664,January,11,walk,
785,9,1664,January,12,walk,
9,23,1664,January,12,walk,
23,785,1664,January,12,walk,
785,9,1664,January,12,walk,
9,785,1664,January,12,walk,
785,9,1664,January,13,walk,
9,54,1664,January,13,walk,
54,641,1664,January,13,walk,
641,631,1664,January,13,walk,
631,23,1664,January,13,walk,
23,334,1664,January,13,walk,Sir William Rider
334,785,1664,January,13,walk,
785,871,1664,January,13,walk,Mr. Bland
871,9,1664,January,13,walk,
9,785,1664,January,13,walk,
785,9,1664,January,14,walk,
9,77,1664,January,14,walk,Sir George Carteret; Sir William Batten; Mr Coventry; Sir John Minnes
77,9,1664,January,14,walk,
9,73,1664,January,14,walk,
73,785,1664,January,14,walk,
785,861,1664,January,14,walk,
861,785,1664,January,14,walk,
785,9,1664,January,15,walk,
9,23,1664,January,15,walk,
23,785,1664,January,15,walk,
785,31,1664,January,15,boat,Mr. Hater
31,785,1664,January,15,walk,Mr. Hater
785,9,1664,January,16,walk,
9,23,1664,January,16,walk,
23,785,1664,January,16,walk,
785,13,1664,January,16,boat,
13,785,1664,January,16,coach,
785,9,1664,January,16,walk,
9,785,1664,January,16,walk,
785,176,1664,January,17,walk,Elizabeth Pepys
176,785,1664,January,17,walk,Elizabeth Pepys
785,643,1664,January,17,walk,Elizabeth Pepys
643,785,1664,January,17,walk,Elizabeth Pepys
785,861,1664,January,17,walk,Elizabeth Pepys
861,785,1664,January,17,walk,Elizabeth Pepys
785,3,1664,January,18,coach,
3,6,1664,January,18,walk,
6,631,1664,January,18,coach,
631,23,1664,January,18,walk,
23,785,1664,January,18,walk,
785,24,1664,January,18,walk,Elizabeth Pepys
24,785,1664,January,18,walk,Elizabeth Pepys
785,9,1664,January,19,walk,
9,23,1664,January,19,walk,
23,642,1664,January,19,walk,Sir William Rider
642,73,1664,January,19,walk,
73,785,1664,January,19,walk,
785,9,1664,January,19,walk,
9,785,1664,January,19,walk,
785,6,1664,January,20,coach,
6,654,1664,January,20,walk,Lord Sandwich
654,244,1664,January,20,boat,
244,868,1664,January,20,walk,
868,869,1664,January,20,walk,
869,23,1664,January,20,walk,
23,785,1664,January,20,walk,Sir Richard Ford
785,802,1664,January,20,boat,Elizabeth Pepys
802,3,1664,January,20,walk,
3,860,1664,January,20,walk,James Pierce
860,6,1664,January,20,walk,
6,244,1664,January,20,coach,Elizabeth Pepys
244,785,1664,January,20,coach,Elizabeth Pepys
785,9,1664,January,20,walk,
9,785,1664,January,20,walk,
785,9,1664,January,21,walk,
9,23,1664,January,21,walk,
23,865,1664,January,21,walk,
865,866,1664,January,21,walk,
866,785,1664,January,21,walk,
785,73,1664,January,21,walk,
73,631,1664,January,21,walk,
631,9,1664,January,21,walk,
9,24,1664,January,21,walk,
24,785,1664,January,21,walk,Elizabeth Pepys
785,9,1664,January,21,walk,
9,785,1664,January,21,walk,
785,417,1664,January,22,boat,
417,37,1664,January,22,walk,
37,873,1664,January,22,boat,
873,31,1664,January,22,boat,
31,785,1664,January,22,boat,
785,9,1664,January,22,walk,
9,785,1664,January,22,walk,
785,9,1664,January,23,walk,
9,785,1664,January,23,walk,
785,9,1664,January,24,walk,
9,785,1664,January,24,walk,
785,6,1664,January,25,coach,
6,858,1664,January,25,walk,
858,857,1664,January,25,walk,Lord Sandwich
857,869,1664,January,25,coach,Sir William Batten
869,23,1664,January,25,walk,
23,785,1664,January,25,walk,
785,9,1664,January,25,walk,
9,785,1664,January,25,walk,
785,9,1664,January,26,walk,
9,631,1664,January,26,walk,
631,23,1664,January,26,walk,
23,785,1664,January,26,walk,
785,9,1664,January,26,walk,
9,785,1664,January,26,walk,
785,631,1664,January,27,walk,
631,23,1664,January,27,walk,
23,785,1664,January,27,walk,Commissioner Pett
785,863,1664,January,27,coach,Elizabeth Pepys
863,71,1664,January,27,coach,Elizabeth Pepys
71,244,1664,January,27,coach,Elizabeth Pepys
244,785,1664,January,27,coach,Elizabeth Pepys
785,9,1664,January,27,walk,
9,785,1664,January,27,walk,
785,9,1664,January,28,walk,
9,23,1664,January,28,walk,
23,77,1664,January,28,walk,
77,31,1664,January,28,walk,Mr. Wayth
31,874,1664,January,28,walk,
874,785,1664,January,28,boat,
785,9,1664,January,28,walk,
9,785,1664,January,28,walk,
785,870,1664,January,29,boat,Elizabeth Pepys; Mr. Hartlibb; Mr. Langley; Mr. Bostocke
870,785,1664,January,29,boat,Elizabeth Pepys
785,81,1664,January,29,walk,
81,631,1664,January,29,walk,
631,24,1664,January,29,walk,
24,785,1664,January,29,walk,
785,13,1664,January,31,coach,Sir William Batten
13,1004,1664,January,31,walk,
1004,23,1664,January,31,coach,Sir William Batten
23,1009,1664,January,31,walk,Sir W. Rider
1009,785,1664,January,31,walk,
785,9,1664,January,31,walk,
9,785,1664,January,31,walk,
785,3,1664,February,1,coach,Mr. Strutt
3,6,1664,February,1,walk,
6,857,1664,February,1,walk,
857,13,1664,February,1,walk,
13,23,1664,February,1,coach,Alderman Maynell
23,785,1664,February,1,walk,
785,533,1664,February,1,coach,Elizabeth Pepys
533,631,1664,February,1,coach,
631,785,1664,February,1,walk,
785,9,1664,February,1,walk,
9,785,1664,February,1,walk,
785,9,1664,February,2,walk,
9,23,1664,February,2,coach,Mr Coventry
23,631,1664,February,2,walk,Captain Cocke
631,23,1664,February,2,walk,
23,519,1664,February,2,walk,Sir William Warren
519,785,1664,February,2,walk,
785,9,1664,February,2,walk,
9,785,1664,February,2,walk,
785,888,1664,February,3,coach,Elizabeth Pepys
888,170,1664,February,3,walk,
170,23,1664,February,3,walk,
23,785,1664,February,3,walk,
785,112,1664,February,3,walk,
112,244,1664,February,3,coach,
244,293,1664,February,3,coach,
293,879,1664,February,3,coach,
879,785,1664,February,3,coach,
785,9,1664,February,4,walk,
9,451,1664,February,4,coach,
451,880,1664,February,4,walk,Mr. Pullen; Mr. Barnes
880,451,1664,February,4,walk,
451,54,1664,February,4,walk,
54,882,1664,February,4,walk,
882,785,1664,February,4,walk,
785,9,1664,February,4,walk,
9,785,1664,February,4,walk,
785,37,1664,February,5,boat,
37,873,1664,February,5,walk,
873,31,1664,February,5,walk,
31,785,1664,February,5,boat,
785,9,1664,February,5,walk,
9,785,1664,February,5,walk,
785,9,1664,February,6,walk,
9,23,1664,February,6,walk,
23,785,1664,February,6,walk,
785,244,1664,February,6,walk,Elizabeth Pepys
244,887,1664,February,6,coach,Elizabeth Pepys
887,785,1664,February,6,coach,Elizabeth Pepys
785,9,1664,February,6,walk,
9,785,1664,February,6,walk,
785,176,1664,February,7,walk,
176,785,1664,February,7,walk,
785,318,1664,February,8,coach,
318,6,1664,February,8,walk,
6,13,1664,February,8,walk,
13,23,1664,February,8,coach,
23,785,1664,February,8,walk,
785,105,1664,February,8,walk,
105,489,1664,February,8,walk,
489,785,1664,February,8,walk,
785,9,1664,February,8,walk,
9,785,1664,February,8,walk,
785,9,1664,February,9,walk,
9,23,1664,February,9,coach,Mr Coventry
23,785,1664,February,9,walk,
785,9,1664,February,9,walk,
9,785,1664,February,9,walk,
785,883,1664,February,10,coach,
883,785,1664,February,10,coach,
785,498,1664,February,10,walk,Mr. Bland
498,884,1664,February,10,walk,Mr. Bland
884,3,1664,February,10,walk,
3,170,1664,February,10,walk,
170,785,1664,February,10,walk,
785,244,1664,February,10,coach,
244,293,1664,February,10,coach,
293,631,1664,February,10,walk,
631,785,1664,February,10,walk,
785,9,1664,February,10,walk,
9,785,1664,February,10,walk,
785,9,1664,February,11,walk,
9,785,1664,February,11,walk,
785,631,1664,February,12,walk,
631,23,1664,February,12,walk,
23,631,1664,February,12,walk,John Creed
631,785,1664,February,12,walk,John Creed
785,31,1664,February,12,walk,John Creed
31,30,1664,February,12,walk,John Creed
30,785,1664,February,12,boat,John Creed
785,400,1664,February,12,coach,Elizabeth Pepys; John Creed
400,244,1664,February,12,coach,Elizabeth Pepys
244,112,1664,February,12,walk,
112,785,1664,February,12,walk,
785,9,1664,February,13,walk,
9,641,1664,February,13,coach,Mr Coventry
641,885,1664,February,13,coach,John Creed
885,345,1664,February,13,walk,John Creed
345,785,1664,February,13,coach,
785,9,1664,February,13,walk,
9,785,1664,February,13,walk,
785,176,1664,February,14,walk,
176,785,1664,February,14,walk,
785,9,1664,February,14,walk,
9,24,1664,February,14,walk,Elizabeth Pepys
24,785,1664,February,14,walk,Elizabeth Pepys
785,6,1664,February,15,coach,Elizabeth Pepys
6,3,1664,February,15,walk,
3,857,1664,February,15,walk,
857,314,1664,February,15,walk,Mr Coventry
314,6,1664,February,15,walk,
6,631,1664,February,15,coach,Elizabeth Pepys
631,23,1664,February,15,walk,
23,785,1664,February,15,walk,
785,9,1664,February,15,walk,
9,785,1664,February,15,walk,
785,9,1664,February,16,walk,
9,23,1664,February,16,walk,
23,785,1664,February,16,walk,Mr. Barrow
785,9,1664,February,16,walk,
9,785,1664,February,16,walk,
785,888,1664,February,17,coach,Elizabeth Pepys
888,3,1664,February,17,walk,
3,107,1664,February,17,walk,James Pierce
107,23,1664,February,17,walk,
23,345,1664,February,17,walk,
345,785,1664,February,17,coach,Elizabeth Pepys; John Creed
785,3,1664,February,17,coach,Elizabeth Pepys
3,26,1664,February,17,walk,
26,785,1664,February,17,coach,Elizabeth Pepys
785,9,1664,February,17,walk,
9,785,1664,February,17,walk,
785,9,1664,February,18,walk,
9,641,1664,February,18,walk,Mr Coventry
641,785,1664,February,18,walk,
785,9,1664,February,18,walk,
9,785,1664,February,18,walk,
785,9,1664,February,19,walk,
9,23,1664,February,19,walk,Mr. Cutler
23,24,1664,February,19,walk,
24,886,1664,February,19,walk,Elizabeth Pepys; Aunt Wight; Mr. Maes
886,9,1664,February,19,walk,
9,886,1664,February,19,walk,
886,883,1664,February,19,coach,Elizabeth Pepys
883,887,1664,February,19,coach,Elizabeth Pepys
887,886,1664,February,19,coach,Elizabeth Pepys
886,24,1664,February,19,coach,Aunt Wight
24,785,1664,February,19,walk,
785,9,1664,February,20,walk,
9,23,1664,February,20,coach,Mr Coventry
23,785,1664,February,20,walk,
785,188,1664,February,20,boat,
188,37,1664,February,20,walk,
37,873,1664,February,20,walk,
873,785,1664,February,20,boat,
785,9,1664,February,20,walk,
9,785,1664,February,20,walk,
785,9,1664,February,21,walk,
9,785,1664,February,21,walk,
785,24,1664,February,21,walk,Elizabeth Pepys
24,77,1664,February,21,walk,Mr. Maes
77,24,1664,February,21,walk,
24,785,1664,February,21,walk,Elizabeth Pepys
785,888,1664,February,22,coach,Elizabeth Pepys
888,107,1664,February,22,walk,
107,889,1664,February,22,walk,
889,23,1664,February,22,walk,
23,24,1664,February,22,coach,Elizabeth Pepys
24,631,1664,February,22,walk,
631,23,1664,February,22,walk,
23,785,1664,February,22,walk,
785,9,1664,February,22,walk,
9,785,1664,February,22,walk,
785,9,1664,February,23,walk,
9,23,1664,February,23,walk,
23,785,1664,February,23,walk,Sir William Rider; Mr. Cutler; Mr. Cooke
785,9,1664,February,23,walk,
9,785,1664,February,23,walk,
785,3,1664,February,24,boat,
3,107,1664,February,24,walk,
107,891,1664,February,24,walk,
891,892,1664,February,24,walk,
892,893,1664,February,24,walk,
893,631,1664,February,24,boat,
631,23,1664,February,24,walk,
23,785,1664,February,24,walk,
785,9,1664,February,24,walk,
9,785,1664,February,24,walk,
785,9,1664,February,25,walk,
9,641,1664,February,25,coach,Mr Coventry
641,785,1664,February,25,walk,
785,244,1664,February,25,coach,Elizabeth Pepys; John Creed
244,883,1664,February,25,coach,John Creed
883,3,1664,February,25,coach,
3,244,1664,February,25,coach,
244,785,1664,February,25,coach,Elizabeth Pepys
785,9,1664,February,25,walk,
9,785,1664,February,25,walk,
785,894,1664,February,26,boat,
894,895,1664,February,26,horse,John Creed
895,883,1664,February,26,horse,John Creed; Lord Sandwich
883,785,1664,February,26,horse,
785,9,1664,February,26,walk,
9,785,1664,February,26,walk,
785,9,1664,February,27,walk,
9,641,1664,February,27,walk,Mr Coventry
641,785,1664,February,27,walk,
785,9,1664,February,27,walk,
9,785,1664,February,27,walk,
785,117,1664,February,28,walk,
117,106,1664,February,28,coach,Sir John Robinson
106,896,1664,February,28,walk,Sir John Robinson
896,106,1664,February,28,walk,
106,785,1664,February,28,walk,
785,861,1664,February,28,walk,
861,785,1664,February,28,walk,
785,115,1664,February,29,coach,Sir William Penn
115,890,1664,February,29,walk,
890,3,1664,February,29,walk,
3,271,1664,February,29,walk,Sir William Penn
271,631,1664,February,29,walk,Sir William Warren
631,23,1664,February,29,walk,
23,785,1664,February,29,walk,
785,897,1664,February,29,coach,Elizabeth Pepys
897,3,1664,February,29,walk,
3,13,1664,February,29,walk,
13,71,1664,February,29,boat,
71,785,1664,February,29,coach,Elizabeth Pepys
785,9,1664,February,29,walk,
9,785,1664,February,29,walk,
785,9,1664,March,1,walk,
9,23,1664,March,1,walk,
23,785,1664,March,1,walk,John Creed; Mr. Hunt
785,31,1664,March,1,walk,John Creed; Elizabeth Pepys
31,785,1664,March,1,walk,John Creed; Elizabeth Pepys
785,9,1664,March,1,walk,
9,785,1664,March,1,walk,
785,21,1664,March,2,walk,
21,785,1664,March,2,walk,
785,9,1664,March,2,walk,
9,785,1664,March,2,walk,
785,9,1664,March,3,walk,
9,785,1664,March,3,walk,
785,883,1664,March,4,coach,
883,170,1664,March,4,walk,
170,31,1664,March,4,boat,Mr. Shish
31,37,1664,March,4,boat,
37,785,1664,March,4,walk,
785,883,1664,March,4,walk,
883,3,1664,March,4,walk,
3,883,1664,March,4,walk,
883,23,1664,March,4,coach,Elizabeth Pepys
23,631,1664,March,4,walk,
631,785,1664,March,4,walk,
785,9,1664,March,4,walk,
9,785,1664,March,4,walk,
785,9,1664,March,5,walk,
9,23,1664,March,5,walk,
23,785,1664,March,5,walk,
785,9,1664,March,5,walk,
9,785,1664,March,5,walk,
785,9,1664,March,6,walk,
9,785,1664,March,6,walk,
785,9,1664,March,7,walk,
9,785,1664,March,7,walk,
785,193,1664,March,7,coach,Elizabeth Pepys
193,244,1664,March,7,walk,Elizabeth Pepys
244,785,1664,March,7,walk,
785,9,1664,March,8,walk,
9,23,1664,March,8,coach,Mr Coventry
23,785,1664,March,8,walk,
785,193,1664,March,8,walk,Elizabeth Pepys
193,244,1664,March,8,walk,Elizabeth Pepys
244,785,1664,March,8,walk,
785,9,1664,March,8,walk,
9,785,1664,March,8,walk,
785,9,1664,March,9,walk,
9,785,1664,March,9,walk,
785,9,1664,March,10,walk,
9,23,1664,March,10,walk,
23,785,1664,March,10,walk,
785,26,1664,March,10,coach,Elizabeth Pepys
26,3,1664,March,10,walk,
3,26,1664,March,10,walk,
26,785,1664,March,10,coach,Elizabeth Pepys
785,9,1664,March,10,walk,
9,785,1664,March,10,walk,
785,883,1664,March,11,coach,
883,785,1664,March,11,coach,
785,631,1664,March,11,walk,
631,23,1664,March,11,walk,
23,785,1664,March,11,walk,
785,9,1664,March,11,walk,
9,785,1664,March,11,walk,
785,9,1664,March,12,walk,
9,23,1664,March,12,walk,
23,785,1664,March,12,walk,
785,31,1664,March,12,walk,
31,102,1664,March,12,walk,
102,785,1664,March,12,walk,
785,9,1664,March,12,walk,
9,785,1664,March,12,walk,
785,9,1664,March,13,walk,
9,785,1664,March,13,walk,
785,232,1664,March,13,walk,Anthony Joyce; Will Joyce
232,244,1664,March,13,walk,Will Joyce
244,71,1664,March,13,walk,
71,785,1664,March,13,walk,
785,244,1664,March,14,walk,
244,3,1664,March,14,walk,
3,857,1664,March,14,walk,
857,611,1664,March,14,coach,Sir William Batten
611,631,1664,March,14,walk,
631,23,1664,March,14,walk,
23,785,1664,March,14,walk,
785,883,1664,March,14,coach,Elizabeth Pepys
883,3,1664,March,14,walk,
3,883,1664,March,14,walk,
883,244,1664,March,14,coach,Elizabeth Pepys
244,71,1664,March,14,walk,
71,232,1664,March,14,walk,Elizabeth Pepys
232,785,1664,March,14,walk,Elizabeth Pepys
785,9,1664,March,14,walk,
9,785,1664,March,14,walk,
785,9,1664,March,15,walk,
9,785,1664,March,15,walk,
785,244,1664,March,15,coach,Elizabeth Pepys
244,71,1664,March,15,walk,
71,244,1664,March,15,walk,
244,785,1664,March,15,coach,
71,244,1664,March,16,walk,
244,232,1664,March,16,walk,
232,785,1664,March,16,walk,
785,23,1664,March,16,walk,
23,71,1664,March,16,coach,
71,785,1664,March,16,coach,Elizabeth Pepys
785,71,1664,March,16,coach,
71,244,1664,March,16,walk,
244,71,1664,March,16,walk,
71,244,1664,March,16,walk,
244,785,1664,March,16,coach,
785,9,1664,March,16,walk,
9,785,1664,March,16,walk,
785,244,1664,March,17,walk,
244,23,1664,March,17,walk,
23,785,1664,March,17,walk,
785,9,1664,March,17,walk,
9,244,1664,March,17,walk,
244,71,1664,March,17,walk,
71,785,1664,March,17,coach,
785,244,1664,March,18,walk,
244,71,1664,March,18,walk,
71,900,1664,March,18,walk,
900,244,1664,March,18,walk,
244,140,1664,March,18,walk,
140,785,1664,March,18,walk,
785,140,1664,March,18,walk,Elizabeth Pepys
140,244,1664,March,18,walk,Elizabeth Pepys
244,785,1664,March,18,coach,Elizabeth Pepys; Besse
785,9,1664,March,18,walk,
9,785,1664,March,18,walk,
785,9,1664,March,19,walk,
9,785,1664,March,19,walk,
785,244,1664,March,19,coach,Elizabeth Pepys
244,785,1664,March,19,walk,
785,498,1664,March,20,coach,John Creed
498,6,1664,March,20,coach,Mr. Povy
6,380,1664,March,20,coach,
380,23,1664,March,20,coach,
23,785,1664,March,20,coach,
785,9,1664,March,20,walk,
9,785,1664,March,20,walk,
785,9,1664,March,21,walk,
9,785,1664,March,21,walk,
785,9,1664,March,22,walk,
9,785,1664,March,22,walk,
785,24,1664,March,22,walk,
24,785,1664,March,22,walk,Elizabeth Pepys
785,9,1664,March,23,walk,
9,23,1664,March,23,walk,
23,334,1664,March,23,walk,Sir William Rider
334,785,1664,March,23,walk,
785,9,1664,March,23,walk,
9,785,1664,March,23,walk,
785,873,1664,March,24,boat,
873,37,1664,March,24,walk,
37,31,1664,March,24,walk,Captain Grove
31,102,1664,March,24,walk,
102,785,1664,March,24,walk,
785,9,1664,March,24,walk,
9,785,1664,March,24,walk,
785,3,1664,March,25,boat,
3,95,1664,March,25,walk,
95,785,1664,March,25,boat,
785,9,1664,March,25,walk,
9,17,1664,March,25,walk,Elizabeth Pepys
17,785,1664,March,25,walk,Elizabeth Pepys
785,9,1664,March,25,walk,
9,785,1664,March,25,walk,
785,9,1664,March,26,walk,
9,23,1664,March,26,walk,
23,785,1664,March,26,walk,
785,107,1664,March,26,coach,Elizabeth Pepys; Uncle Wight; Aunt Wight
107,24,1664,March,26,coach,Elizabeth Pepys; Uncle Wight; Aunt Wight
24,785,1664,March,26,walk,Elizabeth Pepys
785,9,1664,March,26,walk,
9,785,1664,March,26,walk,
785,9,1664,March,27,walk,
9,785,1664,March,27,walk,
785,902,1664,March,27,walk,
902,17,1664,March,27,walk,
17,785,1664,March,27,walk,
785,233,1664,March,28,walk,
233,17,1664,March,28,walk,
17,13,1664,March,28,walk,
13,107,1664,March,28,walk,John Creed
107,905,1664,March,28,walk,John Creed
905,13,1664,March,28,walk,
13,10,1664,March,28,walk,Sir John Minnes
10,864,1664,March,28,walk,
864,785,1664,March,28,coach,Sir William Batten; Sir William Penn
785,9,1664,March,28,walk,
9,785,1664,March,28,walk,
785,63,1664,March,29,walk,
63,77,1664,March,29,walk,Sir John Minnes
77,785,1664,March,29,walk,
785,17,1664,March,29,coach,Elizabeth Pepys
17,785,1664,March,29,coach,Elizabeth Pepys
785,9,1664,March,29,walk,
9,785,1664,March,29,walk,
785,77,1664,March,30,walk,
77,23,1664,March,30,walk,
23,631,1664,March,30,walk,Captain Cocke
631,907,1664,March,30,walk,
907,785,1664,March,30,walk,
785,9,1664,March,30,walk,
9,785,1664,March,30,walk,
785,9,1664,March,31,walk,
9,31,1664,March,31,walk,John Creed
31,785,1664,March,31,walk,John Creed
785,9,1664,March,31,coach,Elizabeth Pepys
9,17,1664,March,31,coach,Elizabeth Pepys
17,901,1664,March,31,walk,
901,785,1664,March,31,coach,Elizabeth Pepys
785,9,1664,April,1,walk,
9,23,1664,April,1,walk,
23,785,1664,April,1,walk,
785,345,1664,April,1,coach,Elizabeth Pepys
345,356,1664,April,1,walk,
356,3,1664,April,1,walk,
3,23,1664,April,1,walk,John Creed
23,785,1664,April,1,walk,John Creed
785,117,1664,April,1,walk,W. Howe
117,785,1664,April,1,walk,
785,9,1664,April,1,walk,
9,785,1664,April,1,walk,
785,9,1664,April,2,walk,
9,631,1664,April,2,walk,
631,23,1664,April,2,walk,
23,188,1664,April,2,boat,Sir William Warren
188,37,1664,April,2,walk,
37,873,1664,April,2,walk,Sir William Warren
873,129,1664,April,2,boat,Sir William Warren
129,785,1664,April,2,walk,Sir William Warren
785,9,1664,April,2,walk,
9,785,1664,April,2,walk,
785,9,1664,April,3,walk,
9,785,1664,April,3,walk,
785,883,1664,April,4,walk,
883,908,1664,April,4,walk,
908,13,1664,April,4,walk,
13,864,1664,April,4,walk,Mr Coventry
864,3,1664,April,4,walk,
3,102,1664,April,4,boat,Mr. Wayth
102,785,1664,April,4,walk,Elizabeth Pepys; Besse
785,9,1664,April,4,walk,
9,785,1664,April,4,walk,
785,357,1664,April,5,walk,
357,909,1664,April,5,walk,
909,908,1664,April,5,walk,
908,3,1664,April,5,coach,
3,908,1664,April,5,walk,
908,909,1664,April,5,walk,
909,13,1664,April,5,boat,
13,910,1664,April,5,walk,
910,909,1664,April,5,walk,
909,785,1664,April,5,coach,Mrs. Anthony Joyce
785,9,1664,April,5,walk,
9,785,1664,April,5,walk,
785,9,1664,April,6,walk,
9,785,1664,April,6,walk,
785,280,1664,April,6,coach,Elizabeth Pepys
280,345,1664,April,6,coach,Elizabeth Pepys
345,911,1664,April,6,walk,
911,3,1664,April,6,walk,
3,186,1664,April,6,walk,
186,23,1664,April,6,walk,
23,17,1664,April,6,walk,Elizabeth Pepys
17,785,1664,April,6,coach,Elizabeth Pepys
785,9,1664,April,7,walk,
9,23,1664,April,7,walk,
23,785,1664,April,7,walk,
785,9,1664,April,7,walk,
9,785,1664,April,7,walk,
785,31,1664,April,8,boat,Sir William Batten
31,550,1664,April,8,walk,Sir William Batten
550,31,1664,April,8,walk,
31,785,1664,April,8,boat,
785,861,1664,April,8,walk,
861,785,1664,April,8,walk,
785,911,1664,April,9,coach,Elizabeth Pepys
911,345,1664,April,9,coach,Elizabeth Pepys
345,17,1664,April,9,coach,Elizabeth Pepys
17,785,1664,April,9,coach,Elizabeth Pepys
785,9,1664,April,9,walk,
9,785,1664,April,9,walk,
785,63,1664,April,11,walk,
63,785,1664,April,11,walk,
785,24,1664,April,12,coach,Elizabeth Pepys
24,631,1664,April,12,walk,W. Howe
631,23,1664,April,12,walk,
23,24,1664,April,12,walk,W. Howe
24,883,1664,April,12,coach,Elizabeth Pepys
883,918,1664,April,12,walk,W. Howe
918,883,1664,April,12,walk,
883,785,1664,April,12,coach,Elizabeth Pepys
785,897,1664,April,13,coach,John Pepys Sr
897,864,1664,April,13,coach,
864,115,1664,April,13,coach,Mr Coventry
115,785,1664,April,13,coach,John Pepys Sr; John Pepys Jr.
785,861,1664,April,13,walk,
861,785,1664,April,13,walk,
785,115,1664,April,14,walk,John Pepys Sr
115,864,1664,April,14,coach,Colonel Froud
864,3,1664,April,14,walk,
3,879,1664,April,14,walk,John Creed
879,785,1664,April,14,coach,
785,9,1664,April,14,walk,
9,785,1664,April,14,walk,
785,23,1664,April,15,walk,
23,785,1664,April,15,walk,
785,193,1664,April,15,coach,Elizabeth Pepys
193,71,1664,April,15,coach,Elizabeth Pepys
71,24,1664,April,15,coach,Elizabeth Pepys
24,9,1664,April,15,walk,
9,24,1664,April,15,walk,
24,785,1664,April,15,walk,Elizabeth Pepys
785,9,1664,April,15,walk,
9,785,1664,April,15,walk,
785,9,1664,April,16,walk,
9,641,1664,April,16,walk,Mr Coventry
641,785,1664,April,16,walk,
785,102,1664,April,16,walk,
102,785,1664,April,16,walk,Elizabeth Pepys
785,9,1664,April,16,walk,
9,785,1664,April,16,walk,
785,176,1664,April,17,walk,Elizabeth Pepys
176,785,1664,April,17,walk,Elizabeth Pepys
785,176,1664,April,17,walk,Elizabeth Pepys
176,861,1664,April,17,walk,Elizabeth Pepys
861,24,1664,April,17,walk,Elizabeth Pepys
24,785,1664,April,17,walk,Elizabeth Pepys
785,13,1664,April,18,coach,
13,23,1664,April,18,coach,
23,864,1664,April,18,coach,
864,13,1664,April,18,walk,
13,356,1664,April,18,walk,
356,13,1664,April,18,walk,
13,26,1664,April,18,walk,
26,107,1664,April,18,walk,Mrs. Hunt
107,382,1664,April,18,coach,Elizabeth Pepys; Aunt Wight; Mrs. Hunt; Mrs. Steward
382,24,1664,April,18,coach,Elizabeth Pepys
24,785,1664,April,18,walk,
785,9,1664,April,18,walk,
9,785,1664,April,18,walk,
785,864,1664,April,19,walk,
864,913,1664,April,19,walk,John Creed; Mr. Vernaty
913,13,1664,April,19,walk,
13,170,1664,April,19,boat,
170,23,1664,April,19,walk,
23,785,1664,April,19,walk,
785,9,1664,April,19,walk,
9,785,1664,April,19,walk,
785,13,1664,April,20,coach,
13,104,1664,April,20,walk,
104,13,1664,April,20,walk,
13,785,1664,April,20,coach,Sir William Penn
785,9,1664,April,20,walk,
9,785,1664,April,20,walk,
785,9,1664,April,21,walk,
9,911,1664,April,21,coach,John Creed; Elizabeth Pepys
911,13,1664,April,21,walk,John Creed
13,24,1664,April,21,coach,Elizabeth Pepys
24,23,1664,April,21,walk,
23,24,1664,April,21,walk,
24,9,1664,April,21,walk,
9,785,1664,April,21,walk,
785,873,1664,April,22,boat,
873,37,1664,April,22,walk,
37,188,1664,April,22,walk,
188,873,1664,April,22,walk,Mr. Deane
873,785,1664,April,22,boat,Mr. Deane
785,883,1664,April,22,coach,Elizabeth Pepys
883,71,1664,April,22,coach,Elizabeth Pepys
71,382,1664,April,22,coach,Elizabeth Pepys; Mrs. Turner; Theophila Turner
382,71,1664,April,22,coach,Elizabeth Pepys
71,107,1664,April,22,coach,Elizabeth Pepys
107,785,1664,April,22,coach,Elizabeth Pepys
785,9,1664,April,22,walk,
9,785,1664,April,22,walk,
785,9,1664,April,23,walk,
9,129,1664,April,23,boat,
129,785,1664,April,23,boat,
785,23,1664,April,23,walk,
23,785,1664,April,23,walk,
785,9,1664,April,23,walk,
9,785,1664,April,23,walk,
785,9,1664,April,24,walk,
9,785,1664,April,24,walk,
785,380,1664,April,25,coach,Sir William Penn
380,883,1664,April,25,coach,Mr Coventry; Mr. Cutler
883,785,1664,April,25,coach,Elizabeth Pepys
785,914,1664,April,25,coach,Elizabeth Pepys
914,915,1664,April,25,coach,Elizabeth Pepys
915,267,1664,April,25,coach,Elizabeth Pepys
267,916,1664,April,25,coach,Elizabeth Pepys
916,157,1664,April,25,coach,Elizabeth Pepys
157,397,1664,April,25,coach,Elizabeth Pepys
397,157,1664,April,25,coach,Elizabeth Pepys
157,785,1664,April,25,coach,Elizabeth Pepys
785,883,1664,April,26,walk,
883,380,1664,April,26,coach,Lord Sandwich; John Creed
380,107,1664,April,26,walk,John Creed
107,345,1664,April,26,walk,John Creed
345,23,1664,April,26,coach,
23,785,1664,April,26,walk,
785,9,1664,April,26,walk,
9,785,1664,April,26,walk,
785,13,1664,April,27,coach,
13,785,1664,April,27,coach,Alderman Backwell
785,23,1664,April,27,walk,
23,785,1664,April,27,walk,
785,9,1664,April,27,walk,
9,917,1664,April,27,coach,Elizabeth Pepys
917,883,1664,April,27,walk,
883,785,1664,April,27,coach,Elizabeth Pepys
785,9,1664,April,27,walk,
9,785,1664,April,27,walk,
785,9,1664,April,28,walk,
9,23,1664,April,28,walk,
23,785,1664,April,28,walk,
785,9,1664,April,28,walk,
9,785,1664,April,28,walk,
785,3,1664,April,29,coach,Sir William Rider; Mr. Cutler
3,864,1664,April,29,walk,Sir William Rider
864,23,1664,April,29,walk,
23,785,1664,April,29,walk,
785,883,1664,April,29,coach,Elizabeth Pepys
883,785,1664,April,29,coach,Elizabeth Pepys
785,9,1664,April,29,walk,
9,785,1664,April,29,walk,
785,9,1664,April,30,walk,
9,23,1664,April,30,walk,
23,73,1664,April,30,walk,Sir William Rider; Mr. Cutler
73,785,1664,April,30,walk,
785,37,1664,April,30,boat,
37,188,1664,April,30,walk,Mr. Deane
188,785,1664,April,30,boat,Mr. Deane
785,9,1664,April,30,walk,
9,785,1664,April,30,walk,
785,873,1664,May,1,boat,Elizabeth Pepys; Besse
873,31,1664,May,1,boat,
31,102,1664,May,1,walk,Mr. Wayth
102,785,1664,May,1,walk,Elizabeth Pepys; Besse
785,380,1664,May,2,boat,Sir William Batten; Sir John Minnes
380,13,1664,May,2,walk,
13,23,1664,May,2,coach,Mr. Rawlinson
23,785,1664,May,2,walk,
785,883,1664,May,2,coach,Elizabeth Pepys
883,533,1664,May,2,coach,Elizabeth Pepys; Mademoiselle
533,382,1664,May,2,coach,Elizabeth Pepys; Mademoiselle
382,785,1664,May,2,coach,Elizabeth Pepys
785,9,1664,May,2,walk,
9,785,1664,May,2,walk,
785,446,1664,May,3,walk,
446,3,1664,May,3,boat,Mr. Bland
3,864,1664,May,3,walk,John Creed; Mr. Vernaty
864,13,1664,May,3,walk,
13,883,1664,May,3,walk,
883,785,1664,May,3,coach,
785,24,1664,May,3,walk,
24,23,1664,May,3,walk,
23,24,1664,May,3,walk,
24,785,1664,May,3,walk,
785,9,1664,May,4,walk,
9,23,1664,May,4,walk,
23,785,1664,May,4,walk,
785,9,1664,May,4,walk,
9,785,1664,May,4,walk,
785,23,1664,May,5,walk,
23,785,1664,May,5,walk,
785,9,1664,May,5,walk,
9,785,1664,May,5,walk,
785,9,1664,May,6,walk,
9,785,1664,May,6,walk,
785,9,1664,May,7,walk,
9,785,1664,May,7,walk,
785,176,1664,May,8,walk,Elizabeth Pepys
176,861,1664,May,8,walk,Elizabeth Pepys
861,785,1664,May,8,walk,Elizabeth Pepys
785,9,1664,May,9,walk,
9,280,1664,May,9,coach,Elizabeth Pepys
280,345,1664,May,9,coach,Elizabeth Pepys
345,883,1664,May,9,walk,Elizabeth Pepys
883,785,1664,May,9,coach,Elizabeth Pepys
785,9,1664,May,9,walk,
9,785,1664,May,9,walk,
785,9,1664,May,10,walk,
9,785,1664,May,10,walk,
785,9,1664,May,11,walk,
9,785,1664,May,11,walk,
785,37,1664,May,12,boat,
37,873,1664,May,12,walk,Mr. Deane
873,31,1664,May,12,walk,Commissioner Pett
31,785,1664,May,12,boat,
785,9,1664,May,12,walk,
9,785,1664,May,12,walk,
785,37,1664,May,13,boat,
37,785,1664,May,13,boat,
785,908,1664,May,13,walk,
908,10,1664,May,13,walk,Sir George Ascue; Sir William Penn
10,785,1664,May,13,walk,
785,9,1664,May,13,walk,
9,785,1664,May,13,walk,
785,9,1664,May,14,walk,
9,785,1664,May,14,walk,
785,380,1664,May,16,walk,
380,919,1664,May,16,walk,
919,13,1664,May,16,walk,
13,785,1664,May,16,coach,
785,9,1664,May,17,walk,
9,785,1664,May,17,walk,
785,9,1664,May,18,walk,
9,3,1664,May,18,coach,
3,785,1664,May,18,walk,
785,861,1664,May,18,walk,
861,785,1664,May,18,walk,
785,115,1664,May,19,coach,Sir William Penn
115,3,1664,May,19,walk,
3,785,1664,May,19,coach,
785,9,1664,May,19,walk,
9,785,1664,May,19,walk,
785,9,1664,May,20,walk,
9,785,1664,May,20,walk,
785,9,1664,May,21,walk,
9,23,1664,May,21,walk,
23,785,1664,May,21,walk,
785,345,1664,May,21,coach,Elizabeth Pepys
345,883,1664,May,21,walk,Elizabeth Pepys
883,785,1664,May,21,coach,Elizabeth Pepys
785,9,1664,May,21,walk,
9,785,1664,May,21,walk,
785,3,1664,May,22,boat,
3,6,1664,May,22,walk,
6,380,1664,May,22,walk,
380,3,1664,May,22,walk,Mr Coventry
3,785,1664,May,22,walk,John Creed
785,188,1664,May,22,boat,Elizabeth Pepys; John Creed
188,37,1664,May,22,walk,
37,31,1664,May,22,boat,Elizabeth Pepys; John Creed
31,102,1664,May,22,walk,Mr. Wayth
102,785,1664,May,22,boat,Elizabeth Pepys
785,9,1664,May,23,walk,
9,188,1664,May,23,boat,Elizabeth Pepys; Mr. Hater
188,37,1664,May,23,walk,Mr. Hater
37,417,1664,May,23,walk,
417,31,1664,May,23,boat,Elizabeth Pepys; Mr. Hater
31,785,1664,May,23,boat,Elizabeth Pepys
785,9,1664,May,23,walk,
9,785,1664,May,23,walk,
785,9,1664,May,24,walk,
9,785,1664,May,24,walk,
785,9,1664,May,26,walk,
9,785,1664,May,26,walk,
785,883,1664,May,26,coach,Elizabeth Pepys
883,233,1664,May,26,walk,
233,293,1664,May,26,walk,
293,883,1664,May,26,walk,
883,922,1664,May,26,coach,Elizabeth Pepys
922,785,1664,May,26,walk,Elizabeth Pepys
785,9,1664,May,27,walk,
9,23,1664,May,27,walk,
23,642,1664,May,27,walk,
642,785,1664,May,27,walk,
785,921,1664,May,27,walk,Mr. Wayth
921,785,1664,May,27,walk,
785,9,1664,May,27,walk,
9,785,1664,May,27,walk,
785,9,1664,May,28,walk,
9,23,1664,May,28,walk,
23,642,1664,May,28,walk,
642,785,1664,May,28,walk,
785,9,1664,May,28,walk,
9,785,1664,May,28,walk,
785,864,1664,May,29,walk,
864,3,1664,May,29,walk,Mr. Povy
3,320,1664,May,29,walk,Mr. Povy
320,498,1664,May,29,walk,Mr. Povy
498,785,1664,May,29,walk,
785,9,1664,May,30,walk,
9,785,1664,May,30,walk,
785,920,1664,May,31,walk,
920,883,1664,May,31,walk,
883,9,1664,May,31,coach,
9,785,1664,May,31,walk,
785,9,1664,May,31,walk,
9,923,1664,May,31,coach,Elizabeth Pepys
923,107,1664,May,31,walk,Elizabeth Pepys
107,785,1664,May,31,coach,Elizabeth Pepys
785,37,1664,June,1,boat,
37,31,1664,June,1,boat,
31,785,1664,June,1,boat,
785,925,1664,June,1,boat,
925,230,1664,June,1,walk,
230,533,1664,June,1,walk,Elizabeth Pepys
533,926,1664,June,1,walk,Elizabeth Pepys
926,785,1664,June,1,coach,Elizabeth Pepys
785,9,1664,June,1,walk,
9,785,1664,June,1,walk,
785,9,1664,June,2,walk,
9,23,1664,June,2,coach,Sir John Minnes; Mr Coventry
23,864,1664,June,2,coach,Mr Coventry
864,3,1664,June,2,walk,
3,785,1664,June,2,coach,Sir John Minnes
785,9,1664,June,2,walk,
9,785,1664,June,2,walk,
785,9,1664,June,3,walk,
9,23,1664,June,3,walk,
23,785,1664,June,3,walk,
785,3,1664,June,3,coach,Elizabeth Pepys
3,26,1664,June,3,walk,
26,785,1664,June,3,coach,Elizabeth Pepys
785,9,1664,June,3,walk,
9,785,1664,June,3,walk,
785,380,1664,June,4,coach,
380,9,1664,June,4,boat,
9,864,1664,June,4,boat,Mr Coventry
864,3,1664,June,4,walk,
3,785,1664,June,4,coach,
785,9,1664,June,4,walk,
9,785,1664,June,4,walk,
785,9,1664,June,5,walk,
9,785,1664,June,5,walk,
785,31,1664,June,6,boat,Mr. Gauden
31,9,1664,June,6,boat,
9,3,1664,June,6,coach,Mr. Gauden
3,883,1664,June,6,walk,
883,31,1664,June,6,boat,
31,334,1664,June,6,boat,Sir William Batten
334,3,1664,June,6,boat,Lord Sandwich
3,785,1664,June,6,coach,
785,9,1664,June,6,walk,
9,785,1664,June,6,walk,
785,9,1664,June,7,walk,
9,23,1664,June,7,walk,
23,785,1664,June,7,walk,
785,9,1664,June,7,walk,
9,785,1664,June,7,walk,
785,9,1664,June,9,walk,
9,785,1664,June,9,walk,
785,9,1664,June,9,coach,
9,450,1664,June,9,coach,
450,785,1664,June,9,coach,
785,3,1664,June,10,boat,
3,107,1664,June,10,walk,Captain Taylor
107,785,1664,June,10,boat,
785,9,1664,June,10,walk,
9,785,1664,June,10,walk,
785,9,1664,June,11,walk,
9,23,1664,June,11,walk,
23,785,1664,June,11,walk,John Creed
785,937,1664,June,11,coach,Elizabeth Pepys
937,915,1664,June,11,coach,Elizabeth Pepys
915,785,1664,June,11,coach,Elizabeth Pepys
785,9,1664,June,11,walk,
9,785,1664,June,11,walk,
785,102,1664,June,12,boat,Elizabeth Pepys; John Creed
102,785,1664,June,12,walk,Elizabeth Pepys; John Creed
785,9,1664,June,12,walk,
9,785,1664,June,12,walk,
785,31,1664,June,13,boat,
31,3,1664,June,13,boat,
3,864,1664,June,13,walk,Mr Coventry
864,43,1664,June,13,boat,
43,873,1664,June,13,boat,John Creed
873,930,1664,June,13,walk,
930,785,1664,June,13,boat,
785,9,1664,June,14,walk,
9,785,1664,June,14,walk,
785,928,1664,June,14,coach,Elizabeth Pepys
928,929,1664,June,14,walk,Elizabeth Pepys
929,928,1664,June,14,walk,
928,785,1664,June,14,coach,Elizabeth Pepys
785,927,1664,June,15,walk,Captain Witham
927,162,1664,June,15,walk,
162,785,1664,June,15,walk,
785,873,1664,June,15,boat,Elizabeth Pepys; John Creed; Lady Jemimah; Lady Paulina; Lady Katherine
873,931,1664,June,15,walk,
931,930,1664,June,15,walk,
930,410,1664,June,15,boat,
410,883,1664,June,15,coach,John Creed
883,932,1664,June,15,walk,John Creed
932,1032,1664,June,16,walk,John Creed
1032,380,1664,June,16,walk,
380,3,1664,June,16,walk,
3,785,1664,June,16,coach,
785,9,1664,June,16,walk,
9,23,1664,June,16,walk,
23,785,1664,June,16,walk,
785,23,1664,June,16,walk,John Creed
785,37,1664,June,17,boat,
37,188,1664,June,17,walk,
188,31,1664,June,17,boat,
31,785,1664,June,17,boat,
785,9,1664,June,17,walk,
9,785,1664,June,17,walk,
785,9,1664,June,18,walk,
9,785,1664,June,18,walk,
785,9,1664,June,19,walk,
9,785,1664,June,19,walk,
785,3,1664,June,20,boat,Elizabeth Pepys
3,13,1664,June,20,walk,
13,6,1664,June,20,walk,
6,785,1664,June,20,coach,
785,9,1664,June,20,walk,
9,785,1664,June,20,walk,
785,9,1664,June,21,walk,
9,3,1664,June,21,coach,Elizabeth Pepys
3,107,1664,June,21,walk,John Creed
107,345,1664,June,21,walk,Thomas Moore
345,785,1664,June,21,coach,
785,9,1664,June,21,walk,
9,785,1664,June,21,walk,
785,23,1664,June,22,walk,
23,631,1664,June,22,walk,
631,334,1664,June,22,walk,Sir William Rider; Mr. Cutler
334,785,1664,June,22,walk,
785,9,1664,June,22,walk,
9,498,1664,June,22,coach,
498,785,1664,June,22,coach,
785,9,1664,June,23,walk,
9,23,1664,June,23,walk,
23,785,1664,June,23,walk,
785,9,1664,June,23,walk,
9,785,1664,June,23,walk,
785,934,1664,June,24,walk,Captain Witham
934,9,1664,June,24,walk,
9,24,1664,June,24,walk,
24,3,1664,June,24,walk,
3,935,1664,June,24,walk,James Pierce
935,107,1664,June,24,walk,James Pierce
107,320,1664,June,24,walk,James Pierce
320,785,1664,June,24,walk,
785,9,1664,June,25,walk,
9,785,1664,June,25,walk,
785,883,1664,June,26,coach,Sir John Minnes
883,785,1664,June,26,walk,John Creed
785,176,1664,June,26,walk,
176,785,1664,June,26,walk,
785,1062,1664,June,26,boat,Elizabeth Pepys; John Creed
1062,785,1664,June,26,boat,Elizabeth Pepys; John Creed
785,21,1664,June,27,walk,John Creed
21,380,1664,June,27,coach,
380,785,1664,June,27,walk,
785,37,1664,June,27,boat,
37,785,1664,June,27,boat,
785,9,1664,June,28,walk,
9,23,1664,June,28,walk,
23,399,1664,June,28,walk,Uncle Wight
399,112,1664,June,28,walk,
112,785,1664,June,28,walk,
785,170,1664,June,29,walk,Mr. Shepley
170,917,1664,June,29,walk,
917,938,1664,June,29,boat,
938,883,1664,June,29,walk,
883,785,1664,June,29,walk,
785,9,1664,June,29,walk,
9,785,1664,June,29,walk,
785,9,1664,June,30,walk,
9,785,1664,June,30,walk,
785,31,1664,June,30,boat,
31,37,1664,June,30,walk,
37,873,1664,June,30,walk,
873,785,1664,June,30,boat,
785,23,1664,July,1,walk,
23,785,1664,July,1,walk,
785,9,1664,July,1,walk,
9,785,1664,July,1,walk,
785,9,1664,July,2,walk,
9,23,1664,July,2,walk,
23,785,1664,July,2,walk,Mr. Alsopp; Mr. Lanyon
785,9,1664,July,2,walk,
9,785,1664,July,2,walk,
785,66,1664,July,4,walk,
66,785,1664,July,4,walk,
785,23,1664,July,4,walk,
23,785,1664,July,4,walk,
785,9,1664,July,5,walk,
9,23,1664,July,5,walk,
23,785,1664,July,5,walk,W. Howe
785,9,1664,July,5,walk,
9,785,1664,July,5,walk,
785,43,1664,July,6,walk,Elizabeth Pepys
43,939,1664,July,6,boat,Elizabeth Pepys; James Pierce; Elizabeth Pierce; Mrs. Clerke
939,873,1664,July,6,boat,Elizabeth Pepys; James Pierce; Elizabeth Pierce
873,785,1664,July,6,boat,Elizabeth Pepys
785,9,1664,July,7,walk,
9,785,1664,July,7,walk,
785,3,1664,July,7,walk,
3,107,1664,July,7,walk,Mr Coventry; John Creed
107,345,1664,July,7,walk,John Creed
345,785,1664,July,7,walk,
785,498,1664,July,8,walk,
498,3,1664,July,8,walk,
3,21,1664,July,8,walk,
21,23,1664,July,8,walk,
23,785,1664,July,8,walk,
785,9,1664,July,8,walk,
9,785,1664,July,8,walk,
785,9,1664,July,9,walk,
9,3,1664,July,9,coach,Sir John Minnes
3,785,1664,July,9,coach,
785,9,1664,July,9,walk,
9,785,1664,July,9,walk,
785,410,1664,July,10,boat,Elizabeth Pepys
410,883,1664,July,10,walk,Elizabeth Pepys
883,951,1664,July,10,coach,Lady Jemimah; Mr. Sidney
951,1245,1664,July,10,coach,
1245,785,1664,July,10,coach,Elizabeth Pepys
785,943,1664,July,11,horse,Elizabeth Pepys; William Hewer
943,785,1664,July,11,horse,William Hewer
785,9,1664,July,12,walk,
9,31,1664,July,12,boat,Sir George Carteret; Sir John Minnes; Sir William Batten
31,41,1664,July,12,boat,Mr Coventry
41,785,1664,July,12,boat,Mr Coventry
785,9,1664,July,12,walk,
9,785,1664,July,12,walk,
785,9,1664,July,13,walk,
9,883,1664,July,13,walk,
883,946,1664,July,13,walk,Captain Ferrers
946,3,1664,July,13,walk,
3,785,1664,July,13,boat,
785,9,1664,July,13,walk,
9,785,1664,July,13,walk,
785,883,1664,July,14,walk,
883,429,1664,July,14,walk,
429,883,1664,July,14,walk,
883,499,1664,July,14,walk,
499,9,1664,July,14,walk,
9,23,1664,July,14,walk,
23,1088,1664,July,14,walk,Mr. Alsopp; Mr. Lanyon
1088,3,1664,July,14,walk,
3,499,1664,July,14,walk,
499,942,1664,July,14,walk,Mr. Lanyon
942,499,1664,July,14,walk,
499,785,1664,July,14,coach,
785,9,1664,July,14,walk,
9,785,1664,July,14,walk,
785,883,1664,July,15,walk,
883,380,1664,July,15,walk,John Creed
380,3,1664,July,15,walk,
3,23,1664,July,15,coach,
23,785,1664,July,15,walk,
785,9,1664,July,15,walk,
9,785,1664,July,15,walk,
785,9,1664,July,16,walk,
9,23,1664,July,16,walk,
23,334,1664,July,16,walk,
334,3,1664,July,16,walk,
3,883,1664,July,16,coach,John Creed
883,785,1664,July,16,coach,
785,9,1664,July,16,walk,
9,785,1664,July,16,walk,
785,9,1664,July,17,walk,
9,883,1664,July,17,walk,
883,785,1664,July,17,walk,
785,883,1664,July,18,walk,
883,380,1664,July,18,walk,
380,499,1664,July,18,walk,
499,23,1664,July,18,walk,
23,785,1664,July,18,walk,
785,498,1664,July,18,coach,John Creed
498,499,1664,July,18,walk,
499,785,1664,July,18,coach,John Creed
785,9,1664,July,19,walk,
9,37,1664,July,19,boat,Sir William Batten
37,947,1664,July,19,walk,
947,31,1664,July,19,walk,
31,785,1664,July,19,boat,
785,9,1664,July,19,walk,
9,785,1664,July,19,walk,
785,9,1664,July,20,walk,
9,3,1664,July,20,coach,
3,193,1664,July,20,walk,
193,107,1664,July,20,walk,John Creed
107,785,1664,July,20,walk,
785,9,1664,July,20,walk,
9,785,1664,July,20,walk,
785,9,1664,July,21,walk,
9,63,1664,July,21,walk,
63,499,1664,July,21,walk,
499,910,1664,July,21,walk,
910,785,1664,July,21,boat,
785,9,1664,July,21,walk,
9,785,1664,July,21,walk,
785,9,1664,July,22,walk,
9,23,1664,July,22,walk,
23,785,1664,July,22,walk,
785,31,1664,July,22,boat,
31,785,1664,July,22,boat,
785,23,1664,July,23,walk,
23,13,1664,July,23,walk,
13,594,1664,July,23,boat,
594,949,1664,July,23,walk,
949,785,1664,July,23,walk,
785,9,1664,July,23,walk,
9,785,1664,July,23,walk,
785,9,1664,July,24,walk,
9,785,1664,July,24,walk,
785,380,1664,July,25,coach,Sir John Minnes; Sir William Batten
380,631,1664,July,25,walk,Sir William Batten
631,785,1664,July,25,walk,
785,115,1664,July,25,walk,
115,911,1664,July,25,walk,
911,885,1664,July,25,walk,
885,785,1664,July,25,walk,
785,9,1664,July,25,walk,
9,785,1664,July,25,walk,
785,357,1664,July,26,walk,
357,885,1664,July,26,walk,
885,785,1664,July,26,walk,
785,9,1664,July,26,walk,
9,785,1664,July,26,walk,
785,498,1664,July,27,walk,
498,380,1664,July,27,walk,
380,3,1664,July,27,walk,
3,23,1664,July,27,walk,
23,3,1664,July,27,walk,
3,785,1664,July,27,walk,
785,9,1664,July,28,walk,
9,23,1664,July,28,walk,
23,785,1664,July,28,walk,
785,193,1664,July,28,walk,
193,785,1664,July,28,coach,
785,9,1664,July,28,walk,
9,785,1664,July,28,walk,
785,9,1664,July,29,walk,
9,23,1664,July,29,walk,
23,233,1664,July,29,walk,
233,949,1664,July,29,walk,
949,785,1664,July,29,walk,
785,9,1664,July,30,walk,
9,23,1664,July,30,walk,
23,785,1664,July,30,walk,
785,9,1664,July,30,walk,
9,785,1664,July,30,walk,
785,176,1664,July,31,walk,
176,785,1664,July,31,walk,
785,449,1664,July,31,walk,Mr. Hill
449,785,1664,July,31,walk,Mr. Hill
785,9,1664,July,31,walk,
9,785,1664,July,31,walk,
785,380,1664,August,1,coach,Sir John Minnes; Sir William Batten; Sir William Penn
380,953,1664,August,1,walk,Mr Coventry
953,785,1664,August,1,walk,
785,631,1664,August,1,walk,
631,357,1664,August,1,walk,Mr. Harman; Mrs. Harman
357,356,1664,August,1,walk,
356,499,1664,August,1,walk,
499,785,1664,August,1,walk,
785,9,1664,August,1,walk,
9,785,1664,August,1,walk,
785,9,1664,August,2,walk,
9,23,1664,August,2,walk,
23,533,1664,August,2,walk,
533,785,1664,August,2,walk,
785,9,1664,August,2,walk,
9,176,1664,August,2,walk,
176,785,1664,August,2,walk,
785,356,1664,August,3,walk,
356,3,1664,August,3,walk,
3,23,1664,August,3,walk,
23,785,1664,August,3,walk,
785,37,1664,August,3,boat,
37,785,1664,August,3,boat,
785,9,1664,August,3,walk,
9,785,1664,August,3,walk,
785,9,1664,August,4,walk,
9,861,1664,August,4,walk,
861,533,1664,August,4,coach,Sir William Penn
533,883,1664,August,4,coach,
883,785,1664,August,4,walk,
785,9,1664,August,4,walk,
9,785,1664,August,4,walk,
785,230,1664,August,5,horse,
230,943,1664,August,5,horse,Will Joyce
943,261,1664,August,5,horse,Will Joyce
261,955,1664,August,6,horse,Elizabeth Pepys; Will Joyce
955,785,1664,August,6,horse,Elizabeth Pepys; Will Joyce
785,9,1664,August,6,walk,
9,785,1664,August,6,walk,
785,3,1664,August,7,walk,
3,785,1664,August,7,walk,Mr. Spong
785,82,1664,August,7,walk,
82,785,1664,August,7,walk,
785,380,1664,August,8,coach,Sir William Batten
380,631,1664,August,8,walk,
631,785,1664,August,8,walk,
785,533,1664,August,8,coach,Elizabeth Pepys
533,785,1664,August,8,coach,Elizabeth Pepys
785,9,1664,August,8,walk,
9,785,1664,August,8,walk,
785,9,1664,August,9,walk,
9,785,1664,August,9,walk,
785,956,1664,August,10,walk,
956,957,1664,August,10,walk,Captain Silas Taylor
957,785,1664,August,10,walk,
785,9,1664,August,10,walk,
9,785,1664,August,10,walk,
785,9,1664,August,11,walk,
9,785,1664,August,11,walk,
785,345,1664,August,11,coach,Elizabeth Pepys; John Creed
345,883,1664,August,11,walk,Elizabeth Pepys
883,785,1664,August,11,coach,Elizabeth Pepys
785,9,1664,August,12,walk,
9,23,1664,August,12,walk,
23,785,1664,August,12,walk,
785,3,1664,August,12,coach,Elizabeth Pepys
3,785,1664,August,12,coach,
785,9,1664,August,12,walk,
9,785,1664,August,12,walk,
785,9,1664,August,13,walk,
9,785,1664,August,13,walk,
785,193,1664,August,13,coach,Elizabeth Pepys; John Creed
193,785,1664,August,13,coach,Elizabeth Pepys
785,380,1664,August,15,coach,Sir John Minnes
380,631,1664,August,15,walk,
631,23,1664,August,15,walk,
23,785,1664,August,15,walk,John Creed
785,170,1664,August,15,coach,John Creed; Elizabeth Pepys
170,356,1664,August,15,walk,Elizabeth Pepys
356,818,1664,August,15,walk,
818,356,1664,August,15,walk,
356,785,1664,August,15,coach,Elizabeth Pepys
785,9,1664,August,15,walk,
9,785,1664,August,15,walk,
785,9,1664,August,16,walk,
9,23,1664,August,16,walk,
23,785,1664,August,16,walk,
785,9,1664,August,16,walk,
9,785,1664,August,16,walk,
785,63,1664,August,17,walk,
63,17,1664,August,17,walk,
17,66,1664,August,17,walk,
66,883,1664,August,17,walk,
883,919,1664,August,17,coach,Elizabeth Pepys
919,3,1664,August,17,walk,
3,919,1664,August,17,walk,
919,785,1664,August,17,coach,Elizabeth Pepys
785,9,1664,August,18,walk,
9,13,1664,August,18,walk,
13,919,1664,August,18,walk,
919,155,1664,August,18,walk,
155,785,1664,August,18,walk,Elizabeth Pepys
785,9,1664,August,18,walk,
9,785,1664,August,18,walk,
785,9,1664,August,19,walk,
9,785,1664,August,19,walk,
785,861,1664,August,19,walk,Elizabeth Pepys
861,785,1664,August,19,walk,Elizabeth Pepys
785,9,1664,August,20,walk,
9,23,1664,August,20,walk,
23,63,1664,August,20,walk,
63,9,1664,August,20,walk,
9,785,1664,August,20,walk,
785,3,1664,August,22,coach,Elizabeth Pepys
3,13,1664,August,22,walk,
13,357,1664,August,22,walk,
357,785,1664,August,22,coach,Elizabeth Pepys
785,9,1664,August,22,walk,
9,785,1664,August,22,walk,
785,9,1664,August,23,walk,
9,23,1664,August,23,walk,
23,785,1664,August,23,walk,
785,958,1664,August,23,walk,
958,156,1664,August,23,walk,
156,960,1664,August,23,walk,
960,785,1664,August,23,walk,
785,9,1664,August,23,walk,
9,785,1664,August,23,walk,
785,9,1664,August,24,walk,
9,3,1664,August,24,walk,
3,156,1664,August,24,walk,
156,785,1664,August,24,walk,
785,23,1664,August,24,walk,
23,3,1664,August,24,walk,John Creed
3,155,1664,August,24,walk,
155,785,1664,August,24,walk,
785,9,1664,August,24,walk,
9,785,1664,August,24,walk,
785,9,1664,August,25,walk,
9,23,1664,August,25,walk,
23,785,1664,August,25,walk,
785,9,1664,August,25,walk,
9,785,1664,August,25,walk,
785,31,1664,August,26,boat,
31,417,1664,August,26,boat,Mr Pumpfield
417,31,1664,August,26,walk,
31,785,1664,August,26,boat,
785,23,1664,August,26,walk,
23,1007,1664,August,26,boat,
1007,3,1664,August,26,boat,
3,785,1664,August,26,coach,
785,9,1664,August,27,walk,
9,23,1664,August,27,walk,
23,642,1664,August,27,walk,
642,785,1664,August,27,walk,
785,9,1664,August,27,walk,
9,785,1664,August,27,walk,
785,176,1664,August,28,walk,Tom Edwards
176,785,1664,August,28,walk,
785,23,1664,August,28,walk,John Creed
23,785,1664,August,28,walk,John Creed
785,31,1664,August,29,boat,
31,785,1664,August,29,boat,
785,883,1664,August,29,walk,John Creed
883,13,1664,August,29,walk,
13,785,1664,August,29,walk,
785,9,1664,August,29,walk,
9,785,1664,August,29,walk,
785,9,1664,August,30,walk,
9,785,1664,August,30,walk,
785,9,1664,August,31,walk,
9,785,1664,August,31,walk,
785,3,1664,August,31,coach,
3,785,1664,August,31,coach,
785,9,1664,September,1,walk,
9,23,1664,September,1,walk,
23,785,1664,September,1,walk,James Pierce; John Creed
785,9,1664,September,1,walk,
9,785,1664,September,1,walk,
785,23,1664,September,2,walk,Tom Edwards
23,785,1664,September,2,walk,
785,240,1664,September,2,coach,Elizabeth Pepys; Tom Edwards
240,785,1664,September,2,coach,Elizabeth Pepys; Tom Edwards
785,9,1664,September,2,walk,
9,785,1664,September,2,walk,
785,9,1664,September,3,walk,
9,785,1664,September,3,walk,
785,3,1664,September,3,coach,
3,785,1664,September,3,walk,
785,380,1664,September,5,walk,
380,3,1664,September,5,walk,
3,911,1664,September,5,walk,Elizabeth Pepys
911,23,1664,September,5,walk,
23,785,1664,September,5,walk,
785,37,1664,September,5,boat,
37,31,1664,September,5,boat,
31,785,1664,September,5,boat,
785,9,1664,September,5,walk,
9,785,1664,September,5,walk,
785,9,1664,September,6,walk,
9,3,1664,September,6,coach,Mr. Andrews
3,230,1664,September,6,walk,
230,357,1664,September,6,walk,
357,785,1664,September,6,walk,
785,9,1664,September,6,walk,
9,785,1664,September,6,walk,
785,962,1664,September,7,walk,Mr. Margetts
962,23,1664,September,7,walk,
23,785,1664,September,7,walk,John Creed
785,240,1664,September,7,walk,John Creed
240,785,1664,September,7,walk,
785,9,1664,September,7,walk,
9,785,1664,September,7,walk,
785,9,1664,September,8,walk,
9,37,1664,September,8,boat,
37,785,1664,September,8,boat,
785,446,1664,September,8,walk,Mr. Povy
446,785,1664,September,8,walk,
785,9,1664,September,9,walk,
9,785,1664,September,9,walk,
785,3,1664,September,9,walk,
3,785,1664,September,9,walk,
785,9,1664,September,10,walk,
9,23,1664,September,10,walk,
23,785,1664,September,10,walk,
785,193,1664,September,10,coach,Elizabeth Pepys; Mary Mercer
193,785,1664,September,10,coach,Elizabeth Pepys; Mary Mercer
785,9,1664,September,10,walk,
9,785,1664,September,10,walk,
785,176,1664,September,11,walk,Elizabeth Pepys; Mary Mercer; Tom Edwards
176,785,1664,September,11,walk,
785,103,1664,September,11,walk,
103,24,1664,September,11,walk,
24,785,1664,September,11,walk,
785,357,1664,September,12,walk,
357,380,1664,September,12,coach,
380,13,1664,September,12,walk,
13,103,1664,September,12,walk,
103,964,1664,September,12,boat,
964,345,1664,September,12,walk,John Creed
345,24,1664,September,12,walk,
24,785,1664,September,12,walk,
785,9,1664,September,13,walk,
9,963,1664,September,13,walk,
963,785,1664,September,13,walk,
785,9,1664,September,13,walk,
9,785,1664,September,13,walk,
785,9,1664,September,14,walk,
9,23,1664,September,14,walk,
23,785,1664,September,14,walk,
785,41,1664,September,14,boat,
41,785,1664,September,14,boat,
785,446,1664,September,14,walk,Elizabeth Pepys; Mr. Povy
446,785,1664,September,14,walk,Elizabeth Pepys
785,9,1664,September,15,walk,
9,23,1664,September,15,walk,
23,785,1664,September,15,walk,
785,9,1664,September,15,walk,
9,785,1664,September,15,walk,
785,9,1664,September,16,walk,
9,23,1664,September,16,walk,
23,519,1664,September,16,walk,Sir William Warren
519,785,1664,September,16,coach,
785,967,1664,September,16,walk,Tom Edwards
967,23,1664,September,16,walk,
23,785,1664,September,16,walk,
785,9,1664,September,16,walk,
9,785,1664,September,16,walk,
785,9,1664,September,17,walk,
9,785,1664,September,17,walk,
785,176,1664,September,18,walk,Elizabeth Pepys; Mary Mercer; Tom Edwards
176,785,1664,September,18,walk,
785,965,1664,September,18,walk,Anthony Joyce; Will Joyce
965,23,1664,September,18,coach,
23,24,1664,September,18,walk,
24,785,1664,September,18,walk,
785,380,1664,September,19,coach,Sir William Batten; Sir William Penn
380,631,1664,September,19,walk,
631,785,1664,September,19,walk,
785,3,1664,September,19,coach,
3,13,1664,September,19,walk,
13,785,1664,September,19,coach,
785,9,1664,September,19,walk,
9,785,1664,September,19,walk,
785,9,1664,September,20,walk,
9,23,1664,September,20,walk,
23,963,1664,September,20,walk,
963,785,1664,September,20,walk,
785,9,1664,September,20,walk,
9,785,1664,September,20,walk,
785,498,1664,September,21,coach,
498,966,1664,September,21,coach,Mr. Povy
966,23,1664,September,21,walk,
23,498,1664,September,21,walk,
498,380,1664,September,21,walk,Mr. Povy
380,3,1664,September,21,walk,
3,785,1664,September,21,walk,
785,9,1664,September,21,walk,
9,785,1664,September,21,walk,
785,9,1664,September,22,walk,
9,23,1664,September,22,walk,
23,77,1664,September,22,walk,
77,3,1664,September,22,walk,
3,785,1664,September,22,walk,
785,9,1664,September,22,walk,
9,785,1664,September,22,walk,
785,9,1664,September,23,walk,
9,785,1664,September,23,walk,
785,9,1664,September,24,walk,
9,410,1664,September,24,coach,
410,3,1664,September,24,walk,
3,785,1664,September,24,walk,
785,9,1664,September,24,walk,
9,785,1664,September,24,walk,
785,9,1664,September,26,walk,
9,23,1664,September,26,walk,
23,785,1664,September,26,walk,
785,9,1664,September,26,walk,
9,785,1664,September,26,walk,
785,9,1664,September,27,walk,
9,963,1664,September,27,walk,
963,785,1664,September,27,walk,
785,9,1664,September,27,walk,
9,785,1664,September,27,walk,
785,37,1664,September,28,boat,Mr. Tucker
37,785,1664,September,28,boat,
785,3,1664,September,28,coach,
3,193,1664,September,28,coach,Lord Rutherford
193,230,1664,September,28,walk,
230,1245,1664,September,28,walk,
1245,785,1664,September,28,walk,
785,9,1664,September,29,walk,
9,77,1664,September,29,walk,John Creed
77,968,1664,September,29,walk,
968,785,1664,September,29,walk,
785,9,1664,September,29,walk,
9,785,1664,September,29,walk,
785,9,1664,September,30,walk,
9,785,1664,September,30,walk,
785,9,1664,October,1,walk,
9,785,1664,October,1,walk,
785,223,1664,October,2,walk,Tom Edwards
223,883,1664,October,2,walk,
883,223,1664,October,2,walk,
223,785,1664,October,2,walk,
785,380,1664,October,3,coach,Sir John Minnes
380,23,1664,October,3,walk,
23,785,1664,October,3,walk,
785,31,1664,October,3,boat,Mr Coventry
31,785,1664,October,3,boat,Mr Coventry
785,9,1664,October,3,walk,
9,785,1664,October,3,walk,
785,9,1664,October,4,walk,
9,23,1664,October,4,walk,
23,785,1664,October,4,walk,
785,193,1664,October,4,coach,Elizabeth Pepys; Mary Mercer
193,785,1664,October,4,coach,Elizabeth Pepys; Mary Mercer
785,9,1664,October,4,walk,
9,785,1664,October,4,walk,
785,958,1664,October,5,coach,
958,23,1664,October,5,walk,
23,631,1664,October,5,walk,
631,334,1664,October,5,walk,
334,785,1664,October,5,walk,
785,957,1664,October,5,walk,
957,785,1664,October,5,walk,
785,9,1664,October,5,walk,
9,785,1664,October,5,walk,
785,9,1664,October,6,walk,
9,785,1664,October,6,walk,
785,9,1664,October,7,walk,
9,785,1664,October,7,walk,
785,9,1664,October,8,walk,
9,975,1664,October,8,walk,
975,785,1664,October,8,walk,
785,9,1664,October,8,walk,
9,785,1664,October,8,walk,
785,176,1664,October,9,walk,Elizabeth Pepys
176,785,1664,October,9,walk,
785,977,1664,October,9,walk,
977,176,1664,October,9,walk,
176,785,1664,October,9,walk,
785,24,1664,October,9,walk,
24,785,1664,October,9,walk,Elizabeth Pepys
785,380,1664,October,10,coach,Sir William Batten
380,631,1664,October,10,walk,
631,23,1664,October,10,walk,
23,785,1664,October,10,walk,Sir William Warren
785,9,1664,October,10,walk,
9,785,1664,October,10,walk,
785,9,1664,October,11,walk,
9,785,1664,October,11,walk,
785,963,1664,October,11,walk,
963,785,1664,October,11,walk,
785,9,1664,October,12,walk,
9,631,1664,October,12,walk,
631,785,1664,October,12,walk,Will Joyce
785,975,1664,October,12,walk,
975,785,1664,October,12,boat,
785,9,1664,October,12,walk,
9,785,1664,October,12,walk,
785,9,1664,October,13,walk,
9,785,1664,October,13,walk,
785,972,1664,October,13,coach,
972,973,1664,October,13,horse,Will Joyce; Tom Trice
973,199,1664,October,14,horse,Will Joyce; Tom Trice
199,201,1664,October,15,walk,John Pepys Sr
201,199,1664,October,15,walk,John Pepys Sr
199,261,1664,October,15,horse,Will Joyce; Tom Trice
261,213,1664,October,16,horse,Will Joyce
213,943,1664,October,16,horse,Will Joyce
943,785,1664,October,16,horse,Will Joyce
785,380,1664,October,17,walk,Sir William Batten
380,883,1664,October,17,walk,
883,23,1664,October,17,walk,John Creed
23,785,1664,October,17,walk,
785,9,1664,October,17,walk,
9,785,1664,October,17,walk,
785,9,1664,October,18,walk,
9,963,1664,October,18,walk,
963,3,1664,October,18,coach,Mr. Gray
3,410,1664,October,18,walk,
410,785,1664,October,18,coach,
785,9,1664,October,18,walk,
9,785,1664,October,18,walk,
785,9,1664,October,19,walk,
9,785,1664,October,19,walk,
785,9,1664,October,20,walk,
9,6,1664,October,20,walk,
6,785,1664,October,20,walk,Mr. Cholmely
785,9,1664,October,20,walk,
9,785,1664,October,20,walk,
785,631,1664,October,21,walk,
631,23,1664,October,21,walk,
23,785,1664,October,21,walk,
785,9,1664,October,21,walk,
9,785,1664,October,21,walk,
785,9,1664,October,22,walk,
9,785,1664,October,22,walk,
785,31,1664,October,22,boat,
31,785,1664,October,22,boat,
785,176,1664,October,23,walk,
176,785,1664,October,23,walk,
785,9,1664,October,23,walk,
9,785,1664,October,23,walk,
785,380,1664,October,24,coach,Sir John Minnes; Mrs. Turner
380,785,1664,October,24,walk,
785,23,1664,October,24,walk,
23,3,1664,October,24,walk,
3,785,1664,October,24,walk,
785,9,1664,October,24,walk,
9,785,1664,October,24,walk,
785,9,1664,October,25,walk,
9,785,1664,October,25,walk,
785,3,1664,October,25,walk,
3,785,1664,October,25,walk,
785,974,1664,October,26,walk,
974,37,1664,October,26,coach,
37,182,1664,October,26,coach,
182,785,1664,October,26,walk,
785,63,1664,October,26,walk,
63,785,1664,October,26,walk,
785,9,1664,October,27,walk,
9,80,1664,October,27,walk,Sir George Carteret; Sir John Minnes; Sir William Batten; Sir William Penn
80,3,1664,October,27,coach,Sir George Carteret
3,974,1664,October,27,walk,
974,785,1664,October,27,walk,
785,9,1664,October,27,walk,
9,785,1664,October,27,walk,
785,9,1664,October,28,walk,
9,974,1664,October,28,walk,
974,23,1664,October,28,walk,
23,785,1664,October,28,walk,
785,63,1664,October,28,walk,
63,785,1664,October,28,walk,
785,9,1664,October,29,walk,
9,785,1664,October,29,walk,
785,9,1664,October,29,walk,
9,976,1664,October,29,walk,
976,785,1664,October,29,walk,
785,176,1664,October,30,walk,
176,785,1664,October,30,walk,
785,9,1664,October,31,walk,
9,785,1664,October,31,walk,
785,3,1664,October,31,walk,John Creed
3,785,1664,October,31,walk,
785,9,1664,November,1,walk,
9,963,1664,November,1,walk,
963,785,1664,November,1,walk,Mr. Parham
785,9,1664,November,1,walk,
9,785,1664,November,1,walk,
785,30,1664,November,2,boat,Mr. Castle
30,31,1664,November,2,walk,Mr. Castle
31,785,1664,November,2,walk,
785,9,1664,November,2,walk,
9,974,1664,November,2,walk,
974,785,1664,November,2,walk,
785,9,1664,November,2,walk,
9,785,1664,November,2,walk,
785,9,1664,November,3,walk,
9,23,1664,November,3,walk,
23,72,1664,November,3,walk,
72,785,1664,November,3,walk,
785,9,1664,November,3,walk,
9,785,1664,November,3,walk,
785,380,1664,November,4,walk,
380,3,1664,November,4,walk,
3,981,1664,November,4,walk,Mr Coventry
981,23,1664,November,4,walk,
23,785,1664,November,4,walk,
785,9,1664,November,4,walk,
9,785,1664,November,4,walk,
785,9,1664,November,5,walk,
9,23,1664,November,5,walk,
23,785,1664,November,5,walk,
785,193,1664,November,5,coach,Elizabeth Pepys
193,785,1664,November,5,coach,Elizabeth Pepys
785,9,1664,November,5,walk,
9,785,1664,November,5,walk,
785,176,1664,November,6,walk,Elizabeth Pepys
176,785,1664,November,6,walk,Elizabeth Pepys
785,9,1664,November,6,walk,
9,24,1664,November,6,walk,
24,785,1664,November,6,walk,
785,3,1664,November,7,walk,Sir William Batten
3,883,1664,November,7,walk,
883,785,1664,November,7,coach,Elizabeth Pepys
785,9,1664,November,7,walk,
9,785,1664,November,7,walk,
785,9,1664,November,8,walk,
9,980,1664,November,8,walk,Sir John Minnes; Lord Berkeley
980,106,1664,November,8,walk,
106,785,1664,November,8,walk,
785,9,1664,November,8,walk,
9,785,1664,November,8,walk,
785,939,1664,November,9,boat,Tom Edwards
939,43,1664,November,9,boat,Tom Edwards
43,785,1664,November,9,walk,
785,3,1664,November,9,walk,
3,919,1664,November,9,walk,
919,785,1664,November,9,walk,
785,9,1664,November,9,walk,
9,785,1664,November,9,walk,
785,9,1664,November,10,walk,
9,80,1664,November,10,walk,Sir William Batten
80,785,1664,November,10,walk,
785,499,1664,November,10,walk,
499,785,1664,November,10,walk,
785,9,1664,November,10,walk,
9,785,1664,November,10,walk,
785,321,1664,November,11,coach,Sir John Minnes; Sir William Batten
321,23,1664,November,11,coach,
23,785,1664,November,11,walk,
785,499,1664,November,11,coach,
499,785,1664,November,11,coach,
785,9,1664,November,11,walk,
9,785,1664,November,11,walk,
785,9,1664,November,12,walk,
9,23,1664,November,12,walk,
23,785,1664,November,12,walk,
785,9,1664,November,12,walk,
9,785,1664,November,12,walk,
785,176,1664,November,13,walk,
176,785,1664,November,13,walk,
785,3,1664,November,14,walk,Sir William Batten
3,612,1664,November,14,walk,
612,499,1664,November,14,walk,
499,23,1664,November,14,walk,
23,785,1664,November,14,walk,
785,311,1664,November,14,walk,
311,450,1664,November,14,walk,
450,631,1664,November,14,walk,
631,785,1664,November,14,walk,
785,9,1664,November,14,walk,
9,785,1664,November,14,walk,
785,9,1664,November,15,walk,
9,23,1664,November,15,walk,
23,72,1664,November,15,walk,
72,3,1664,November,15,walk,
3,785,1664,November,15,walk,
785,9,1664,November,15,walk,
9,785,1664,November,15,walk,
785,3,1664,November,16,walk,
3,63,1664,November,16,walk,
63,9,1664,November,16,walk,
9,785,1664,November,16,walk,
785,9,1664,November,17,walk,
9,23,1664,November,17,walk,
23,785,1664,November,17,walk,John Creed
785,9,1664,November,17,walk,
9,785,1664,November,17,walk,
785,9,1664,November,18,walk,
9,3,1664,November,18,walk,
3,23,1664,November,18,walk,
23,785,1664,November,18,walk,
785,321,1664,November,18,walk,
321,785,1664,November,18,walk,
785,9,1664,November,18,walk,
9,785,1664,November,18,walk,
785,9,1664,November,19,walk,
9,31,1664,November,19,boat,
31,785,1664,November,19,boat,
785,9,1664,November,19,walk,
9,785,1664,November,19,walk,
785,176,1664,November,20,walk,Elizabeth Pepys
176,785,1664,November,20,walk,Elizabeth Pepys
785,63,1664,November,20,walk,
63,785,1664,November,20,walk,
785,3,1664,November,21,walk,
3,23,1664,November,21,walk,
23,785,1664,November,21,walk,
785,63,1664,November,21,walk,
63,612,1664,November,21,coach,
612,3,1664,November,21,coach,
3,785,1664,November,21,coach,
785,9,1664,November,21,walk,
9,785,1664,November,21,walk,
785,9,1664,November,22,walk,
9,77,1664,November,22,walk,
77,311,1664,November,22,walk,
311,499,1664,November,22,walk,Sir William Batten; Sir John Minnes
499,785,1664,November,22,walk,
785,9,1664,November,22,walk,
9,785,1664,November,22,walk,
785,9,1664,November,23,walk,
9,785,1664,November,23,walk,
785,9,1664,November,24,walk,
9,631,1664,November,24,walk,Commissioner Pett
631,336,1664,November,24,coach,
336,612,1664,November,24,walk,
612,785,1664,November,24,walk,
785,9,1664,November,24,walk,
9,785,1664,November,24,walk,
785,9,1664,November,25,walk,
9,336,1664,November,25,walk,
336,23,1664,November,25,coach,
23,983,1664,November,25,walk,Mr. Deering; Mr. Luellin
983,785,1664,November,25,walk,
785,911,1664,November,25,coach,Elizabeth Pepys
911,13,1664,November,25,walk,
13,785,1664,November,25,coach,Elizabeth Pepys
785,9,1664,November,25,walk,
9,785,1664,November,25,walk,
785,9,1664,November,26,walk,
9,785,1664,November,26,walk,
785,176,1664,November,27,walk,
176,785,1664,November,27,walk,
785,9,1664,November,27,walk,
9,785,1664,November,27,walk,
785,3,1664,November,28,coach,Sir John Minnes; Sir William Batten
3,13,1664,November,28,walk,
13,631,1664,November,28,coach,
631,785,1664,November,28,walk,
785,3,1664,November,28,walk,
3,785,1664,November,28,walk,
785,9,1664,November,28,walk,
9,785,1664,November,28,walk,
785,321,1664,November,29,walk,Sir William Batten
321,336,1664,November,29,walk,Sir William Batten
336,785,1664,November,29,walk,Sir William Batten
785,9,1664,November,29,walk,
9,785,1664,November,29,walk,
785,3,1664,November,30,coach,Sir William Batten; Sir John Minnes
3,23,1664,November,30,walk,
23,785,1664,November,30,walk,
785,3,1664,November,30,walk,Sir William Warren
3,77,1664,November,30,walk,Sir William Warren
77,911,1664,November,30,coach,Elizabeth Pepys
911,785,1664,November,30,coach,Elizabeth Pepys; Sir William Warren
785,9,1664,November,30,walk,
9,785,1664,November,30,walk,
785,3,1664,December,1,walk,
3,785,1664,December,1,walk,
785,9,1664,December,1,walk,
9,785,1664,December,1,walk,
785,9,1664,December,2,walk,
9,785,1664,December,2,walk,
785,193,1664,December,2,coach,Elizabeth Pepys; Mary Mercer
193,785,1664,December,2,coach,Elizabeth Pepys; Mary Mercer
785,449,1664,December,2,walk,
449,785,1664,December,2,walk,
785,9,1664,December,3,walk,
9,642,1664,December,3,walk,
642,3,1664,December,3,coach,Sir William Rider
3,785,1664,December,3,coach,
785,9,1664,December,3,walk,
9,785,1664,December,3,walk,
785,9,1664,December,4,walk,
9,785,1664,December,4,walk,
785,176,1664,December,4,walk,
176,785,1664,December,4,walk,
785,3,1664,December,5,walk,Sir John Minnes
3,785,1664,December,5,walk,
785,71,1664,December,5,coach,Roger Pepys; Mrs. Turner
71,3,1664,December,5,walk,
785,3,1664,December,6,coach,Sir William Batten
3,13,1664,December,6,walk,
13,23,1664,December,6,walk,
23,983,1664,December,6,walk,
983,9,1664,December,6,walk,
9,785,1664,December,6,walk,
785,883,1664,December,7,walk,
883,3,1664,December,7,walk,
3,170,1664,December,7,walk,
170,785,1664,December,7,walk,
785,9,1664,December,7,walk,
9,785,1664,December,7,walk,
785,9,1664,December,8,walk,
9,785,1664,December,8,walk,
785,498,1664,December,9,walk,
498,785,1664,December,9,walk,
785,13,1664,December,9,coach,
13,785,1664,December,9,coach,
785,9,1664,December,9,walk,
9,785,1664,December,9,walk,
785,9,1664,December,10,walk,
9,23,1664,December,10,coach,Lord Brouncker
23,984,1664,December,10,walk,Sir William Rider; Mr. Cutler
984,3,1664,December,10,walk,
3,785,1664,December,10,walk,
785,861,1664,December,10,walk,
861,785,1664,December,10,walk,
785,9,1664,December,10,walk,
9,785,1664,December,10,walk,
785,176,1664,December,11,walk,
176,785,1664,December,11,walk,
785,643,1664,December,11,walk,
643,785,1664,December,11,walk,
785,3,1664,December,12,coach,Sir William Batten
3,23,1664,December,12,walk,
23,785,1664,December,12,walk,
785,9,1664,December,12,walk,
9,785,1664,December,12,walk,
785,9,1664,December,13,walk,
9,785,1664,December,13,walk,
785,9,1664,December,14,walk,
9,23,1664,December,14,walk,
23,785,1664,December,14,walk,
785,9,1664,December,14,walk,
9,785,1664,December,14,walk,
785,9,1664,December,15,walk,
9,631,1664,December,15,walk,
631,785,1664,December,15,walk,
785,9,1664,December,15,walk,
9,785,1664,December,15,walk,
785,31,1664,December,16,boat,
31,102,1664,December,16,walk,Mr. Wayth
102,785,1664,December,16,walk,
785,23,1664,December,16,walk,
23,785,1664,December,16,walk,
785,960,1664,December,16,coach,Elizabeth Pepys
960,785,1664,December,16,coach,Elizabeth Pepys
785,9,1664,December,17,walk,
9,23,1664,December,17,walk,
23,785,1664,December,17,walk,
785,3,1664,December,17,coach,
3,785,1664,December,17,coach,
785,9,1664,December,17,walk,
9,785,1664,December,17,walk,
785,176,1664,December,18,walk,
176,785,1664,December,18,walk,
785,176,1664,December,18,walk,
176,9,1664,December,18,walk,
9,785,1664,December,18,walk,
785,3,1664,December,19,walk,Sir John Minnes
3,23,1664,December,19,walk,
23,72,1664,December,19,walk,
72,23,1664,December,19,walk,
23,785,1664,December,19,walk,
785,9,1664,December,19,walk,
9,785,1664,December,19,walk,
785,31,1664,December,20,walk,
31,579,1664,December,20,walk,
579,785,1664,December,20,walk,
785,9,1664,December,20,walk,
9,785,1664,December,20,walk,
785,279,1664,December,21,walk,
279,71,1664,December,21,walk,
71,785,1664,December,21,walk,
785,9,1664,December,21,walk,
9,785,1664,December,21,walk,
785,9,1664,December,22,walk,
9,23,1664,December,22,walk,
23,30,1664,December,22,boat,
30,80,1664,December,22,walk,
80,9,1664,December,22,walk,
9,785,1664,December,22,walk,
785,9,1664,December,23,walk,
9,785,1664,December,23,walk,
785,279,1664,December,24,walk,Tom Edwards
279,785,1664,December,24,walk,Tom Edwards
785,9,1664,December,24,walk,
9,23,1664,December,24,walk,
23,631,1664,December,24,walk,
631,785,1664,December,24,walk,
785,9,1664,December,24,walk,
9,785,1664,December,24,walk,
785,176,1664,December,25,walk,
176,785,1664,December,25,walk,
785,63,1664,December,25,walk,
63,643,1664,December,25,walk,
643,1570,1664,December,25,walk,
1570,785,1664,December,25,walk,
785,3,1664,December,26,walk,Sir William Penn
3,631,1664,December,26,walk,
631,63,1664,December,26,walk,
63,785,1664,December,26,walk,
785,9,1664,December,26,walk,
9,785,1664,December,26,walk,
785,31,1664,December,27,boat,
31,37,1664,December,27,boat,
37,449,1664,December,27,boat,
449,9,1664,December,27,walk,
9,785,1664,December,27,walk,
785,321,1664,December,28,walk,Sir William Batten
321,785,1664,December,28,coach,Sir William Batten
785,883,1664,December,28,walk,
883,785,1664,December,28,walk,
785,9,1664,December,28,walk,
9,785,1664,December,28,walk,
785,9,1664,December,29,walk,
9,785,1664,December,29,walk,
785,9,1664,December,30,walk,
9,785,1664,December,30,walk,
785,9,1664,December,31,walk,
9,785,1664,December,31,walk,
785,9,1665,January,1,walk,
9,785,1665,January,1,walk,
785,3,1665,January,2,coach,Sir William Penn
3,104,1665,January,2,walk,
104,13,1665,January,2,walk,
13,1001,1665,January,2,walk,
1001,1093,1665,January,2,coach,
1093,9,1665,January,2,walk,
9,612,1665,January,2,coach,
612,785,1665,January,2,coach,
785,612,1665,January,3,coach,
612,1003,1665,January,3,walk,
1003,631,1665,January,3,walk,
631,23,1665,January,3,walk,
23,785,1665,January,3,walk,
785,9,1665,January,3,walk,
9,63,1665,January,3,walk,
63,9,1665,January,3,walk,
9,785,1665,January,3,walk,
785,1003,1665,January,4,walk,Thomas Moore
1003,193,1665,January,4,walk,Thomas Moore
193,785,1665,January,4,walk,
785,9,1665,January,5,walk,
9,785,1665,January,5,walk,
785,9,1665,January,6,walk,
9,785,1665,January,6,walk,
785,9,1665,January,7,walk,
9,785,1665,January,7,walk,
785,63,1665,January,7,walk,
63,785,1665,January,7,walk,
785,3,1665,January,8,walk,Tom Edwards
3,883,1665,January,8,walk,
883,103,1665,January,8,walk,
103,785,1665,January,8,coach,
785,3,1665,January,9,walk,
3,66,1665,January,9,coach,
66,3,1665,January,9,walk,
3,785,1665,January,9,coach,Elizabeth Pepys
785,9,1665,January,9,walk,
9,785,1665,January,9,walk,
785,9,1665,January,10,walk,
9,785,1665,January,10,walk,
785,1141,1665,January,10,coach,Mr Gawden
1141,1093,1665,January,10,coach,
1093,785,1665,January,10,coach,
785,9,1665,January,11,walk,
9,23,1665,January,11,walk,
23,785,1665,January,11,walk,
785,61,1665,January,11,coach,Lord Brouncker; Commissioner Pett
61,785,1665,January,11,coach,
785,9,1665,January,11,walk,
9,785,1665,January,11,walk,
785,3,1665,January,12,walk,
3,23,1665,January,12,walk,
23,785,1665,January,12,walk,
785,9,1665,January,12,walk,
9,785,1665,January,12,walk,
785,1004,1665,January,13,walk,
1004,612,1665,January,13,walk,
612,23,1665,January,13,walk,
23,785,1665,January,13,walk,
785,533,1665,January,13,walk,
533,63,1665,January,13,walk,
63,785,1665,January,13,walk,
785,3,1665,January,14,walk,
3,785,1665,January,14,walk,
785,23,1665,January,14,walk,
23,785,1665,January,14,walk,
785,533,1665,January,14,coach,Elizabeth Pepys
533,785,1665,January,14,coach,Sir William Penn
785,9,1665,January,14,walk,
9,785,1665,January,14,walk,
785,9,1665,January,15,walk,
9,176,1665,January,15,walk,
176,785,1665,January,15,walk,
785,499,1665,January,15,coach,Sir William Penn
499,785,1665,January,15,coach,Sir William Penn
785,3,1665,January,16,coach,Sir William Batten; Sir William Penn
3,13,1665,January,16,walk,
13,498,1665,January,16,walk,
498,883,1665,January,16,walk,
883,3,1665,January,16,walk,
3,345,1665,January,16,walk,Mr. Povy
345,785,1665,January,16,coach,
785,9,1665,January,16,walk,
9,785,1665,January,16,walk,
785,498,1665,January,17,walk,
498,1005,1665,January,17,walk,John Creed
1005,23,1665,January,17,walk,John Creed
23,785,1665,January,17,walk,
785,9,1665,January,17,walk,
9,63,1665,January,17,walk,
63,9,1665,January,17,walk,
9,785,1665,January,17,walk,
785,883,1665,January,18,walk,
883,498,1665,January,18,walk,
498,785,1665,January,18,walk,
785,498,1665,January,19,coach,
498,1006,1665,January,19,coach,
1006,785,1665,January,19,coach,Lord Berkeley
785,9,1665,January,19,walk,
9,785,1665,January,19,walk,
785,13,1665,January,20,walk,
13,104,1665,January,20,walk,
104,883,1665,January,20,coach,
883,785,1665,January,20,walk,
785,345,1665,January,20,coach,Elizabeth Pepys
345,785,1665,January,20,coach,Elizabeth Pepys
785,9,1665,January,20,walk,
9,785,1665,January,20,walk,
785,498,1665,January,21,coach,Lord Brouncker
498,410,1665,January,21,walk,Mr. Povy
410,3,1665,January,21,walk,
3,785,1665,January,21,coach,Mr. Povy
785,9,1665,January,21,walk,
9,785,1665,January,21,walk,
785,176,1665,January,22,walk,
176,785,1665,January,22,walk,
785,103,1665,January,22,walk,
103,785,1665,January,22,coach,
785,380,1665,January,23,coach,Sir William Batten; Sir William Penn
380,23,1665,January,23,walk,
23,785,1665,January,23,walk,
785,9,1665,January,23,walk,
9,785,1665,January,23,walk,
785,336,1665,January,24,coach,
336,23,1665,January,24,walk,
23,785,1665,January,24,walk,
785,9,1665,January,24,walk,
9,785,1665,January,24,walk,
785,9,1665,January,25,walk,
9,785,1665,January,25,walk,
785,3,1665,January,25,coach,
3,631,1665,January,25,walk,
631,449,1665,January,25,walk,
449,9,1665,January,25,walk,
785,9,1665,January,26,walk,
9,785,1665,January,26,walk,
785,23,1665,January,27,walk,
23,785,1665,January,27,walk,
785,498,1665,January,27,walk,
498,1004,1665,January,27,walk,John Creed
1004,450,1665,January,27,coach,Lord Bellasses
450,3,1665,January,27,walk,
3,785,1665,January,27,coach,
785,9,1665,January,27,walk,
9,785,1665,January,27,walk,
785,9,1665,January,28,walk,
9,785,1665,January,28,walk,
785,21,1665,January,28,walk,
21,785,1665,January,28,walk,
785,9,1665,January,29,walk,
9,785,1665,January,29,walk,
785,63,1665,January,29,walk,
63,785,1665,January,29,walk,
785,9,1665,January,30,walk,
9,785,1665,January,30,walk,
785,336,1665,January,31,coach,Sir William Batten
336,23,1665,January,31,coach,Sir William Batten
23,1009,1665,January,31,walk,
1009,785,1665,January,31,walk,
785,9,1665,January,31,walk,
9,785,1665,January,31,walk,
785,380,1665,February,1,coach,
380,23,1665,February,1,walk,
23,87,1665,February,1,walk,Tom Edwards
87,519,1665,February,1,walk,
519,785,1665,February,1,walk,
785,9,1665,February,2,walk,
9,23,1665,February,2,walk,
23,631,1665,February,2,walk,
631,785,1665,February,2,walk,
785,446,1665,February,2,walk,Mr. Povy
446,785,1665,February,2,walk,
785,71,1665,February,3,walk,Tom Edwards
71,1004,1665,February,3,walk,
1004,498,1665,February,3,walk,
498,23,1665,February,3,walk,
23,24,1665,February,3,walk,
24,883,1665,February,3,coach,
883,785,1665,February,3,coach,
785,9,1665,February,3,walk,
9,785,1665,February,3,walk,
785,9,1665,February,4,walk,
9,519,1665,February,4,walk,
519,785,1665,February,4,walk,
785,9,1665,February,4,walk,
9,785,1665,February,4,walk,
785,9,1665,February,5,walk,
9,785,1665,February,5,walk,
785,380,1665,February,6,coach,Sir John Minnes; Sir William Penn
380,3,1665,February,6,walk,
3,23,1665,February,6,walk,
23,785,1665,February,6,walk,
785,9,1665,February,6,walk,
9,785,1665,February,6,walk,
785,9,1665,February,7,walk,
9,785,1665,February,7,walk,
785,1182,1665,February,8,coach,
1182,785,1665,February,8,coach,
785,9,1665,February,8,walk,
9,785,1665,February,8,walk,
785,9,1665,February,9,walk,
9,785,1665,February,9,walk,
785,21,1665,February,10,walk,
21,13,1665,February,10,coach,
13,785,1665,February,10,walk,
785,9,1665,February,10,walk,
9,785,1665,February,10,walk,
785,9,1665,February,11,walk,
9,23,1665,February,11,coach,Lord Brouncker
23,785,1665,February,11,walk,
785,9,1665,February,11,walk,
9,785,1665,February,11,walk,
785,1013,1665,February,12,walk,
1013,785,1665,February,12,walk,
785,9,1665,February,12,walk,
9,785,1665,February,12,walk,
785,380,1665,February,13,walk,
380,482,1665,February,13,boat,Mr. Stapely
482,785,1665,February,13,boat,
785,9,1665,February,13,walk,
9,785,1665,February,13,walk,
785,13,1665,February,14,coach,Tom Edwards
13,23,1665,February,14,walk,
23,785,1665,February,14,walk,
785,9,1665,February,14,walk,
9,785,1665,February,14,walk,
785,9,1665,February,15,walk,
9,334,1665,February,15,walk,John Creed
334,61,1665,February,15,walk,John Creed
61,1009,1665,February,15,walk,
1009,785,1665,February,15,walk,
785,3,1665,February,16,walk,Mr. Andrews
3,23,1665,February,16,walk,
23,785,1665,February,16,walk,
785,9,1665,February,16,walk,
9,785,1665,February,16,walk,
785,498,1665,February,17,coach,
498,785,1665,February,17,walk,Mr. Andrews
785,9,1665,February,17,walk,
9,785,1665,February,17,walk,
785,9,1665,February,18,walk,
9,23,1665,February,18,walk,
23,1011,1665,February,18,walk,
1011,785,1665,February,18,walk,
785,1016,1665,February,18,walk,
1016,785,1665,February,18,walk,
785,9,1665,February,18,walk,
9,785,1665,February,18,walk,
785,63,1665,February,19,walk,
63,785,1665,February,19,walk,
785,380,1665,February,20,coach,Sir John Minnes
380,1015,1665,February,20,walk,
1015,23,1665,February,20,walk,
23,519,1665,February,20,walk,
519,9,1665,February,20,walk,
9,31,1665,February,20,boat,
31,579,1665,February,20,walk,
579,30,1665,February,20,walk,
30,785,1665,February,20,walk,
785,9,1665,February,20,walk,
9,785,1665,February,20,walk,
785,9,1665,February,21,walk,
9,63,1665,February,21,walk,
63,23,1665,February,21,walk,
23,883,1665,February,21,coach,Lord Brouncker
883,785,1665,February,21,coach,
785,9,1665,February,21,walk,
9,785,1665,February,21,walk,
785,9,1665,February,22,walk,
9,23,1665,February,22,walk,
23,61,1665,February,22,walk,John Creed
61,785,1665,February,22,walk,
785,9,1665,February,22,walk,
9,785,1665,February,22,walk,
785,9,1665,February,23,walk,
9,23,1665,February,23,walk,
23,785,1665,February,23,walk,
785,9,1665,February,23,walk,
9,785,1665,February,23,walk,
785,9,1665,February,24,walk,
9,785,1665,February,24,walk,
785,9,1665,February,25,walk,
9,23,1665,February,25,walk,
23,519,1665,February,25,walk,Sir William Warren; Mr. Gifford
519,785,1665,February,25,walk,
785,9,1665,February,25,walk,
9,785,1665,February,25,walk,
785,176,1665,February,26,walk,
176,785,1665,February,26,walk,
785,9,1665,February,26,walk,
9,785,1665,February,26,walk,
785,380,1665,February,27,walk,
380,23,1665,February,27,walk,
23,785,1665,February,27,walk,
785,3,1665,February,27,coach,Elizabeth Pepys; Mary Mercer; Sir John Minnes
3,107,1665,February,27,walk,Mr Coventry
107,1016,1665,February,27,coach,
1016,612,1665,February,27,coach,
612,785,1665,February,27,walk,
785,9,1665,February,27,walk,
9,785,1665,February,27,walk,
785,9,1665,February,28,walk,
9,23,1665,February,28,walk,
23,785,1665,February,28,walk,
785,63,1665,February,28,walk,Elizabeth Pepys
63,785,1665,February,28,walk,Elizabeth Pepys
785,9,1665,February,28,walk,
9,785,1665,February,28,walk,
785,9,1665,March,1,walk,
9,334,1665,March,1,walk,
334,61,1665,March,1,walk,
61,785,1665,March,1,walk,
785,612,1665,March,1,coach,Elizabeth Pepys; Mary Mercer
612,785,1665,March,1,coach,Elizabeth Pepys; Mary Mercer
785,1016,1665,March,2,boat,
1016,785,1665,March,2,boat,
785,9,1665,March,2,walk,
9,785,1665,March,2,walk,
785,71,1665,March,3,walk,
71,23,1665,March,3,walk,
23,785,1665,March,3,walk,
785,9,1665,March,3,walk,
9,785,1665,March,3,walk,
785,1016,1665,March,4,walk,
1016,785,1665,March,4,walk,
785,9,1665,March,4,walk,
9,785,1665,March,4,walk,
785,883,1665,March,5,coach,
883,785,1665,March,5,coach,
785,9,1665,March,5,walk,
9,785,1665,March,5,walk,
785,380,1665,March,6,coach,Sir John Minnes
380,785,1665,March,6,coach,
785,9,1665,March,6,walk,
9,785,1665,March,6,walk,
785,9,1665,March,7,walk,
9,785,1665,March,7,walk,
785,23,1665,March,8,walk,
23,785,1665,March,8,walk,
785,61,1665,March,8,walk,
61,785,1665,March,8,walk,
785,9,1665,March,8,walk,
9,785,1665,March,8,walk,
785,9,1665,March,9,walk,
9,345,1665,March,9,coach,Elizabeth Pepys
345,451,1665,March,9,walk,
451,785,1665,March,9,walk,
785,9,1665,March,9,walk,
9,785,1665,March,9,walk,
785,9,1665,March,10,walk,
9,23,1665,March,10,walk,
23,785,1665,March,10,walk,
785,3,1665,March,10,walk,
3,785,1665,March,10,walk,
785,9,1665,March,10,walk,
9,785,1665,March,10,walk,
785,9,1665,March,11,walk,
9,785,1665,March,11,walk,
785,883,1665,March,12,coach,Elizabeth Pepys
883,785,1665,March,12,coach,Elizabeth Pepys
785,380,1665,March,13,walk,
380,23,1665,March,13,walk,
23,785,1665,March,13,walk,
785,1001,1665,March,13,walk,
1001,3,1665,March,13,walk,Sir William Warren
3,785,1665,March,13,walk,
785,9,1665,March,13,walk,
9,785,1665,March,13,walk,
785,9,1665,March,14,walk,
9,106,1665,March,14,walk,Sir William Batten; Sir John Minnes
106,785,1665,March,14,walk,
785,9,1665,March,14,walk,
9,785,1665,March,14,walk,
785,380,1665,March,15,coach,Sir William Batten
380,23,1665,March,15,walk,
23,785,1665,March,15,walk,
785,61,1665,March,15,walk,
61,785,1665,March,15,walk,
785,9,1665,March,15,walk,
9,785,1665,March,15,walk,
785,9,1665,March,16,walk,
9,785,1665,March,16,walk,
785,380,1665,March,17,walk,Sir William Batten
380,3,1665,March,17,walk,
3,23,1665,March,17,boat,Mr. Povy
23,785,1665,March,17,walk,
785,3,1665,March,17,coach,Elizabeth Pepys
3,785,1665,March,17,boat,Mr. Povy
785,9,1665,March,17,walk,
9,785,1665,March,17,walk,
785,23,1665,March,18,walk,
23,498,1665,March,18,walk,Mr. Hill
498,785,1665,March,18,walk,
785,9,1665,March,18,walk,
9,785,1665,March,18,walk,
785,498,1665,March,19,coach,
498,1021,1665,March,19,walk,
1021,107,1665,March,19,walk,John Creed
107,883,1665,March,19,walk,
883,498,1665,March,19,walk,
498,382,1665,March,19,coach,Mr. Povy
382,989,1665,March,19,coach,
989,785,1665,March,19,coach,
785,498,1665,March,20,coach,John Creed
498,883,1665,March,20,walk,Mr. Povy
883,380,1665,March,20,walk,
380,3,1665,March,20,walk,
3,61,1665,March,20,walk,
61,380,1665,March,20,walk,
380,785,1665,March,20,coach,Sir William Penn
785,498,1665,March,21,coach,Lord Brouncker
498,410,1665,March,21,walk,Mr. Povy
410,3,1665,March,21,walk,
3,785,1665,March,21,coach,Mr. Povy
785,9,1665,March,21,walk,
9,785,1665,March,21,walk,
785,9,1665,March,22,walk,
9,23,1665,March,22,walk,
23,61,1665,March,22,walk,John Creed
61,785,1665,March,22,walk,
785,9,1665,March,22,walk,
9,785,1665,March,22,walk,
785,883,1665,March,23,walk,
883,785,1665,March,23,walk,
785,23,1665,March,23,walk,
23,785,1665,March,23,walk,
785,104,1665,March,23,coach,Elizabeth Pepys
104,1001,1665,March,23,walk,
1001,785,1665,March,23,coach,Elizabeth Pepys
785,9,1665,March,23,walk,
9,785,1665,March,23,walk,
785,635,1665,March,24,walk,
635,498,1665,March,24,walk,
498,883,1665,March,24,walk,
883,785,1665,March,24,coach,Elizabeth Pepys
785,9,1665,March,24,walk,
9,785,1665,March,24,walk,
785,9,1665,March,25,walk,
9,63,1665,March,25,walk,
63,9,1665,March,25,walk,
9,785,1665,March,25,walk,
785,176,1665,March,26,walk,Elizabeth Pepys
176,785,1665,March,26,walk,Elizabeth Pepys
785,9,1665,March,26,walk,
9,785,1665,March,26,walk,
785,498,1665,March,27,walk,
498,450,1665,March,27,walk,
450,1001,1665,March,27,walk,
1001,1182,1665,March,27,walk,
1182,498,1665,March,27,walk,
498,785,1665,March,27,walk,
785,9,1665,March,27,walk,
9,785,1665,March,27,walk,
785,9,1665,March,28,walk,
9,23,1665,March,28,walk,
23,631,1665,March,28,walk,Sir William Warren
631,785,1665,March,28,walk,
785,861,1665,March,28,walk,
861,9,1665,March,28,walk,
9,785,1665,March,28,walk,
785,498,1665,March,29,walk,
498,785,1665,March,29,walk,Mr. Povy
785,9,1665,March,29,walk,
9,785,1665,March,29,walk,
9,3,1665,March,30,walk,
3,1001,1665,March,30,walk,
1001,785,1665,March,30,walk,
785,9,1665,March,30,walk,
9,785,1665,March,30,walk,
785,1005,1665,March,31,walk,John Creed
1005,612,1665,March,31,walk,
612,1023,1665,March,31,walk,
1023,883,1665,March,31,walk,
883,498,1665,March,31,walk,
498,883,1665,March,31,walk,
883,785,1665,March,31,coach,Elizabeth Pepys
785,9,1665,March,31,walk,
9,785,1665,March,31,walk,
785,612,1665,April,1,coach,
612,1024,1665,April,1,walk,
1024,311,1665,April,1,coach,Sir George Carteret
311,785,1665,April,1,walk,
785,9,1665,April,1,walk,
9,785,1665,April,1,walk,
785,9,1665,April,2,walk,
9,785,1665,April,2,walk,
785,450,1665,April,3,walk,
450,3,1665,April,3,walk,
3,785,1665,April,3,walk,
785,193,1665,April,3,coach,Elizabeth Pepys; John Creed; Mary Mercer
193,785,1665,April,3,coach,Elizabeth Pepys
785,9,1665,April,3,walk,
9,785,1665,April,3,walk,
785,9,1665,April,4,walk,
9,23,1665,April,4,walk,
23,785,1665,April,4,walk,
785,9,1665,April,4,walk,
9,785,1665,April,4,walk,
785,37,1665,April,5,boat,Mr. Tooker
37,31,1665,April,5,boat,
31,785,1665,April,5,boat,
785,915,1665,April,5,coach,Elizabeth Pepys; Mary Mercer; John Creed
915,785,1665,April,5,coach,Elizabeth Pepys; Mary Mercer; John Creed
785,9,1665,April,6,walk,
9,23,1665,April,6,walk,
23,785,1665,April,6,walk,
785,3,1665,April,6,walk,
3,785,1665,April,6,coach,Elizabeth Pepys
785,9,1665,April,6,walk,
9,785,1665,April,6,walk,
785,450,1665,April,7,walk,
450,13,1665,April,7,walk,
13,311,1665,April,7,walk,
311,785,1665,April,7,walk,
785,9,1665,April,7,walk,
9,785,1665,April,7,walk,
785,9,1665,April,8,walk,
9,498,1665,April,8,walk,
498,499,1665,April,8,walk,
499,785,1665,April,8,walk,
785,9,1665,April,8,walk,
9,785,1665,April,8,walk,
785,176,1665,April,9,walk,Elizabeth Pepys
176,785,1665,April,9,walk,Elizabeth Pepys
785,1027,1665,April,9,walk,
1027,785,1665,April,9,walk,
785,450,1665,April,10,walk,
450,3,1665,April,10,walk,
3,23,1665,April,10,walk,
23,73,1665,April,10,walk,
73,3,1665,April,10,walk,
3,382,1665,April,10,coach,Lord Brouncker
382,785,1665,April,10,coach,
785,9,1665,April,10,walk,
9,785,1665,April,10,walk,
785,9,1665,April,11,walk,
9,519,1665,April,11,walk,
519,9,1665,April,11,walk,
9,785,1665,April,11,walk,
785,3,1665,April,12,walk,
3,785,1665,April,12,walk,
785,3,1665,April,12,walk,
3,63,1665,April,12,walk,
63,785,1665,April,12,walk,
785,9,1665,April,13,walk,
9,1026,1665,April,13,coach,Elizabeth Pepys
1026,785,1665,April,13,coach,
785,9,1665,April,13,walk,
9,785,1665,April,13,walk,
785,498,1665,April,14,walk,
498,115,1665,April,14,walk,John Creed
115,3,1665,April,14,walk,
3,911,1665,April,14,walk,
911,785,1665,April,14,coach,Elizabeth Pepys
785,9,1665,April,14,walk,
9,785,1665,April,14,walk,
785,3,1665,April,15,walk,
3,785,1665,April,15,walk,
785,9,1665,April,15,walk,
9,785,1665,April,15,walk,
785,9,1665,April,16,walk,
9,785,1665,April,16,walk,
785,1028,1665,April,16,walk,John Creed
1028,785,1665,April,16,walk,
785,450,1665,April,17,walk,
450,3,1665,April,17,walk,
3,73,1665,April,17,walk,John Creed
73,193,1665,April,17,coach,Elizabeth Pepys
193,785,1665,April,17,coach,Elizabeth Pepys
785,9,1665,April,17,walk,
9,785,1665,April,17,walk,
785,612,1665,April,18,walk,
612,785,1665,April,18,walk,
785,227,1665,April,18,boat,Elizabeth Pepys; Thomas Moore
227,3,1665,April,18,walk,
3,785,1665,April,18,coach,Elizabeth Pepys
785,9,1665,April,18,walk,
9,785,1665,April,18,walk,
785,3,1665,April,19,boat,
3,227,1665,April,19,coach,Thomas Moore
227,785,1665,April,19,coach,
785,23,1665,April,19,walk,
23,334,1665,April,19,walk,
334,61,1665,April,19,walk,John Creed; Mr. Povy
61,380,1665,April,19,walk,
380,785,1665,April,19,coach,Sir William Penn
785,9,1665,April,20,walk,
9,785,1665,April,20,walk,
785,9,1665,April,21,walk,
9,519,1665,April,21,walk,John Creed; Mr. Povy; Mr. Andrews
519,785,1665,April,21,walk,
785,1110,1665,April,21,coach,Elizabeth Pepys; Kate Joyce; Mr. Harman
1110,785,1665,April,21,coach,Elizabeth Pepys
785,9,1665,April,21,walk,
9,785,1665,April,21,walk,
785,9,1665,April,22,walk,
9,785,1665,April,22,walk,
785,3,1665,April,23,coach,Elizabeth Pepys; Mary Mercer
3,492,1665,April,23,walk,
492,3,1665,April,23,walk,
3,498,1665,April,23,walk,
498,785,1665,April,23,coach,Elizabeth Pepys; John Creed
785,3,1665,April,24,coach,John Creed; Sir William Batten
3,450,1665,April,24,walk,Sir William Batten
450,785,1665,April,24,walk,
785,883,1665,April,24,walk,Elizabeth Pepys
883,1031,1665,April,24,walk,
1031,919,1665,April,24,walk,John Creed
919,382,1665,April,24,coach,Elizabeth Pepys; Mary Mercer
382,1032,1665,April,24,coach,Elizabeth Pepys; Mary Mercer
1032,785,1665,April,24,coach,Elizabeth Pepys; Mary Mercer
785,9,1665,April,24,walk,
9,785,1665,April,24,walk,
785,9,1665,April,25,walk,
9,785,1665,April,25,walk,
785,498,1665,April,26,walk,
498,3,1665,April,26,walk,Mr. Povy
3,883,1665,April,26,walk,
883,785,1665,April,26,walk,
785,9,1665,April,26,walk,
9,785,1665,April,26,walk,
785,9,1665,April,27,walk,
9,785,1665,April,27,walk,
785,612,1665,April,28,walk,John Creed; Mr. Povy
612,1005,1665,April,28,walk,John Creed
1005,785,1665,April,28,walk,
785,3,1665,April,28,boat,
3,785,1665,April,28,walk,
785,9,1665,April,28,walk,
9,785,1665,April,28,walk,
785,9,1665,April,29,walk,
9,311,1665,April,29,walk,
311,785,1665,April,29,walk,
785,9,1665,April,29,walk,
9,785,1665,April,29,walk,
785,9,1665,April,30,walk,
9,785,1665,April,30,walk,
785,498,1665,May,1,walk,
498,450,1665,May,1,walk,
450,873,1665,May,1,boat,Lord Brouncker; Mr. Hooke; Dean Wilkins
873,1033,1665,May,1,coach,Lord Brouncker; Mr. Hooke; Dean Wilkins
1033,873,1665,May,1,coach,
873,1034,1665,May,1,boat,
1034,30,1665,May,1,walk,Dean Wilkins; Mr. Hooke
30,785,1665,May,1,walk,
785,9,1665,May,2,walk,
9,1035,1665,May,2,walk,Sir William Batten; Lady Batten; Elizabeth Pepys
1035,785,1665,May,2,walk,
785,9,1665,May,2,walk,
9,785,1665,May,2,walk,
785,612,1665,May,3,walk,
612,1005,1665,May,3,walk,
1005,311,1665,May,3,walk,
311,23,1665,May,3,walk,
23,61,1665,May,3,walk,
61,3,1665,May,3,walk,
3,785,1665,May,3,walk,
785,9,1665,May,3,walk,
9,785,1665,May,3,walk,
785,9,1665,May,4,walk,
9,785,1665,May,4,walk,
785,13,1665,May,5,boat,
13,37,1665,May,5,boat,
37,41,1665,May,5,boat,
41,1036,1665,May,5,boat,
1036,1034,1665,May,5,walk,
1034,785,1665,May,5,boat,
785,498,1665,May,5,walk,
498,1037,1665,May,5,coach,
1037,785,1665,May,5,walk,
785,9,1665,May,5,walk,
9,785,1665,May,5,walk,
785,9,1665,May,6,walk,
9,785,1665,May,6,walk,
785,176,1665,May,7,walk,Elizabeth Pepys
176,785,1665,May,7,walk,
785,9,1665,May,7,walk,
9,785,1665,May,7,walk,
785,450,1665,May,8,walk,Sir William Batten
450,23,1665,May,8,walk,
23,785,1665,May,8,walk,Sir William Warren
785,9,1665,May,8,walk,
9,785,1665,May,8,walk,
785,9,1665,May,9,walk,
9,785,1665,May,9,walk,
785,1031,1665,May,10,walk,
1031,498,1665,May,10,walk,
498,23,1665,May,10,walk,
23,785,1665,May,10,walk,
785,9,1665,May,10,walk,
9,785,1665,May,10,walk,
785,9,1665,May,11,walk,
9,785,1665,May,11,walk,
785,15,1665,May,12,boat,
15,911,1665,May,12,walk,Elizabeth Pepys
911,23,1665,May,12,walk,
23,785,1665,May,12,walk,
785,9,1665,May,12,walk,
9,785,1665,May,12,walk,
785,23,1665,May,13,walk,
23,785,1665,May,13,walk,
785,9,1665,May,13,walk,
9,785,1665,May,13,walk,
785,176,1665,May,14,walk,Elizabeth Pepys
176,785,1665,May,14,walk,
785,1038,1665,May,14,coach,
1038,1039,1665,May,14,coach,
1039,785,1665,May,14,coach,
785,533,1665,May,15,walk,
533,450,1665,May,15,walk,
450,104,1665,May,15,walk,
104,492,1665,May,15,walk,
492,785,1665,May,15,walk,
785,450,1665,May,16,walk,
450,785,1665,May,16,walk,
785,498,1665,May,16,coach,
498,785,1665,May,16,coach,
785,9,1665,May,16,walk,
9,785,1665,May,16,walk,
785,104,1665,May,17,walk,
104,1040,1665,May,17,walk,
1040,785,1665,May,17,walk,Elizabeth Pepys; Mary Mercer
785,9,1665,May,17,walk,
9,785,1665,May,17,walk,
785,450,1665,May,18,coach,Sir John Minnes
450,311,1665,May,18,coach,Duke of Albemarle
311,785,1665,May,18,walk,
785,9,1665,May,18,walk,
9,785,1665,May,18,walk,
785,3,1665,May,19,walk,
3,15,1665,May,19,walk,
15,785,1665,May,19,coach,
785,3,1665,May,19,boat,Elizabeth Pepys; Mary Mercer
3,873,1665,May,19,boat,Elizabeth Pepys; Mary Mercer
873,785,1665,May,19,boat,Elizabeth Pepys; Mary Mercer
785,9,1665,May,20,walk,
9,785,1665,May,20,walk,
785,9,1665,May,21,walk,
9,785,1665,May,21,walk,
785,450,1665,May,22,walk,
450,31,1665,May,22,boat,
31,30,1665,May,22,walk,
30,785,1665,May,22,walk,
785,9,1665,May,22,walk,
9,785,1665,May,22,walk,
785,9,1665,May,23,walk,
9,785,1665,May,23,walk,
785,498,1665,May,23,walk,
498,785,1665,May,23,walk,
785,631,1665,May,24,walk,John Creed
631,785,1665,May,24,walk,
785,9,1665,May,24,walk,
9,785,1665,May,24,walk,
785,9,1665,May,25,walk,
9,785,1665,May,25,walk,
785,9,1665,May,26,walk,
9,785,1665,May,26,walk,
785,9,1665,May,27,walk,
9,785,1665,May,27,walk,
785,450,1665,May,27,boat,
450,785,1665,May,27,boat,
785,450,1665,May,28,boat,
450,612,1665,May,28,walk,John Creed
612,883,1665,May,28,walk,
883,861,1665,May,28,walk,
861,785,1665,May,28,walk,
785,450,1665,May,29,walk,
450,104,1665,May,29,walk,
104,785,1665,May,29,walk,
785,37,1665,May,29,boat,Elizabeth Pepys; Margaret Pepys; Mary Mercer
37,785,1665,May,29,boat,Elizabeth Pepys; Margaret Pepys; Mary Mercer
785,23,1665,May,30,walk,
23,77,1665,May,30,walk,
77,785,1665,May,30,walk,
785,1110,1665,May,30,coach,Elizabeth Pepys; Margaret Pepys; Mary Mercer
1110,785,1665,May,30,coach,Elizabeth Pepys; Margaret Pepys; Mary Mercer
785,9,1665,May,30,walk,
9,785,1665,May,30,walk,
785,9,1665,May,31,walk,
9,13,1665,May,31,walk,
13,23,1665,May,31,walk,
23,785,1665,May,31,walk,John Creed; Thomas Moore
785,61,1665,May,31,walk,
61,966,1665,May,31,walk,
966,785,1665,May,31,walk,
785,9,1665,May,31,walk,
9,785,1665,May,31,walk,
785,9,1665,June,1,walk,
9,23,1665,June,1,walk,
23,785,1665,June,1,walk,
785,1043,1665,June,1,coach,John Creed
1043,1044,1665,June,1,walk,
1044,13,1665,June,1,coach,
13,1045,1665,June,1,coach,
1045,785,1665,June,1,coach,
785,9,1665,June,1,walk,
9,785,1665,June,1,walk,
785,492,1665,June,2,walk,
492,13,1665,June,2,walk,
13,785,1665,June,2,walk,
785,3,1665,June,2,walk,
3,450,1665,June,2,walk,
450,883,1665,June,2,walk,
883,785,1665,June,2,walk,
785,3,1665,June,2,coach,
3,785,1665,June,2,coach,
785,9,1665,June,2,walk,
9,785,1665,June,2,walk,
785,3,1665,June,3,walk,
3,785,1665,June,3,walk,
785,9,1665,June,3,walk,
9,785,1665,June,3,walk,
785,9,1665,June,4,walk,
9,785,1665,June,4,walk,
785,3,1665,June,5,walk,
3,23,1665,June,5,walk,
23,785,1665,June,5,walk,
785,31,1665,June,5,boat,John Creed
31,785,1665,June,5,boat,
785,9,1665,June,5,walk,
9,785,1665,June,5,walk,
785,9,1665,June,6,walk,
9,77,1665,June,6,walk,
77,9,1665,June,6,walk,
9,612,1665,June,6,coach,
612,883,1665,June,6,walk,
883,785,1665,June,6,coach,
785,9,1665,June,7,walk,
9,23,1665,June,7,walk,
23,80,1665,June,7,walk,
80,311,1665,June,7,walk,John Creed
311,345,1665,June,7,walk,John Creed
345,402,1665,June,7,boat,John Creed
402,3,1665,June,7,boat,
3,785,1665,June,7,boat,
785,9,1665,June,8,walk,
9,311,1665,June,8,walk,
311,1031,1665,June,8,walk,
1031,861,1665,June,8,walk,
861,71,1665,June,8,walk,
71,785,1665,June,8,walk,
785,3,1665,June,9,walk,
3,785,1665,June,9,walk,
785,23,1665,June,9,walk,
23,785,1665,June,9,walk,
785,9,1665,June,10,walk,
9,785,1665,June,10,walk,
785,450,1665,June,12,walk,
450,3,1665,June,12,walk,
3,13,1665,June,12,walk,
13,785,1665,June,12,walk,
785,31,1665,June,12,boat,
31,311,1665,June,12,walk,
311,785,1665,June,12,walk,
785,9,1665,June,12,walk,
9,785,1665,June,12,walk,
785,9,1665,June,13,walk,
9,1047,1665,June,13,walk,Sir George Carteret
1047,1048,1665,June,13,coach,Sir John Minnes
1048,785,1665,June,13,coach,Sir John Minnes
785,9,1665,June,13,walk,
9,785,1665,June,13,walk,
785,612,1665,June,14,walk,
612,311,1665,June,14,walk,
311,3,1665,June,14,walk,
3,13,1665,June,14,walk,
13,785,1665,June,14,walk,
785,9,1665,June,14,walk,
9,785,1665,June,14,walk,
785,9,1665,June,15,walk,
9,1245,1665,June,15,walk,
1245,23,1665,June,15,walk,Elizabeth Pepys; Mary Mercer
23,785,1665,June,15,walk,Elizabeth Pepys; Mary Mercer
785,9,1665,June,16,walk,
9,3,1665,June,16,walk,
3,785,1665,June,16,walk,
785,9,1665,June,16,walk,
9,785,1665,June,16,walk,
785,612,1665,June,17,walk,
612,3,1665,June,17,walk,
3,785,1665,June,17,coach,
785,9,1665,June,17,walk,
9,785,1665,June,17,walk,
785,176,1665,June,18,walk,
176,785,1665,June,18,walk,
785,9,1665,June,18,walk,
9,785,1665,June,18,walk,
785,3,1665,June,19,walk,Sir William Batten
3,23,1665,June,19,walk,
23,785,1665,June,19,walk,
785,873,1665,June,19,boat,Sir William Penn
873,785,1665,June,19,boat,
785,9,1665,June,19,walk,
9,785,1665,June,19,walk,
785,9,1665,June,20,walk,
9,176,1665,June,20,walk,
176,80,1665,June,20,walk,
80,3,1665,June,20,coach,
3,402,1665,June,20,boat,
402,785,1665,June,20,boat,
785,9,1665,June,20,walk,
9,785,1665,June,20,walk,
785,15,1665,June,21,walk,John Creed
15,785,1665,June,21,walk,
785,3,1665,June,21,walk,
3,1050,1665,June,21,walk,
1050,785,1665,June,21,walk,
785,9,1665,June,21,walk,
9,785,1665,June,21,walk,
785,9,1665,June,22,walk,
9,785,1665,June,22,walk,
785,3,1665,June,23,walk,
3,23,1665,June,23,walk,
23,785,1665,June,23,walk,
785,498,1665,June,23,coach,John Creed
498,785,1665,June,23,coach,
785,9,1665,June,23,walk,
9,785,1665,June,23,walk,
785,9,1665,June,24,walk,
9,77,1665,June,24,walk,
77,785,1665,June,24,walk,
785,612,1665,June,24,walk,
612,785,1665,June,24,walk,
785,9,1665,June,24,walk,
9,785,1665,June,24,walk,
785,9,1665,June,25,walk,
9,785,1665,June,25,walk,
785,873,1665,June,25,boat,
873,3,1665,June,25,boat,
3,77,1665,June,25,walk,
77,883,1665,June,25,walk,
883,77,1665,June,25,walk,
77,785,1665,June,25,boat,
785,3,1665,June,26,walk,Mr. Povy; John Creed
3,785,1665,June,26,walk,
785,37,1665,June,26,boat,
37,785,1665,June,26,boat,
785,9,1665,June,26,walk,
9,785,1665,June,26,walk,
785,9,1665,June,27,walk,
9,63,1665,June,27,walk,
63,9,1665,June,27,walk,
9,785,1665,June,27,walk,
785,3,1665,June,28,coach,Elizabeth Pepys; Sir John Minnes
3,21,1665,June,28,boat,
21,785,1665,June,28,walk,
785,3,1665,June,28,walk,
3,785,1665,June,28,walk,
785,3,1665,June,29,boat,
3,492,1665,June,29,walk,
492,785,1665,June,29,walk,
785,410,1665,June,29,coach,
410,785,1665,June,29,coach,
785,9,1665,June,29,walk,
9,785,1665,June,29,walk,
785,450,1665,June,30,walk,
450,23,1665,June,30,walk,
23,785,1665,June,30,walk,
785,37,1665,June,30,walk,Elizabeth Pepys; Mary Mercer
37,1049,1665,June,30,walk,
1049,3,1665,June,30,walk,
3,785,1665,June,30,boat,
785,9,1665,July,1,walk,
9,785,1665,July,1,walk,
785,450,1665,July,1,walk,
450,492,1665,July,1,coach,
492,785,1665,July,1,coach,
785,9,1665,July,2,walk,
9,785,1665,July,2,walk,
785,3,1665,July,3,boat,Sir William Batten; Sir John Minnes
3,492,1665,July,3,walk,
492,785,1665,July,3,walk,
785,450,1665,July,3,walk,
450,104,1665,July,3,walk,
104,492,1665,July,3,walk,
492,785,1665,July,3,walk,
785,9,1665,July,3,walk,
9,785,1665,July,3,walk,
785,9,1665,July,4,walk,
9,23,1665,July,4,walk,
23,80,1665,July,4,walk,
80,9,1665,July,4,walk,
9,785,1665,July,4,walk,
785,9,1665,July,5,walk,
9,23,1665,July,5,walk,
23,380,1665,July,5,walk,
380,3,1665,July,5,walk,
3,77,1665,July,5,walk,
77,31,1665,July,5,coach,Sir George Carteret
31,37,1665,July,5,walk,
37,873,1665,July,5,walk,
873,785,1665,July,5,boat,
785,9,1665,July,6,walk,
9,3,1665,July,6,boat,
3,785,1665,July,6,coach,
785,63,1665,July,6,walk,
63,785,1665,July,6,walk,
785,13,1665,July,7,walk,
13,785,1665,July,7,walk,
785,9,1665,July,7,walk,
9,785,1665,July,7,walk,
785,9,1665,July,8,walk,
9,77,1665,July,8,boat,
77,37,1665,July,8,boat,
37,77,1665,July,9,boat,Elizabeth Pepys
77,785,1665,July,9,boat,
785,77,1665,July,9,boat,
77,37,1665,July,9,boat,Elizabeth Pepys
37,450,1665,July,10,boat,
450,785,1665,July,10,walk,
785,1053,1665,July,10,coach,
1053,1052,1665,July,10,horse,
1052,1054,1665,July,10,horse,
1054,1055,1665,July,10,boat,
1055,386,1665,July,10,walk,
386,785,1665,July,11,boat,
785,492,1665,July,11,walk,
492,450,1665,July,11,walk,
450,785,1665,July,11,walk,
785,334,1665,July,11,walk,
334,345,1665,July,11,walk,
345,785,1665,July,11,coach,
785,9,1665,July,11,walk,
9,785,1665,July,11,walk,
785,31,1665,July,12,boat,
31,1052,1665,July,12,boat,
1052,785,1665,July,12,boat,
785,9,1665,July,13,walk,
9,77,1665,July,13,boat,
77,785,1665,July,13,boat,Elizabeth Pepys
785,9,1665,July,13,walk,
9,785,1665,July,13,walk,
785,15,1665,July,14,walk,
15,23,1665,July,14,walk,
23,785,1665,July,14,walk,
785,77,1665,July,14,boat,
77,785,1665,July,14,boat,
785,9,1665,July,14,walk,
9,785,1665,July,14,walk,
785,31,1665,July,15,boat,
31,77,1665,July,15,walk,
77,873,1665,July,15,boat,Mr. Philip Carteret
873,1051,1665,July,15,coach,Mr. Philip Carteret
1051,785,1665,July,17,coach,Mr. Philip Carteret
785,77,1665,July,17,boat,Mr. Philip Carteret
77,9,1665,July,18,boat,
9,23,1665,July,18,walk,
23,450,1665,July,18,walk,
450,785,1665,July,18,boat,Sir William Warren
785,31,1665,July,18,boat,
31,37,1665,July,18,walk,
37,785,1665,July,19,boat,
785,15,1665,July,19,walk,
15,31,1665,July,19,boat,
31,579,1665,July,19,walk,
579,77,1665,July,19,walk,
77,785,1665,July,20,boat,
785,9,1665,July,20,walk,
9,31,1665,July,20,boat,
31,30,1665,July,20,walk,
30,785,1665,July,20,walk,
785,450,1665,July,20,walk,
450,785,1665,July,20,walk,
785,9,1665,July,20,walk,
9,785,1665,July,20,walk,
785,15,1665,July,21,walk,
15,1058,1665,July,21,walk,Mr. Povy
1058,785,1665,July,21,walk,
785,9,1665,July,21,walk,
9,785,1665,July,21,walk,
785,3,1665,July,22,walk,
3,1060,1665,July,22,walk,
1060,402,1665,July,22,walk,
402,3,1665,July,22,boat,
3,785,1665,July,22,coach,
785,9,1665,July,22,walk,
9,785,1665,July,22,walk,
785,1054,1665,July,23,coach,Mr. Cutler
1054,1052,1665,July,23,coach,Mr. Cutler
1052,1054,1665,July,23,walk,
1054,785,1665,July,23,boat,
785,77,1665,July,24,walk,
77,1051,1665,July,24,coach,Sir George Carteret; Lady Carteret
1051,77,1665,July,24,coach,Sir George Carteret; Lady Carteret
77,9,1665,July,25,boat,
9,23,1665,July,25,walk,
23,785,1665,July,25,walk,
785,450,1665,July,25,coach,
450,23,1665,July,25,walk,
23,785,1665,July,25,walk,
785,9,1665,July,25,walk,
9,785,1665,July,25,walk,
785,31,1665,July,26,boat,Sir William Batten
31,873,1665,July,26,walk,
873,77,1665,July,26,walk,
77,37,1665,July,26,boat,
37,873,1665,July,26,boat,
873,785,1665,July,26,boat,
785,23,1665,July,26,walk,
23,785,1665,July,26,walk,
785,9,1665,July,26,walk,
9,785,1665,July,26,walk,
785,402,1665,July,27,boat,
402,1052,1665,July,27,coach,Mr. Gauden
1052,1057,1665,July,27,coach,Mr. Gauden; John Creed
1057,1059,1665,July,27,coach,Sir George Carteret
1059,785,1665,July,27,walk,
785,9,1665,July,27,walk,
9,785,1665,July,27,walk,
785,77,1665,July,28,walk,
77,1051,1665,July,28,coach,Lady Carteret
1051,37,1665,July,28,coach,
37,785,1665,July,29,boat,
785,9,1665,July,29,walk,
9,23,1665,July,29,walk,
23,785,1665,July,29,walk,
785,9,1665,July,29,walk,
9,785,1665,July,29,walk,
785,77,1665,July,31,walk,
77,1051,1665,July,31,coach,Sir George Carteret; Lady Carteret
1051,77,1665,August,1,coach,Sir George Carteret; Lady Carteret
77,785,1665,August,1,walk,
785,9,1665,August,1,walk,
9,785,1665,August,1,walk,
785,9,1665,August,2,walk,
9,785,1665,August,2,walk,
785,77,1665,August,3,walk,
77,1051,1665,August,3,horse,
1051,1062,1665,August,3,coach,
1062,1061,1665,August,3,horse,Sir George Carteret
1061,1062,1665,August,4,horse,
1062,41,1665,August,4,boat,
41,785,1665,August,4,walk,
785,37,1665,August,4,boat,
37,31,1665,August,5,boat,
31,1059,1665,August,5,walk,Sir William Warren
1059,30,1665,August,5,walk,
30,785,1665,August,5,walk,
785,9,1665,August,5,walk,
9,785,1665,August,5,walk,
785,37,1665,August,6,boat,
37,785,1665,August,7,boat,
785,9,1665,August,7,walk,
9,785,1665,August,7,walk,
785,9,1665,August,8,walk,
9,63,1665,August,8,walk,
63,450,1665,August,8,walk,
450,13,1665,August,8,walk,
13,785,1665,August,8,walk,
785,9,1665,August,8,walk,
9,785,1665,August,8,walk,
785,9,1665,August,9,walk,
9,785,1665,August,9,walk,
785,9,1665,August,10,walk,
9,1067,1665,August,10,walk,
1067,785,1665,August,10,walk,
785,9,1665,August,10,walk,
9,785,1665,August,10,walk,
785,9,1665,August,11,walk,
9,785,1665,August,11,walk,
785,77,1665,August,12,walk,
77,873,1665,August,12,walk,
873,31,1665,August,12,walk,
31,579,1665,August,12,walk,
579,785,1665,August,12,walk,
785,9,1665,August,12,walk,
9,785,1665,August,12,walk,
785,77,1665,August,14,walk,
77,63,1665,August,14,coach,Lord Brouncker; Sir John Minnes
63,37,1665,August,14,boat,
37,873,1665,August,15,walk,
873,77,1665,August,15,walk,
77,449,1665,August,15,walk,
449,450,1665,August,15,boat,
450,785,1665,August,15,boat,
785,9,1665,August,16,walk,
9,23,1665,August,16,walk,
23,1067,1665,August,16,walk,
1067,785,1665,August,16,walk,
785,9,1665,August,16,walk,
9,785,1665,August,16,walk,
785,9,1665,August,17,walk,
9,37,1665,August,17,boat,
37,48,1665,August,18,boat,
48,1575,1665,August,18,boat,
1575,37,1665,August,18,boat,
37,785,1665,August,19,boat,
785,450,1665,August,19,boat,
450,1064,1665,August,19,horse,
1064,1065,1665,August,19,horse,
1065,1063,1665,August,19,horse,
1063,1065,1665,August,20,horse,
1065,1053,1665,August,20,horse,
1053,785,1665,August,20,boat,
785,450,1665,August,21,walk,
450,63,1665,August,21,walk,
63,873,1665,August,21,boat,
873,37,1665,August,21,walk,
37,873,1665,August,22,walk,
873,1066,1665,August,22,walk,
1066,1036,1665,August,22,walk,
1036,579,1665,August,22,walk,
579,30,1665,August,22,walk,
30,785,1665,August,22,walk,
785,9,1665,August,22,walk,
9,785,1665,August,22,walk,
785,9,1665,August,23,walk,
9,785,1665,August,23,walk,
785,9,1665,August,24,walk,
9,37,1665,August,24,boat,
37,785,1665,August,25,boat,
785,9,1665,August,25,walk,
9,37,1665,August,25,boat,
37,785,1665,August,26,boat,
785,9,1665,August,26,walk,
9,785,1665,August,26,walk,
785,23,1665,August,28,walk,
23,785,1665,August,28,walk,
785,37,1665,August,28,walk,
37,873,1665,August,29,coach,Commissioner Pett
873,9,1665,August,29,walk,
9,31,1665,August,29,walk,
31,30,1665,August,29,walk,
30,785,1665,August,29,walk,
785,9,1665,August,29,walk,
9,785,1665,August,29,walk,
785,72,1665,August,30,walk,
72,785,1665,August,30,walk,
785,9,1665,August,30,walk,
9,785,1665,August,30,walk,
785,873,1665,August,31,boat,
873,37,1665,August,31,boat,
1049,873,1665,September,1,boat,Captain Cocke
873,785,1665,September,1,boat,
785,450,1665,September,1,boat,
450,785,1665,September,1,boat,
37,873,1665,September,2,walk,
873,31,1665,September,2,boat,
31,873,1665,September,2,boat,
873,37,1665,September,2,walk,
37,873,1665,September,3,boat,
873,1077,1665,September,3,walk,Captain Cocke
1077,37,1665,September,3,boat,
37,873,1665,September,4,walk,
873,37,1665,September,4,walk,
37,873,1665,September,5,walk,
873,37,1665,September,5,walk,
37,785,1665,September,6,boat,
785,450,1665,September,6,boat,
450,37,1665,September,6,boat,
37,1053,1665,September,7,boat,
1053,1069,1665,September,7,coach,Mr. Povy
1069,1053,1665,September,7,coach,Mr. Povy
1053,37,1665,September,7,boat,
37,873,1665,September,9,walk,
873,1073,1665,September,9,coach,Lord Brouncker; Sir John Minnes
1073,873,1665,September,9,walk,
873,37,1665,September,9,walk,
37,873,1665,September,10,walk,Mr. Andrews
873,1077,1665,September,10,walk,
1077,37,1665,September,10,boat,
37,873,1665,September,11,walk,
873,1039,1665,September,11,coach,Lord Brouncker; Sir John Minnes; Sir William Doyly
1039,873,1665,September,11,coach,
873,37,1665,September,11,boat,
37,873,1665,September,12,walk,
873,37,1665,September,12,walk,
37,873,1665,September,13,walk,
873,1077,1665,September,13,walk,
1077,1073,1665,September,13,coach,Lord Brouncker; Sir John Minnes
1073,873,1665,September,13,walk,
873,37,1665,September,13,walk,
37,873,1665,September,14,walk,
873,450,1665,September,14,boat,
450,23,1665,September,14,walk,
23,785,1665,September,14,walk,
785,37,1665,September,14,boat,
37,873,1665,September,15,walk,
873,31,1665,September,15,boat,
31,1077,1665,September,15,walk,
1077,37,1665,September,15,boat,
37,873,1665,September,16,walk,
873,1077,1665,September,16,walk,
1077,37,1665,September,17,walk,
37,1062,1665,September,17,boat,Lord Brouncker; Captain Cocke
1062,1070,1665,September,18,boat,Lord Brouncker; Captain Cocke
1070,1061,1665,September,18,boat,
1061,873,1665,September,18,coach,
873,1077,1665,September,19,walk,
873,450,1665,September,20,coach,Lord Brouncker; Sir William Batten; Sir John Minnes
450,873,1665,September,20,coach,
873,1071,1665,September,21,coach,William Hewer
1071,585,1665,September,21,walk,
585,873,1665,September,21,coach,
873,41,1665,September,22,boat,Lord Brouncker; Sir John Minnes
41,873,1665,September,22,walk,Lord Brouncker
873,37,1665,September,22,boat,Lord Brouncker
37,1076,1665,September,22,boat,Lord Sandwich
1076,450,1665,September,23,coach,Lord Sandwich; Mr. Evelyn
450,785,1665,September,23,walk,
785,873,1665,September,23,boat,
873,1062,1665,September,23,boat,Captain Cocke
1062,1078,1665,September,24,boat,Captain Cocke
1078,1062,1665,September,24,boat,
1062,1070,1665,September,25,boat,Captain Cocke
1070,1074,1665,September,25,boat,Captain Cocke
1074,873,1665,September,26,horse,Captain Cocke
873,31,1665,September,26,walk,
31,37,1665,September,26,boat,
37,873,1665,September,27,boat,
873,1077,1665,September,27,walk,
1077,1034,1665,September,27,walk,
1034,450,1665,September,27,coach,Mr. Evelyn
450,873,1665,September,27,coach,Mr. Evelyn
873,1075,1665,September,27,walk,
1075,37,1665,September,28,boat,
37,873,1665,September,28,walk,
873,1075,1665,September,28,walk,
1075,1071,1665,September,29,horse,
1071,585,1665,September,29,walk,
585,873,1665,September,29,horse,
873,9,1665,September,30,walk,
9,873,1665,September,30,walk,
873,1077,1665,September,30,walk,Captain Cocke
1077,37,1665,September,30,boat,
37,1070,1665,October,1,boat,Captain Cocke
1070,1061,1665,October,2,boat,
1061,1074,1665,October,2,walk,Captain Cocke
1074,1062,1665,October,2,horse,
1062,653,1665,October,2,boat,
653,37,1665,October,2,boat,
37,873,1665,October,3,walk,
873,37,1665,October,3,walk,
37,873,1665,October,4,walk,
873,37,1665,October,4,walk,
37,450,1665,October,5,coach,
450,104,1665,October,5,walk,
104,31,1665,October,5,boat,
31,579,1665,October,5,walk,
579,1034,1665,October,5,walk,
1034,873,1665,October,5,coach,Mr. Evelyn
873,37,1665,October,5,walk,
37,450,1665,October,6,coach,Mr. Gauden
450,873,1665,October,6,coach,
873,1082,1665,October,6,walk,
1082,873,1665,October,7,walk,
873,1082,1665,October,7,walk,
1082,873,1665,October,8,walk,
873,1077,1665,October,8,walk,
1077,1082,1665,October,8,walk,
1082,785,1665,October,9,boat,
785,873,1665,October,9,boat,
873,1082,1665,October,9,walk,
1082,450,1665,October,10,coach,Captain Cocke
450,873,1665,October,10,coach,
873,1082,1665,October,10,walk,
1082,653,1665,October,11,boat,Captain Cocke
653,37,1665,October,11,boat,
37,653,1665,October,12,boat,
653,37,1665,October,12,boat,
37,873,1665,October,12,coach,
873,1082,1665,October,12,walk,
1082,873,1665,October,13,walk,
873,450,1665,October,13,boat,
450,873,1665,October,13,boat,
873,1082,1665,October,13,walk,
1082,873,1665,October,14,walk,
873,1082,1665,October,14,walk,
1082,1053,1665,October,15,coach,Mr. Povy
1053,1069,1665,October,15,horse,
1069,1053,1665,October,15,horse,
1053,1081,1665,October,16,walk,Mr. Povy
1081,1083,1665,October,16,boat,
1083,873,1665,October,16,boat,Captain Cocke
873,1082,1665,October,16,walk,
1082,873,1665,October,17,walk,
873,1082,1665,October,17,walk,
1082,450,1665,October,18,boat,
450,1082,1665,October,18,boat,
1082,450,1665,October,19,boat,
450,1082,1665,October,19,boat,
1082,873,1665,October,20,walk,
873,1082,1665,October,20,walk,
1082,873,1665,October,21,walk,
873,1082,1665,October,21,walk,
1082,873,1665,October,22,walk,
873,37,1665,October,22,boat,
37,653,1665,October,23,boat,
653,873,1665,October,23,boat,Sir William Warren; Captain Taylor
873,1082,1665,October,23,walk,
1082,1077,1665,October,24,walk,
1077,1076,1665,October,24,walk,
1076,1077,1665,October,24,walk,
1077,1082,1665,October,24,walk,
1082,1076,1665,October,25,walk,
1076,31,1665,October,25,coach,Mr. Evelyn
31,1082,1665,October,25,coach,
1082,1083,1665,October,26,boat,Sir Christopher Mings
1083,23,1665,October,26,walk,
23,873,1665,October,26,boat,Sir Christopher Mings
873,1082,1665,October,26,walk,
1082,1077,1665,October,27,walk,
1077,23,1665,October,27,coach,Captain Cocke
23,450,1665,October,27,boat,
450,873,1665,October,27,coach,
873,1082,1665,October,27,walk,
1082,1076,1665,October,28,walk,
1076,653,1665,October,28,horse,Mr. Deane
653,873,1665,October,28,horse,
873,1082,1665,October,28,walk,
1082,653,1665,October,29,coach,Captain Cocke; Mr. Deane
653,37,1665,October,29,coach,
37,1082,1665,October,29,walk,Mr. Hill
1082,873,1665,October,30,walk,
873,1082,1665,October,30,walk,
1082,873,1665,October,31,walk,
873,1082,1665,October,31,walk,
37,653,1665,November,1,boat,
653,1076,1665,November,1,coach,Sir William Batten
1076,1082,1665,November,1,walk,Captain Cocke
1082,873,1665,November,2,walk,
873,1082,1665,November,2,walk,
1082,1070,1665,November,3,boat,
1070,873,1665,November,3,boat,
873,1076,1665,November,4,walk,
1076,1075,1665,November,4,walk,
1075,450,1665,November,5,boat,
450,104,1665,November,5,walk,
104,31,1665,November,5,boat,
31,1034,1665,November,5,walk,
1034,1075,1665,November,5,coach,Mr. Evelyn; Captain Cocke
1075,1077,1665,November,6,walk,
1077,450,1665,November,6,coach,Mr. Evelyn
450,1077,1665,November,6,boat,Sir George Carteret; Captain Cocke
1077,1075,1665,November,6,walk,
1075,450,1665,November,7,boat,Sir George Carteret
450,873,1665,November,7,coach,
873,1082,1665,November,7,walk,
1082,873,1665,November,8,walk,
873,31,1665,November,8,boat,
31,1075,1665,November,8,boat,
1075,873,1665,November,9,walk,
873,1085,1665,November,9,boat,
1085,1082,1665,November,9,boat,
1082,873,1665,November,10,walk,
873,1082,1665,November,10,walk,
1082,873,1665,November,11,walk,
873,1082,1665,November,11,walk,
1082,1077,1665,November,12,walk,
1077,450,1665,November,12,boat,
450,1077,1665,November,12,boat,
1077,1082,1665,November,12,walk,
1082,1077,1665,November,13,walk,
1077,1075,1665,November,13,walk,Captain Cocke
1075,785,1665,November,14,coach,Captain Cocke
785,873,1665,November,14,boat,
873,450,1665,November,14,boat,
450,1082,1665,November,14,boat,
1082,1086,1665,November,15,walk,
1086,1075,1665,November,15,walk,
1075,653,1665,November,16,horse,
653,1070,1665,November,16,boat,
1070,653,1665,November,17,boat,
653,1082,1665,November,17,horse,
1082,873,1665,November,18,walk,
873,1082,1665,November,18,walk,
1082,653,1665,November,19,boat,
653,37,1665,November,19,boat,
37,1082,1665,November,19,walk,
1082,1071,1665,November,20,horse,
1071,585,1665,November,20,walk,
585,1082,1665,November,20,horse,
1082,873,1665,November,21,walk,
873,1082,1665,November,21,walk,
1082,450,1665,November,22,boat,
450,104,1665,November,22,walk,
104,23,1665,November,22,walk,
23,873,1665,November,22,boat,
873,1082,1665,November,22,walk,
1082,873,1665,November,23,walk,
873,1082,1665,November,23,walk,
1082,23,1665,November,24,boat,
23,1067,1665,November,24,walk,
1067,1034,1665,November,24,walk,Captain Cocke
1034,1075,1665,November,24,coach,Captain Cocke
1075,1082,1665,November,24,walk,
1082,873,1665,November,25,walk,
873,1082,1665,November,25,walk,
1082,653,1665,November,26,horse,
653,37,1665,November,26,horse,Sir William Warren
37,1082,1665,November,26,walk,
1082,450,1665,November,27,walk,
450,104,1665,November,27,walk,
104,450,1665,November,27,walk,
450,1067,1665,November,27,coach,Captain Cocke
1067,1071,1665,November,28,coach,Captain Cocke; Sir George Carteret
1071,1084,1665,November,28,coach,
1084,1087,1665,November,28,coach,Captain Cocke
1087,402,1665,November,28,coach,
402,873,1665,November,28,boat,Captain Cocke
873,1082,1665,November,28,walk,
1082,785,1665,November,29,boat,Elizabeth Pepys
785,873,1665,November,29,boat,Elizabeth Pepys
1082,873,1665,November,30,walk,
873,1082,1665,November,30,walk,
1082,873,1665,December,1,walk,
873,1082,1665,December,1,walk,
1082,873,1665,December,2,walk,
873,1082,1665,December,2,walk,
1082,1077,1665,December,3,walk,
1077,1089,1665,December,3,walk,
1089,1082,1665,December,3,coach,
1082,23,1665,December,4,boat,
23,785,1665,December,4,walk,
785,23,1665,December,4,walk,
23,1075,1665,December,4,boat,
1075,31,1665,December,5,boat,
31,785,1665,December,5,boat,
785,873,1665,December,5,boat,
873,1082,1665,December,5,walk,
1082,450,1665,December,6,boat,
450,1082,1665,December,6,boat,
1082,1089,1665,December,6,walk,Elizabeth Pepys; Mary Mercer
1089,1082,1665,December,6,walk,
1082,873,1665,December,7,walk,
873,1082,1665,December,7,walk,
1082,23,1665,December,8,boat,
23,1088,1665,December,8,walk,
1088,3,1665,December,8,boat,Mr. Gauden
3,1082,1665,December,8,boat,
1082,450,1665,December,9,coach,Lord Brouncker
450,1082,1665,December,9,coach,Lord Brouncker
1082,1077,1665,December,10,walk,
1077,1082,1665,December,10,walk,
1082,23,1665,December,11,boat,
23,1088,1665,December,11,walk,
1088,873,1665,December,11,boat,
873,1082,1665,December,11,walk,
1082,1090,1665,December,12,boat,
1090,1082,1665,December,12,boat,
1082,1089,1665,December,13,walk,
1089,23,1665,December,13,boat,James Pierce
23,1088,1665,December,13,walk,
1088,1031,1665,December,13,coach,Sir William Warren
1031,785,1665,December,13,coach,
785,1082,1665,December,13,boat,
1082,1088,1665,December,14,boat,
1088,1082,1665,December,14,boat,
1082,873,1665,December,15,walk,
873,1082,1665,December,15,walk,
1082,873,1665,December,16,walk,
873,1082,1665,December,16,walk,
1082,873,1665,December,17,walk,
873,1082,1665,December,17,walk,
1082,873,1665,December,18,walk,
873,1077,1665,December,18,walk,
1077,1082,1665,December,18,walk,
1082,653,1665,December,19,boat,Lord Brouncker; Sir John Minnes
653,1082,1665,December,19,boat,
1082,450,1665,December,20,walk,
450,1077,1665,December,20,walk,
1077,23,1665,December,20,walk,
23,873,1665,December,20,boat,Lord Brouncker
873,1082,1665,December,20,walk,
1082,1077,1665,December,21,walk,
1077,1082,1665,December,21,walk,
1082,1092,1665,December,22,boat,Mr. Hill
1092,873,1665,December,22,boat,
873,1082,1665,December,22,walk,
1082,873,1665,December,23,walk,
873,1082,1665,December,23,walk,
1082,450,1665,December,24,boat,
450,1082,1665,December,24,boat,
1082,873,1665,December,25,walk,
873,1082,1665,December,25,walk,
1082,873,1665,December,26,walk,
873,1091,1665,December,26,walk,
1091,1077,1665,December,26,walk,
1077,1082,1665,December,26,walk,
1082,785,1665,December,27,coach,Captain Cocke
785,23,1665,December,27,walk,
23,1088,1665,December,27,walk,Sir William Warren
1088,785,1665,December,27,walk,
785,30,1665,December,27,boat,
30,1077,1665,December,27,walk,
1077,1082,1665,December,27,walk,
1082,873,1665,December,28,walk,
873,1082,1665,December,28,walk,
1082,873,1665,December,29,walk,
873,1082,1665,December,29,walk,
1082,873,1665,December,30,walk,
873,1082,1665,December,30,walk,
1082,450,1665,December,31,boat,
450,1082,1665,December,31,boat,
1082,3,1666,January,2,boat,
3,1082,1666,January,2,boat,
1082,9,1666,January,3,boat,
9,861,1666,January,3,walk,Lord Brouncker; Sir William Batten
861,1082,1666,January,3,boat,
1082,785,1666,January,4,boat,
785,9,1666,January,4,walk,
9,785,1666,January,4,walk,Lord Brouncker; Sir William Penn
1082,3,1666,January,5,coach,Lord Brouncker
3,23,1666,January,5,walk,
23,1067,1666,January,5,walk,Mr. Povy
1067,873,1666,January,5,coach,Lord Brouncker
873,1076,1666,January,5,walk,
1076,1082,1666,January,5,walk,
785,176,1666,January,6,walk,
176,785,1666,January,6,walk,Betty Michell; William Hewer
785,9,1666,January,7,walk,
9,170,1666,January,7,coach,Lord Brouncker
170,785,1666,January,7,walk,
785,23,1666,January,8,coach,Elizabeth Pepys
23,785,1666,January,8,coach,
785,3,1666,January,9,coach,Sir William Batten; Sir William Penn
3,13,1666,January,9,walk,
13,785,1666,January,9,walk,
785,9,1666,January,9,walk,
9,785,1666,January,9,walk,
785,1090,1666,January,10,coach,Mr. Gauden
1090,1093,1666,January,10,coach,
1093,23,1666,January,10,walk,
23,785,1666,January,10,walk,
785,450,1666,January,10,coach,Sir William Warren
450,785,1666,January,10,coach,
785,9,1666,January,11,walk,
9,861,1666,January,11,walk,
861,1093,1666,January,11,coach,Lord Brouncker
1093,61,1666,January,11,walk,
61,1095,1666,January,11,walk,
1095,785,1666,January,11,walk,
785,9,1666,January,11,walk,
9,785,1666,January,11,walk,
785,450,1666,January,12,coach,Sir William Batten
450,23,1666,January,12,walk,
23,9,1666,January,12,walk,
9,785,1666,January,12,walk,
785,1093,1666,January,13,walk,
1093,23,1666,January,13,coach,Captain Cocke
23,785,1666,January,13,walk,
785,9,1666,January,13,walk,
9,785,1666,January,13,walk,
785,9,1666,January,14,walk,
9,785,1666,January,14,walk,
785,9,1666,January,15,walk,
9,785,1666,January,15,walk,
785,3,1666,January,16,coach,
3,13,1666,January,16,walk,
13,785,1666,January,16,boat,
785,9,1666,January,17,walk,
9,785,1666,January,17,walk,
785,9,1666,January,18,walk,
9,785,1666,January,18,walk,Lord Brouncker
785,450,1666,January,19,coach,Sir John Minnes
450,23,1666,January,19,walk,
23,785,1666,January,19,walk,
785,9,1666,January,19,walk,
9,785,1666,January,19,walk,
785,9,1666,January,20,walk,
9,785,1666,January,20,walk,
785,1202,1666,January,21,coach,Sir William Batten; Sir William Penn; Sir R. Ford
1202,986,1666,January,21,coach,
986,304,1666,January,21,walk,
304,3,1666,January,21,coach,
3,785,1666,January,21,coach,
785,9,1666,January,21,walk,
9,785,1666,January,21,walk,
785,873,1666,January,22,boat,
873,31,1666,January,22,boat,
31,785,1666,January,22,boat,
785,450,1666,January,22,boat,
450,1094,1666,January,22,walk,
1094,785,1666,January,22,walk,
785,3,1666,January,23,coach,Sir William Batten; Sir William Penn
3,380,1666,January,23,walk,Lord Brouncker
380,13,1666,January,23,walk,
13,61,1666,January,23,coach,Lord Brouncker
61,785,1666,January,23,coach,
785,106,1666,January,24,walk,Lord Brouncker
106,9,1666,January,24,walk,
9,31,1666,January,24,boat,Lord Brouncker
31,785,1666,January,24,walk,Lord Brouncker
785,9,1666,January,25,walk,
9,450,1666,January,25,walk,
450,785,1666,January,25,walk,
785,9,1666,January,25,walk,
9,785,1666,January,25,walk,
785,3,1666,January,26,coach,
3,450,1666,January,26,walk,
450,23,1666,January,26,walk,
23,1088,1666,January,26,walk,Mr. Gauden
1088,785,1666,January,26,walk,
785,9,1666,January,26,walk,
9,785,1666,January,26,walk,
785,113,1666,January,27,walk,
113,1112,1666,January,27,walk,
1112,3,1666,January,27,boat,Betty Michell
3,785,1666,January,27,walk,
785,1427,1666,January,28,coach,
1427,1052,1666,January,28,coach,Lord Brouncker
1052,785,1666,January,30,coach,
785,9,1666,January,31,walk,
9,23,1666,January,31,walk,
23,785,1666,January,31,walk,
785,9,1666,February,1,walk,
9,575,1666,February,1,walk,
575,23,1666,February,1,walk,
23,785,1666,February,1,walk,
785,883,1666,February,2,coach,
883,785,1666,February,2,walk,
785,9,1666,February,2,walk,
9,785,1666,February,2,walk,
785,3,1666,February,3,coach,Sir William Batten; Sir William Penn
3,380,1666,February,3,walk,
380,785,1666,February,3,walk,
785,9,1666,February,3,walk,
9,785,1666,February,3,walk,
785,9,1666,February,4,walk,Mr Gawden
9,785,1666,February,4,walk,
785,1093,1666,February,5,walk,
1093,23,1666,February,5,walk,
23,3,1666,February,5,walk,
3,883,1666,February,5,walk,
883,519,1666,February,5,walk,
519,785,1666,February,5,walk,
785,9,1666,February,6,walk,
9,3,1666,February,6,boat,
3,785,1666,February,6,coach,
785,9,1666,February,6,walk,
9,785,1666,February,6,walk,
785,9,1666,February,7,walk,
9,785,1666,February,7,walk,
785,9,1666,February,8,walk,
9,23,1666,February,8,walk,
23,3,1666,February,8,walk,
3,785,1666,February,8,walk,
785,612,1666,February,9,walk,
612,15,1666,February,9,walk,
15,519,1666,February,9,walk,
519,785,1666,February,9,walk,
785,9,1666,February,10,walk,
9,311,1666,February,10,coach,Elizabeth Pepys
311,23,1666,February,10,walk,
23,785,1666,February,10,walk,
785,9,1666,February,10,walk,
9,785,1666,February,10,walk,
785,176,1666,February,11,walk,
176,785,1666,February,11,walk,
785,3,1666,February,11,boat,
3,785,1666,February,11,coach,Lord Brouncker
785,9,1666,February,12,walk,
9,23,1666,February,12,walk,
23,311,1666,February,12,coach,Sir William Warren
311,1015,1666,February,12,walk,
1015,785,1666,February,12,walk,
785,9,1666,February,13,walk,
9,3,1666,February,13,boat,
3,23,1666,February,13,walk,
23,785,1666,February,13,walk,
785,9,1666,February,13,walk,
9,785,1666,February,13,walk,
785,883,1666,February,14,coach,Mr. Hill
883,1015,1666,February,14,walk,Mr. Hill
1015,1098,1666,February,14,walk,Mr. Hill
1098,23,1666,February,14,walk,
23,311,1666,February,14,coach,
311,1094,1666,February,14,walk,
1094,785,1666,February,14,walk,Sir William Batten
785,3,1666,February,15,coach,Sir William Batten; Sir John Minnes
3,785,1666,February,15,coach,
785,9,1666,February,15,walk,
9,785,1666,February,15,walk,
785,883,1666,February,16,coach,
883,23,1666,February,16,walk,
23,785,1666,February,16,walk,
785,1112,1666,February,17,walk,
1112,3,1666,February,17,boat,Betty Michell
3,380,1666,February,17,walk,
380,785,1666,February,17,walk,
785,1509,1666,February,18,walk,
1509,15,1666,February,18,coach,
15,785,1666,February,18,coach,
785,9,1666,February,18,walk,
9,785,1666,February,18,walk,
785,883,1666,February,19,walk,
883,3,1666,February,19,walk,
3,15,1666,February,19,walk,
15,21,1666,February,19,walk,
21,1098,1666,February,19,walk,
1098,311,1666,February,19,coach,
311,785,1666,February,19,walk,
785,9,1666,February,20,walk,
9,785,1666,February,20,walk,
785,3,1666,February,20,coach,Mr. Evelyn
3,785,1666,February,20,walk,
785,3,1666,February,21,coach,Sir John Minnes
3,785,1666,February,21,walk,
785,9,1666,February,22,walk,
9,785,1666,February,22,walk,
785,1098,1666,February,22,coach,Elizabeth Pepys
1098,785,1666,February,22,coach,
785,829,1666,February,23,walk,William Hewer
829,785,1666,February,23,walk,
785,9,1666,February,24,walk,
9,785,1666,February,24,walk,
785,1098,1666,February,24,coach,
1098,785,1666,February,24,coach,
785,1051,1666,February,25,coach,Elizabeth Pepys; Mary Mercer
1051,1577,1666,February,26,coach,Elizabeth Pepys
1577,1576,1666,February,26,walk,Elizabeth Pepys
1576,1100,1666,February,26,walk,Elizabeth Pepys
1100,1577,1666,February,26,walk,Elizabeth Pepys
1577,1101,1666,February,26,coach,
1101,785,1666,February,26,coach,Elizabeth Pepys
785,9,1666,February,27,walk,
9,785,1666,February,27,walk,
785,1098,1666,February,27,walk,Elizabeth Pepys
1098,785,1666,February,27,walk,
785,3,1666,February,28,walk,
3,785,1666,February,28,walk,
785,9,1666,March,1,walk,
9,983,1666,March,1,walk,
983,785,1666,March,1,walk,
785,9,1666,March,1,walk,
9,785,1666,March,1,walk,
785,9,1666,March,2,walk,
9,311,1666,March,2,coach,
311,1103,1666,March,2,coach,
1103,785,1666,March,2,coach,
785,9,1666,March,3,walk,
9,73,1666,March,3,walk,
73,1094,1666,March,3,walk,
1094,1098,1666,March,3,coach,
1098,785,1666,March,3,walk,
785,9,1666,March,3,walk,
9,785,1666,March,3,walk,
785,9,1666,March,5,walk,
9,23,1666,March,5,walk,
23,785,1666,March,5,walk,
785,9,1666,March,6,walk,
9,63,1666,March,6,walk,
63,785,1666,March,6,walk,
785,9,1666,March,6,walk,
9,785,1666,March,6,walk,
785,3,1666,March,7,walk,
3,873,1666,March,7,boat,
873,785,1666,March,7,coach,Lord Brouncker
785,9,1666,March,8,walk,
9,983,1666,March,8,walk,
983,1098,1666,March,8,coach,
1098,785,1666,March,8,walk,
785,9,1666,March,8,walk,
9,785,1666,March,8,walk,
785,1031,1666,March,9,walk,
1031,31,1666,March,9,boat,Lord Brouncker; Sir William Batten
31,30,1666,March,9,walk,
30,63,1666,March,9,walk,
63,9,1666,March,9,walk,
9,785,1666,March,9,walk,
785,9,1666,March,10,walk,
9,785,1666,March,10,walk,
785,345,1666,March,10,coach,Elizabeth Pepys; Elizabeth Pierce; Mrs Knipp
345,1098,1666,March,10,coach,
1098,1089,1666,March,10,coach,
1089,785,1666,March,10,coach,
785,3,1666,March,11,boat,
3,785,1666,March,11,boat,
785,15,1666,March,12,boat,
15,23,1666,March,12,coach,
23,785,1666,March,12,walk,
785,9,1666,March,12,walk,
9,785,1666,March,12,walk,
785,9,1666,March,13,walk,
9,785,1666,March,13,walk,
785,3,1666,March,14,coach,Mr. Povy
3,105,1666,March,14,coach,Lord Brouncker; Dr. Wilkins
105,23,1666,March,14,walk,
23,334,1666,March,14,walk,
334,1098,1666,March,14,walk,
1098,1089,1666,March,14,walk,
1089,785,1666,March,14,coach,
785,9,1666,March,15,walk,
9,1098,1666,March,15,coach,
1098,785,1666,March,15,coach,
785,9,1666,March,15,walk,
9,785,1666,March,15,walk,
785,9,1666,March,16,walk,
9,23,1666,March,16,walk,
23,1094,1666,March,16,walk,
1094,785,1666,March,16,walk,
785,1098,1666,March,17,walk,
1098,15,1666,March,17,walk,
15,104,1666,March,17,walk,
104,13,1666,March,17,walk,
13,1098,1666,March,17,coach,
1098,785,1666,March,17,walk,
785,9,1666,March,17,walk,
9,785,1666,March,17,walk,
785,176,1666,March,18,walk,
176,1001,1666,March,18,walk,
1001,785,1666,March,18,coach,
785,9,1666,March,19,walk,
9,1105,1666,March,19,walk,Lord Brouncker; Sir John Minnes
1105,77,1666,March,19,walk,
77,785,1666,March,19,walk,
785,9,1666,March,19,walk,
9,785,1666,March,19,walk,
785,9,1666,March,20,walk,
9,1098,1666,March,20,coach,Elizabeth Pepys; Mrs. Barbary; Mary Mercer
1098,785,1666,March,20,walk,
785,1031,1666,March,21,walk,
1031,380,1666,March,21,walk,
380,23,1666,March,21,walk,
23,3,1666,March,21,coach,Sir William Warren
3,61,1666,March,21,coach,
61,785,1666,March,21,walk,
785,9,1666,March,21,walk,
9,785,1666,March,21,walk,
785,9,1666,March,22,walk,
9,785,1666,March,22,walk,
785,1098,1666,March,23,walk,
1098,15,1666,March,23,walk,
15,104,1666,March,23,walk,
104,13,1666,March,23,walk,
13,785,1666,March,23,coach,
785,9,1666,March,23,walk,
9,785,1666,March,23,walk,
785,9,1666,March,24,walk,
9,3,1666,March,24,walk,
3,785,1666,March,24,coach,
785,9,1666,March,24,walk,
9,785,1666,March,24,walk,
785,9,1666,March,26,walk,
9,106,1666,March,26,walk,Lord Brouncker
106,1088,1666,March,26,walk,
1088,77,1666,March,26,walk,
77,785,1666,March,26,walk,
785,9,1666,March,26,walk,
9,785,1666,March,26,walk,
785,9,1666,March,27,walk,
9,785,1666,March,27,walk,
785,3,1666,March,28,boat,John Creed
3,1031,1666,March,28,walk,
1031,1098,1666,March,28,coach,
1098,785,1666,March,28,coach,
785,9,1666,March,29,walk,
9,785,1666,March,29,walk,
785,23,1666,March,30,walk,
23,1098,1666,March,30,walk,
1098,785,1666,March,30,walk,
785,9,1666,March,31,walk,
9,785,1666,March,31,walk,
785,3,1666,April,1,coach,
3,785,1666,April,1,coach,
785,3,1666,April,1,coach,
3,1015,1666,April,1,coach,
1015,785,1666,April,1,coach,
785,9,1666,April,2,walk,
9,105,1666,April,2,coach,Mr. Gauden
105,15,1666,April,2,walk,
15,13,1666,April,2,walk,
13,23,1666,April,2,walk,
23,1094,1666,April,2,walk,
1094,3,1666,April,2,coach,Elizabeth Pepys
3,13,1666,April,2,walk,
13,77,1666,April,2,walk,
77,785,1666,April,2,coach,
785,9,1666,April,3,walk,
9,785,1666,April,3,walk,
785,3,1666,April,4,coach,Sir William Penn
3,23,1666,April,4,coach,Captain Cocke
23,785,1666,April,4,walk,
785,1098,1666,April,4,coach,
1098,785,1666,April,4,coach,
785,9,1666,April,5,walk,
9,785,1666,April,5,walk,
785,9,1666,April,6,walk,
9,1098,1666,April,6,walk,
1098,3,1666,April,6,coach,
3,785,1666,April,6,walk,
785,1098,1666,April,7,coach,
1098,1015,1666,April,7,coach,
1015,785,1666,April,7,coach,
785,9,1666,April,7,walk,
9,785,1666,April,7,walk,
785,3,1666,April,8,boat,
3,380,1666,April,8,walk,
380,785,1666,April,8,coach,
785,380,1666,April,8,coach,
785,9,1666,April,9,walk,
9,23,1666,April,9,walk,
23,1089,1666,April,9,coach,
1089,1107,1666,April,9,coach,Elizabeth Pierce; Mrs Knipp
1107,1089,1666,April,9,coach,
1089,785,1666,April,9,coach,
785,9,1666,April,10,walk,
9,785,1666,April,10,walk,
785,3,1666,April,11,walk,
3,1098,1666,April,11,walk,
1098,785,1666,April,11,walk,
785,61,1666,April,11,walk,
61,785,1666,April,11,walk,
785,9,1666,April,12,walk,
9,785,1666,April,12,walk,
785,450,1666,April,13,coach,Balthasar St. Michel
450,380,1666,April,13,walk,Balthasar St. Michel
380,1098,1666,April,13,walk,
1098,785,1666,April,13,walk,
785,9,1666,April,14,walk,
9,785,1666,April,14,walk,
785,104,1666,April,15,walk,
104,3,1666,April,15,walk,
3,1089,1666,April,15,boat,
1089,1107,1666,April,15,coach,Elizabeth Pierce
1107,785,1666,April,15,coach,
785,9,1666,April,17,walk,
9,785,1666,April,17,walk,
785,3,1666,April,18,coach,Sir William Batten; Sir Thomas Allen
3,411,1666,April,18,walk,
411,345,1666,April,18,walk,
345,104,1666,April,18,walk,
104,23,1666,April,18,boat,
23,1098,1666,April,18,walk,
1098,1089,1666,April,18,coach,
1089,785,1666,April,18,coach,
785,9,1666,April,19,walk,
9,1088,1666,April,19,walk,
1088,9,1666,April,19,walk,
9,785,1666,April,19,walk,
785,1001,1666,April,20,coach,
1001,1109,1666,April,20,boat,
1109,345,1666,April,20,walk,
345,1098,1666,April,20,walk,
1098,21,1666,April,20,walk,
21,785,1666,April,20,walk,
785,9,1666,April,21,walk,
9,3,1666,April,21,coach,Sir William Batten
3,382,1666,April,21,coach,Lord Brouncker
382,23,1666,April,21,coach,
23,785,1666,April,21,walk,
785,9,1666,April,21,walk,
9,785,1666,April,21,walk,
785,3,1666,April,22,coach,Sir William Batten
3,785,1666,April,22,coach,
785,3,1666,April,22,walk,
3,380,1666,April,22,walk,
380,1031,1666,April,22,walk,
1031,785,1666,April,22,walk,
785,9,1666,April,23,walk,
9,3,1666,April,23,coach,
3,13,1666,April,23,walk,
13,1098,1666,April,23,coach,
1098,104,1666,April,23,walk,
104,1098,1666,April,23,walk,
1098,1110,1666,April,23,coach,Elizabeth Pepys; Mary Mercer
1110,785,1666,April,23,coach,
785,9,1666,April,24,walk,
9,785,1666,April,24,walk,
785,3,1666,April,25,walk,
3,13,1666,April,25,walk,
13,785,1666,April,25,walk,
785,9,1666,April,25,walk,
9,785,1666,April,25,walk,
785,9,1666,April,26,walk,
9,785,1666,April,26,walk,
785,311,1666,April,27,walk,
311,23,1666,April,27,walk,
23,785,1666,April,27,walk,
785,1098,1666,April,28,coach,Elizabeth Pepys
1098,785,1666,April,28,coach,
785,9,1666,April,28,walk,
9,785,1666,April,28,walk,
785,176,1666,April,29,walk,
176,785,1666,April,29,walk,
785,30,1666,April,29,boat,
30,1034,1666,April,29,walk,
1034,785,1666,April,29,boat,
785,9,1666,April,30,walk,
9,785,1666,April,30,walk,
785,1111,1666,April,30,coach,Elizabeth Pepys; Mary Mercer
1111,785,1666,April,30,coach,
785,9,1666,May,1,walk,
9,785,1666,May,1,walk,
785,30,1666,May,1,boat,
30,31,1666,May,1,walk,
31,785,1666,May,1,walk,
785,3,1666,May,2,coach,Sir William Batten
3,785,1666,May,2,coach,Captain Cocke
785,9,1666,May,3,walk,
9,785,1666,May,3,walk,
785,13,1666,May,3,boat,
13,785,1666,May,3,walk,
785,612,1666,May,4,boat,
612,3,1666,May,4,walk,
3,612,1666,May,4,coach,
612,1098,1666,May,4,walk,
1098,785,1666,May,4,walk,
785,345,1666,May,4,walk,
345,104,1666,May,4,walk,
104,1111,1666,May,4,coach,Elizabeth Pepys
1111,785,1666,May,4,coach,
785,9,1666,May,5,walk,
9,785,1666,May,5,walk,
785,176,1666,May,6,walk,
176,785,1666,May,6,walk,
785,3,1666,May,6,walk,
3,785,1666,May,6,walk,
785,9,1666,May,7,walk,
9,311,1666,May,7,walk,
311,15,1666,May,7,walk,
15,785,1666,May,7,walk,
785,9,1666,May,7,walk,
9,785,1666,May,7,walk,
785,9,1666,May,8,walk,
9,785,1666,May,8,walk,
785,31,1666,May,9,boat,
31,3,1666,May,9,boat,
3,15,1666,May,9,walk,
15,1089,1666,May,9,coach,
1089,311,1666,May,9,walk,
311,1098,1666,May,9,walk,
1098,1111,1666,May,9,coach,Elizabeth Pepys; Elizabeth Pierce; Mrs Knipp
1111,785,1666,May,9,coach,
785,9,1666,May,10,walk,
9,785,1666,May,10,walk,
785,1114,1666,May,10,coach,Elizabeth Pepys; Mrs. Turner
1114,785,1666,May,10,coach,
785,1005,1666,May,11,walk,
1005,15,1666,May,11,walk,
15,23,1666,May,11,walk,
23,785,1666,May,11,walk,
785,1114,1666,May,11,coach,Elizabeth Pepys; Elizabeth Pierce
1114,785,1666,May,11,coach,
785,9,1666,May,12,walk,
9,785,1666,May,12,walk,
785,3,1666,May,12,walk,
3,785,1666,May,12,walk,
785,3,1666,May,13,walk,
3,13,1666,May,13,walk,
13,1112,1666,May,13,walk,
1112,785,1666,May,13,boat,
785,9,1666,May,14,walk,
9,345,1666,May,14,coach,Elizabeth Pepys
345,15,1666,May,14,walk,
15,345,1666,May,14,walk,
345,785,1666,May,14,walk,
785,9,1666,May,15,walk,
9,612,1666,May,15,coach,
612,785,1666,May,15,walk,
785,31,1666,May,16,boat,
31,3,1666,May,16,walk,
3,15,1666,May,16,walk,
15,1098,1666,May,16,walk,
1098,785,1666,May,16,coach,
785,31,1666,May,16,walk,
31,785,1666,May,16,walk,
785,1110,1666,May,16,coach,Elizabeth Pepys; Mrs. Barbary; Mary Mercer
1110,785,1666,May,16,coach,
785,9,1666,May,17,walk,
9,785,1666,May,17,walk,
785,31,1666,May,18,boat,
31,41,1666,May,18,boat,
41,785,1666,May,18,boat,
785,9,1666,May,19,walk,
9,785,1666,May,19,walk,
785,176,1666,May,20,walk,
176,785,1666,May,20,walk,
785,9,1666,May,21,walk,
9,785,1666,May,21,walk,
785,9,1666,May,22,walk,
9,785,1666,May,22,walk,
785,3,1666,May,23,walk,
3,15,1666,May,23,walk,
15,23,1666,May,23,walk,
23,785,1666,May,23,walk,
785,345,1666,May,23,coach,Elizabeth Pepys; Mary Mercer; John Creed
345,107,1666,May,23,coach,Sir George Carteret
107,1089,1666,May,23,coach,
1089,785,1666,May,23,coach,
785,9,1666,May,24,walk,
9,785,1666,May,24,walk,
785,1114,1666,May,24,coach,Elizabeth Pepys
1114,785,1666,May,24,coach,
785,23,1666,May,25,walk,
23,785,1666,May,25,walk,
785,1114,1666,May,25,coach,Elizabeth Pepys; Mary Mercer
1114,785,1666,May,25,coach,
785,9,1666,May,26,walk,
9,785,1666,May,26,walk,
785,311,1666,May,27,walk,
311,23,1666,May,27,walk,
23,785,1666,May,27,walk,
785,9,1666,May,28,walk,
9,31,1666,May,28,boat,
31,30,1666,May,28,walk,
30,785,1666,May,28,walk,
785,9,1666,May,29,walk,
9,785,1666,May,29,walk,
785,402,1666,May,29,coach,Elizabeth Pepys; John Creed
402,345,1666,May,29,coach,
345,785,1666,May,29,coach,
785,9,1666,May,30,walk,
9,3,1666,May,30,walk,
3,15,1666,May,30,walk,
15,612,1666,May,30,walk,
612,785,1666,May,30,walk,
785,1005,1666,May,30,walk,
1005,3,1666,May,30,walk,
3,785,1666,May,30,walk,
785,31,1666,May,30,boat,
31,785,1666,May,30,boat,
785,31,1666,May,31,boat,
31,41,1666,May,31,boat,
41,785,1666,May,31,boat,
9,24,1666,June,1,walk,
24,785,1666,June,1,walk,
785,9,1666,June,1,walk,
9,785,1666,June,1,walk,
785,9,1666,June,2,walk,
9,162,1666,June,2,walk,
162,36,1666,June,2,boat,
36,353,1666,June,2,walk,Captain Erwin
353,1086,1666,June,2,walk,Captain Erwin
1086,1118,1666,June,2,walk,
1118,353,1666,June,2,walk,
353,1119,1666,June,2,walk,
1119,41,1666,June,2,walk,
41,785,1666,June,2,boat,
785,3,1666,June,3,boat,
3,785,1666,June,3,boat,
785,9,1666,June,3,walk,
9,785,1666,June,3,walk,
785,23,1666,June,3,walk,
23,22,1666,June,3,walk,
22,103,1666,June,3,walk,
103,1001,1666,June,3,walk,
1001,3,1666,June,3,walk,
3,968,1666,June,3,walk,
968,382,1666,June,3,coach,John Creed
382,282,1666,June,3,coach,John Creed
282,23,1666,June,3,walk,
23,785,1666,June,3,walk,
785,3,1666,June,4,coach,Sir John Minnes; Sir William Penn
3,380,1666,June,4,walk,Sir John Minnes; Sir William Penn
380,107,1666,June,4,walk,
107,785,1666,June,4,coach,Sir William Penn
785,410,1666,June,4,coach,Mr Daniel
410,3,1666,June,4,boat,Mr Daniel
3,107,1666,June,4,walk,
107,3,1666,June,4,walk,
3,23,1666,June,4,boat,
23,785,1666,June,4,walk,
785,61,1666,June,4,walk,
61,785,1666,June,4,walk,Robert Hooke
785,1094,1666,June,4,walk,
1094,3,1666,June,4,coach,Lord Brouncker; John Creed
785,9,1666,June,5,walk,
9,785,1666,June,5,walk,
785,31,1666,June,5,boat,
31,37,1666,June,5,boat,
37,1137,1666,June,5,boat,
1137,785,1666,June,5,boat,
785,9,1666,June,6,walk,
9,162,1666,June,6,walk,
162,380,1666,June,6,boat,
380,107,1666,June,6,walk,
107,3,1666,June,6,walk,
3,345,1666,June,6,coach,
345,785,1666,June,6,coach,
785,176,1666,June,6,walk,
176,785,1666,June,6,walk,
785,1098,1666,June,6,coach,
1098,1037,1666,June,6,coach,
1037,1111,1666,June,6,coach,
1111,1132,1666,June,6,coach,
1132,1133,1666,June,6,walk,Elizabeth Pepys; John Pepys Sr; Mary Mercer
1133,785,1666,June,6,walk,Elizabeth Pepys; John Pepys Sr; Mary Mercer
785,9,1666,June,7,walk,
9,23,1666,June,7,walk,
23,785,1666,June,7,walk,
785,3,1666,June,7,walk,
3,785,1666,June,7,walk,
785,380,1666,June,8,walk,
380,15,1666,June,8,walk,
15,785,1666,June,8,walk,
785,9,1666,June,8,walk,Balthasar St Michel
9,3,1666,June,8,walk,
3,413,1666,June,8,boat,John Creed
413,9,1666,June,8,boat,John Creed
9,785,1666,June,8,walk,
785,380,1666,June,9,walk,
380,3,1666,June,9,walk,
3,13,1666,June,9,walk,
13,3,1666,June,9,walk,
3,864,1666,June,9,walk,
864,1112,1666,June,9,boat,
1112,785,1666,June,9,walk,
785,31,1666,June,10,boat,
31,9,1666,June,10,boat,
9,785,1666,June,10,walk,
785,3,1666,June,10,boat,
3,1135,1666,June,10,walk,
1135,103,1666,June,10,walk,Sir George Carteret
103,1112,1666,June,10,boat,Young Michell; Betty Michell
1112,43,1666,June,10,boat,
43,785,1666,June,10,walk,
785,413,1666,June,11,boat,
413,785,1666,June,11,boat,
785,1138,1666,June,11,walk,Lady Penn; Margaret Penn
1138,31,1666,June,11,walk,
31,9,1666,June,11,boat,Sir William Batten; Lady Batten
9,785,1666,June,11,walk,
785,9,1666,June,12,walk,
9,3,1666,June,12,walk,
3,31,1666,June,12,boat,
31,785,1666,June,12,boat,
785,380,1666,June,13,coach,
380,3,1666,June,13,walk,
3,15,1666,June,13,walk,Balthasar St Michel
15,1098,1666,June,13,coach,Balthasar St Michel
1098,1121,1666,June,13,coach,
1121,785,1666,June,13,walk,
785,1128,1666,June,13,walk,
1128,1129,1666,June,13,walk,
1129,43,1666,June,13,walk,Mr Coventry
43,9,1666,June,13,walk,
9,31,1666,June,13,boat,
31,579,1666,June,13,walk,
579,785,1666,June,13,boat,
785,9,1666,June,14,walk,
9,1098,1666,June,14,walk,Elizabeth Pepys; John Pepys Sr
1098,3,1666,June,14,walk,Elizabeth Pepys; John Pepys Sr
3,864,1666,June,14,walk,John Creed
864,785,1666,June,14,walk,
785,1124,1666,June,14,coach,Elizabeth Pepys; John Pepys Sr; Pall Pepys; Mary Mercer
1124,785,1666,June,14,coach,Elizabeth Pepys; John Pepys Sr; Pall Pepys; Mary Mercer
785,9,1666,June,14,walk,
9,785,1666,June,14,walk,
785,9,1666,June,15,walk,
9,15,1666,June,15,walk,
15,785,1666,June,15,walk,
785,9,1666,June,15,walk,
9,785,1666,June,15,walk,
785,9,1666,June,16,walk,
9,785,1666,June,16,walk,
785,37,1666,June,16,boat,
37,31,1666,June,16,boat,
31,785,1666,June,16,boat,Joseph Williamson; Sir Arthur Ingram; Jack Fenn
785,1122,1666,June,17,walk,Elizabeth Pepys; Pall Pepys; Mary Mercer
1122,357,1666,June,17,walk,Elizabeth Pepys; Pall Pepys; Mary Mercer
357,156,1666,June,17,walk,John Pepys Sr
156,357,1666,June,17,walk,John Pepys Sr
357,345,1666,June,17,walk,
345,1123,1666,June,17,walk,
1123,345,1666,June,17,walk,
345,357,1666,June,17,coach,
357,157,1666,June,17,coach,Elizabeth Pepys; John Pepys Sr; Pall Pepys; Mary Mercer
157,915,1666,June,17,coach,Elizabeth Pepys; John Pepys Sr; Pall Pepys; Mary Mercer
915,785,1666,June,17,coach,Elizabeth Pepys; John Pepys Sr; Pall Pepys; Mary Mercer
785,9,1666,June,17,walk,
9,785,1666,June,17,walk,
785,9,1666,June,18,walk,
9,400,1666,June,18,walk,
400,15,1666,June,18,walk,
15,1098,1666,June,18,walk,
1098,1004,1666,June,18,walk,
1004,785,1666,June,18,walk,
785,400,1666,June,18,boat,
400,31,1666,June,18,boat,
31,9,1666,June,18,boat,
9,785,1666,June,18,walk,
785,9,1666,June,19,walk,
9,230,1666,June,19,walk,John Creed
230,1131,1666,June,19,walk,John Creed
1131,968,1666,June,19,walk,
968,785,1666,June,19,walk,
785,380,1666,June,20,coach,
380,15,1666,June,20,walk,
15,13,1666,June,20,walk,
13,1001,1666,June,20,walk,Mrs Martin
1001,104,1666,June,20,walk,
104,1134,1666,June,20,walk,
1134,1098,1666,June,20,walk,
1098,280,1666,June,20,coach,Mrs Williams; Mrs Knipp
280,242,1666,June,20,walk,Mrs Williams; Mrs Knipp
242,785,1666,June,20,coach,
785,9,1666,June,21,walk,
9,785,1666,June,21,walk,
785,1130,1666,June,21,walk,
1130,785,1666,June,21,walk,Sir Robert Viner
785,31,1666,June,22,boat,
31,13,1666,June,22,boat,
13,785,1666,June,22,walk,John Creed
785,9,1666,June,23,walk,
9,785,1666,June,23,walk,
785,405,1666,June,23,walk,
405,443,1666,June,23,walk,
443,31,1666,June,23,boat,
31,30,1666,June,23,walk,William Bagwell
30,785,1666,June,23,boat,
785,31,1666,June,24,boat,
31,785,1666,June,24,boat,
785,3,1666,June,24,boat,
3,382,1666,June,24,coach,Mr Coventry
382,3,1666,June,24,coach,Mr Coventry
3,785,1666,June,24,boat,
785,31,1666,June,25,boat,
31,1120,1666,June,25,walk,Sir William Batten; Sir Jeremy Smith
1120,31,1666,June,25,walk,Sir William Batten; Sir Jeremy Smith
31,785,1666,June,25,boat,
785,355,1666,June,25,walk,
355,1126,1666,June,25,coach,Elizabeth Pepys; Mary Mercer; Margaret Penn
1126,1127,1666,June,25,walk,Elizabeth Pepys; Mary Mercer; Margaret Penn
1127,1125,1666,June,25,walk,Elizabeth Pepys; Mary Mercer; Margaret Penn
1125,785,1666,June,25,coach,Elizabeth Pepys; Mary Mercer; Margaret Penn
785,9,1666,June,26,walk,
9,23,1666,June,26,walk,
23,785,1666,June,26,walk,
785,9,1666,June,26,walk,
9,785,1666,June,26,walk,
785,9,1666,June,27,walk,
9,41,1666,June,27,boat,
41,9,1666,June,27,boat,
9,380,1666,June,27,walk,
380,864,1666,June,27,walk,
864,23,1666,June,27,coach,
23,489,1666,June,27,walk,
489,785,1666,June,27,walk,
785,1140,1666,June,27,coach,Elizabeth Pepys
1140,1098,1666,June,27,walk,
1098,1037,1666,June,27,walk,
1037,156,1666,June,27,walk,
156,1140,1666,June,27,walk,
1140,785,1666,June,27,coach,Elizabeth Pepys
785,9,1666,June,27,walk,
9,785,1666,June,27,walk,
785,9,1666,June,28,walk,
9,785,1666,June,28,walk,
785,400,1666,June,28,walk,
400,785,1666,June,28,walk,
785,31,1666,June,29,boat,
31,785,1666,June,29,boat,
785,3,1666,June,29,walk,
3,13,1666,June,29,walk,
13,3,1666,June,29,walk,
3,864,1666,June,29,walk,
864,785,1666,June,29,walk,
785,9,1666,June,29,walk,
9,785,1666,June,29,walk,
785,9,1666,June,30,walk,
9,473,1666,June,30,walk,
473,9,1666,June,30,walk,
9,785,1666,June,30,walk,
785,9,1666,July,1,walk,
9,31,1666,July,1,boat,
31,43,1666,July,1,boat,
43,785,1666,July,1,walk,
785,473,1666,July,2,walk,
473,958,1666,July,2,walk,
958,43,1666,July,2,walk,
43,785,1666,July,2,walk,
785,1128,1666,July,2,walk,
1128,861,1666,July,2,walk,
861,9,1666,July,2,walk,
9,31,1666,July,2,boat,
31,43,1666,July,2,boat,
785,9,1666,July,3,walk,
9,785,1666,July,3,walk,
785,311,1666,July,3,walk,
311,785,1666,July,3,walk,
785,242,1666,July,4,walk,Mr Sheply
242,380,1666,July,4,walk,
380,1004,1666,July,4,walk,
1004,785,1666,July,4,walk,
785,9,1666,July,4,walk,
9,785,1666,July,4,walk,
785,9,1666,July,5,walk,
9,785,1666,July,5,walk,
785,400,1666,July,5,walk,
400,785,1666,July,5,walk,
785,400,1666,July,6,walk,
400,9,1666,July,6,walk,
9,43,1666,July,6,walk,
43,968,1666,July,6,walk,
968,400,1666,July,6,walk,
400,785,1666,July,6,walk,
785,1112,1666,July,6,boat,
1112,785,1666,July,6,walk,
785,9,1666,July,6,walk,
9,785,1666,July,6,walk,
785,9,1666,July,7,walk,
9,785,1666,July,7,walk,
785,9,1666,July,8,walk,Elizabeth Pepys; Mary Mercer
9,785,1666,July,8,walk,Elizabeth Pepys; Mary Mercer
785,402,1666,July,8,boat,Elizabeth Pepys; Mary Mercer; Tom Edwards
402,31,1666,July,8,boat,Elizabeth Pepys; Mary Mercer; Tom Edwards
31,785,1666,July,8,boat,Elizabeth Pepys; Mary Mercer; Tom Edwards
785,1090,1666,July,9,coach,Sir William Penn
1090,785,1666,July,9,boat,
785,9,1666,July,9,walk,
9,785,1666,July,9,walk,
785,9,1666,July,10,walk,
9,43,1666,July,10,walk,
43,785,1666,July,10,walk,
785,1163,1666,July,10,walk,Elizabeth Pepys; Mary Batelier; Anne Batelier; Mary Mercer
1163,785,1666,July,10,walk,Elizabeth Pepys; Mary Batelier; Anne Batelier; Mary Mercer
785,1090,1666,July,11,boat,
1090,380,1666,July,11,coach,
380,13,1666,July,11,walk,
13,104,1666,July,11,walk,
104,785,1666,July,11,walk,
785,871,1666,July,11,walk,
871,13,1666,July,11,walk,
13,1140,1666,July,11,coach,Elizabeth Pepys
1140,157,1666,July,11,coach,Elizabeth Pepys
157,915,1666,July,11,coach,Elizabeth Pepys
915,785,1666,July,11,coach,Elizabeth Pepys
785,9,1666,July,11,walk,
9,43,1666,July,11,walk,
43,36,1666,July,11,boat,
36,1082,1666,July,11,walk,
1082,785,1666,July,11,boat,
1082,43,1666,July,12,boat,
43,1142,1666,July,12,coach,
1142,380,1666,July,12,walk,
380,9,1666,July,12,coach,Mr Coventry
9,785,1666,July,12,walk,
785,9,1666,July,12,walk,
9,443,1666,July,12,coach,Mrs Burroughs
443,1145,1666,July,12,coach,Mrs Burroughs
1145,1146,1666,July,12,coach,Mrs Burroughs
1146,115,1666,July,12,coach,Mrs Burroughs
115,3,1666,July,12,walk,
3,785,1666,July,12,walk,
785,9,1666,July,13,walk,
9,23,1666,July,13,walk,
23,785,1666,July,13,walk,
785,871,1666,July,13,walk,
871,785,1666,July,13,walk,
785,9,1666,July,13,walk,
9,785,1666,July,13,walk,
785,9,1666,July,14,walk,
9,443,1666,July,14,walk,
443,9,1666,July,14,walk,
9,785,1666,July,14,walk,
785,9,1666,July,15,walk,Elizabeth Pepys; Mary Mercer
9,785,1666,July,15,walk,Elizabeth Pepys; Mary Mercer
785,3,1666,July,15,walk,Young Michell
3,107,1666,July,15,walk,
107,103,1666,July,15,walk,
103,242,1666,July,15,walk,Young Michell
242,785,1666,July,15,coach,Young Michell
785,915,1666,July,15,coach,Elizabeth Pepys; Betty Michell; Young Michell
915,785,1666,July,15,coach,Elizabeth Pepys; Betty Michell; Young Michell
785,345,1666,July,17,coach,Elizabeth Pepys
345,785,1666,July,17,coach,Elizabeth Pepys
785,1111,1666,July,17,coach,Sir William Penn
1111,785,1666,July,17,coach,Sir William Penn
785,380,1666,July,18,coach,
380,411,1666,July,18,walk,Sir William Penn
411,785,1666,July,18,walk,Sir William Penn
785,36,1666,July,18,boat,
36,37,1666,July,18,walk,
37,31,1666,July,18,boat,
31,579,1666,July,18,walk,
579,785,1666,July,18,boat,
785,9,1666,July,19,walk,
9,785,1666,July,19,walk,
785,380,1666,July,20,walk,Sir William Penn
380,1037,1666,July,20,walk,
1037,785,1666,July,20,walk,
785,9,1666,July,20,walk,
9,785,1666,July,20,walk,
785,9,1666,July,21,walk,
9,785,1666,July,21,walk,
785,3,1666,July,22,walk,
3,785,1666,July,22,boat,
785,1128,1666,July,23,walk,
1128,785,1666,July,23,walk,
785,380,1666,July,23,coach,
380,107,1666,July,23,walk,Mr Coventry; Sir G. Downing
107,3,1666,July,23,walk,Sir G. Downing
3,785,1666,July,23,coach,
785,9,1666,July,24,walk,
9,785,1666,July,24,walk,
785,380,1666,July,25,coach,Sir William Batten
380,3,1666,July,25,walk,Sir William Batten
3,107,1666,July,25,walk,
107,3,1666,July,25,walk,
3,1001,1666,July,25,walk,
1001,13,1666,July,25,walk,
13,785,1666,July,25,boat,
785,1037,1666,July,25,coach,
1037,3,1666,July,25,coach,
3,885,1666,July,25,walk,Mr Spong
885,785,1666,July,25,coach,
785,9,1666,July,26,walk,
9,785,1666,July,26,walk,
785,3,1666,July,26,coach,Mr Hunt
3,1184,1666,July,26,walk,
1184,1015,1666,July,26,walk,Elizabeth Pepys; Mary Mercer
1015,157,1666,July,26,coach,Elizabeth Pepys; Mary Mercer
157,915,1666,July,26,coach,Elizabeth Pepys; Mary Mercer
915,785,1666,July,26,coach,Elizabeth Pepys; Mary Mercer
785,9,1666,July,26,walk,
9,861,1666,July,26,walk,
861,785,1666,July,26,walk,
785,9,1666,July,27,walk,
9,785,1666,July,27,walk,
785,3,1666,July,27,boat,
3,107,1666,July,27,walk,John Creed
107,864,1666,July,27,walk,John Creed
864,107,1666,July,27,walk,Mr Coventry
107,157,1666,July,27,coach,John Creed
157,23,1666,July,27,coach,John Creed
23,785,1666,July,27,coach,
785,9,1666,July,28,walk,
9,1088,1666,July,28,walk,Lord Brouncker; Commissioner Pett; Dr Charleton
1088,3,1666,July,28,coach,Lord Brouncker
3,380,1666,July,28,walk,Lord Brouncker
380,1148,1666,July,28,coach,Lord Brouncker
1148,1149,1666,July,28,walk,Lord Brouncker
1149,61,1666,July,28,coach,Lord Brouncker
61,785,1666,July,28,coach,
785,861,1666,July,29,walk,
861,785,1666,July,29,walk,
785,9,1666,July,30,walk,
9,785,1666,July,30,walk,
785,380,1666,July,30,walk,
380,785,1666,July,30,walk,
785,9,1666,July,31,walk,
9,785,1666,July,31,walk,
785,3,1666,July,31,walk,
3,13,1666,July,31,walk,John Creed
13,1001,1666,July,31,walk,
1001,1112,1666,July,31,boat,
1112,785,1666,July,31,walk,
785,380,1666,August,1,coach,Sir William Penn
380,107,1666,August,1,walk,Mr Coventry
107,15,1666,August,1,walk,
15,23,1666,August,1,walk,
23,785,1666,August,1,walk,
785,31,1666,August,1,boat,
31,30,1666,August,1,walk,
30,785,1666,August,1,boat,
785,9,1666,August,1,walk,
9,785,1666,August,1,walk,
785,9,1666,August,2,walk,
9,785,1666,August,2,walk,
785,162,1666,August,2,walk,John Creed
162,1093,1666,August,2,coach,John Creed
1093,345,1666,August,2,walk,John Creed
345,785,1666,August,2,boat,
785,37,1666,August,2,boat,
37,785,1666,August,2,boat,
785,9,1666,August,3,walk,
9,785,1666,August,3,walk,
785,3,1666,August,3,walk,
3,1140,1666,August,3,walk,
1140,785,1666,August,3,walk,Elizabeth Pepys
785,861,1666,August,3,walk,Elizabeth Pepys
861,785,1666,August,3,walk,
785,9,1666,August,4,walk,
9,785,1666,August,4,walk,
785,1112,1666,August,5,walk,
1112,380,1666,August,5,boat,Betty Michell; Young Michell
380,1160,1666,August,5,walk,
1160,785,1666,August,5,boat,
785,386,1666,August,5,boat,Elizabeth Pepys; Mary Mercer; Jane
386,1153,1666,August,5,walk,Elizabeth Pepys; Mary Mercer; Jane
1153,964,1666,August,5,boat,Elizabeth Pepys; Mary Mercer; Jane
964,1087,1666,August,5,boat,Elizabeth Pepys; Mary Mercer; Jane
1087,113,1666,August,5,boat,Elizabeth Pepys; Mary Mercer; Jane
113,785,1666,August,5,walk,Elizabeth Pepys; Mary Mercer; Jane
785,1156,1666,August,6,boat,
1156,311,1666,August,6,walk,
311,785,1666,August,6,walk,
785,1152,1666,August,6,coach,Mrs Knipp; Elizabeth Pierce
1152,785,1666,August,6,coach,Mrs Knipp; Elizabeth Pierce
785,1166,1666,August,6,coach,Mrs Knipp; Elizabeth Pierce
1166,1157,1666,August,6,coach,Mrs Knipp
1157,1184,1666,August,6,coach,Elizabeth Pierce
1184,230,1666,August,6,coach,
230,785,1666,August,6,coach,
785,9,1666,August,7,walk,
9,785,1666,August,7,walk,
785,242,1666,August,8,walk,Mr Reeves
242,380,1666,August,8,coach,
380,107,1666,August,8,walk,
107,345,1666,August,8,walk,Mrs Burroughs
345,311,1666,August,8,coach,
311,345,1666,August,8,walk,
345,15,1666,August,8,boat,Mrs Burroughs
15,103,1666,August,8,coach,
103,1146,1666,August,8,coach,Mrs Burroughs
1146,1145,1666,August,8,coach,Mrs Burroughs
1145,115,1666,August,8,coach,Mrs Burroughs
115,785,1666,August,8,coach,
785,1158,1666,August,8,coach,Elizabeth Pepys; Mary Batelier; Mary Mercer
1158,355,1666,August,8,coach,Elizabeth Pepys; Mary Batelier; Mary Mercer; W. Batelier
355,785,1666,August,8,coach,Elizabeth Pepys; Mary Batelier; Mary Mercer; W. Batelier
785,9,1666,August,9,walk,
9,785,1666,August,9,walk,
785,400,1666,August,9,walk,
400,785,1666,August,9,walk,
785,9,1666,August,10,walk,
9,15,1666,August,10,boat,
15,23,1666,August,10,boat,
23,785,1666,August,10,walk,
785,280,1666,August,10,coach,Elizabeth Pepys
280,13,1666,August,10,coach,John Creed
13,1015,1666,August,10,walk,
1015,785,1666,August,10,boat,
785,9,1666,August,10,walk,
9,785,1666,August,10,walk,
785,9,1666,August,11,walk,
9,785,1666,August,11,walk,
785,9,1666,August,11,walk,
9,1139,1666,August,11,walk,
1139,9,1666,August,11,walk,
785,1139,1666,August,13,walk,
1139,21,1666,August,13,walk,
21,1139,1666,August,13,walk,
1139,13,1666,August,13,coach,
13,380,1666,August,13,walk,
380,3,1666,August,13,coach,Mr Coventry
3,1161,1666,August,13,walk,
1161,785,1666,August,13,walk,
785,9,1666,August,13,walk,
9,785,1666,August,13,walk,
785,1112,1666,August,14,walk,
1112,3,1666,August,14,boat,
3,23,1666,August,14,coach,Captain Cocke
23,785,1666,August,14,walk,
785,1150,1666,August,14,walk,Elizabeth Pepys; Mary Mercer
1150,785,1666,August,14,walk,Elizabeth Pepys; Mary Mercer
785,1132,1666,August,14,walk,Elizabeth Pepys; Mary Mercer; Lady Penn; Margaret Penn
1132,785,1666,August,14,walk,Elizabeth Pepys; Mary Mercer; Lady Penn; Margaret Penn
785,380,1666,August,15,walk,
380,107,1666,August,15,walk,Mr Coventry
107,15,1666,August,15,walk,
15,23,1666,August,15,walk,
23,785,1666,August,15,walk,
785,31,1666,August,15,boat,
31,30,1666,August,15,walk,
30,785,1666,August,15,boat,
785,9,1666,August,15,walk,
9,785,1666,August,15,walk,
785,9,1666,August,16,walk,
9,785,1666,August,16,walk,
785,9,1666,August,16,walk,
9,861,1666,August,16,walk,
861,785,1666,August,16,walk,
785,36,1666,August,17,boat,Captain Erwin
36,37,1666,August,17,walk,
37,13,1666,August,17,boat,Captain Erwin
13,785,1666,August,17,boat,
785,911,1666,August,17,coach,Elizabeth Pepys
911,3,1666,August,17,walk,
3,911,1666,August,17,walk,
911,785,1666,August,17,coach,Elizabeth Pepys
785,9,1666,August,17,walk,
9,861,1666,August,17,walk,
861,785,1666,August,17,walk,
785,9,1666,August,18,walk,
9,23,1666,August,18,coach,Lord Brouncker
23,785,1666,August,18,walk,
785,9,1666,August,18,walk,
9,785,1666,August,18,walk,
785,31,1666,August,20,boat,
31,785,1666,August,20,walk,
785,1112,1666,August,20,walk,
1112,15,1666,August,20,boat,
15,400,1666,August,20,walk,
400,785,1666,August,20,walk,
785,9,1666,August,21,walk,
9,785,1666,August,21,walk,
785,345,1666,August,21,coach,Elizabeth Pepys
345,15,1666,August,21,walk,
15,13,1666,August,21,walk,
13,400,1666,August,21,coach,Elizabeth Pepys
400,785,1666,August,21,walk,
785,15,1666,August,22,coach,
15,380,1666,August,22,walk,
380,15,1666,August,22,walk,Sir William Penn
15,785,1666,August,22,coach,Sir William Penn
785,72,1666,August,22,coach,Elizabeth Pepys; Mary Mercer; Mrs Knipp
72,1157,1666,August,22,coach,Mrs Knipp
1157,785,1666,August,22,coach,
785,9,1666,August,23,walk,
9,785,1666,August,23,walk,
785,9,1666,August,25,walk,
9,785,1666,August,25,walk,
785,9,1666,August,26,walk,
9,3,1666,August,26,coach,Sir William Penn
3,1124,1666,August,26,coach,Sir William Penn
1124,785,1666,August,26,coach,Sir William Penn
785,9,1666,August,27,walk,
9,785,1666,August,27,walk,
785,9,1666,August,27,walk,
9,162,1666,August,27,walk,
162,785,1666,August,27,boat,Mr Wilson
785,1001,1666,August,28,walk,
1001,9,1666,August,28,walk,
9,785,1666,August,28,walk,
785,1152,1666,August,28,coach,Elizabeth Pepys; Mary Mercer
1152,785,1666,August,28,coach,Elizabeth Pepys; Mary Mercer
785,162,1666,August,28,walk,
162,785,1666,August,28,walk,
785,9,1666,August,28,walk,
785,1004,1666,August,29,coach,Sir William Penn
1004,380,1666,August,29,coach,Sir William Penn
380,107,1666,August,29,walk,John Creed
107,15,1666,August,29,walk,John Creed
15,3,1666,August,29,walk,
3,785,1666,August,29,walk,
785,157,1666,August,29,coach,Elizabeth Pepys; Mary Batelier
157,72,1666,August,29,coach,Elizabeth Pepys; Mary Batelier
72,162,1666,August,29,walk,
162,785,1666,August,29,walk,
785,9,1666,August,29,walk,
9,785,1666,August,29,walk,
785,9,1666,August,30,walk,
9,785,1666,August,30,walk,
785,1004,1666,August,31,walk,
1004,785,1666,August,31,walk,
785,9,1666,August,31,walk,
9,785,1666,August,31,walk,
785,9,1666,September,1,walk,
9,785,1666,September,1,walk,
785,1221,1666,September,1,walk,Sir William Penn; Elizabeth Pepys; Mary Mercer
1221,157,1666,September,1,walk,Sir William Penn; Elizabeth Pepys; Mary Mercer
157,785,1666,September,1,walk,Elizabeth Pepys; Mary Mercer
785,43,1666,September,2,walk,
43,785,1666,September,2,walk,
785,1167,1666,September,2,boat,Mr Carcasse
1167,99,1666,September,2,boat,King; Duke of York
99,3,1666,September,2,boat,
3,107,1666,September,2,walk,
107,1167,1666,September,2,walk,Elizabeth Pepys; John Creed; Mr Wood; Mrs Wood
1167,1168,1666,September,2,boat,Elizabeth Pepys; John Creed; Mr Wood; Mrs Wood
1168,785,1666,September,2,boat,Elizabeth Pepys
785,560,1666,September,3,cart,
560,785,1666,September,3,cart,
785,405,1666,September,3,walk,
405,785,1666,September,3,walk,
785,1170,1666,September,4,walk,
1170,785,1666,September,4,walk,
785,43,1666,September,4,walk,Sir William Penn
43,785,1666,September,4,walk,Sir William Penn
785,37,1666,September,5,boat,Elizabeth Pepys; William Hewer; Jane
37,31,1666,September,5,boat,
31,785,1666,September,5,boat,
785,977,1666,September,5,walk,
977,861,1666,September,5,walk,
861,23,1666,September,5,walk,Mr Young; Mr Whistler
23,72,1666,September,5,walk,Mr Young; Mr Whistler
72,785,1666,September,5,walk,
785,43,1666,September,6,walk,Mr Gawden
43,182,1666,September,6,boat,
182,13,1666,September,6,boat,
13,104,1666,September,6,walk,
104,3,1666,September,6,walk,
3,785,1666,September,6,walk,
785,217,1666,September,6,walk,Sir William Batten
217,31,1666,September,6,boat,
31,785,1666,September,6,boat,
785,861,1666,September,6,walk,Sir William Batten
861,9,1666,September,6,walk,
785,1167,1666,September,7,boat,
1167,419,1666,September,7,walk,
419,380,1666,September,7,walk,
380,104,1666,September,7,walk,
104,785,1666,September,7,walk,
785,37,1666,September,7,boat,
37,31,1666,September,7,boat,
31,785,1666,September,7,boat,
785,861,1666,September,7,walk,
861,3,1666,September,8,boat,Sir William Batten; Sir William Penn
3,968,1666,September,8,walk,
968,380,1666,September,8,walk,
380,450,1666,September,8,walk,Sir William Batten
450,61,1666,September,8,walk,Sir William Batten; John Pepys Jr
61,861,1666,September,8,walk,Sir William Batten; John Pepys Jr
861,560,1666,September,8,coach,John Pepys Jr
560,9,1666,September,8,coach,John Pepys Jr
9,861,1666,September,8,walk,
861,9,1666,September,9,walk,
9,560,1666,September,9,walk,
560,9,1666,September,9,walk,
9,861,1666,September,9,walk,
785,861,1666,September,10,walk,
861,560,1666,September,10,coach,
560,785,1666,September,10,coach,
785,31,1666,September,10,boat,
31,37,1666,September,10,boat,
37,785,1666,September,11,boat,
785,345,1666,September,11,boat,Sir William Batten
345,1093,1666,September,11,walk,
1093,785,1666,September,11,coach,
785,31,1666,September,11,boat,
31,785,1666,September,11,boat,
785,861,1666,September,11,walk,Elizabeth Pepys
861,785,1666,September,11,walk,
785,380,1666,September,12,boat,Sir William Batten; Sir William Penn
380,13,1666,September,12,walk,
13,1001,1666,September,12,walk,
1001,785,1666,September,12,boat,
785,31,1666,September,12,boat,Balthasar St Michel
31,785,1666,September,12,boat,Balthasar St Michel
785,579,1666,September,12,walk,
579,861,1666,September,12,boat,
861,405,1666,September,13,walk,
405,785,1666,September,13,walk,Balthasar St Michel
785,1036,1666,September,13,boat,Balthasar St Michel
1036,589,1666,September,13,walk,Balthasar St Michel
589,785,1666,September,13,boat,Balthasar St Michel
785,9,1666,September,15,walk,
9,861,1666,September,15,walk,
861,9,1666,September,15,walk,
9,785,1666,September,15,walk,
785,9,1666,September,16,walk,
9,861,1666,September,16,walk,Elizabeth Pepys
861,9,1666,September,16,walk,
9,785,1666,September,16,walk,
785,380,1666,September,17,boat,
380,968,1666,September,17,coach,
968,785,1666,September,17,walk,
785,968,1666,September,17,walk,
785,380,1666,September,19,coach,Sir William Penn
380,3,1666,September,19,walk,Sir William Batten; Sir William Penn
3,785,1666,September,19,walk,
785,31,1666,September,19,boat,
31,785,1666,September,19,boat,
785,968,1666,September,20,walk,Mr Coventry
968,785,1666,September,20,walk,
785,1140,1666,September,20,coach,Elizabeth Pepys
1140,13,1666,September,20,walk,
13,1140,1666,September,20,walk,
1140,785,1666,September,20,coach,Elizabeth Pepys
785,9,1666,September,20,walk,
9,785,1666,September,20,walk,
785,3,1666,September,21,coach,Elizabeth Pepys
3,23,1666,September,21,coach,
23,785,1666,September,21,coach,Elizabeth Pepys
785,9,1666,September,21,walk,
9,785,1666,September,21,walk,
785,9,1666,September,22,walk,
9,968,1666,September,22,walk,Lord Brouncker
968,785,1666,September,22,walk,
785,9,1666,September,23,walk,
9,785,1666,September,23,walk,
785,3,1666,September,23,boat,Mr Wayth
3,9,1666,September,23,boat,Mr Wayth
9,402,1666,September,23,boat,Elizabeth Pepys
402,785,1666,September,23,boat,Elizabeth Pepys
785,380,1666,September,24,coach,Sir William Batten; Sir William Penn
380,785,1666,September,24,coach,
785,1140,1666,September,24,coach,Elizabeth Pepys
1140,380,1666,September,24,walk,
380,3,1666,September,24,walk,
3,1140,1666,September,24,walk,
1140,785,1666,September,24,coach,Elizabeth Pepys
785,1093,1666,September,25,coach,
1093,336,1666,September,25,coach,
336,3,1666,September,25,walk,Elizabeth Pepys
3,785,1666,September,25,walk,Elizabeth Pepys
785,9,1666,September,25,walk,
9,785,1666,September,25,walk,
785,861,1666,September,25,walk,Elizabeth Pepys; Lady Penn; Margaret Penn
861,785,1666,September,25,walk,
785,380,1666,September,26,coach,Sir John Minnes
380,3,1666,September,26,coach,
3,1172,1666,September,26,coach,Elizabeth Pepys
1172,785,1666,September,26,coach,Elizabeth Pepys
785,3,1666,September,26,walk,
3,911,1666,September,26,walk,
911,785,1666,September,26,coach,Elizabeth Pepys
785,861,1666,September,26,walk,Sir William Penn
861,785,1666,September,26,walk,
785,242,1666,September,27,coach,Elizabeth Pepys
242,1131,1666,September,27,walk,
1131,15,1666,September,27,walk,
15,285,1666,September,27,walk,
285,864,1666,September,27,walk,
864,785,1666,September,27,coach,
785,9,1666,September,27,walk,
9,861,1666,September,27,walk,Sir William Batten; Sir William Penn
861,785,1666,September,27,walk,
785,9,1666,September,28,walk,
9,785,1666,September,28,walk,
785,9,1666,September,29,walk,
9,785,1666,September,29,walk,
785,911,1666,September,29,coach,Elizabeth Pepys
911,380,1666,September,29,walk,
380,911,1666,September,29,walk,
911,785,1666,September,29,coach,Elizabeth Pepys
785,9,1666,September,30,walk,Elizabeth Pepys
9,785,1666,September,30,walk,Elizabeth Pepys
785,9,1666,October,1,walk,
9,864,1666,October,1,walk,Sir William Batten; Sir William Penn
864,1093,1666,October,1,walk,Mr Coventry
1093,400,1666,October,1,walk,
400,3,1666,October,1,walk,
3,785,1666,October,1,boat,Sir William Batten; Sir William Penn
785,9,1666,October,1,walk,
9,785,1666,October,1,walk,
785,968,1666,October,2,walk,
968,21,1666,October,2,walk,
21,3,1666,October,2,walk,
3,15,1666,October,2,walk,
15,285,1666,October,2,walk,
285,785,1666,October,2,walk,
785,3,1666,October,2,coach,Sir William Penn
3,104,1666,October,2,walk,
104,785,1666,October,2,walk,
785,9,1666,October,3,walk,
9,785,1666,October,3,walk,
785,9,1666,October,3,walk,
9,864,1666,October,3,walk,
864,3,1666,October,3,walk,
3,785,1666,October,3,walk,
785,864,1666,October,4,walk,
864,380,1666,October,4,walk,
380,3,1666,October,4,walk,
3,785,1666,October,4,walk,
785,9,1666,October,4,walk,
9,785,1666,October,4,walk,
785,9,1666,October,5,walk,
9,968,1666,October,5,walk,
968,785,1666,October,5,walk,
785,864,1666,October,5,boat,
864,3,1666,October,5,walk,Mr Coventry
3,785,1666,October,5,walk,
785,3,1666,October,5,walk,
3,9,1666,October,5,walk,
9,785,1666,October,5,walk,
785,9,1666,October,6,walk,
9,980,1666,October,6,walk,
980,785,1666,October,6,walk,
785,1131,1666,October,6,coach,Elizabeth Pepys; John Creed
1131,380,1666,October,6,walk,
380,1131,1666,October,6,walk,
1131,23,1666,October,6,coach,Elizabeth Pepys
23,785,1666,October,6,coach,Elizabeth Pepys
785,13,1666,October,6,boat,
13,380,1666,October,6,walk,
380,3,1666,October,6,coach,
3,785,1666,October,6,coach,
785,9,1666,October,7,walk,Elizabeth Pepys
9,785,1666,October,7,walk,Elizabeth Pepys
785,1174,1666,October,7,coach,Sir John Minnes; Sir William Batten; Lord Brouncker
1174,3,1666,October,7,walk,
3,785,1666,October,7,coach,Sir John Minnes
785,9,1666,October,8,walk,
9,13,1666,October,8,boat,
13,380,1666,October,8,walk,Mr Coventry; Sir William Batten
380,911,1666,October,8,walk,Elizabeth Pepys
911,785,1666,October,8,coach,Elizabeth Pepys
785,13,1666,October,8,boat,Mr Pierce
13,785,1666,October,8,boat,
785,9,1666,October,9,walk,
9,785,1666,October,9,walk,
785,9,1666,October,9,walk,
9,861,1666,October,9,walk,
861,785,1666,October,9,walk,
785,3,1666,October,10,boat,Sir William Batten
3,58,1666,October,10,walk,Sir William Batten
58,13,1666,October,10,walk,Sir William Batten
13,104,1666,October,10,walk,
104,785,1666,October,10,coach,
785,157,1666,October,10,coach,John Pepys Sr; Elizabeth Pepys; John Pepys Jr; William Hewer
157,785,1666,October,10,coach,John Pepys Sr; Elizabeth Pepys; John Pepys Jr; William Hewer
785,9,1666,October,10,walk,
9,861,1666,October,10,walk,
861,785,1666,October,10,walk,
785,9,1666,October,11,walk,
9,785,1666,October,11,walk,
785,380,1666,October,12,boat,
380,13,1666,October,12,walk,
13,104,1666,October,12,walk,
104,13,1666,October,12,walk,
13,1001,1666,October,12,walk,
1001,31,1666,October,12,boat,
31,785,1666,October,12,boat,
785,9,1666,October,13,walk,
9,242,1666,October,13,coach,Lord Brouncker
242,1004,1666,October,13,walk,
1004,3,1666,October,13,walk,
3,785,1666,October,13,coach,
785,9,1666,October,14,walk,Elizabeth Pepys
9,785,1666,October,14,walk,Elizabeth Pepys
785,3,1666,October,14,boat,John Pepys Jr
3,1001,1666,October,14,walk,
1001,103,1666,October,14,walk,
103,785,1666,October,14,boat,John Pepys Jr
785,641,1666,October,15,walk,Sir H. Cholmly
641,1139,1666,October,15,walk,Sir H. Cholmly
1139,13,1666,October,15,walk,Sir H. Cholmly
13,3,1666,October,15,walk,Sir George Carteret
3,785,1666,October,15,coach,
785,3,1666,October,15,coach,Elizabeth Pepys
3,911,1666,October,15,walk,
911,785,1666,October,15,coach,Elizabeth Pepys
785,861,1666,October,15,walk,
861,785,1666,October,15,walk,
785,9,1666,October,16,walk,
9,785,1666,October,16,walk,
785,9,1666,October,16,walk,Sir William Batten; Sir William Penn; Sir John Minnes
9,861,1666,October,16,walk,Sir William Batten; Sir William Penn; Sir John Minnes
861,785,1666,October,16,walk,
785,9,1666,October,17,walk,
9,785,1666,October,17,walk,
785,911,1666,October,17,walk,Elizabeth Pepys; John Pepys Jr
911,3,1666,October,17,walk,
3,380,1666,October,17,walk,
380,242,1666,October,17,walk,
242,641,1666,October,17,walk,
641,785,1666,October,17,coach,Elizabeth Pepys
785,9,1666,October,18,walk,
9,1088,1666,October,18,walk,Lord Brouncker
1088,1037,1666,October,18,coach,Elizabeth Pepys
1037,785,1666,October,18,walk,
785,9,1666,October,18,walk,
9,861,1666,October,18,walk,
861,785,1666,October,18,walk,
785,1005,1666,October,19,coach,
1005,15,1666,October,19,walk,John Creed
15,785,1666,October,19,walk,John Creed
785,987,1666,October,19,walk,
987,3,1666,October,19,walk,
3,785,1666,October,19,coach,
785,861,1666,October,19,walk,
861,785,1666,October,19,walk,
785,9,1666,October,20,walk,
9,785,1666,October,20,walk,Sir George Carteret
785,9,1666,October,21,walk,Elizabeth Pepys; Barker
9,785,1666,October,21,walk,Elizabeth Pepys
785,3,1666,October,21,coach,
3,1001,1666,October,21,walk,
1001,785,1666,October,21,boat,
785,13,1666,October,22,coach,
13,1112,1666,October,22,boat,Betty Michell; Young Michell
1112,43,1666,October,22,boat,
43,785,1666,October,22,walk,
785,242,1666,October,22,coach,Elizabeth Pepys; John Pepys Jr
242,1004,1666,October,22,walk,
1004,3,1666,October,22,walk,Mr Povy
3,911,1666,October,22,walk,
911,785,1666,October,22,coach,Elizabeth Pepys
785,9,1666,October,23,walk,
9,785,1666,October,23,walk,
785,1177,1666,October,23,boat,
1177,31,1666,October,23,boat,
31,785,1666,October,23,walk,
785,1112,1666,October,24,walk,
1112,3,1666,October,24,boat,
3,13,1666,October,24,walk,
13,641,1666,October,24,coach,
641,785,1666,October,24,coach,
785,1140,1666,October,24,coach,Elizabeth Pepys
1140,13,1666,October,24,walk,
13,785,1666,October,24,coach,Elizabeth Pepys
785,3,1666,October,25,boat,
3,785,1666,October,25,boat,
785,9,1666,October,25,walk,
9,785,1666,October,25,walk,
785,1184,1666,October,25,walk,Elizabeth Pepys
1184,1093,1666,October,25,walk,
1093,3,1666,October,25,walk,Lord Brouncker
3,1184,1666,October,25,walk,
1184,785,1666,October,25,walk,Elizabeth Pepys
785,9,1666,October,25,walk,
9,861,1666,October,25,walk,
861,785,1666,October,25,walk,
785,9,1666,October,26,walk,
9,785,1666,October,26,walk,
785,13,1666,October,26,boat,
13,58,1666,October,26,walk,Doll Lane
58,785,1666,October,26,coach,
785,9,1666,October,27,walk,
9,785,1666,October,27,walk,
785,345,1666,October,27,coach,Elizabeth Pepys; Elizabeth Pierce; Mrs Knipp
345,1183,1666,October,27,coach,Mrs Knipp
1183,1184,1666,October,27,coach,Elizabeth Pierce
1184,785,1666,October,27,coach,
785,9,1666,October,28,walk,Elizabeth Pepys
9,785,1666,October,28,walk,Elizabeth Pepys
785,3,1666,October,28,walk,John Pepys Jr
3,1001,1666,October,28,walk,
1001,24,1666,October,28,boat,Elizabeth Pepys
24,785,1666,October,28,walk,Elizabeth Pepys
785,9,1666,October,29,walk,
9,13,1666,October,29,boat,
13,1131,1666,October,29,coach,
1131,400,1666,October,29,walk,
400,785,1666,October,29,walk,
785,1184,1666,October,29,coach,Elizabeth Pepys
1184,1178,1666,October,29,walk,Elizabeth Pepys; Elizabeth Pierce; Mrs Knipp
1178,1184,1666,October,29,coach,Elizabeth Pepys; Elizabeth Pierce; Mrs Knipp
1184,785,1666,October,29,coach,Elizabeth Pepys
785,9,1666,October,30,walk,
9,785,1666,October,30,walk,
785,380,1666,October,31,coach,Sir William Batten
380,400,1666,October,31,coach,
400,785,1666,October,31,coach,
785,9,1666,November,1,walk,
9,785,1666,November,1,walk,
785,1177,1666,November,1,walk,Elizabeth Pepys; John Pepys Jr; William Hewer; Barker
1177,9,1666,November,1,boat,
9,1140,1666,November,1,walk,
1140,3,1666,November,1,walk,
3,1140,1666,November,1,walk,
1140,785,1666,November,1,coach,Elizabeth Pepys
785,37,1666,November,2,boat,Sir William Batten
37,31,1666,November,2,boat,Sir William Batten
31,785,1666,November,2,boat,
785,3,1666,November,2,coach,Elizabeth Pepys; Mr Pierce
3,336,1666,November,2,walk,
336,3,1666,November,2,walk,
3,1140,1666,November,2,walk,
1140,785,1666,November,2,coach,Elizabeth Pepys
785,9,1666,November,3,walk,
9,785,1666,November,3,walk,
785,9,1666,November,4,walk,Elizabeth Pepys; Lady Penn; Margaret Penn
9,785,1666,November,4,walk,Elizabeth Pepys; Lady Penn; Margaret Penn
785,3,1666,November,4,boat,
3,43,1666,November,4,boat,
43,785,1666,November,4,walk,
785,104,1666,November,5,boat,
104,1182,1666,November,5,coach,
1182,66,1666,November,5,walk,
66,785,1666,November,5,coach,Lord Hinchingbrooke; Dr Crew
785,43,1666,November,5,walk,Lord Hinchingbrooke; Dr Crew
43,66,1666,November,5,coach,
66,3,1666,November,5,coach,
3,785,1666,November,5,coach,
785,9,1666,November,6,walk,
9,785,1666,November,6,walk,
785,31,1666,November,6,boat,
31,785,1666,November,6,boat,
785,3,1666,November,7,boat,Sir William Batten
3,13,1666,November,7,walk,
13,1176,1666,November,7,walk,Doll Lane
1176,1134,1666,November,7,walk,
1134,785,1666,November,7,walk,
785,9,1666,November,7,walk,
9,861,1666,November,7,walk,
861,785,1666,November,7,walk,
785,9,1666,November,8,walk,
9,785,1666,November,8,walk,
785,9,1666,November,8,walk,
9,13,1666,November,8,walk,
13,3,1666,November,8,walk,
3,785,1666,November,8,coach,
785,9,1666,November,9,walk,
9,23,1666,November,9,walk,
23,785,1666,November,9,walk,
785,1184,1666,November,9,coach,Elizabeth Pepys; Mary Batelier; Mary Mercer
1184,79,1666,November,9,walk,W. Batelier
79,1184,1666,November,9,coach,
1184,785,1666,November,9,coach,Elizabeth Pepys; Mary Batelier; Mary Mercer; Elizabeth Pierce; Mrs Knipp
785,9,1666,November,10,walk,
9,1024,1666,November,10,walk,Lord Brouncker; Sir T. Harvy
1024,785,1666,November,10,walk,
785,9,1666,November,10,walk,
9,785,1666,November,10,walk,
785,9,1666,November,11,walk,Elizabeth Pepys
9,785,1666,November,11,walk,Elizabeth Pepys
785,24,1666,November,11,walk,Elizabeth Pepys; John Pepys Jr
24,785,1666,November,11,walk,Elizabeth Pepys; John Pepys Jr
785,9,1666,November,12,walk,
9,23,1666,November,12,walk,John Creed
23,641,1666,November,12,walk,
641,785,1666,November,12,walk,
785,345,1666,November,12,coach,Elizabeth Pepys
345,785,1666,November,12,coach,Elizabeth Pepys
785,9,1666,November,13,walk,
9,1185,1666,November,13,walk,
1185,785,1666,November,13,walk,
785,9,1666,November,13,walk,
9,785,1666,November,13,walk,
785,3,1666,November,14,boat,
3,13,1666,November,14,walk,
13,1183,1666,November,14,coach,
1183,23,1666,November,14,walk,
23,1183,1666,November,14,walk,
1183,785,1666,November,14,walk,
785,1183,1666,November,14,coach,
1183,3,1666,November,14,coach,Elizabeth Pepys
3,968,1666,November,14,walk,
968,1088,1666,November,14,walk,
1088,785,1666,November,14,coach,
785,1183,1666,November,14,coach,Elizabeth Pepys
1183,785,1666,November,14,coach,Elizabeth Pepys
785,9,1666,November,15,walk,
9,785,1666,November,15,walk,
785,1184,1666,November,15,coach,
1184,3,1666,November,15,coach,Elizabeth Pierce
3,911,1666,November,15,walk,
911,3,1666,November,15,walk,
3,1178,1666,November,15,walk,
1178,1184,1666,November,15,coach,Elizabeth Pepys; Barker
1184,785,1666,November,15,coach,Elizabeth Pepys; Barker
785,9,1666,November,16,walk,
9,23,1666,November,16,walk,Lord Brouncker
23,1180,1666,November,16,walk,Lord Brouncker; Sir T. Harvy
1180,785,1666,November,16,walk,
785,9,1666,November,16,walk,
9,785,1666,November,16,walk,
785,9,1666,November,17,walk,
9,785,1666,November,17,walk,
785,3,1666,November,18,walk,Lord Brouncker
3,785,1666,November,18,coach,Lord Brouncker
785,9,1666,November,18,walk,
9,405,1666,November,18,walk,
405,3,1666,November,18,boat,
785,17,1666,November,19,coach,Elizabeth Pepys
17,1005,1666,November,19,walk,
1005,13,1666,November,19,walk,
13,785,1666,November,19,walk,
785,9,1666,November,20,walk,
9,785,1666,November,20,walk,
785,1188,1666,November,20,coach,
1188,785,1666,November,20,coach,Mr Gawden
785,115,1666,November,21,coach,Sir William Batten
115,13,1666,November,21,walk,
13,1128,1666,November,21,walk,
1128,23,1666,November,21,walk,
23,785,1666,November,21,walk,
785,9,1666,November,21,walk,
9,785,1666,November,21,walk,
785,9,1666,November,22,walk,
9,785,1666,November,22,walk,
785,9,1666,November,22,walk,
9,785,1666,November,22,walk,
785,314,1666,November,22,walk,
314,785,1666,November,22,walk,
785,3,1666,November,23,coach,Sir John Minnes
3,13,1666,November,23,walk,Mr Coventry
13,785,1666,November,23,walk,John Creed
785,174,1666,November,23,coach,John Creed
174,785,1666,November,23,coach,
785,9,1666,November,24,walk,
9,763,1666,November,24,coach,Sir John Minnes
763,311,1666,November,24,coach,
311,785,1666,November,24,walk,
785,9,1666,November,24,walk,
9,785,1666,November,24,walk,
785,3,1666,November,25,coach,Sir John Minnes
3,785,1666,November,25,coach,Captain Cocke
785,13,1666,November,26,boat,
13,104,1666,November,26,walk,Doll Lane
104,345,1666,November,26,coach,
345,13,1666,November,26,walk,
13,345,1666,November,26,walk,
345,785,1666,November,26,walk,
785,9,1666,November,27,walk,
9,785,1666,November,27,walk,
785,3,1666,November,27,coach,
3,66,1666,November,27,coach,
66,785,1666,November,27,coach,
785,3,1666,November,28,coach,Sir William Penn
3,785,1666,November,28,coach,
785,61,1666,November,28,walk,Mr Carteret
61,785,1666,November,28,walk,
785,9,1666,November,29,walk,
9,785,1666,November,29,walk,
785,3,1666,November,29,coach,Elizabeth Pepys
3,13,1666,November,29,walk,Elizabeth Pepys
13,15,1666,November,29,walk,
15,785,1666,November,29,walk,Elizabeth Pepys
785,3,1666,November,30,boat,Sir William Batten
3,13,1666,November,30,walk,
13,103,1666,November,30,walk,
103,785,1666,November,30,walk,
785,13,1666,November,30,coach,
13,104,1666,November,30,walk,
104,785,1666,November,30,walk,
785,9,1666,December,1,walk,
9,785,1666,December,1,walk,
785,113,1666,December,1,walk,
113,3,1666,December,1,boat,Lord Mayor Bludworth
3,13,1666,December,1,walk,
13,1134,1666,December,1,coach,
1134,785,1666,December,1,coach,
785,9,1666,December,2,walk,Elizabeth Pepys
9,785,1666,December,2,walk,Elizabeth Pepys
785,1001,1666,December,2,coach,Elizabeth Pepys; Betty Michell; Young Michell
1001,3,1666,December,2,coach,
3,785,1666,December,2,coach,Elizabeth Pepys; Betty Michell; Young Michell
785,861,1666,December,2,walk,
861,785,1666,December,2,walk,
785,15,1666,December,3,boat,
15,785,1666,December,3,walk,
785,13,1666,December,3,walk,Mrs Burroughs
13,1098,1666,December,3,coach,Mrs Burroughs
1098,3,1666,December,3,coach,Mrs Burroughs
3,104,1666,December,3,walk,
104,785,1666,December,3,coach,
785,9,1666,December,4,walk,
9,785,1666,December,4,walk,
785,3,1666,December,5,boat,
3,785,1666,December,5,boat,
785,9,1666,December,5,walk,
9,785,1666,December,5,walk,
785,9,1666,December,6,walk,
9,785,1666,December,6,walk,
785,15,1666,December,7,boat,
15,104,1666,December,7,walk,
104,785,1666,December,7,coach,
785,1105,1666,December,7,boat,
1105,785,1666,December,7,boat,
785,9,1666,December,7,walk,
9,785,1666,December,7,walk,
785,9,1666,December,8,walk,
9,785,1666,December,8,walk,
785,242,1666,December,8,coach,Elizabeth Pepys; Elizabeth Pierce; Betty Pierce; Balthasar St Michel
242,1184,1666,December,8,coach,Elizabeth Pierce
1184,1105,1666,December,8,coach,
1105,1184,1666,December,8,coach,
1184,785,1666,December,8,coach,Elizabeth Pepys
785,9,1666,December,8,walk,
9,861,1666,December,8,walk,
861,785,1666,December,8,walk,
785,9,1666,December,10,walk,
9,785,1666,December,10,walk,
785,1128,1666,December,10,walk,
1128,785,1666,December,10,walk,
785,9,1666,December,11,walk,
9,785,1666,December,11,walk,
785,130,1666,December,11,coach,Elizabeth Pepys
130,785,1666,December,11,coach,Elizabeth Pepys
785,9,1666,December,12,walk,
9,785,1666,December,12,walk,
785,23,1666,December,12,walk,
23,1024,1666,December,12,walk,
1024,9,1666,December,12,walk,
785,9,1666,December,13,walk,
9,23,1666,December,13,walk,
23,641,1666,December,13,walk,
641,785,1666,December,13,walk,
785,9,1666,December,13,walk,
9,785,1666,December,13,walk,
785,3,1666,December,14,coach,
3,13,1666,December,14,walk,
13,787,1666,December,14,walk,Doll Lane
787,1195,1666,December,14,walk,Sir Stephen Fox
1195,1128,1666,December,14,walk,
1128,785,1666,December,14,coach,
785,9,1666,December,15,walk,
9,1024,1666,December,15,walk,Lord Brouncker; Mrs Williams
1024,641,1666,December,15,walk,
641,785,1666,December,15,walk,
785,1001,1666,December,16,boat,
1001,3,1666,December,16,walk,
3,864,1666,December,16,walk,Lord Brouncker
864,107,1666,December,16,walk,Lord Brouncker
107,3,1666,December,16,walk,Lord Brouncker
3,785,1666,December,16,boat,
785,23,1666,December,17,walk,
23,785,1666,December,17,walk,
785,9,1666,December,18,walk,
9,785,1666,December,18,walk,
785,1004,1666,December,18,coach,
1004,13,1666,December,18,walk,
13,1001,1666,December,18,walk,
1001,104,1666,December,18,walk,
104,641,1666,December,18,walk,
641,785,1666,December,18,walk,
785,3,1666,December,19,boat,
3,58,1666,December,19,walk,Mr Hingston
58,3,1666,December,19,walk,
3,43,1666,December,19,walk,
43,785,1666,December,19,walk,
785,641,1666,December,19,walk,
641,785,1666,December,19,walk,
785,9,1666,December,20,walk,
9,785,1666,December,20,walk,
785,79,1666,December,20,coach,Balthasar St Michel
79,1004,1666,December,20,walk,
1004,785,1666,December,20,walk,
785,9,1666,December,21,walk,
9,23,1666,December,21,walk,
23,785,1666,December,21,walk,
785,9,1666,December,21,walk,
9,785,1666,December,21,walk,
785,9,1666,December,22,walk,
9,785,1666,December,22,walk,
785,9,1666,December,23,walk,
9,785,1666,December,23,walk,
785,3,1666,December,23,coach,Betty Michell; Young Michell
3,492,1666,December,23,walk,
492,1112,1666,December,23,coach,
1112,785,1666,December,23,coach,Betty Michell; Young Michell
785,9,1666,December,24,walk,
9,280,1666,December,24,walk,Lord Brouncker
280,785,1666,December,24,walk,
785,641,1666,December,24,walk,
641,23,1666,December,24,walk,
23,785,1666,December,24,walk,
785,9,1666,December,24,walk,
9,785,1666,December,24,walk,
785,176,1666,December,25,walk,
176,785,1666,December,25,walk,
785,3,1666,December,25,walk,
3,785,1666,December,25,walk,
785,3,1666,December,26,walk,
3,785,1666,December,26,walk,
785,193,1666,December,26,coach,Elizabeth Pepys; Mary Batelier; Mrs Andrews
193,785,1666,December,26,coach,Elizabeth Pepys; Mary Batelier; Mrs Andrews
785,9,1666,December,27,walk,
9,861,1666,December,27,walk,Elizabeth Pepys
861,1105,1666,December,27,coach,Elizabeth Pepys; John Creed
1105,3,1666,December,27,coach,Elizabeth Pepys; John Creed
3,785,1666,December,27,coach,Elizabeth Pepys; John Creed
785,861,1666,December,27,walk,
861,785,1666,December,27,walk,
785,3,1666,December,28,walk,John Creed
3,419,1666,December,28,walk,John Creed
419,66,1666,December,28,walk,John Creed
66,193,1666,December,28,coach,Elizabeth Pepys
193,3,1666,December,28,walk,
3,1178,1666,December,28,walk,
1178,1197,1666,December,28,coach,
1197,785,1666,December,28,coach,
785,861,1666,December,29,walk,
861,9,1666,December,29,walk,
9,785,1666,December,29,walk,
785,9,1666,December,29,walk,
785,9,1666,December,30,walk,Elizabeth Pepys
9,785,1666,December,30,walk,Elizabeth Pepys
785,345,1666,December,31,walk,
345,282,1666,December,31,walk,
282,230,1666,December,31,walk,
230,345,1666,December,31,walk,
345,682,1666,December,31,walk,Doll Lane
682,785,1666,December,31,coach,
785,9,1667,January,1,walk,
9,23,1667,January,1,walk,
23,785,1667,January,1,walk,
785,9,1667,January,1,walk,
9,861,1667,January,1,walk,
861,785,1667,January,1,walk,
785,3,1667,January,2,walk,
3,13,1667,January,2,walk,
13,908,1667,January,2,walk,
908,1176,1667,January,2,walk,Doll Lane
1176,242,1667,January,2,coach,Sir William Penn
242,1105,1667,January,2,walk,
1105,785,1667,January,2,walk,
785,9,1667,January,3,walk,
9,861,1667,January,3,walk,
861,785,1667,January,3,walk,
785,9,1667,January,4,walk,
9,785,1667,January,4,walk,
785,9,1667,January,5,walk,
9,785,1667,January,5,walk,
785,193,1667,January,5,walk,Elizabeth Pepys
193,785,1667,January,5,walk,Elizabeth Pepys
785,9,1667,January,6,walk,Elizabeth Pepys
9,785,1667,January,6,walk,Elizabeth Pepys
785,23,1667,January,6,walk,Young Michell
23,785,1667,January,6,walk,Young Michell
785,9,1667,January,7,walk,
9,242,1667,January,7,coach,Lord Brouncker
242,1206,1667,January,7,walk,
1206,1140,1667,January,7,coach,
1140,193,1667,January,7,coach,Elizabeth Pepys
193,785,1667,January,7,coach,Elizabeth Pepys
785,9,1667,January,7,walk,
9,785,1667,January,7,walk,
785,9,1667,January,8,walk,
9,785,1667,January,8,walk,
785,9,1667,January,8,walk,
9,861,1667,January,8,walk,
861,785,1667,January,8,walk,
785,3,1667,January,9,coach,Sir William Batten; Sir William Penn
3,13,1667,January,9,walk,
13,1206,1667,January,9,coach,
1206,1134,1667,January,9,walk,
1134,171,1667,January,9,walk,
171,785,1667,January,9,coach,
785,9,1667,January,9,walk,
9,785,1667,January,9,walk,
785,9,1667,January,10,walk,Lord Brouncker
9,785,1667,January,10,walk,Lord Brouncker
785,9,1667,January,11,walk,
9,785,1667,January,11,walk,
785,9,1667,January,12,walk,
9,785,1667,January,12,walk,
785,9,1667,January,13,walk,Elizabeth Pepys
9,785,1667,January,13,walk,Elizabeth Pepys
785,1112,1667,January,13,walk,
1112,785,1667,January,13,walk,
785,9,1667,January,14,walk,
9,785,1667,January,14,walk,
785,9,1667,January,14,walk,
9,785,1667,January,14,walk,
785,170,1667,January,14,coach,Mr Clerke
170,3,1667,January,14,coach,Elizabeth Pepys
3,785,1667,January,14,coach,
785,9,1667,January,15,walk,
9,785,1667,January,15,walk,
785,3,1667,January,16,coach,
3,1204,1667,January,16,walk,Lord Brouncker
1204,3,1667,January,16,coach,Lord Brouncker
3,79,1667,January,16,coach,Lord Brouncker
79,1201,1667,January,16,walk,Sir William Batten; Sir William Penn; Sir R. Ford
1201,345,1667,January,16,walk,
345,242,1667,January,16,walk,Elizabeth Pepys; Mary Mercer
242,1105,1667,January,16,coach,Elizabeth Pepys; Mary Mercer
1105,1184,1667,January,16,walk,Mr Pierce
1184,785,1667,January,16,coach,Elizabeth Pepys; Mary Mercer
785,9,1667,January,17,walk,
9,785,1667,January,17,walk,
785,3,1667,January,17,coach,
3,785,1667,January,17,coach,
785,9,1667,January,17,walk,
9,785,1667,January,17,walk,
785,9,1667,January,19,walk,
9,785,1667,January,19,walk,
785,1112,1667,January,20,walk,
1112,3,1667,January,20,boat,Betty Michell; Young Michell
3,1205,1667,January,20,walk,Roger Pepys
1205,3,1667,January,20,walk,
3,104,1667,January,20,walk,Betty Michell; Young Michell
104,785,1667,January,20,boat,Betty Michell; Young Michell
785,861,1667,January,20,walk,
861,785,1667,January,20,walk,
785,1202,1667,January,21,coach,Sir William Batten; Sir William Penn; Sir R. Ford
1202,1203,1667,January,21,walk,
1203,3,1667,January,21,coach,
3,13,1667,January,21,walk,
13,1203,1667,January,21,walk,
1203,785,1667,January,21,walk,
785,31,1667,January,21,boat,
31,30,1667,January,21,walk,
30,785,1667,January,21,boat,
785,9,1667,January,21,walk,
9,861,1667,January,21,walk,
861,785,1667,January,21,walk,
785,9,1667,January,22,walk,
9,785,1667,January,22,walk,
785,3,1667,January,23,coach,Sir William Batten; Sir William Penn
3,1204,1667,January,23,walk,Lord Brouncker
1204,3,1667,January,23,coach,Lord Almoner
3,79,1667,January,23,coach,Lord Brouncker
79,1201,1667,January,23,walk,Sir William Batten; Sir William Penn; Sir R. Ford
1201,345,1667,January,23,walk,Elizabeth Pepys; Mary Mercer
345,242,1667,January,23,walk,Elizabeth Pepys; Mary Mercer
242,1105,1667,January,23,coach,Elizabeth Pepys; Mary Mercer
1105,1184,1667,January,23,walk,Mr Pierce
1184,785,1667,January,23,coach,Elizabeth Pepys; Mary Mercer
785,9,1667,January,24,walk,
9,785,1667,January,24,walk,
785,9,1667,January,25,walk,
9,785,1667,January,25,walk,
785,345,1667,January,25,coach,Elizabeth Pepys
345,1188,1667,January,25,walk,
1188,345,1667,January,25,walk,
345,1004,1667,January,25,coach,Elizabeth Pepys
1004,785,1667,January,25,coach,Elizabeth Pepys
785,9,1667,January,26,walk,
9,785,1667,January,26,walk,
785,9,1667,January,27,walk,
9,785,1667,January,27,walk,
785,1112,1667,January,27,walk,
1112,3,1667,January,27,boat,Betty Michell; Young Michell
3,1205,1667,January,27,walk,Roger Pepys
1205,3,1667,January,27,walk,
3,104,1667,January,27,walk,Betty Michell; Young Michell
104,785,1667,January,27,boat,Betty Michell; Young Michell
785,861,1667,January,27,walk,
861,785,1667,January,27,walk,
785,1112,1667,January,28,walk,
1112,242,1667,January,28,boat,
242,13,1667,January,28,walk,
13,104,1667,January,28,walk,
104,785,1667,January,28,coach,
785,9,1667,January,28,walk,
9,785,1667,January,28,walk,
785,9,1667,January,29,walk,
9,785,1667,January,29,walk,
785,1112,1667,January,30,walk,Elizabeth Pepys; Mary Mercer; Barker
1112,785,1667,January,30,walk,Elizabeth Pepys; Mary Mercer; Barker
785,9,1667,January,31,walk,
9,785,1667,January,31,walk,
785,9,1667,January,31,walk,
9,23,1667,January,31,walk,
23,641,1667,January,31,walk,
641,785,1667,January,31,walk,
785,9,1667,February,1,walk,
9,785,1667,February,1,walk,
785,30,1667,February,1,boat,
30,579,1667,February,1,walk,
579,31,1667,February,1,walk,
31,30,1667,February,1,walk,
30,13,1667,February,1,boat,
13,787,1667,February,1,walk,Doll Lane
787,785,1667,February,1,coach,
785,9,1667,February,2,walk,
9,785,1667,February,2,walk,
785,3,1667,February,3,boat,Sir William Batten; Sir William Penn
3,107,1667,February,3,walk,
107,3,1667,February,3,walk,Sir George Carteret
3,785,1667,February,3,boat,
785,9,1667,February,4,walk,
9,861,1667,February,4,walk,Elizabeth Pepys
861,193,1667,February,4,walk,Elizabeth Pepys
193,785,1667,February,4,coach,Elizabeth Pepys
785,9,1667,February,5,walk,
9,785,1667,February,5,walk,
785,1105,1667,February,5,coach,Elizabeth Pepys; Betty Michell
1105,345,1667,February,5,coach,Elizabeth Pepys; Betty Michell
345,1112,1667,February,5,coach,Elizabeth Pepys; Betty Michell
1112,785,1667,February,5,coach,Elizabeth Pepys
785,3,1667,February,6,boat,
3,13,1667,February,6,walk,
13,1112,1667,February,6,walk,Betty Michell
1112,785,1667,February,6,boat,
785,9,1667,February,6,walk,
9,3,1667,February,6,boat,
3,864,1667,February,6,walk,
864,171,1667,February,6,walk,
171,785,1667,February,6,walk,
785,9,1667,February,7,walk,
9,785,1667,February,7,walk,
785,9,1667,February,8,walk,
9,1208,1667,February,8,walk,Lord Brouncker; Sir William Batten; Sir William Penn
1208,9,1667,February,8,walk,
9,785,1667,February,8,walk,
785,9,1667,February,9,walk,
9,785,1667,February,9,walk,
785,9,1667,February,10,walk,Elizabeth Pepys
9,785,1667,February,10,walk,Elizabeth Pepys
785,242,1667,February,11,boat,
242,13,1667,February,11,walk,John Creed
13,1112,1667,February,11,boat,
1112,785,1667,February,11,boat,
785,1004,1667,February,11,coach,
1004,3,1667,February,11,coach,
3,345,1667,February,11,walk,Betty Michell
345,1211,1667,February,11,boat,Betty Michell
1211,1112,1667,February,11,boat,Betty Michell
1112,785,1667,February,11,boat,Betty Michell
785,9,1667,February,11,walk,
9,785,1667,February,11,walk,
785,9,1667,February,12,walk,
9,785,1667,February,12,walk,
785,1093,1667,February,12,coach,Lord Brouncker
1093,1183,1667,February,12,coach,Lord Brouncker; Tom Killigrew
1183,785,1667,February,12,coach,
785,1112,1667,February,13,boat,
1112,3,1667,February,13,boat,
3,785,1667,February,13,boat,
785,1184,1667,February,13,coach,Elizabeth Pepys
1184,379,1667,February,13,coach,Elizabeth Pepys; Elizabeth Pierce
379,1184,1667,February,13,coach,Elizabeth Pepys
1184,785,1667,February,13,coach,Elizabeth Pepys
785,9,1667,February,13,walk,
9,785,1667,February,13,walk,
785,9,1667,February,14,walk,
9,785,1667,February,14,walk,
785,1188,1667,February,14,coach,
1188,242,1667,February,14,coach,Sir H. Cholmly
242,785,1667,February,14,coach,
785,3,1667,February,15,coach,Sir William Batten; Sir John Minnes
3,15,1667,February,15,walk,
15,1128,1667,February,15,walk,Lord Bellasses; Sir H. Cholmly
1128,785,1667,February,15,walk,
785,9,1667,February,15,walk,
9,785,1667,February,15,walk,
785,9,1667,February,16,walk,
9,1184,1667,February,16,coach,Elizabeth Pepys
1184,1128,1667,February,16,walk,
1128,242,1667,February,16,walk,
242,1001,1667,February,16,walk,
1001,1093,1667,February,16,walk,
1093,1184,1667,February,16,coach,Captain Cocke
1184,785,1667,February,16,coach,Elizabeth Pepys
785,9,1667,February,16,walk,
9,785,1667,February,16,walk,
785,1112,1667,February,17,walk,
1112,3,1667,February,17,boat,Betty Michell; Young Michell
3,785,1667,February,17,boat,
785,3,1667,February,17,boat,
3,107,1667,February,17,walk,
107,104,1667,February,17,walk,Betty Michell; Young Michell
104,785,1667,February,17,boat,Betty Michell; Young Michell
785,21,1667,February,18,walk,
21,15,1667,February,18,coach,
15,785,1667,February,18,coach,
785,193,1667,February,18,coach,Elizabeth Pepys
193,1105,1667,February,18,walk,Elizabeth Pepys
1105,785,1667,February,18,coach,Elizabeth Pepys
785,9,1667,February,18,walk,
9,785,1667,February,18,walk,
785,9,1667,February,19,walk,
9,785,1667,February,19,walk,
785,1177,1667,February,19,coach,Elizabeth Pepys; Old Mr Michell; Mrs Howlett
1177,785,1667,February,19,walk,Elizabeth Pepys
785,3,1667,February,20,coach,Sir William Batten; Sir William Penn
3,15,1667,February,20,walk,
15,641,1667,February,20,coach,
641,10,1667,February,20,walk,
10,785,1667,February,20,walk,
785,1140,1667,February,20,coach,Elizabeth Pepys
1140,1188,1667,February,20,walk,Lord Bellasses
1188,1140,1667,February,20,walk,
1140,785,1667,February,20,coach,Elizabeth Pepys
785,9,1667,February,21,walk,
9,785,1667,February,21,walk,
785,9,1667,February,22,walk,
9,1128,1667,February,22,walk,Sir H. Cholmly
1128,23,1667,February,22,coach,
23,785,1667,February,22,coach,
785,861,1667,February,22,walk,Elizabeth Pepys
861,785,1667,February,22,walk,Elizabeth Pepys
785,9,1667,February,23,walk,
9,785,1667,February,23,walk,
785,1093,1667,February,24,coach,Sir William Batten
1093,3,1667,February,24,coach,Lord Brouncker
3,785,1667,February,24,coach,Sir William Batten
785,3,1667,February,24,boat,
3,107,1667,February,24,walk,
107,311,1667,February,24,coach,Lord Arlington; Sir Thomas Clifford
311,785,1667,February,24,boat,
785,450,1667,February,25,coach,
450,785,1667,February,25,coach,
785,9,1667,February,25,walk,
9,23,1667,February,25,walk,
23,400,1667,February,25,walk,
400,785,1667,February,25,walk,
785,9,1667,February,25,walk,
9,785,1667,February,25,walk,
785,9,1667,February,26,walk,
9,785,1667,February,26,walk,
785,417,1667,February,27,boat,
417,41,1667,February,27,boat,
41,31,1667,February,27,boat,
31,30,1667,February,27,walk,
30,785,1667,February,27,boat,
785,242,1667,February,27,coach,Elizabeth Pepys
242,1140,1667,February,27,coach,Elizabeth Pepys
1140,3,1667,February,27,walk,
3,13,1667,February,27,walk,
13,23,1667,February,27,coach,Elizabeth Pepys
23,1184,1667,February,27,walk,Elizabeth Pepys
1184,1183,1667,February,27,coach,Mrs Knipp
1183,785,1667,February,27,coach,Elizabeth Pepys
785,861,1667,February,27,walk,
861,785,1667,February,27,walk,
785,9,1667,February,28,walk,
9,23,1667,February,28,walk,
23,641,1667,February,28,walk,
641,785,1667,February,28,walk,
785,9,1667,February,28,walk,
9,785,1667,February,28,walk,
785,9,1667,March,1,walk,
9,968,1667,March,1,walk,
968,9,1667,March,1,walk,
9,785,1667,March,1,walk,
785,9,1667,March,2,walk,
9,785,1667,March,2,walk,
785,1105,1667,March,2,coach,Elizabeth Pepys
1105,785,1667,March,2,coach,Elizabeth Pepys
785,9,1667,March,3,walk,Elizabeth Pepys
9,785,1667,March,3,walk,Elizabeth Pepys
785,3,1667,March,3,boat,
3,1205,1667,March,3,walk,
1205,1188,1667,March,3,walk,Sir H. Cholmly; John Creed
1188,1112,1667,March,3,boat,
1112,785,1667,March,3,boat,
785,31,1667,March,4,boat,Sir John Minnes; Sir William Batten
31,37,1667,March,4,boat,Sir John Minnes; Sir William Batten
37,417,1667,March,4,walk,Sir John Minnes; Sir William Batten; Captain Cocke
417,421,1667,March,4,walk,Sir John Minnes; Sir William Batten; Captain Cocke
421,31,1667,March,4,boat,Sir John Minnes; Sir William Batten
31,579,1667,March,4,walk,
579,30,1667,March,4,walk,
30,785,1667,March,4,boat,
785,9,1667,March,4,walk,
9,785,1667,March,4,walk,
785,9,1667,March,5,walk,
9,785,1667,March,5,walk,
785,3,1667,March,6,coach,Sir William Penn
3,13,1667,March,6,walk,
13,66,1667,March,6,coach,
66,785,1667,March,6,coach,
785,30,1667,March,6,boat,
30,579,1667,March,6,walk,
579,31,1667,March,6,walk,
31,785,1667,March,6,boat,
785,23,1667,March,6,walk,Elizabeth Pepys
23,785,1667,March,6,walk,Elizabeth Pepys
785,861,1667,March,6,walk,
861,785,1667,March,6,walk,
785,9,1667,March,7,walk,
9,785,1667,March,7,walk,
785,1218,1667,March,7,walk,John Creed
1218,193,1667,March,7,walk,John Creed
193,785,1667,March,7,coach,Elizabeth Pepys
785,861,1667,March,7,walk,
861,9,1667,March,7,walk,
785,1112,1667,March,8,walk,
1112,3,1667,March,8,boat,
3,15,1667,March,8,walk,
15,104,1667,March,8,walk,
104,13,1667,March,8,walk,
13,3,1667,March,8,walk,
3,785,1667,March,8,coach,Sir William Batten; Sir William Penn
785,1184,1667,March,8,coach,Elizabeth Pepys
1184,1004,1667,March,8,walk,
1004,311,1667,March,8,walk,
311,785,1667,March,8,coach,
785,9,1667,March,9,walk,
9,785,1667,March,9,walk,
785,345,1667,March,9,coach,Elizabeth Pepys; Elizabeth Pierce
345,1184,1667,March,9,coach,Elizabeth Pepys; Elizabeth Pierce
1184,785,1667,March,9,coach,Elizabeth Pepys
785,861,1667,March,9,walk,
861,785,1667,March,9,walk,
785,9,1667,March,10,walk,
9,785,1667,March,10,walk,
785,9,1667,March,11,walk,
9,1217,1667,March,11,coach,Sir William Penn
1217,9,1667,March,11,walk,
9,785,1667,March,11,walk,
785,9,1667,March,12,walk,
9,785,1667,March,12,walk,
785,3,1667,March,13,coach,Sir William Batten
3,13,1667,March,13,walk,
13,3,1667,March,13,walk,
3,1112,1667,March,13,boat,
1112,785,1667,March,13,boat,
785,247,1667,March,13,coach,Dr Holliard
247,311,1667,March,13,walk,
311,345,1667,March,13,walk,Elizabeth Pepys
345,13,1667,March,13,walk,
13,1176,1667,March,13,walk,Doll Lane
1176,345,1667,March,13,coach,Elizabeth Pepys
345,1221,1667,March,13,coach,Elizabeth Pepys
1221,785,1667,March,13,coach,Elizabeth Pepys
785,311,1667,March,14,coach,Sir William Batten; Sir William Penn
311,1216,1667,March,14,coach,Sir William Batten
1216,785,1667,March,14,coach,Sir William Batten; Sir William Penn; Elizabeth Pepys; Lady Batten
785,861,1667,March,14,walk,
861,785,1667,March,14,walk,
785,9,1667,March,15,walk,
9,23,1667,March,15,walk,
23,785,1667,March,15,walk,
785,911,1667,March,15,coach,Elizabeth Pepys
911,3,1667,March,15,walk,
3,13,1667,March,15,walk,
13,911,1667,March,15,walk,
911,785,1667,March,15,coach,Elizabeth Pepys
785,9,1667,March,15,walk,
9,785,1667,March,15,walk,
785,9,1667,March,16,walk,
9,785,1667,March,16,walk,
785,3,1667,March,17,coach,Sir William Penn; Sir Thomas Allen
3,107,1667,March,17,walk,
107,3,1667,March,17,walk,
3,785,1667,March,17,coach,Elizabeth Pepys
785,311,1667,March,17,boat,
311,3,1667,March,17,walk,
3,1001,1667,March,17,walk,
1001,785,1667,March,17,boat,
785,13,1667,March,18,walk,
13,58,1667,March,18,walk,John Creed; Roger Pepys
58,23,1667,March,18,walk,
23,3,1667,March,18,walk,
3,382,1667,March,18,coach,Sir William Penn
382,785,1667,March,18,coach,
785,9,1667,March,19,walk,
9,785,1667,March,19,walk,
785,1112,1667,March,20,walk,
1112,13,1667,March,20,boat,
13,104,1667,March,20,walk,
104,1001,1667,March,20,walk,
1001,785,1667,March,20,boat,
785,9,1667,March,20,walk,
9,3,1667,March,20,boat,
3,13,1667,March,20,walk,Betty Michell
13,242,1667,March,20,coach,
242,345,1667,March,20,walk,Elizabeth Pepys
345,911,1667,March,20,walk,Elizabeth Pepys
911,1221,1667,March,20,coach,Elizabeth Pepys
1221,785,1667,March,20,coach,Elizabeth Pepys
785,861,1667,March,20,walk,
861,785,1667,March,20,walk,
785,193,1667,March,21,walk,
193,785,1667,March,21,walk,
785,9,1667,March,22,walk,
9,785,1667,March,22,walk,
785,9,1667,March,23,walk,
9,785,1667,March,23,walk,
785,3,1667,March,24,coach,Sir William Batten
3,785,1667,March,24,coach,Sir William Batten; Sir William Penn
785,3,1667,March,24,walk,Balthasar St Michel
3,107,1667,March,24,walk,Balthasar St Michel
107,1001,1667,March,24,walk,
1001,785,1667,March,24,boat,
785,1006,1667,March,25,coach,Sir William Batten; Sir William Penn
1006,498,1667,March,25,walk,Sir William Penn
498,1006,1667,March,25,walk,
1006,1105,1667,March,25,walk,Sir William Penn
1105,785,1667,March,25,coach,Elizabeth Pepys; Sir William Penn
785,861,1667,March,25,walk,Elizabeth Pepys
861,785,1667,March,25,walk,Elizabeth Pepys
785,9,1667,March,26,walk,
9,785,1667,March,26,walk,
785,1006,1667,March,26,coach,Sir William Batten; John Creed
1006,1201,1667,March,26,walk,Sir William Penn
1201,1006,1667,March,26,walk,Sir William Penn
1006,785,1667,March,26,coach,
785,3,1667,March,27,coach,Sir William Penn
3,15,1667,March,27,walk,Sir William Penn
15,13,1667,March,27,walk,Balthasar St Michel
13,104,1667,March,27,walk,
104,785,1667,March,27,walk,
785,9,1667,March,27,walk,
9,785,1667,March,27,walk,
785,104,1667,March,27,walk,
104,23,1667,March,27,walk,
23,785,1667,March,27,walk,
785,9,1667,March,28,walk,
9,785,1667,March,28,walk,
785,1219,1667,March,28,boat,Sir William Batten; Sir William Penn; Sir R. Ford
1219,1225,1667,March,28,boat,Sir William Batten; Sir William Penn; Sir R. Ford
1225,785,1667,March,28,boat,Sir William Batten; Sir William Penn; Sir R. Ford
785,861,1667,March,29,walk,
861,9,1667,March,29,walk,
9,23,1667,March,29,walk,
23,1217,1667,March,29,walk,Sir William Batten; Sir R. Ford
1217,785,1667,March,29,walk,Balthasar St Michel
785,861,1667,March,29,walk,Balthasar St Michel
861,3,1667,March,29,walk,Balthasar St Michel
3,23,1667,March,29,walk,Balthasar St Michel
23,678,1667,March,29,walk,Balthasar St Michel
678,785,1667,March,29,coach,Elizabeth Pepys
785,9,1667,March,30,walk,
9,1105,1667,March,30,coach,
1105,785,1667,March,30,coach,Sir William Penn
785,9,1667,March,30,walk,
9,785,1667,March,30,walk,
785,9,1667,March,31,walk,Elizabeth Pepys
9,785,1667,March,31,walk,Elizabeth Pepys
785,3,1667,March,31,coach,Balthasar St Michel; Sir John Minnes
3,1220,1667,March,31,boat,
1220,311,1667,March,31,walk,
311,1001,1667,March,31,boat,
1001,785,1667,March,31,coach,
785,968,1667,April,1,coach,Sir John Minnes
968,3,1667,April,1,coach,
3,968,1667,April,1,walk,
968,30,1667,April,1,boat,
30,31,1667,April,1,walk,
31,785,1667,April,1,walk,
785,9,1667,April,1,walk,
9,785,1667,April,1,walk,
785,9,1667,April,2,walk,
9,785,1667,April,2,walk,
785,3,1667,April,3,coach,Sir William Batten
3,785,1667,April,3,boat,
785,9,1667,April,3,walk,
9,785,1667,April,3,walk,
785,9,1667,April,4,walk,
9,450,1667,April,4,boat,Balthasar St Michel
450,785,1667,April,4,boat,Balthasar St Michel
785,9,1667,April,4,walk,
9,785,1667,April,4,walk,
785,9,1667,April,5,walk,
9,785,1667,April,5,walk,
785,1112,1667,April,5,walk,
1112,3,1667,April,5,boat,
3,13,1667,April,5,walk,
13,345,1667,April,5,coach,
345,1184,1667,April,5,walk,
1184,23,1667,April,5,walk,
23,641,1667,April,5,walk,
641,785,1667,April,5,walk,
785,861,1667,April,5,walk,
861,785,1667,April,5,walk,
785,405,1667,April,6,walk,
405,9,1667,April,6,walk,
9,785,1667,April,6,walk,
785,3,1667,April,6,boat,Balthasar St Michel
3,23,1667,April,6,walk,Balthasar St Michel
23,785,1667,April,6,walk,Balthasar St Michel
785,9,1667,April,6,walk,
785,9,1667,April,7,walk,Elizabeth Pepys
9,785,1667,April,7,walk,Elizabeth Pepys
785,3,1667,April,7,boat,
3,107,1667,April,7,walk,
107,453,1667,April,7,walk,
453,3,1667,April,7,walk,
3,189,1667,April,7,coach,Sir George Carteret
189,785,1667,April,7,walk,
785,242,1667,April,8,walk,
242,785,1667,April,8,walk,
785,1184,1667,April,8,coach,Elizabeth Pepys
1184,1105,1667,April,8,walk,Elizabeth Pepys; Mary Mercer
1105,1221,1667,April,8,walk,Elizabeth Pepys; Mary Mercer
1221,785,1667,April,8,coach,Elizabeth Pepys; Mary Mercer
785,9,1667,April,9,walk,
9,23,1667,April,9,walk,
23,785,1667,April,9,walk,
785,1105,1667,April,9,coach,
1105,1172,1667,April,9,walk,
1172,104,1667,April,9,walk,
104,1112,1667,April,9,boat,
1112,785,1667,April,9,walk,
785,9,1667,April,9,walk,
9,861,1667,April,9,walk,
861,785,1667,April,9,walk,
785,1112,1667,April,10,walk,
1112,3,1667,April,10,boat,
3,968,1667,April,10,boat,Sir George Carteret
968,3,1667,April,10,walk,Sir George Carteret
3,31,1667,April,10,boat,Balthasar St Michel
31,785,1667,April,10,boat,
785,23,1667,April,11,walk,
23,3,1667,April,11,walk,
3,9,1667,April,11,boat,Balthasar St Michel
9,785,1667,April,11,walk,
785,3,1667,April,12,boat,
3,785,1667,April,12,boat,
785,30,1667,April,12,walk,
30,785,1667,April,12,walk,Elizabeth Pepys; Mary Mercer; Barker
785,9,1667,April,13,walk,
9,785,1667,April,13,walk,
785,9,1667,April,14,walk,Elizabeth Pepys
9,785,1667,April,14,walk,Elizabeth Pepys
785,43,1667,April,14,walk,
43,1001,1667,April,14,boat,
1001,3,1667,April,14,walk,
3,1001,1667,April,14,walk,
1001,785,1667,April,14,boat,
785,1227,1667,April,14,boat,Elizabeth Pepys; Mary Mercer; Barker; Jane
1227,785,1667,April,14,boat,Elizabeth Pepys; Mary Mercer; Barker; Jane
785,9,1667,April,15,walk,
9,785,1667,April,15,walk,
785,247,1667,April,15,coach,Dr Childe
247,1105,1667,April,15,coach,
1105,242,1667,April,15,walk,
242,785,1667,April,15,walk,
785,9,1667,April,16,walk,
9,785,1667,April,16,walk,
785,1105,1667,April,16,coach,Elizabeth Pepys
1105,1184,1667,April,16,walk,Elizabeth Pepys; Mrs Knipp
1184,1233,1667,April,16,walk,Elizabeth Pepys; Mrs Knipp; Elizabeth Pierce
1233,785,1667,April,16,coach,Elizabeth Pepys
785,861,1667,April,16,walk,
861,785,1667,April,16,walk,
785,380,1667,April,17,coach,Sir William Batten; Sir William Penn
380,968,1667,April,17,coach,
968,9,1667,April,17,walk,
9,345,1667,April,17,coach,Elizabeth Pepys
345,1105,1667,April,17,walk,Elizabeth Pepys
1105,785,1667,April,17,coach,Elizabeth Pepys
785,641,1667,April,17,walk,
641,785,1667,April,17,walk,
785,9,1667,April,18,walk,
9,23,1667,April,18,walk,
23,785,1667,April,18,walk,
785,193,1667,April,18,coach,Elizabeth Pepys
193,785,1667,April,18,coach,Elizabeth Pepys
785,1037,1667,April,19,coach,Elizabeth Pepys
1037,193,1667,April,19,coach,Elizabeth Pepys
193,785,1667,April,19,coach,Elizabeth Pepys
785,9,1667,April,20,walk,
9,785,1667,April,20,walk,
785,1105,1667,April,20,walk,Elizabeth Pepys
1105,193,1667,April,20,walk,Elizabeth Pepys
193,785,1667,April,20,coach,Elizabeth Pepys
785,9,1667,April,21,walk,Elizabeth Pepys; Mary Mercer
9,785,1667,April,21,walk,Elizabeth Pepys; Mary Mercer
785,1114,1667,April,21,coach,Elizabeth Pepys; Mary Mercer
1114,267,1667,April,21,coach,Elizabeth Pepys; Mary Mercer
267,157,1667,April,21,coach,Elizabeth Pepys; Mary Mercer
157,785,1667,April,21,coach,Elizabeth Pepys; Mary Mercer
785,1112,1667,April,22,walk,
1112,3,1667,April,22,boat,
3,107,1667,April,22,walk,
107,1231,1667,April,22,coach,Sir George Carteret
1231,785,1667,April,22,coach,Sir George Carteret
785,36,1667,April,22,boat,
36,37,1667,April,22,walk,
37,31,1667,April,22,boat,Captain Cocke
31,785,1667,April,22,boat,
785,9,1667,April,23,walk,
9,785,1667,April,23,walk,
785,1140,1667,April,23,coach,Elizabeth Pepys
1140,1001,1667,April,23,walk,
1001,1177,1667,April,23,walk,Elizabeth Pepys
1177,785,1667,April,23,walk,Elizabeth Pepys
785,380,1667,April,24,coach,Sir William Penn
380,13,1667,April,24,walk,
13,23,1667,April,24,walk,
23,785,1667,April,24,walk,
785,9,1667,April,24,walk,
9,1205,1667,April,24,coach,
1205,3,1667,April,24,walk,
3,785,1667,April,24,boat,
785,9,1667,April,25,walk,
9,861,1667,April,25,walk,
861,311,1667,April,25,coach,
311,345,1667,April,25,walk,
345,311,1667,April,25,walk,
311,785,1667,April,25,coach,
785,861,1667,April,25,walk,
861,785,1667,April,25,walk,
785,3,1667,April,26,coach,Sir William Batten; Sir William Penn
3,380,1667,April,26,walk,
380,13,1667,April,26,walk,
13,1112,1667,April,26,boat,
1112,785,1667,April,26,boat,
785,3,1667,April,26,coach,Sir William Batten
3,785,1667,April,26,coach,Sir William Batten
785,9,1667,April,26,walk,
9,785,1667,April,26,walk,
785,9,1667,April,27,walk,
9,785,1667,April,27,walk,
785,9,1667,April,28,walk,Elizabeth Pepys
9,785,1667,April,28,walk,Elizabeth Pepys
785,1153,1667,April,28,boat,
1153,1229,1667,April,28,boat,
1229,31,1667,April,28,boat,
31,1230,1667,April,28,walk,
1230,30,1667,April,28,walk,
30,785,1667,April,28,boat,
785,9,1667,April,29,walk,
9,3,1667,April,29,walk,
3,785,1667,April,29,coach,Elizabeth Pepys
785,3,1667,April,29,boat,
3,1140,1667,April,29,coach,Elizabeth Pepys
1140,785,1667,April,29,coach,Elizabeth Pepys
785,9,1667,April,30,walk,
9,23,1667,April,30,walk,
23,785,1667,April,30,walk,
785,9,1667,April,30,boat,
9,3,1667,April,30,boat,
3,911,1667,April,30,walk,
911,785,1667,April,30,coach,Elizabeth Pepys
785,1128,1667,May,1,walk,
1128,13,1667,May,1,walk,
13,1176,1667,May,1,walk,Doll Lane
1176,66,1667,May,1,walk,
66,785,1667,May,1,walk,
785,9,1667,May,2,walk,
9,311,1667,May,2,walk,Mr Gawden
311,1005,1667,May,2,walk,Mr Gawden
1005,785,1667,May,2,walk,
785,9,1667,May,2,walk,
9,785,1667,May,2,walk,
785,380,1667,May,3,coach,Sir John Minnes; Sir William Batten; Sir William Penn
380,1128,1667,May,3,walk,
1128,311,1667,May,3,walk,
311,13,1667,May,3,coach,
13,785,1667,May,3,boat,
785,9,1667,May,3,walk,
9,1177,1667,May,3,coach,Elizabeth Pepys
1177,116,1667,May,3,coach,Elizabeth Pepys
116,785,1667,May,3,coach,Elizabeth Pepys
785,9,1667,May,4,walk,
9,785,1667,May,4,walk,
785,3,1667,May,5,coach,Sir John Robinson
3,107,1667,May,5,walk,
107,3,1667,May,5,walk,Sir George Carteret
3,1177,1667,May,5,boat,Elizabeth Pepys
1177,1153,1667,May,5,boat,Elizabeth Pepys; Barker
1153,785,1667,May,5,boat,Elizabeth Pepys; Barker
785,311,1667,May,6,coach,
311,13,1667,May,6,walk,
13,15,1667,May,6,walk,
15,785,1667,May,6,coach,Captain Cocke
785,9,1667,May,6,walk,
9,641,1667,May,6,walk,
641,785,1667,May,6,walk,
785,9,1667,May,6,walk,
9,785,1667,May,6,walk,
785,380,1667,May,7,coach,
380,9,1667,May,7,walk,
9,785,1667,May,7,walk,
785,9,1667,May,7,walk,
9,380,1667,May,7,coach,
380,861,1667,May,7,walk,
861,9,1667,May,7,walk,
785,380,1667,May,8,walk,
380,13,1667,May,8,walk,Sir George Carteret
13,3,1667,May,8,walk,Sir H. Cholmly
3,23,1667,May,8,walk,
23,785,1667,May,8,walk,
785,9,1667,May,8,walk,
9,785,1667,May,8,walk,
785,9,1667,May,9,walk,
9,785,1667,May,9,walk,
785,115,1667,May,9,coach,Elizabeth Pepys
115,380,1667,May,9,walk,
380,1231,1667,May,9,coach,Mr Coventry
1231,382,1667,May,9,coach,Sir George Carteret
382,3,1667,May,9,coach,
3,911,1667,May,9,walk,
911,785,1667,May,9,coach,Elizabeth Pepys
785,9,1667,May,10,walk,
9,1180,1667,May,10,walk,Lord Brouncker; Sir John Minnes; Sir William Batten; Sir William Penn
1180,9,1667,May,10,walk,
9,641,1667,May,10,walk,
641,311,1667,May,10,walk,
311,785,1667,May,10,coach,
785,9,1667,May,10,walk,
9,785,1667,May,10,walk,
785,861,1667,May,11,walk,
861,9,1667,May,11,walk,
9,785,1667,May,11,walk,
785,43,1667,May,11,coach,Elizabeth Pepys; John Creed
43,3,1667,May,11,coach,Elizabeth Pepys; John Creed
3,107,1667,May,11,walk,John Creed
107,785,1667,May,11,coach,Elizabeth Pepys
785,9,1667,May,11,walk,
785,3,1667,May,12,coach,Elizabeth Pepys
3,1236,1667,May,12,coach,Elizabeth Pepys
1236,157,1667,May,12,coach,Elizabeth Pepys
157,267,1667,May,12,walk,Elizabeth Pepys
267,785,1667,May,12,coach,Elizabeth Pepys
785,9,1667,May,13,walk,
9,311,1667,May,13,coach,Elizabeth Pepys
311,345,1667,May,13,walk,
345,785,1667,May,13,coach,Elizabeth Pepys
785,9,1667,May,13,walk,
9,785,1667,May,13,walk,
785,9,1667,May,14,walk,
9,785,1667,May,14,walk,
785,1231,1667,May,14,coach,
1231,785,1667,May,14,coach,
785,9,1667,May,14,walk,
9,861,1667,May,14,walk,
861,9,1667,May,14,walk,
785,380,1667,May,15,coach,Sir William Batten; Sir John Minnes
380,968,1667,May,15,coach,Sir George Carteret
968,785,1667,May,15,coach,
785,9,1667,May,15,walk,
9,785,1667,May,15,walk,
785,9,1667,May,16,walk,
9,1180,1667,May,16,walk,Lord Brouncker; Sir John Minnes; Sir William Batten; Sir William Penn
1180,785,1667,May,16,walk,
785,911,1667,May,16,coach,Elizabeth Pepys; Sir William Penn
911,311,1667,May,16,coach,Elizabeth Pepys; Sir William Penn
311,157,1667,May,16,coach,Elizabeth Pepys; Sir William Penn
157,785,1667,May,16,coach,Elizabeth Pepys; Sir William Penn
785,9,1667,May,17,walk,
9,1180,1667,May,17,walk,Lord Brouncker; Sir John Minnes; Sir William Batten; Sir William Penn
1180,785,1667,May,17,walk,
785,641,1667,May,17,walk,
641,380,1667,May,17,walk,
380,785,1667,May,17,boat,
785,9,1667,May,18,walk,
9,785,1667,May,18,walk,
785,9,1667,May,19,walk,Elizabeth Pepys
9,785,1667,May,19,walk,Elizabeth Pepys
785,3,1667,May,19,boat,
3,785,1667,May,19,boat,
785,1128,1667,May,20,coach,
1128,13,1667,May,20,walk,
13,785,1667,May,20,walk,
785,43,1667,May,20,walk,
43,1112,1667,May,20,walk,
1112,1001,1667,May,20,boat,
1001,104,1667,May,20,walk,
104,785,1667,May,20,coach,
785,9,1667,May,21,walk,
9,785,1667,May,21,walk,
785,3,1667,May,22,boat,
3,380,1667,May,22,walk,
380,13,1667,May,22,walk,Sir George Carteret
13,1234,1667,May,22,coach,
1234,23,1667,May,22,walk,
23,785,1667,May,22,walk,
785,242,1667,May,22,coach,John Creed
242,1105,1667,May,22,walk,John Creed
1105,785,1667,May,22,walk,
785,861,1667,May,22,walk,
861,785,1667,May,22,walk,
785,9,1667,May,23,walk,
9,785,1667,May,23,walk,
785,9,1667,May,24,walk,
9,3,1667,May,24,walk,Sir William Penn
3,785,1667,May,24,boat,
785,9,1667,May,25,walk,
9,785,1667,May,25,walk,
785,9,1667,May,26,walk,Elizabeth Pepys
9,785,1667,May,26,walk,Elizabeth Pepys
785,1001,1667,May,26,boat,
1001,1153,1667,May,26,boat,
1153,1112,1667,May,26,boat,
1112,785,1667,May,26,walk,
785,3,1667,May,27,boat,
3,380,1667,May,27,walk,
380,785,1667,May,27,boat,
785,641,1667,May,27,walk,
641,380,1667,May,27,walk,
380,785,1667,May,27,walk,
785,9,1667,May,27,walk,
9,785,1667,May,27,walk,
785,9,1667,May,28,walk,
9,785,1667,May,28,walk,
785,402,1667,May,28,boat,John Creed
402,3,1667,May,28,boat,John Creed
3,1112,1667,May,28,boat,
1112,785,1667,May,28,walk,
785,861,1667,May,28,walk,
861,785,1667,May,28,walk,
785,380,1667,May,29,coach,
380,13,1667,May,29,walk,Sir George Carteret
13,1237,1667,May,29,boat,
1237,3,1667,May,29,boat,
3,107,1667,May,29,walk,
107,785,1667,May,29,boat,
785,9,1667,May,30,walk,
9,785,1667,May,30,walk,
785,171,1667,May,30,walk,
171,785,1667,May,30,coach,
785,3,1667,May,31,boat,
3,1239,1667,May,31,walk,
1239,3,1667,May,31,walk,Sir George Carteret
3,785,1667,May,31,walk,Mr Gawden
785,9,1667,May,31,walk,
9,785,1667,May,31,walk,
785,9,1667,June,1,walk,
9,785,1667,June,1,walk,
785,1153,1667,June,2,boat,
1153,785,1667,June,2,boat,
785,380,1667,June,3,coach,
380,13,1667,June,3,walk,
13,31,1667,June,3,boat,
31,1240,1667,June,3,walk,
1240,31,1667,June,3,walk,
31,1239,1667,June,3,boat,John Creed
1239,402,1667,June,3,boat,John Creed
402,3,1667,June,3,boat,John Creed
3,785,1667,June,3,boat,
785,9,1667,June,4,walk,
9,785,1667,June,4,walk,
785,9,1667,June,5,walk,
9,3,1667,June,5,walk,
3,380,1667,June,5,walk,
380,66,1667,June,5,coach,Sir George Carteret
66,3,1667,June,5,walk,
3,785,1667,June,5,walk,
785,9,1667,June,6,walk,
9,861,1667,June,6,walk,
861,9,1667,June,6,walk,
9,785,1667,June,6,walk,
785,9,1667,June,7,walk,
9,785,1667,June,7,walk,
785,9,1667,June,8,walk,
9,785,1667,June,8,walk,
785,3,1667,June,9,boat,
3,380,1667,June,9,walk,
380,3,1667,June,9,walk,
3,785,1667,June,9,boat,John Creed
785,3,1667,June,9,walk,
3,968,1667,June,9,walk,
968,1001,1667,June,9,walk,
1001,1153,1667,June,9,boat,
1153,785,1667,June,9,boat,
785,380,1667,June,10,walk,Sir William Batten; Sir William Penn
380,3,1667,June,10,walk,Mr Coventry
3,31,1667,June,10,walk,Sir William Batten; Sir William Penn
31,36,1667,June,10,boat,
36,37,1667,June,10,boat,
37,1241,1667,June,10,boat,
1241,785,1667,June,10,boat,
785,9,1667,June,11,walk,
9,31,1667,June,11,boat,Sir William Batten; Sir William Penn
31,785,1667,June,11,boat,
785,9,1667,June,11,walk,
9,785,1667,June,11,walk,
785,9,1667,June,12,walk,
9,1244,1667,June,12,coach,
1244,785,1667,June,12,coach,Elizabeth Pepys
785,9,1667,June,13,walk,
9,1245,1667,June,13,walk,
1245,785,1667,June,13,walk,
785,9,1667,June,13,walk,
9,785,1667,June,13,walk,
785,9,1667,June,14,walk,
9,785,1667,June,14,walk,
785,9,1667,June,15,walk,
9,785,1667,June,15,walk,
785,9,1667,June,16,walk,
9,785,1667,June,16,walk,
785,9,1667,June,17,walk,
9,785,1667,June,17,walk,
785,9,1667,June,18,walk,
9,785,1667,June,18,walk,
785,9,1667,June,19,walk,
9,861,1667,June,19,walk,
861,3,1667,June,19,coach,
3,785,1667,June,19,coach,Elizabeth Pepys
785,9,1667,June,20,walk,
9,785,1667,June,20,walk,
785,3,1667,June,21,boat,
3,785,1667,June,21,walk,
785,9,1667,June,21,walk,
9,785,1667,June,21,walk,
785,9,1667,June,22,walk,
9,785,1667,June,22,walk,
785,9,1667,June,23,walk,Elizabeth Pepys
9,785,1667,June,23,walk,Elizabeth Pepys
785,37,1667,June,23,boat,
37,1243,1667,June,23,walk,Captain Cocke
1243,36,1667,June,23,boat,Captain Cocke
36,1077,1667,June,23,walk,Captain Cocke
1077,43,1667,June,23,boat,Matt. Wren; Mr Fenn
43,785,1667,June,23,walk,
785,9,1667,June,24,walk,
9,785,1667,June,24,walk,
785,3,1667,June,25,coach,Sir William Penn
3,380,1667,June,25,walk,
380,3,1667,June,25,walk,
3,13,1667,June,25,walk,
13,785,1667,June,25,coach,
785,9,1667,June,25,walk,
9,3,1667,June,25,walk,
3,785,1667,June,25,walk,
785,3,1667,June,26,boat,
3,1239,1667,June,26,walk,
1239,13,1667,June,26,walk,
13,15,1667,June,26,walk,
15,104,1667,June,26,walk,
104,3,1667,June,26,walk,
3,785,1667,June,26,coach,
785,157,1667,June,26,coach,Elizabeth Pepys; Mary Mercer
157,1114,1667,June,26,coach,Elizabeth Pepys; Mary Mercer
1114,785,1667,June,26,coach,Elizabeth Pepys; Mary Mercer
785,9,1667,June,27,walk,
9,785,1667,June,27,walk,
785,380,1667,June,28,coach,Sir H. Cholmly
380,1239,1667,June,28,walk,
1239,15,1667,June,28,walk,
15,3,1667,June,28,walk,
3,785,1667,June,28,boat,
785,9,1667,June,29,walk,
9,380,1667,June,29,coach,
380,3,1667,June,29,walk,Sir William Penn
3,1239,1667,June,29,walk,
1239,785,1667,June,29,coach,
785,9,1667,June,29,walk,
9,785,1667,June,29,walk,
785,424,1667,June,30,coach,John Creed
424,1061,1667,June,30,boat,John Creed
1061,122,1667,June,30,walk,John Creed
122,1246,1667,June,30,walk,John Creed
1246,1247,1667,June,30,boat,John Creed
1247,424,1667,June,30,boat,John Creed
424,1248,1667,June,30,walk,John Creed
1248,1249,1667,June,30,walk,John Creed
1249,1248,1667,June,30,walk,John Creed
1248,1250,1667,July,1,coach,John Creed
1250,785,1667,July,1,coach,John Creed
785,9,1667,July,1,walk,
9,785,1667,July,1,walk,
785,9,1667,July,2,walk,
9,785,1667,July,2,walk,
785,861,1667,July,3,walk,
861,1112,1667,July,3,boat,
1112,3,1667,July,3,boat,
3,13,1667,July,3,walk,
13,1001,1667,July,3,walk,
1001,3,1667,July,3,walk,
3,785,1667,July,3,walk,
785,9,1667,July,3,walk,
9,861,1667,July,3,walk,
861,785,1667,July,3,walk,
785,1251,1667,July,4,walk,
1251,1252,1667,July,4,walk,
1252,1251,1667,July,4,walk,
1251,19,1667,July,4,walk,
19,785,1667,July,4,walk,
785,9,1667,July,4,walk,
9,785,1667,July,4,walk,
785,9,1667,July,5,walk,
9,785,1667,July,5,walk,
785,9,1667,July,5,coach,Sir William Penn
9,3,1667,July,5,coach,Sir William Penn
3,345,1667,July,5,walk,
345,785,1667,July,5,walk,
785,9,1667,July,6,walk,
9,785,1667,July,6,walk,
785,104,1667,July,6,walk,
104,13,1667,July,6,walk,
13,1001,1667,July,6,walk,
1001,3,1667,July,6,walk,
3,785,1667,July,6,coach,
785,9,1667,July,7,walk,Elizabeth Pepys
9,785,1667,July,7,walk,Elizabeth Pepys
785,102,1667,July,7,boat,Elizabeth Pepys; Jane
102,785,1667,July,7,boat,Elizabeth Pepys; Jane
785,13,1667,July,8,coach,Elizabeth Pepys
13,3,1667,July,8,walk,
3,115,1667,July,8,walk,Elizabeth Pepys; John Creed
115,785,1667,July,8,walk,Elizabeth Pepys; John Creed
785,1256,1667,July,8,coach,Elizabeth Pepys
1256,785,1667,July,8,coach,Elizabeth Pepys
785,9,1667,July,9,walk,
9,785,1667,July,9,walk,
785,9,1667,July,10,walk,
9,785,1667,July,10,walk,
785,9,1667,July,11,walk,
9,785,1667,July,11,walk,
785,3,1667,July,12,coach,
3,1239,1667,July,12,walk,
1239,15,1667,July,12,walk,
15,1128,1667,July,12,walk,Sir H. Cholmly
1128,66,1667,July,12,coach,Sir H. Cholmly
66,380,1667,July,12,coach,
380,785,1667,July,12,coach,
785,9,1667,July,12,walk,
9,785,1667,July,12,walk,
785,9,1667,July,13,walk,
9,785,1667,July,13,walk,
785,345,1667,July,13,coach,Elizabeth Pepys
345,380,1667,July,13,walk,
380,3,1667,July,13,walk,
3,345,1667,July,13,walk,
345,785,1667,July,13,coach,Elizabeth Pepys
785,1258,1667,July,14,coach,Elizabeth Pepys; Betty Turner; William Hewer
1258,1257,1667,July,14,walk,Elizabeth Pepys; Betty Turner; William Hewer
1257,9,1667,July,14,coach,
9,1257,1667,July,14,coach,
1257,1258,1667,July,14,coach,Elizabeth Pepys; Betty Turner; William Hewer
1258,1260,1667,July,14,walk,Elizabeth Pepys; Betty Turner; William Hewer
1260,1259,1667,July,14,walk,Elizabeth Pepys; Betty Turner; William Hewer
1259,1257,1667,July,14,coach,Elizabeth Pepys; Betty Turner; William Hewer
1257,785,1667,July,14,coach,Elizabeth Pepys; Betty Turner; William Hewer
785,9,1667,July,16,walk,
9,785,1667,July,16,walk,
785,3,1667,July,17,coach,Elizabeth Pepys
3,1239,1667,July,17,walk,
1239,13,1667,July,17,walk,
13,3,1667,July,17,walk,
3,911,1667,July,17,walk,
911,345,1667,July,17,coach,Elizabeth Pepys
345,1128,1667,July,17,walk,
1128,242,1667,July,17,walk,
242,785,1667,July,17,coach,Elizabeth Pepys
785,9,1667,July,18,walk,
9,785,1667,July,18,walk,
785,157,1667,July,18,coach,Elizabeth Pepys; Will Batelier
157,785,1667,July,18,coach,Elizabeth Pepys; Will Batelier
785,15,1667,July,19,walk,
15,785,1667,July,19,coach,Mr Gawden
785,9,1667,July,19,walk,
9,861,1667,July,19,walk,
861,785,1667,July,19,walk,
785,9,1667,July,20,walk,
9,785,1667,July,20,walk,
785,9,1667,July,21,walk,
9,785,1667,July,21,walk,
785,1153,1667,July,21,boat,Elizabeth Pepys; Mary Mercer
1153,98,1667,July,21,boat,Elizabeth Pepys; Mary Mercer
98,785,1667,July,21,boat,Elizabeth Pepys; Mary Mercer
785,380,1667,July,22,walk,Sir William Batten; Sir John Minnes
380,1231,1667,July,22,coach,Mr Gawden
1231,23,1667,July,22,coach,Mr Gawden
23,785,1667,July,22,walk,
785,3,1667,July,22,coach,Elizabeth Pepys
3,911,1667,July,22,walk,
911,13,1667,July,22,walk,John Creed
13,785,1667,July,22,coach,Elizabeth Pepys
785,9,1667,July,23,walk,
9,785,1667,July,23,walk,
785,9,1667,July,24,walk,
9,1263,1667,July,24,boat,
1263,785,1667,July,24,boat,
785,9,1667,July,25,walk,
9,785,1667,July,25,walk,
785,9,1667,July,26,walk,
9,785,1667,July,26,walk,
785,345,1667,July,26,coach,Elizabeth Pepys
345,13,1667,July,26,boat,
13,3,1667,July,26,walk,
3,911,1667,July,26,walk,
911,785,1667,July,26,coach,Elizabeth Pepys
785,9,1667,July,27,walk,
9,23,1667,July,27,walk,
23,968,1667,July,27,walk,
968,785,1667,July,27,walk,
785,9,1667,July,27,walk,
9,785,1667,July,27,walk,
785,380,1667,July,29,coach,Sir William Batten
380,13,1667,July,29,walk,
13,908,1667,July,29,walk,
908,13,1667,July,29,walk,
13,23,1667,July,29,walk,Roger Pepys; John Creed
23,785,1667,July,29,coach,Roger Pepys; John Creed
785,242,1667,July,29,coach,Roger Pepys; John Creed
242,3,1667,July,29,coach,John Creed
3,13,1667,July,29,walk,
13,104,1667,July,29,walk,
104,785,1667,July,29,coach,
785,3,1667,July,30,coach,
3,1239,1667,July,30,walk,
1239,785,1667,July,30,coach,John Creed
785,9,1667,July,30,walk,
9,785,1667,July,30,walk,
785,9,1667,July,31,walk,
9,785,1667,July,31,walk,
785,1262,1667,July,31,coach,Elizabeth Pepys
1262,785,1667,July,31,coach,Elizabeth Pepys
785,9,1667,August,1,walk,
9,861,1667,August,1,walk,Elizabeth Pepys
861,1105,1667,August,1,walk,Elizabeth Pepys; Betty Turner
1105,964,1667,August,1,coach,Elizabeth Pepys; Betty Turner; Mrs Knipp
964,1183,1667,August,1,coach,Elizabeth Pepys; Betty Turner
1183,785,1667,August,1,coach,Elizabeth Pepys; Betty Turner
785,9,1667,August,2,walk,
9,785,1667,August,2,walk,
785,1093,1667,August,2,walk,
1093,785,1667,August,2,walk,
785,9,1667,August,3,walk,
9,3,1667,August,3,coach,
3,1239,1667,August,3,walk,
1239,785,1667,August,3,coach,
785,9,1667,August,3,walk,
9,785,1667,August,3,walk,
785,9,1667,August,4,walk,
9,785,1667,August,4,walk,
785,380,1667,August,5,walk,Sir William Batten
380,107,1667,August,5,walk,Mr Gawden
107,23,1667,August,5,coach,Mr Gawden
23,861,1667,August,5,walk,Elizabeth Pepys
861,193,1667,August,5,walk,Elizabeth Pepys; Sir William Penn
193,785,1667,August,5,walk,Elizabeth Pepys
785,9,1667,August,5,walk,
9,785,1667,August,5,walk,
785,9,1667,August,6,walk,
9,785,1667,August,6,walk,
785,9,1667,August,6,walk,
9,861,1667,August,6,walk,
861,785,1667,August,6,walk,
785,9,1667,August,7,walk,
9,785,1667,August,7,walk,
785,1265,1667,August,7,walk,Jane; Tom
1265,785,1667,August,7,boat,Jane; Tom
785,9,1667,August,8,walk,
9,785,1667,August,8,walk,
785,242,1667,August,8,coach,Elizabeth Pepys
242,3,1667,August,8,coach,
3,785,1667,August,8,coach,Elizabeth Pepys
785,116,1667,August,8,coach,Elizabeth Pepys
116,785,1667,August,8,coach,Elizabeth Pepys
785,13,1667,August,9,coach,Sir H. Cholmly
13,785,1667,August,9,coach,
785,380,1667,August,9,coach,
380,107,1667,August,9,walk,Mr Coventry
107,380,1667,August,9,walk,Mr Coventry
380,785,1667,August,9,coach,
785,9,1667,August,10,walk,
9,785,1667,August,10,walk,
785,345,1667,August,10,walk,
345,785,1667,August,10,walk,
785,943,1667,August,11,coach,Elizabeth Pepys; Betty Turner; William Hewer
943,1268,1667,August,11,coach,Elizabeth Pepys; Betty Turner; William Hewer
1268,1269,1667,August,11,coach,Elizabeth Pepys; Betty Turner; William Hewer
1269,213,1667,August,11,walk,Elizabeth Pepys; Betty Turner; William Hewer
213,1270,1667,August,11,walk,Elizabeth Pepys; Betty Turner; William Hewer
1270,1269,1667,August,11,walk,Elizabeth Pepys; Betty Turner; William Hewer
1269,1271,1667,August,11,coach,Elizabeth Pepys; Betty Turner; William Hewer
1271,785,1667,August,11,coach,Elizabeth Pepys; Betty Turner; William Hewer
785,380,1667,August,12,coach,Mr Gawden
380,13,1667,August,12,walk,
13,345,1667,August,12,walk,
345,785,1667,August,12,walk,
785,861,1667,August,12,walk,
861,1105,1667,August,12,walk,
1105,1272,1667,August,12,coach,Elizabeth Pierce; Mrs Knipp; Mrs Corbett
1272,785,1667,August,12,coach,
785,9,1667,August,13,walk,
9,380,1667,August,13,coach,Sir William Penn
380,1105,1667,August,13,walk,Sir William Penn
1105,785,1667,August,13,coach,Sir William Penn
785,9,1667,August,13,walk,
9,785,1667,August,13,walk,
785,9,1667,August,14,walk,
9,861,1667,August,14,walk,
861,1105,1667,August,14,coach,
1105,785,1667,August,14,coach,
785,9,1667,August,14,walk,
9,785,1667,August,14,walk,
785,9,1667,August,15,walk,
9,380,1667,August,15,walk,Sir John Minnes; Sir William Batten; Sir William Penn
380,193,1667,August,15,walk,Sir William Penn
193,1105,1667,August,15,walk,Sir William Penn
1105,193,1667,August,15,walk,Sir William Penn; Elizabeth Pepys
193,785,1667,August,15,coach,Sir William Penn; Elizabeth Pepys
785,9,1667,August,15,walk,
9,785,1667,August,15,walk,
785,9,1667,August,16,walk,
9,785,1667,August,16,walk,
785,193,1667,August,16,coach,Elizabeth Pepys
193,345,1667,August,16,walk,Elizabeth Pepys
345,785,1667,August,16,walk,Elizabeth Pepys
785,9,1667,August,17,walk,
9,785,1667,August,17,walk,
785,1105,1667,August,17,walk,Elizabeth Pepys; Sir William Penn
1105,397,1667,August,17,coach,Sir William Penn
397,785,1667,August,17,coach,
785,602,1667,August,18,walk,
602,785,1667,August,18,walk,
785,9,1667,August,18,walk,Elizabeth Pepys
9,785,1667,August,18,walk,Elizabeth Pepys
785,429,1667,August,18,walk,
429,785,1667,August,18,coach,
785,157,1667,August,18,coach,Elizabeth Pepys
157,785,1667,August,18,coach,Elizabeth Pepys
785,15,1667,August,19,walk,
15,785,1667,August,19,walk,
785,9,1667,August,19,walk,
9,193,1667,August,19,coach,
193,785,1667,August,19,coach,
785,9,1667,August,20,walk,
9,785,1667,August,20,walk,
785,345,1667,August,20,coach,Elizabeth Pepys
345,380,1667,August,20,walk,
380,345,1667,August,20,walk,Lord Brouncker
345,193,1667,August,20,walk,Lord Brouncker
193,785,1667,August,20,coach,Elizabeth Pepys
785,9,1667,August,21,walk,
9,785,1667,August,21,walk,
785,1239,1667,August,21,walk,
1239,13,1667,August,21,walk,
13,1001,1667,August,21,walk,
1001,397,1667,August,21,coach,Elizabeth Pepys
397,785,1667,August,21,coach,Elizabeth Pepys
785,43,1667,August,22,walk,Lord Brouncker; Sir John Minnes; Sir William Penn
43,9,1667,August,22,walk,
9,1024,1667,August,22,walk,Lord Brouncker
1024,1105,1667,August,22,coach,Lord Brouncker
1105,785,1667,August,22,coach,
785,9,1667,August,22,walk,
9,785,1667,August,22,walk,
785,1201,1667,August,23,coach,Sir William Penn
1201,3,1667,August,23,walk,Sir William Penn
3,15,1667,August,23,walk,
15,785,1667,August,23,walk,
785,911,1667,August,23,coach,Elizabeth Pepys
911,1239,1667,August,23,walk,
1239,785,1667,August,23,walk,
785,1105,1667,August,23,coach,Elizabeth Pepys
1105,1276,1667,August,23,coach,Elizabeth Pepys; Betty Turner
1276,785,1667,August,23,coach,Elizabeth Pepys
785,9,1667,August,24,walk,
9,785,1667,August,24,walk,
785,1105,1667,August,24,coach,John Creed
1105,242,1667,August,24,coach,John Creed
242,397,1667,August,24,coach,Elizabeth Pepys
397,785,1667,August,24,coach,Elizabeth Pepys
785,9,1667,August,25,walk,Elizabeth Pepys
9,785,1667,August,25,walk,Elizabeth Pepys
785,3,1667,August,25,boat,Mr Pelling
3,104,1667,August,25,walk,
104,1229,1667,August,25,boat,
1229,1153,1667,August,25,walk,
1153,785,1667,August,25,boat,
785,9,1667,August,26,walk,
9,861,1667,August,26,walk,
861,3,1667,August,26,walk,Sir John Minnes
3,1105,1667,August,26,walk,Sir William Penn
1105,785,1667,August,26,coach,Sir William Penn
785,9,1667,August,26,walk,
9,785,1667,August,26,walk,
785,9,1667,August,27,walk,
9,785,1667,August,27,walk,
785,345,1667,August,27,coach,Elizabeth Pepys; Sir William Penn
345,380,1667,August,27,walk,Sir William Penn; Sir John Minnes; Sir William Batten
380,3,1667,August,27,walk,
3,23,1667,August,27,walk,
23,37,1667,August,27,boat,
37,785,1667,August,27,boat,
785,3,1667,August,28,walk,
3,785,1667,August,28,walk,
785,240,1667,August,28,coach,Lady Batten; Lady Penn
240,785,1667,August,28,coach,Elizabeth Pepys
785,9,1667,August,29,walk,
9,66,1667,August,29,walk,
66,3,1667,August,29,walk,
3,785,1667,August,29,walk,
785,3,1667,August,29,walk,
3,968,1667,August,29,walk,
968,66,1667,August,29,walk,
66,785,1667,August,29,walk,
785,9,1667,August,29,walk,
9,785,1667,August,29,walk,
785,3,1667,August,30,walk,
3,15,1667,August,30,walk,
15,1274,1667,August,30,coach,Elizabeth Pepys
1274,240,1667,August,30,coach,
240,785,1667,August,30,coach,Elizabeth Pepys
785,9,1667,August,31,walk,
9,785,1667,August,31,walk,
785,3,1667,August,31,walk,
3,911,1667,August,31,walk,
911,785,1667,August,31,coach,Elizabeth Pepys
785,113,1667,September,1,boat,
113,1001,1667,September,1,boat,
1001,3,1667,September,1,walk,John Creed
3,785,1667,September,1,boat,
785,380,1667,September,2,coach,Sir John Minnes
380,3,1667,September,2,coach,Mr Coventry
3,785,1667,September,2,coach,
785,397,1667,September,2,coach,Elizabeth Pepys
397,785,1667,September,2,coach,Elizabeth Pepys
785,9,1667,September,3,walk,
9,785,1667,September,3,walk,
785,345,1667,September,3,coach,Elizabeth Pepys
345,380,1667,September,3,walk,
380,3,1667,September,3,walk,
3,345,1667,September,3,walk,
345,785,1667,September,3,coach,Elizabeth Pepys
785,3,1667,September,4,walk,
3,785,1667,September,4,walk,
785,1280,1667,September,4,walk,Elizabeth Pepys; William Hewer
1280,1281,1667,September,4,walk,Elizabeth Pepys; William Hewer
1281,193,1667,September,4,walk,Elizabeth Pepys; William Hewer
193,785,1667,September,4,walk,Elizabeth Pepys; William Hewer
785,9,1667,September,5,walk,
9,785,1667,September,5,walk,
785,193,1667,September,5,coach,Elizabeth Pepys; Sir William Penn; Mary Batelier
193,1279,1667,September,5,walk,Elizabeth Pepys
1279,193,1667,September,5,walk,Elizabeth Pepys
193,785,1667,September,5,coach,Elizabeth Pepys; Sir William Penn
785,15,1667,September,6,walk,
15,13,1667,September,6,walk,
13,104,1667,September,6,walk,Doll Lane
104,785,1667,September,6,walk,
785,1274,1667,September,6,coach,Betty Turner
1274,240,1667,September,6,coach,Elizabeth Pepys
240,785,1667,September,6,coach,Elizabeth Pepys
785,9,1667,September,7,walk,
9,785,1667,September,7,walk,
785,345,1667,September,7,coach,Elizabeth Pepys
345,785,1667,September,7,coach,Elizabeth Pepys
785,397,1667,September,7,coach,Elizabeth Pepys
397,785,1667,September,7,coach,Elizabeth Pepys
785,380,1667,September,8,walk,
380,3,1667,September,8,walk,Lord Brouncker
3,1282,1667,September,8,walk,
1282,3,1667,September,8,walk,
3,968,1667,September,8,walk,
968,1001,1667,September,8,walk,
1001,785,1667,September,8,coach,
785,9,1667,September,9,walk,
9,1237,1667,September,9,boat,John Creed; Elizabeth Pepys
1237,3,1667,September,9,walk,
3,1237,1667,September,9,boat,
1237,785,1667,September,9,coach,John Creed; Elizabeth Pepys
785,861,1667,September,9,walk,
861,785,1667,September,9,walk,
785,9,1667,September,10,walk,
9,380,1667,September,10,walk,
380,107,1667,September,10,walk,Mr Povy
107,3,1667,September,10,walk,
3,345,1667,September,10,coach,Elizabeth Pepys; Mary Mercer
345,785,1667,September,10,coach,Elizabeth Pepys; Mary Mercer
785,9,1667,September,10,walk,
9,785,1667,September,10,walk,
785,15,1667,September,11,walk,Mr Gawden
15,23,1667,September,11,walk,
23,785,1667,September,11,walk,
785,3,1667,September,11,boat,Sir William Batten
3,1239,1667,September,11,walk,
1239,193,1667,September,11,coach,
193,785,1667,September,11,coach,Elizabeth Pepys; Betty Turner
785,9,1667,September,12,walk,
9,15,1667,September,12,horse,
15,58,1667,September,12,walk,
58,1001,1667,September,12,walk,
1001,193,1667,September,12,walk,Elizabeth Pepys; William Hewer
193,785,1667,September,12,coach,Elizabeth Pepys; William Hewer
785,9,1667,September,12,walk,
9,785,1667,September,12,walk,
785,1284,1667,September,13,coach,Sir William Batten; Elizabeth Pepys; Betty Turner
1284,785,1667,September,13,coach,Sir William Batten; Elizabeth Pepys; Betty Turner
785,9,1667,September,14,walk,
9,785,1667,September,14,walk,
785,23,1667,September,14,walk,Elizabeth Pepys
23,785,1667,September,14,walk,Elizabeth Pepys
785,9,1667,September,15,walk,Elizabeth Pepys
9,785,1667,September,15,walk,Elizabeth Pepys
785,15,1667,September,16,walk,Sir H. Cholmly
15,345,1667,September,16,walk,
345,1184,1667,September,16,walk,Elizabeth Pepys; Mary Mercer
1184,1105,1667,September,16,walk,Elizabeth Pepys; Mary Mercer
1105,193,1667,September,16,walk,Elizabeth Pepys; Mary Mercer
193,1105,1667,September,16,walk,Elizabeth Pepys; Mary Mercer
1105,1286,1667,September,16,coach,Elizabeth Pepys; Mary Mercer
1286,785,1667,September,16,coach,Elizabeth Pepys; Mary Mercer
785,9,1667,September,17,walk,
9,1112,1667,September,17,walk,
1112,13,1667,September,17,boat,
13,1001,1667,September,17,walk,
1001,242,1667,September,17,coach,Sir H. Cholmly
242,785,1667,September,17,walk,
785,9,1667,September,17,walk,
9,785,1667,September,17,walk,
785,1231,1667,September,18,coach,Captain Cocke
1231,380,1667,September,18,coach,
380,9,1667,September,18,walk,
9,785,1667,September,18,walk,
785,9,1667,September,18,walk,
785,9,1667,September,19,walk,
9,785,1667,September,19,walk,
785,9,1667,September,20,walk,
9,785,1667,September,20,walk,
785,1105,1667,September,20,coach,Sir William Penn
1105,785,1667,September,20,coach,Elizabeth Pepys
785,9,1667,September,21,walk,
9,345,1667,September,21,coach,Elizabeth Pepys
345,116,1667,September,21,coach,Elizabeth Pepys
116,397,1667,September,21,coach,Elizabeth Pepys
397,785,1667,September,21,coach,Elizabeth Pepys
785,23,1667,September,23,walk,
23,113,1667,September,23,walk,
113,23,1667,September,23,boat,
23,380,1667,September,23,coach,
380,3,1667,September,23,walk,
3,13,1667,September,23,boat,
13,1128,1667,September,23,walk,
1128,23,1667,September,23,walk,
23,785,1667,September,23,coach,
785,1005,1667,September,23,coach,Elizabeth Pepys
1005,3,1667,September,23,coach,Sir H. Cholmly
3,911,1667,September,23,walk,
911,116,1667,September,23,coach,Elizabeth Pepys
116,785,1667,September,23,coach,Elizabeth Pepys
785,9,1667,September,24,walk,
9,785,1667,September,24,walk,
785,380,1667,September,24,coach,
380,785,1667,September,24,coach,Sir William Batten; Sir William Penn
785,3,1667,September,25,walk,
3,968,1667,September,25,coach,
968,1105,1667,September,25,coach,
1105,785,1667,September,25,coach,Elizabeth Pepys
785,9,1667,September,26,walk,
9,785,1667,September,26,walk,
785,1105,1667,September,26,coach,Elizabeth Pepys
1105,115,1667,September,26,coach,Elizabeth Pepys
115,785,1667,September,26,coach,Elizabeth Pepys
785,9,1667,September,27,walk,
9,785,1667,September,27,walk,
785,1285,1667,September,27,walk,Mr Pelling
1285,785,1667,September,27,coach,
785,9,1667,September,28,walk,
9,785,1667,September,28,walk,
785,242,1667,September,28,coach,Sir Fretcheville Hollis
242,193,1667,September,28,walk,
193,785,1667,September,28,coach,
785,176,1667,September,29,walk,
176,785,1667,September,29,walk,
785,3,1667,September,30,boat,
3,380,1667,September,30,walk,
380,3,1667,September,30,walk,
3,13,1667,September,30,boat,
13,104,1667,September,30,walk,
104,1001,1667,September,30,walk,
1001,785,1667,September,30,coach,
785,9,1667,October,1,walk,
9,785,1667,October,1,walk,
785,968,1667,October,1,coach,Elizabeth Pepys; Deborah Willet
968,1287,1667,October,1,coach,
1287,785,1667,October,1,coach,
785,9,1667,October,2,walk,
9,785,1667,October,2,walk,
785,1239,1667,October,2,coach,
1239,345,1667,October,2,coach,Elizabeth Pepys; Deborah Willet
345,1105,1667,October,2,walk,Elizabeth Pepys; Deborah Willet
1105,1286,1667,October,2,coach,Elizabeth Pepys; Deborah Willet
1286,785,1667,October,2,coach,Elizabeth Pepys; Deborah Willet
785,380,1667,October,3,walk,
380,3,1667,October,3,walk,
3,968,1667,October,3,walk,Lord Brouncker; Sir William Penn
968,785,1667,October,3,coach,
785,345,1667,October,3,coach,Elizabeth Pepys; Deborah Willet
345,1289,1667,October,3,coach,Elizabeth Pepys; Deborah Willet
1289,785,1667,October,3,coach,Elizabeth Pepys; Deborah Willet
785,3,1667,October,4,walk,Lord Brouncker; Sir William Penn
3,66,1667,October,4,walk,
66,242,1667,October,4,walk,
242,1005,1667,October,4,walk,Sir H. Cholmly; John Creed
1005,1001,1667,October,4,walk,
1001,66,1667,October,4,coach,
66,785,1667,October,4,coach,
785,861,1667,October,4,walk,
861,785,1667,October,4,walk,
785,9,1667,October,5,walk,
9,1288,1667,October,5,coach,
1288,66,1667,October,5,coach,Elizabeth Pepys; Deborah Willet
66,193,1667,October,5,coach,Elizabeth Pepys; Deborah Willet
193,1105,1667,October,5,walk,Elizabeth Pepys; Deborah Willet
1105,785,1667,October,5,coach,Elizabeth Pepys; Deborah Willet
785,9,1667,October,5,walk,
9,785,1667,October,5,walk,
785,158,1667,October,6,walk,Tom (boy)
158,785,1667,October,6,walk,
785,3,1667,October,6,coach,
3,107,1667,October,6,walk,John Creed
107,3,1667,October,6,walk,
3,785,1667,October,6,coach,
785,1291,1667,October,7,coach,Elizabeth Pepys; Deborah Willet; William Hewer
1291,1292,1667,October,7,coach,Elizabeth Pepys; Deborah Willet; William Hewer
1292,1293,1667,October,7,coach,Elizabeth Pepys; Deborah Willet; William Hewer
1293,707,1667,October,8,coach,Elizabeth Pepys; Deborah Willet; William Hewer
707,1296,1667,October,8,coach,Elizabeth Pepys; Deborah Willet; William Hewer
1296,1295,1667,October,8,walk,Elizabeth Pepys; Deborah Willet; William Hewer
1295,199,1667,October,9,coach,Elizabeth Pepys; Deborah Willet; William Hewer
199,201,1667,October,9,walk,Elizabeth Pepys; Deborah Willet
201,199,1667,October,9,walk,Elizabeth Pepys; Deborah Willet
199,201,1667,October,10,coach,Elizabeth Pepys; Deborah Willet; John Pepys Sr; Pall Pepys; John Pepys Jr; William Hewer
201,199,1667,October,10,walk,Elizabeth Pepys; Deborah Willet; William Hewer
199,261,1667,October,11,coach,Elizabeth Pepys; Deborah Willet; William Hewer
261,943,1667,October,12,coach,Elizabeth Pepys; Deborah Willet; William Hewer
943,785,1667,October,12,coach,Elizabeth Pepys; Deborah Willet; William Hewer
785,861,1667,October,12,walk,
861,785,1667,October,12,walk,
785,3,1667,October,13,boat,
3,380,1667,October,13,walk,
380,3,1667,October,13,walk,
3,785,1667,October,13,boat,
785,3,1667,October,13,walk,
3,1001,1667,October,13,walk,
1001,785,1667,October,13,boat,
785,3,1667,October,14,boat,
3,380,1667,October,14,walk,
380,3,1667,October,14,walk,
3,13,1667,October,14,boat,
13,1001,1667,October,14,walk,
1001,785,1667,October,14,boat,
785,968,1667,October,14,walk,
968,13,1667,October,14,walk,
13,193,1667,October,14,coach,Elizabeth Pepys; William Hewer; Deborah Willet
193,785,1667,October,14,coach,Elizabeth Pepys; William Hewer; Deborah Willet
785,9,1667,October,15,walk,
9,785,1667,October,15,walk,
785,193,1667,October,15,coach,Elizabeth Pepys; Deborah Willet
193,785,1667,October,15,coach,Elizabeth Pepys; Deborah Willet
785,9,1667,October,16,walk,
9,968,1667,October,16,walk,Lord Brouncker
968,3,1667,October,16,coach,Lord Brouncker
3,193,1667,October,16,coach,
193,785,1667,October,16,coach,
785,9,1667,October,17,walk,
9,785,1667,October,17,walk,
785,9,1667,October,17,coach,Sir William Penn
9,397,1667,October,17,coach,Sir William Penn
397,785,1667,October,17,coach,Sir William Penn
785,3,1667,October,18,coach,Sir William Penn
3,23,1667,October,18,walk,
23,785,1667,October,18,walk,
785,1105,1667,October,18,coach,Elizabeth Pepys; John Creed; Deborah Willet
1105,785,1667,October,18,coach,Elizabeth Pepys; John Creed; Deborah Willet
785,9,1667,October,19,walk,
9,785,1667,October,19,walk,
785,1105,1667,October,19,coach,Elizabeth Pepys; Deborah Willet
1105,785,1667,October,19,coach,Elizabeth Pepys; Deborah Willet
785,380,1667,October,21,coach,
380,13,1667,October,21,walk,
13,968,1667,October,21,coach,
968,1300,1667,October,21,walk,
1300,3,1667,October,21,walk,
3,785,1667,October,21,coach,
785,9,1667,October,22,walk,
9,1300,1667,October,22,coach,Lord Brouncker; Sir William Penn; Thomas Harvey
1300,785,1667,October,22,coach,Sir William Penn
785,3,1667,October,23,coach,Sir William Penn
3,1024,1667,October,23,coach,Sir William Penn
1024,1302,1667,October,23,walk,
1302,13,1667,October,23,walk,
13,1001,1667,October,23,walk,
1001,1105,1667,October,23,coach,Sir William Penn
1105,785,1667,October,23,coach,
785,9,1667,October,24,walk,
9,785,1667,October,24,walk,
785,115,1667,October,24,coach,Elizabeth Pepys; Deborah Willet
115,397,1667,October,24,coach,Elizabeth Pepys; Deborah Willet
397,785,1667,October,24,coach,Elizabeth Pepys; Deborah Willet
785,9,1667,October,25,walk,
9,785,1667,October,25,walk,
785,1300,1667,October,25,coach,Sir William Penn
1300,785,1667,October,25,coach,Sir William Penn
785,9,1667,October,26,walk,
9,785,1667,October,26,walk,
785,9,1667,October,27,walk,
9,785,1667,October,27,walk,
785,31,1667,October,27,boat,
31,785,1667,October,27,boat,
785,1112,1667,October,28,boat,
1112,3,1667,October,28,boat,
3,380,1667,October,28,walk,
380,345,1667,October,28,coach,
345,1105,1667,October,28,coach,Elizabeth Pepys; Mary Mercer; Deborah Willet
1105,785,1667,October,28,coach,Elizabeth Pepys; Mary Mercer; Deborah Willet
785,861,1667,October,28,walk,
861,785,1667,October,28,walk,
785,9,1667,October,29,walk,
9,1305,1667,October,29,walk,Lord Brouncker
1305,13,1667,October,29,walk,Lord Brouncker
13,1300,1667,October,29,walk,
1300,785,1667,October,29,coach,Sir William Penn
785,9,1667,October,30,walk,
9,3,1667,October,30,coach,Sir William Penn
3,1300,1667,October,30,walk,
1300,785,1667,October,30,coach,Sir William Penn
785,9,1667,October,31,walk,
9,785,1667,October,31,walk,
785,1112,1667,October,31,boat,
1112,242,1667,October,31,boat,
242,13,1667,October,31,walk,
13,785,1667,October,31,coach,
785,1112,1667,November,1,boat,
1112,3,1667,November,1,boat,
3,380,1667,November,1,walk,
380,785,1667,November,1,coach,
785,3,1667,November,1,walk,
3,1282,1667,November,1,walk,
1282,23,1667,November,1,walk,John Creed
23,519,1667,November,1,walk,Sir William Warren
519,785,1667,November,1,walk,
785,1105,1667,November,1,coach,Elizabeth Pepys
1105,785,1667,November,1,coach,Elizabeth Pepys
785,9,1667,November,1,walk,
9,785,1667,November,1,walk,
785,9,1667,November,2,walk,
9,785,1667,November,2,walk,
785,1105,1667,November,2,coach,Elizabeth Pepys; Deborah Willet
1105,785,1667,November,2,coach,Elizabeth Pepys; Deborah Willet
785,176,1667,November,3,walk,Elizabeth Pepys
176,785,1667,November,3,walk,Elizabeth Pepys
785,3,1667,November,4,boat,Sir R. Ford
3,1310,1667,November,4,walk,
1310,785,1667,November,4,walk,Sir H. Cholmly
785,1128,1667,November,4,walk,Sir H. Cholmly
1128,23,1667,November,4,walk,
23,1311,1667,November,4,walk,
1311,785,1667,November,4,walk,
785,3,1667,November,4,walk,
3,13,1667,November,4,walk,
13,785,1667,November,4,coach,Elizabeth Pepys; Deborah Willet
785,9,1667,November,5,walk,
9,785,1667,November,5,walk,
785,1239,1667,November,5,coach,Elizabeth Pepys; Deborah Willet
1239,785,1667,November,5,coach,Elizabeth Pepys; Deborah Willet
785,3,1667,November,6,walk,
3,13,1667,November,6,walk,
13,785,1667,November,6,walk,
785,193,1667,November,6,coach,Elizabeth Pepys; Deborah Willet
193,785,1667,November,6,coach,Elizabeth Pepys; Deborah Willet
785,9,1667,November,7,walk,
9,785,1667,November,7,walk,
785,193,1667,November,7,coach,Elizabeth Pepys; Deborah Willet; William Hewer; Sir William Penn
193,785,1667,November,7,coach,Elizabeth Pepys; Deborah Willet; William Hewer; Sir William Penn
785,9,1667,November,8,walk,
9,785,1667,November,8,walk,
785,9,1667,November,9,walk,
9,13,1667,November,9,walk,
13,785,1667,November,9,walk,
785,9,1667,November,9,walk,
9,785,1667,November,9,walk,
785,176,1667,November,10,walk,Elizabeth Pepys
176,785,1667,November,10,walk,Elizabeth Pepys
785,3,1667,November,10,coach,Sir William Penn
3,785,1667,November,10,coach,Sir William Penn
785,968,1667,November,11,walk,Sir George Carteret; Lord Brouncker
968,242,1667,November,11,coach,Sir George Carteret
242,785,1667,November,11,walk,
785,1105,1667,November,11,coach,Elizabeth Pepys; Deborah Willet
1105,785,1667,November,11,coach,Elizabeth Pepys; Deborah Willet
785,9,1667,November,11,walk,
9,785,1667,November,11,walk,
785,9,1667,November,12,walk,
9,785,1667,November,12,walk,
785,1112,1667,November,13,walk,
1112,13,1667,November,13,boat,
13,785,1667,November,13,walk,
785,193,1667,November,13,coach,Elizabeth Pepys; Deborah Willet
193,785,1667,November,13,coach,Elizabeth Pepys; Deborah Willet
785,9,1667,November,14,walk,
9,785,1667,November,14,walk,
785,1239,1667,November,14,coach,John Creed; Elizabeth Pepys; Deborah Willet
1239,171,1667,November,14,coach,John Creed
171,785,1667,November,14,coach,
785,400,1667,November,15,walk,
400,13,1667,November,15,walk,
13,785,1667,November,15,walk,
785,9,1667,November,15,walk,
9,785,1667,November,15,walk,
785,9,1667,November,16,walk,
9,3,1667,November,16,coach,
3,13,1667,November,16,walk,
13,1309,1667,November,16,walk,
1309,785,1667,November,16,coach,
785,176,1667,November,17,walk,Elizabeth Pepys
176,785,1667,November,17,walk,Elizabeth Pepys
785,9,1667,November,17,walk,
9,785,1667,November,17,walk,
785,9,1667,November,18,walk,
9,785,1667,November,18,walk,
785,1239,1667,November,18,coach,
1239,785,1667,November,18,coach,Elizabeth Pepys; Deborah Willet
785,9,1667,November,19,walk,
9,1300,1667,November,19,walk,Lord Brouncker; Thomas Harvey
1300,785,1667,November,19,coach,William Hewer
785,9,1667,November,20,walk,
9,785,1667,November,20,walk,
785,9,1667,November,21,walk,
9,171,1667,November,21,coach,
171,1307,1667,November,21,walk,John Creed
1307,785,1667,November,21,coach,
785,1112,1667,November,22,boat,
1112,3,1667,November,22,boat,
3,13,1667,November,22,walk,John Creed
13,1128,1667,November,22,walk,John Creed
1128,131,1667,November,22,walk,John Creed
131,785,1667,November,22,coach,
785,9,1667,November,23,walk,
9,785,1667,November,23,walk,
785,9,1667,November,24,walk,
9,785,1667,November,24,walk,
785,9,1667,November,25,walk,
9,785,1667,November,25,walk,
785,9,1667,November,26,walk,
9,785,1667,November,26,walk,
785,242,1667,November,26,coach,
242,23,1667,November,26,walk,
23,1313,1667,November,26,walk,
1313,785,1667,November,26,walk,
785,1093,1667,November,27,walk,Sir John Minnes; Sir William Penn
1093,785,1667,November,27,walk,
785,9,1667,November,27,walk,
9,785,1667,November,27,walk,
785,9,1667,November,28,walk,
9,3,1667,November,28,walk,Lord Brouncker; Sir John Minnes; Thomas Harvey
3,1105,1667,November,28,walk,Elizabeth Pepys
1105,785,1667,November,28,coach,Elizabeth Pepys
785,9,1667,November,28,walk,
9,785,1667,November,28,walk,
785,9,1667,November,29,walk,
9,785,1667,November,29,walk,
785,171,1667,November,30,coach,
171,1308,1667,November,30,walk,
1308,13,1667,November,30,coach,
13,1308,1667,November,30,walk,
1308,785,1667,November,30,coach,
785,176,1667,December,1,walk,
176,785,1667,December,1,walk,
785,400,1667,December,2,walk,
400,1128,1667,December,2,walk,Sir H. Cholmly
1128,13,1667,December,2,walk,
13,66,1667,December,2,walk,
66,3,1667,December,2,walk,
3,1239,1667,December,2,walk,
1239,13,1667,December,2,walk,
13,911,1667,December,2,walk,
911,785,1667,December,2,coach,Elizabeth Pepys
785,1310,1667,December,3,coach,
1310,785,1667,December,3,coach,
785,9,1667,December,3,walk,
9,785,1667,December,3,walk,
785,861,1667,December,3,walk,
861,785,1667,December,3,walk,
785,9,1667,December,4,walk,
9,785,1667,December,4,walk,
785,911,1667,December,4,coach,Elizabeth Pepys; Deborah Willet
911,3,1667,December,4,walk,
3,13,1667,December,4,walk,
13,3,1667,December,4,walk,
3,785,1667,December,4,coach,Elizabeth Pepys; Deborah Willet
785,9,1667,December,5,walk,
9,23,1667,December,5,walk,
23,785,1667,December,5,walk,
785,9,1667,December,5,walk,
9,785,1667,December,5,walk,
785,380,1667,December,6,coach,Sir John Minnes
380,785,1667,December,6,coach,Sir John Minnes
785,911,1667,December,6,coach,Elizabeth Pepys; Deborah Willet
911,3,1667,December,6,walk,
3,785,1667,December,6,coach,Elizabeth Pepys; Deborah Willet
785,9,1667,December,7,walk,
9,785,1667,December,7,walk,
785,9,1667,December,8,walk,
9,785,1667,December,8,walk,
785,23,1667,December,9,walk,
23,785,1667,December,9,walk,
785,9,1667,December,10,walk,
9,785,1667,December,10,walk,
785,13,1667,December,10,coach,Elizabeth Pepys; Deborah Willet
13,785,1667,December,10,coach,Elizabeth Pepys; Deborah Willet
785,3,1667,December,11,coach,
3,13,1667,December,11,walk,
13,785,1667,December,11,coach,
785,9,1667,December,11,walk,
9,785,1667,December,11,walk,
785,3,1667,December,12,coach,
3,9,1667,December,12,coach,
9,785,1667,December,12,walk,
785,193,1667,December,12,walk,
193,242,1667,December,12,walk,
242,785,1667,December,12,walk,
785,13,1667,December,13,walk,
13,785,1667,December,13,walk,Roger Pepys; John Creed
785,13,1667,December,13,walk,Sir William Warren
13,1006,1667,December,13,walk,Sir William Warren
1006,279,1667,December,13,walk,Sir William Warren
279,785,1667,December,13,walk,
785,9,1667,December,14,walk,
9,785,1667,December,14,walk,
785,9,1667,December,15,walk,Elizabeth Pepys
9,785,1667,December,15,walk,Elizabeth Pepys
785,13,1667,December,16,walk,
13,785,1667,December,16,walk,
785,9,1667,December,16,walk,
9,785,1667,December,16,walk,
785,9,1667,December,17,walk,
9,3,1667,December,17,coach,Sir William Penn; Thomas Harvey
3,785,1667,December,17,coach,Sir William Penn
785,9,1667,December,17,walk,
9,785,1667,December,17,walk,
785,400,1667,December,18,walk,
400,9,1667,December,18,walk,
9,785,1667,December,18,walk,
785,861,1667,December,18,walk,Sir R. Ford
861,785,1667,December,18,walk,
785,9,1667,December,19,walk,
9,105,1667,December,19,coach,Sir William Penn
105,23,1667,December,19,walk,Sir William Penn
23,785,1667,December,19,walk,
785,9,1667,December,19,coach,
9,13,1667,December,19,coach,
13,785,1667,December,19,coach,
785,9,1667,December,20,walk,
9,785,1667,December,20,walk,
785,9,1667,December,20,walk,Sir R. Ford; Sir D. Gawden
9,861,1667,December,20,walk,Sir R. Ford; Sir D. Gawden
861,785,1667,December,20,walk,
785,9,1667,December,21,walk,
9,785,1667,December,21,walk,
785,9,1667,December,22,walk,Elizabeth Pepys
9,785,1667,December,22,walk,Elizabeth Pepys
785,1310,1667,December,23,coach,
1310,3,1667,December,23,walk,
3,1239,1667,December,23,walk,
1239,23,1667,December,23,walk,John Creed
23,785,1667,December,23,walk,
785,9,1667,December,23,walk,
9,785,1667,December,23,walk,
785,9,1667,December,24,walk,
9,380,1667,December,24,coach,
380,13,1667,December,24,walk,
13,104,1667,December,24,walk,
104,3,1667,December,24,walk,
3,453,1667,December,24,walk,
453,1314,1667,December,24,coach,
1314,785,1667,December,24,coach,
785,176,1667,December,25,walk,Elizabeth Pepys
176,785,1667,December,25,walk,Elizabeth Pepys
785,13,1667,December,26,boat,
13,104,1667,December,26,walk,
104,242,1667,December,26,walk,
242,785,1667,December,26,boat,
785,1105,1667,December,26,coach,Elizabeth Pepys
1105,785,1667,December,26,coach,Elizabeth Pepys; Sir William Penn
785,9,1667,December,26,walk,
9,785,1667,December,26,walk,
785,3,1667,December,27,boat,
3,107,1667,December,27,walk,Sir H. Cholmly
107,3,1667,December,27,walk,
3,785,1667,December,27,walk,
785,242,1667,December,27,coach,
242,3,1667,December,27,boat,
785,9,1667,December,28,walk,
9,785,1667,December,28,walk,
785,1105,1667,December,28,coach,Elizabeth Pepys; Deborah Willet
1105,785,1667,December,28,coach,Elizabeth Pepys; Deborah Willet
785,3,1667,December,30,coach,
3,968,1667,December,30,walk,
968,23,1667,December,30,walk,
23,1319,1667,December,30,coach,Captain Cocke
1319,1105,1667,December,30,coach,Sir Philip Carteret
1105,785,1667,December,30,coach,
785,1105,1667,December,30,coach,
1105,1272,1667,December,30,coach,Mrs Knipp; Elizabeth Pierce
1272,242,1667,December,30,coach,
242,785,1667,December,30,coach,
785,3,1667,December,31,coach,
3,9,1667,December,31,walk,
9,785,1667,December,31,walk,
785,911,1667,December,31,coach,Elizabeth Pepys; Deborah Willet
911,1001,1667,December,31,walk,
1001,911,1667,December,31,walk,
911,785,1667,December,31,coach,Elizabeth Pepys; Deborah Willet
785,9,1667,December,31,walk,
193,3,1668,January,1,walk,
3,1320,1668,January,1,walk,Mr Brisband
1320,785,1668,January,1,coach,
785,1184,1668,January,1,coach,
1184,785,1668,January,1,coach,
785,345,1668,January,1,coach,William Hewer
345,23,1668,January,1,walk,William Hewer
23,24,1668,January,1,walk,
24,193,1668,January,1,coach,Elizabeth Pepys
785,3,1668,January,2,coach,Sir John Minnes
3,13,1668,January,2,walk,
13,785,1668,January,2,walk,
785,345,1668,January,2,coach,Elizabeth Pepys; Deborah Willet
345,785,1668,January,2,coach,Elizabeth Pepys; Deborah Willet
785,9,1668,January,3,walk,
9,785,1668,January,3,walk,
785,3,1668,January,3,coach,
3,785,1668,January,3,coach,
785,9,1668,January,4,walk,
9,785,1668,January,4,walk,
785,242,1668,January,5,walk,Anthony Joyce
242,911,1668,January,5,coach,
911,3,1668,January,5,walk,
3,1319,1668,January,5,walk,Sir George Carteret
1319,3,1668,January,5,walk,
3,785,1668,January,5,coach,
785,3,1668,January,6,coach,
3,785,1668,January,6,coach,
785,193,1668,January,6,coach,Elizabeth Pepys; Elizabeth Pierce; Mrs Knipp; Mr Harris
193,785,1668,January,6,coach,Elizabeth Pepys; Elizabeth Pierce; Mrs Knipp; Mr Harris
785,3,1668,January,7,coach,
3,1239,1668,January,7,walk,
1239,1321,1668,January,7,coach,
1321,193,1668,January,7,walk,
193,1105,1668,January,7,walk,
1105,785,1668,January,7,coach,
785,3,1668,January,8,coach,
3,785,1668,January,8,walk,
785,1024,1668,January,8,walk,Lord Brouncker
1024,3,1668,January,8,walk,Lord Brouncker
3,1239,1668,January,8,walk,
1239,23,1668,January,8,walk,
23,785,1668,January,8,walk,
785,9,1668,January,9,walk,
9,785,1668,January,9,walk,
785,3,1668,January,10,coach,Sir D. Gawden
3,23,1668,January,10,walk,
23,785,1668,January,10,walk,
785,1105,1668,January,10,coach,Elizabeth Pepys; Deborah Willet
1105,785,1668,January,10,coach,Elizabeth Pepys; Deborah Willet
785,9,1668,January,11,walk,
9,785,1668,January,11,walk,
785,1105,1668,January,11,coach,Elizabeth Pepys; Mary Mercer; Deborah Willet
1105,785,1668,January,11,coach,Elizabeth Pepys; Mary Mercer; Deborah Willet
785,176,1668,January,12,walk,Elizabeth Pepys
176,785,1668,January,12,walk,Elizabeth Pepys
785,3,1668,January,13,coach,Sir William Penn
3,23,1668,January,13,walk,
23,785,1668,January,13,walk,
785,3,1668,January,13,walk,
3,1239,1668,January,13,walk,
1239,785,1668,January,13,coach,Elizabeth Pepys; Deborah Willet
785,9,1668,January,14,walk,
9,785,1668,January,14,walk,
785,242,1668,January,14,coach,Mr Clerke; Mr Gibson; Elizabeth Pepys; Deborah Willet
242,1184,1668,January,14,walk,Elizabeth Pepys; Deborah Willet
1184,785,1668,January,14,coach,Elizabeth Pepys; Deborah Willet
785,9,1668,January,15,walk,
9,785,1668,January,15,walk,
785,1177,1668,January,15,walk,
1177,31,1668,January,15,walk,
31,785,1668,January,15,walk,
785,9,1668,January,16,walk,
9,785,1668,January,16,walk,
785,3,1668,January,17,coach,
3,785,1668,January,17,coach,
785,345,1668,January,17,coach,Elizabeth Pepys; Betty Turner
345,3,1668,January,17,walk,
3,1239,1668,January,17,walk,
1239,785,1668,January,17,coach,Elizabeth Pepys; Betty Turner
785,9,1668,January,18,walk,
9,785,1668,January,18,walk,
785,23,1668,January,18,coach,Elizabeth Pepys; Betty Turner; Deborah Willet
23,785,1668,January,18,coach,Elizabeth Pepys; Betty Turner; Deborah Willet
785,176,1668,January,19,walk,Elizabeth Pepys
176,785,1668,January,19,walk,Elizabeth Pepys
785,1177,1668,January,19,walk,Captain Perryman
1177,31,1668,January,19,walk,Captain Perryman
31,785,1668,January,19,walk,Captain Perryman
785,15,1668,January,20,coach,
15,1322,1668,January,20,walk,
1322,66,1668,January,20,walk,
66,23,1668,January,20,walk,
23,785,1668,January,20,walk,
785,9,1668,January,21,walk,
9,1326,1668,January,21,coach,William Hewer
1326,105,1668,January,21,coach,Sir D. Gawden
105,1326,1668,January,21,coach,
1326,3,1668,January,21,coach,
3,785,1668,January,21,coach,
785,162,1668,January,22,coach,Lord Brouncker
162,1245,1668,January,22,coach,
1245,785,1668,January,22,coach,
785,9,1668,January,23,walk,
9,785,1668,January,23,walk,
785,1184,1668,January,23,walk,
1184,785,1668,January,23,walk,Elizabeth Pepys; Deborah Willet
785,3,1668,January,24,coach,
3,1239,1668,January,24,walk,
1239,15,1668,January,24,walk,
15,1324,1668,January,24,walk,
1324,1105,1668,January,24,walk,
1105,785,1668,January,24,coach,Elizabeth Pepys; Deborah Willet
785,23,1668,January,25,walk,Mr Hater
23,785,1668,January,25,walk,
785,9,1668,January,25,walk,
9,785,1668,January,25,walk,
785,176,1668,January,26,walk,Elizabeth Pepys
176,785,1668,January,26,walk,Elizabeth Pepys
785,242,1668,January,27,walk,
242,3,1668,January,27,coach,
3,785,1668,January,27,coach,
785,9,1668,January,27,walk,
9,785,1668,January,27,walk,
785,9,1668,January,28,walk,
9,3,1668,January,28,coach,
3,785,1668,January,28,coach,
785,1245,1668,January,28,coach,Elizabeth Pepys
1245,785,1668,January,28,coach,Elizabeth Pepys
785,1310,1668,January,29,coach,
1310,785,1668,January,29,coach,
785,9,1668,January,29,walk,
9,785,1668,January,29,walk,
785,242,1668,January,30,boat,Mr Gibson
242,1325,1668,January,30,walk,Mr Gibson
1325,1245,1668,January,30,coach,
1245,785,1668,January,30,coach,
785,9,1668,January,30,walk,
9,785,1668,January,30,walk,
785,1323,1668,January,31,coach,W. Griffin
1323,3,1668,January,31,walk,
3,1239,1668,January,31,walk,
1239,785,1668,January,31,coach,
785,23,1668,January,31,coach,Elizabeth Pepys; Deborah Willet
23,1328,1668,January,31,coach,
1328,785,1668,January,31,coach,Elizabeth Pepys; Deborah Willet
785,3,1668,February,1,coach,
3,785,1668,February,1,coach,
785,9,1668,February,1,walk,
9,785,1668,February,1,walk,
785,1330,1668,February,1,coach,Elizabeth Pepys
1330,785,1668,February,1,coach,Elizabeth Pepys
785,9,1668,February,3,walk,
9,785,1668,February,3,walk,
785,193,1668,February,3,coach,Elizabeth Pepys; Deborah Willet
193,785,1668,February,3,coach,Elizabeth Pepys; Deborah Willet
785,9,1668,February,4,walk,
9,785,1668,February,4,walk,
785,1245,1668,February,4,coach,
1245,785,1668,February,4,coach,
785,1024,1668,February,5,walk,
1024,3,1668,February,5,walk,
3,1323,1668,February,5,walk,
1323,1310,1668,February,5,walk,
1310,785,1668,February,5,coach,Captain Cocke
785,1333,1668,February,5,walk,
1333,1332,1668,February,5,walk,
1332,785,1668,February,5,coach,
785,9,1668,February,6,walk,
9,785,1668,February,6,walk,
785,193,1668,February,6,coach,Elizabeth Pepys; Betty Turner; Mary Mercer; Deborah Willet
193,19,1668,February,6,coach,Elizabeth Pepys; Betty Turner; Mary Mercer; Deborah Willet
19,785,1668,February,6,coach,Elizabeth Pepys; Betty Turner; Mary Mercer; Deborah Willet
785,13,1668,February,7,walk,
13,1323,1668,February,7,walk,
1323,13,1668,February,7,walk,
13,104,1668,February,7,walk,
104,3,1668,February,7,walk,
3,1105,1668,February,7,coach,Lord Brouncker; Sir William Penn
1105,785,1668,February,7,coach,Sir William Penn
785,9,1668,February,8,walk,
9,785,1668,February,8,walk,
785,23,1668,February,8,coach,Roger Pepys; Mr Jackson; John Creed
23,1024,1668,February,8,walk,
1024,242,1668,February,8,walk,
242,785,1668,February,8,coach,
785,1328,1668,February,10,coach,
1328,13,1668,February,10,walk,
13,785,1668,February,10,coach,John Creed
785,13,1668,February,10,coach,Mr Jackson
13,242,1668,February,10,walk,Roger Pepys
242,1336,1668,February,10,walk,Captain Cocke
1336,785,1668,February,10,coach,
785,9,1668,February,11,walk,
9,13,1668,February,11,coach,
13,193,1668,February,11,coach,Lord Brouncker
193,1336,1668,February,11,coach,Captain Cocke
1336,242,1668,February,11,walk,Captain Cocke
242,785,1668,February,11,coach,Elizabeth Pepys; Captain Cocke
785,9,1668,February,11,walk,
9,785,1668,February,11,walk,
785,9,1668,February,12,walk,
9,785,1668,February,12,walk,
785,15,1668,February,12,coach,Mr Jackson; Elizabeth Pepys; Deborah Willet
15,13,1668,February,12,coach,Mr Jackson
13,23,1668,February,12,walk,
23,785,1668,February,12,coach,Elizabeth Pepys; Deborah Willet
785,9,1668,February,13,walk,
9,3,1668,February,13,coach,Elizabeth Pepys; Deborah Willet
3,1239,1668,February,13,walk,
1239,785,1668,February,13,coach,Elizabeth Pepys; Deborah Willet
785,9,1668,February,13,walk,
9,785,1668,February,13,walk,
785,9,1668,February,14,walk,
9,1323,1668,February,14,walk,
1323,23,1668,February,14,walk,
23,785,1668,February,14,walk,
785,3,1668,February,14,coach,
3,242,1668,February,14,walk,
242,785,1668,February,14,coach,
785,9,1668,February,14,walk,
9,785,1668,February,14,walk,
785,242,1668,February,15,coach,Captain Cocke
242,785,1668,February,15,coach,
785,9,1668,February,15,walk,
9,785,1668,February,15,walk,
785,9,1668,February,17,walk,
9,785,1668,February,17,walk,
785,19,1668,February,17,coach,Sir William Warren
19,1323,1668,February,17,coach,
1323,13,1668,February,17,walk,
13,104,1668,February,17,walk,
104,785,1668,February,17,walk,
785,113,1668,February,18,boat,
113,1310,1668,February,18,walk,
1310,13,1668,February,18,walk,
13,58,1668,February,18,walk,
58,1334,1668,February,18,walk,Sir William Penn
1334,1105,1668,February,18,walk,Sir William Penn
1105,242,1668,February,18,walk,Sir William Penn
242,1245,1668,February,18,walk,
1245,785,1668,February,18,coach,
785,9,1668,February,18,walk,
9,785,1668,February,18,walk,
785,9,1668,February,19,walk,
9,3,1668,February,19,coach,
3,911,1668,February,19,walk,
911,785,1668,February,19,coach,Elizabeth Pepys
785,9,1668,February,19,walk,
9,785,1668,February,19,walk,
785,3,1668,February,20,coach,W. Batelier
3,13,1668,February,20,boat,
13,246,1668,February,20,walk,Elizabeth Pepys; Mary Mercer; Deborah Willet
246,1105,1668,February,20,coach,Elizabeth Pepys; Mary Mercer; Deborah Willet
1105,785,1668,February,20,coach,Elizabeth Pepys; Mary Mercer; Deborah Willet
785,9,1668,February,20,walk,
9,785,1668,February,20,walk,
785,9,1668,February,21,walk,
9,785,1668,February,21,walk,
785,1335,1668,February,21,coach,Lord Brouncker; Sir William Penn; Thomas Harvey
1335,3,1668,February,21,coach,Lord Brouncker; Sir William Penn; Thomas Harvey
3,13,1668,February,21,walk,Lord Brouncker; Thomas Harvey
13,345,1668,February,21,coach,Lord Brouncker; Thomas Harvey
345,785,1668,February,21,coach,
785,242,1668,February,22,coach,
242,13,1668,February,22,walk,
13,1334,1668,February,22,walk,Elizabeth Pepys; Mary Mercer; Deborah Willet
1334,193,1668,February,22,walk,Elizabeth Pepys; Mary Mercer; Deborah Willet
193,785,1668,February,22,coach,Elizabeth Pepys; Mary Mercer; Deborah Willet
785,9,1668,February,22,walk,
9,785,1668,February,22,walk,
785,1008,1668,February,23,boat,
1008,13,1668,February,23,boat,
13,246,1668,February,23,walk,
246,3,1668,February,23,walk,
3,1319,1668,February,23,coach,Mr Brisband
1319,3,1668,February,23,coach,Sir George Carteret
3,397,1668,February,23,coach,Sir William Penn
397,785,1668,February,23,coach,Sir William Penn
785,9,1668,February,24,walk,
9,785,1668,February,24,walk,
785,345,1668,February,24,coach,Elizabeth Pepys; Deborah Willet
345,1338,1668,February,24,walk,Dr Gibbons
1338,345,1668,February,24,walk,
345,785,1668,February,24,coach,Elizabeth Pepys; Deborah Willet
785,1321,1668,February,24,coach,Elizabeth Pepys; Deborah Willet
1321,785,1668,February,24,coach,Elizabeth Pepys; Deborah Willet
785,9,1668,February,25,walk,
9,785,1668,February,25,walk,
785,1239,1668,February,25,boat,
1239,345,1668,February,25,boat,
345,1321,1668,February,25,coach,Elizabeth Pepys; Deborah Willet
1321,345,1668,February,25,coach,Elizabeth Pepys; Deborah Willet
345,785,1668,February,25,coach,Elizabeth Pepys; Deborah Willet
785,1310,1668,February,26,boat,
1310,1239,1668,February,26,walk,
1239,785,1668,February,26,coach,
785,242,1668,February,26,coach,
242,13,1668,February,26,walk,
13,1310,1668,February,26,walk,
1310,785,1668,February,26,coach,
785,9,1668,February,27,walk,
9,785,1668,February,27,walk,
785,1105,1668,February,27,coach,Elizabeth Pepys; Deborah Willet
1105,785,1668,February,27,coach,Elizabeth Pepys; Deborah Willet
785,9,1668,February,28,walk,
9,3,1668,February,28,coach,Sir William Penn
3,13,1668,February,28,walk,
13,785,1668,February,28,walk,
785,1024,1668,February,29,walk,Sir George Carteret
1024,9,1668,February,29,walk,
9,785,1668,February,29,walk,
785,242,1668,February,29,coach,Elizabeth Pepys
242,785,1668,February,29,coach,Elizabeth Pepys
785,9,1668,February,29,walk,
785,1310,1668,March,1,coach,
1310,785,1668,March,1,coach,
785,13,1668,March,1,coach,
13,1001,1668,March,1,walk,
1001,1319,1668,March,1,walk,
1319,785,1668,March,1,coach,
785,9,1668,March,2,walk,
9,785,1668,March,2,walk,
785,1105,1668,March,2,coach,Elizabeth Pepys; Mary Mercer; Deborah Willet
1105,23,1668,March,2,coach,Elizabeth Pepys; Mary Mercer; Deborah Willet
23,785,1668,March,2,coach,Elizabeth Pepys; Mary Mercer; Deborah Willet
785,9,1668,March,3,walk,
9,785,1668,March,3,walk,
785,31,1668,March,3,boat,Lord Brouncker; Sir William Penn; Thomas Harvey; Sir T. Middleton; Mr Tippets
31,785,1668,March,3,boat,
785,3,1668,March,4,coach,Sir William Penn
3,785,1668,March,4,coach,Sir John Minnes
785,9,1668,March,4,walk,
9,785,1668,March,4,walk,
785,113,1668,March,5,walk,
113,13,1668,March,5,boat,T. Hater; William Hewer
13,58,1668,March,5,walk,
58,1300,1668,March,5,walk,Lord Brouncker; Sir John Minnes; Thomas Harvey
1300,1093,1668,March,5,walk,Thomas Harvey; Sir William Penn
1093,1105,1668,March,5,coach,Thomas Harvey; Sir William Penn
1105,785,1668,March,5,coach,Sir William Penn
785,1310,1668,March,6,coach,Sir D. Gawden
1310,3,1668,March,6,coach,
3,107,1668,March,6,walk,
107,13,1668,March,6,walk,
13,1304,1668,March,6,coach,
1304,3,1668,March,6,coach,
3,785,1668,March,6,coach,Sir William Penn
785,9,1668,March,7,walk,
9,785,1668,March,7,walk,
785,1105,1668,March,7,coach,Elizabeth Pepys; Mary Mercer; Deborah Willet
1105,785,1668,March,7,coach,Elizabeth Pepys; Mary Mercer; Deborah Willet
785,3,1668,March,8,coach,
3,1319,1668,March,8,coach,
1319,3,1668,March,8,coach,Sir George Carteret
3,785,1668,March,8,coach,
785,3,1668,March,9,coach,Sir William Warren
3,1239,1668,March,9,walk,Lord Brouncker
1239,23,1668,March,9,coach,Lord Brouncker
23,785,1668,March,9,walk,
785,1128,1668,March,9,walk,
1128,785,1668,March,9,walk,
785,9,1668,March,10,walk,
9,785,1668,March,10,walk,
785,13,1668,March,10,coach,Sir D. Gawden
13,1319,1668,March,10,coach,Sir D. Gawden
1319,785,1668,March,10,coach,
785,348,1668,March,11,walk,
348,3,1668,March,11,boat,
3,13,1668,March,11,boat,
13,1349,1668,March,11,walk,
1349,13,1668,March,11,walk,
13,1342,1668,March,11,walk,Mr Coventry; Mr Chichly; Mr Newport
1342,13,1668,March,11,walk,
13,785,1668,March,11,coach,
785,13,1668,March,12,coach,Elizabeth Pepys; Deborah Willet
13,61,1668,March,12,walk,
61,23,1668,March,12,walk,Elizabeth Pepys
23,785,1668,March,12,coach,Elizabeth Pepys; Deborah Willet
785,9,1668,March,12,walk,
9,785,1668,March,12,walk,
785,113,1668,March,13,walk,
113,13,1668,March,13,boat,
13,1341,1668,March,13,walk,Lord Brouncker; Sir John Minnes; Sir William Penn; Thomas Harvey; Mr Coventry
1341,3,1668,March,13,coach,
3,1105,1668,March,13,coach,
1105,66,1668,March,13,walk,
66,785,1668,March,13,coach,
785,3,1668,March,14,walk,
3,13,1668,March,14,walk,
13,785,1668,March,14,walk,
785,397,1668,March,14,coach,Elizabeth Pepys
397,785,1668,March,14,coach,Elizabeth Pepys
785,1310,1668,March,15,walk,
1310,107,1668,March,15,walk,Mr Coventry
107,3,1668,March,15,walk,
3,1527,1668,March,15,walk,
1527,1001,1668,March,15,walk,
1001,785,1668,March,15,coach,
785,13,1668,March,16,boat,Mr Hater
13,785,1668,March,16,coach,Sir William Penn
785,1128,1668,March,16,walk,
1128,785,1668,March,16,walk,
785,9,1668,March,17,walk,
9,785,1668,March,17,walk,
785,1128,1668,March,17,walk,
1128,23,1668,March,17,walk,
23,785,1668,March,17,walk,
785,13,1668,March,18,walk,
13,58,1668,March,18,walk,
58,13,1668,March,18,walk,
13,3,1668,March,18,walk,Sir William Penn
3,382,1668,March,18,coach,Mr Coventry; Sir William Penn
382,3,1668,March,18,coach,
3,785,1668,March,18,coach,
785,3,1668,March,19,boat,
3,1310,1668,March,19,walk,
1310,113,1668,March,19,boat,
113,9,1668,March,19,walk,
9,785,1668,March,19,walk,
785,23,1668,March,19,coach,Elizabeth Pepys; Deborah Willet
23,785,1668,March,19,coach,Elizabeth Pepys; Deborah Willet
785,9,1668,March,19,walk,
785,9,1668,March,20,walk,
9,3,1668,March,20,coach,
3,1245,1668,March,20,coach,
1245,785,1668,March,20,coach,
785,9,1668,March,21,walk,
9,785,1668,March,21,walk,
785,1001,1668,March,21,walk,
1001,785,1668,March,21,walk,
785,242,1668,March,22,walk,
242,3,1668,March,22,coach,
3,453,1668,March,22,walk,Mr Brisband
453,785,1668,March,22,coach,
785,1153,1668,March,23,boat,Elizabeth Pierce; Mrs Manuel; Mrs Corbet
1153,345,1668,March,23,boat,Elizabeth Pierce; Mrs Manuel; Mrs Corbet
345,1184,1668,March,23,walk,
1184,785,1668,March,23,coach,Elizabeth Pepys; Deborah Willet
785,3,1668,March,24,walk,
3,409,1668,March,24,walk,John Creed
409,66,1668,March,24,walk,John Creed
66,3,1668,March,24,coach,John Creed
3,785,1668,March,24,coach,Sir William Penn
785,3,1668,March,25,walk,
3,13,1668,March,25,walk,
13,785,1668,March,25,coach,
785,1105,1668,March,25,coach,Elizabeth Pepys; Deborah Willet
1105,1330,1668,March,25,coach,Elizabeth Pepys; Deborah Willet
1330,785,1668,March,25,coach,Elizabeth Pepys; Deborah Willet
785,9,1668,March,26,walk,Lord Brouncker
9,1304,1668,March,26,walk,Lord Brouncker
1304,193,1668,March,26,coach,
193,1340,1668,March,26,walk,Elizabeth Pepys; Deborah Willet; Elizabeth Pierce; Mrs Knipp; Mr Harris; W. Batelier
1340,785,1668,March,26,coach,Elizabeth Pepys; Deborah Willet; W. Batelier
785,3,1668,March,27,boat,
3,13,1668,March,27,walk,
13,104,1668,March,27,walk,
104,785,1668,March,27,boat,
785,1001,1668,March,27,walk,
1001,911,1668,March,27,walk,
911,1321,1668,March,27,coach,Elizabeth Pepys
1321,1356,1668,March,27,coach,
1356,382,1668,March,27,coach,
382,785,1668,March,27,coach,Elizabeth Pepys
785,9,1668,March,28,walk,
9,785,1668,March,28,walk,
785,1105,1668,March,28,coach,Elizabeth Pepys; Deborah Willet
1105,785,1668,March,28,coach,Elizabeth Pepys; Deborah Willet
785,176,1668,March,29,walk,Elizabeth Pepys
176,785,1668,March,29,walk,Elizabeth Pepys
785,242,1668,March,29,walk,Mr Harris; Mr Banister
242,13,1668,March,29,coach,
13,785,1668,March,29,coach,
785,879,1668,March,30,coach,Elizabeth Pepys; Deborah Willet; William Hewer
879,1353,1668,March,30,walk,Mr Harris; Mr Hales
1353,879,1668,March,30,walk,Mr Harris; Mr Hales
879,3,1668,March,30,walk,
3,13,1668,March,30,walk,
13,1354,1668,March,30,walk,Captain Cocke
1354,3,1668,March,30,walk,
3,1356,1668,March,30,walk,John Creed
1356,382,1668,March,30,coach,John Creed
382,1357,1668,March,30,walk,John Creed
1357,785,1668,March,30,coach,
785,9,1668,March,31,walk,
9,785,1668,March,31,walk,
785,1300,1668,March,31,coach,Sir D. Gawden
1300,911,1668,March,31,walk,
911,382,1668,March,31,coach,Elizabeth Pepys; Deborah Willet
382,785,1668,March,31,coach,Elizabeth Pepys; Deborah Willet
785,9,1668,April,1,walk,
9,785,1668,April,1,walk,
785,1105,1668,April,1,coach,
1105,785,1668,April,1,coach,
785,23,1668,April,2,coach,Elizabeth Pepys; Betty Turner; Deborah Willet; Jane
23,9,1668,April,2,walk,
9,785,1668,April,2,walk,
785,242,1668,April,2,coach,Lord Brouncker
242,1336,1668,April,2,walk,Lord Brouncker; Captain Cocke
1336,171,1668,April,2,walk,Lord Brouncker
171,1355,1668,April,2,walk,Lord Brouncker
1355,785,1668,April,2,coach,
785,9,1668,April,3,walk,
9,3,1668,April,3,boat,
3,193,1668,April,3,coach,Lord Brouncker
193,785,1668,April,3,coach,
785,1351,1668,April,4,coach,
1351,3,1668,April,4,coach,
3,9,1668,April,4,boat,
9,861,1668,April,4,walk,
861,3,1668,April,4,boat,Sir William Penn
3,107,1668,April,4,walk,Lord Brouncker
107,785,1668,April,4,coach,
785,176,1668,April,5,walk,
176,785,1668,April,5,walk,
785,400,1668,April,6,coach,
400,1005,1668,April,6,walk,
1005,3,1668,April,6,coach,
3,13,1668,April,6,walk,
13,331,1668,April,6,walk,
331,3,1668,April,6,walk,
3,1356,1668,April,6,walk,John Creed
1356,382,1668,April,6,coach,John Creed
382,1357,1668,April,6,walk,John Creed
1357,785,1668,April,6,coach,
785,9,1668,April,7,walk,
9,785,1668,April,7,walk,
785,1105,1668,April,7,coach,
1105,382,1668,April,7,coach,Mrs Knipp
382,1357,1668,April,7,walk,Mrs Knipp
1357,1184,1668,April,7,coach,Mrs Knipp
1184,785,1668,April,7,coach,
785,9,1668,April,8,walk,
9,3,1668,April,8,coach,Sir John Minnes
3,193,1668,April,8,coach,Lord Brouncker
193,1322,1668,April,8,walk,
1322,785,1668,April,8,walk,
785,9,1668,April,9,walk,
9,193,1668,April,9,walk,
193,345,1668,April,9,walk,
345,382,1668,April,9,coach,Mrs Burroughs
382,3,1668,April,9,coach,
3,785,1668,April,9,coach,
785,9,1668,April,9,walk,
9,785,1668,April,9,walk,
785,9,1668,April,10,walk,
9,3,1668,April,10,coach,Sir William Penn
3,785,1668,April,10,coach,
785,1093,1668,April,12,walk,
1093,785,1668,April,12,walk,
785,3,1668,April,13,boat,
3,13,1668,April,13,walk,
13,66,1668,April,13,walk,John Creed; G. Montagu
66,1105,1668,April,13,coach,John Creed
1105,382,1668,April,13,coach,John Creed
382,785,1668,April,13,coach,
785,242,1668,April,14,boat,
242,66,1668,April,14,walk,
66,13,1668,April,14,walk,
13,1323,1668,April,14,walk,
1323,13,1668,April,14,walk,John Creed
13,1319,1668,April,14,walk,
1319,1105,1668,April,14,coach,
1105,66,1668,April,14,coach,
66,785,1668,April,14,coach,
785,9,1668,April,15,walk,
9,3,1668,April,15,coach,
3,13,1668,April,15,walk,
13,3,1668,April,15,walk,John Creed
3,1105,1668,April,15,coach,
1105,66,1668,April,15,walk,
66,785,1668,April,15,coach,John Creed
785,9,1668,April,16,walk,
9,3,1668,April,16,coach,
3,13,1668,April,16,walk,
13,1319,1668,April,16,walk,G. Montagu; John Creed
1319,3,1668,April,16,walk,
3,1001,1668,April,16,walk,
1001,66,1668,April,16,walk,
66,242,1668,April,16,boat,
242,785,1668,April,16,boat,
785,9,1668,April,17,walk,
9,3,1668,April,17,coach,
3,1105,1668,April,17,coach,Lord Brouncker
1105,1350,1668,April,17,coach,Mrs Knipp; Rolt
1350,785,1668,April,17,coach,Mrs Knipp; Rolt
785,9,1668,April,18,walk,
9,3,1668,April,18,boat,
3,1105,1668,April,18,coach,
1105,13,1668,April,18,coach,
13,785,1668,April,18,coach,
785,176,1668,April,19,walk,Roger Pepys
176,785,1668,April,19,walk,Roger Pepys
785,3,1668,April,19,boat,Roger Pepys
3,1112,1668,April,19,walk,
1112,1001,1668,April,19,walk,
1001,785,1668,April,19,coach,
785,3,1668,April,20,walk,
3,1323,1668,April,20,walk,
1323,13,1668,April,20,walk,
13,19,1668,April,20,walk,John Creed
19,382,1668,April,20,coach,
382,785,1668,April,20,coach,
785,861,1668,April,20,walk,
861,785,1668,April,20,walk,
785,9,1668,April,21,walk,
9,785,1668,April,21,walk,
785,1105,1668,April,21,coach,Betty Turner
1105,1350,1668,April,21,coach,Mrs Knipp
1350,785,1668,April,21,coach,Betty Turner
785,1001,1668,April,21,walk,
1001,785,1668,April,21,walk,
785,3,1668,April,22,walk,
3,13,1668,April,22,boat,
13,1359,1668,April,22,walk,
1359,1341,1668,April,22,walk,Elizabeth Pierce; Mrs Knipp; Mrs Manuel
1341,785,1668,April,22,coach,
785,9,1668,April,23,walk,
9,785,1668,April,23,walk,
785,43,1668,April,23,boat,Mrs Knipp; Elizabeth Pierce
43,242,1668,April,23,boat,Mrs Knipp; Elizabeth Pierce
242,1184,1668,April,23,coach,Mrs Knipp; Elizabeth Pierce
1184,402,1668,April,23,boat,Mrs Knipp
402,785,1668,April,23,walk,
785,3,1668,April,24,boat,
3,1093,1668,April,24,walk,
1093,785,1668,April,24,walk,
785,9,1668,April,24,walk,
9,785,1668,April,24,walk,
785,1093,1668,April,25,coach,Sir John Minnes
1093,1005,1668,April,25,coach,
1005,785,1668,April,25,coach,
785,9,1668,April,25,walk,
9,785,1668,April,25,walk,
785,193,1668,April,25,coach,
193,13,1668,April,25,walk,
13,785,1668,April,25,coach,
785,176,1668,April,26,walk,
176,785,1668,April,26,walk,
785,1098,1668,April,26,walk,W. Batelier
1098,382,1668,April,26,coach,W. Batelier
382,1357,1668,April,26,walk,W. Batelier
1357,785,1668,April,26,coach,W. Batelier
785,3,1668,April,27,walk,Captain Deane
3,13,1668,April,27,walk,
13,66,1668,April,27,walk,John Creed; Mr Godolphin
66,1105,1668,April,27,coach,
1105,397,1668,April,27,coach,
397,785,1668,April,27,coach,
785,861,1668,April,27,walk,
861,785,1668,April,27,walk,
785,1310,1668,April,28,boat,
1310,3,1668,April,28,walk,
3,66,1668,April,28,walk,
66,13,1668,April,28,walk,
13,19,1668,April,28,walk,John Creed
19,1105,1668,April,28,coach,John Creed
1105,345,1668,April,28,walk,
345,785,1668,April,28,coach,
785,9,1668,April,28,walk,
9,785,1668,April,28,walk,
785,9,1668,April,29,walk,
9,3,1668,April,29,walk,
3,193,1668,April,29,coach,Lord Brouncker
193,13,1668,April,29,walk,
13,785,1668,April,29,coach,
785,9,1668,April,30,walk,
9,80,1668,April,30,walk,Sir John Minnes
80,193,1668,April,30,coach,
193,345,1668,April,30,walk,
345,785,1668,April,30,coach,
785,397,1668,April,30,coach,Betty Turner
397,785,1668,April,30,coach,Betty Turner
785,9,1668,May,1,walk,
9,13,1668,May,1,walk,
13,242,1668,May,1,coach,
242,19,1668,May,1,walk,
19,1105,1668,May,1,coach,
1105,13,1668,May,1,walk,
13,113,1668,May,1,boat,
113,785,1668,May,1,walk,
785,9,1668,May,2,walk,
9,785,1668,May,2,walk,
785,19,1668,May,2,coach,Lord Brouncker
19,193,1668,May,2,coach,
193,382,1668,May,2,coach,
382,1357,1668,May,2,walk,
1357,785,1668,May,2,coach,
785,176,1668,May,3,walk,Elizabeth Pepys
176,785,1668,May,3,walk,Elizabeth Pepys
785,1361,1668,May,3,coach,Sir William Penn
1361,1330,1668,May,3,coach,Sir William Penn
1330,785,1668,May,3,coach,Sir William Penn
785,400,1668,May,3,walk,
400,785,1668,May,3,walk,
785,1310,1668,May,4,boat,
1310,3,1668,May,4,walk,
3,13,1668,May,4,walk,Sir H. Cholmly
13,785,1668,May,4,coach,
785,13,1668,May,4,walk,Sir H. Cholmly
13,785,1668,May,4,walk,Sir H. Cholmly
785,193,1668,May,4,coach,
193,1334,1668,May,4,coach,Elizabeth Pierce; Mrs Corbet; Captain Rolt
1334,785,1668,May,4,coach,
785,9,1668,May,5,walk,
9,785,1668,May,5,walk,
785,193,1668,May,5,coach,John Creed
193,13,1668,May,5,walk,John Creed
13,113,1668,May,5,boat,
113,785,1668,May,5,walk,
785,861,1668,May,5,walk,
861,785,1668,May,5,walk,
785,3,1668,May,6,walk,
3,13,1668,May,6,walk,
13,345,1668,May,6,walk,
345,1184,1668,May,6,walk,
1184,3,1668,May,6,walk,
3,1105,1668,May,6,walk,
1105,1184,1668,May,6,walk,
1184,785,1668,May,6,walk,
785,9,1668,May,7,walk,
9,785,1668,May,7,walk,
785,193,1668,May,7,coach,Mary Mercer; Betty Turner
193,1105,1668,May,7,walk,
1105,1184,1668,May,7,walk,Mrs Knipp
1184,1262,1668,May,7,coach,Mary Mercer; Betty Turner; Mrs Knipp
1262,785,1668,May,7,coach,Mary Mercer; Betty Turner; Mrs Knipp
785,9,1668,May,8,walk,
9,13,1668,May,8,walk,
13,66,1668,May,8,walk,
66,3,1668,May,8,walk,
3,1093,1668,May,8,coach,Lord Brouncker
1093,785,1668,May,8,coach,Sir William Penn
785,9,1668,May,9,walk,
9,13,1668,May,9,boat,
13,1314,1668,May,9,walk,
1314,1105,1668,May,9,walk,Sir William Penn
1105,345,1668,May,9,walk,
345,13,1668,May,9,walk,
13,43,1668,May,9,boat,
43,785,1668,May,9,walk,
785,861,1668,May,9,walk,
861,785,1668,May,9,walk,
785,9,1668,May,10,walk,
9,785,1668,May,10,walk,
785,402,1668,May,10,boat,Lady Penn; Mrs Lowther; Mrs Whistler
402,1323,1668,May,10,boat,Lady Penn; Mrs Lowther; Mrs Whistler
1323,785,1668,May,10,walk,Lady Penn; Mrs Lowther
785,861,1668,May,10,walk,
861,785,1668,May,10,walk,
785,9,1668,May,11,walk,
9,785,1668,May,11,walk,
785,193,1668,May,11,coach,Mary Mercer
193,402,1668,May,11,boat,Mary Mercer
402,785,1668,May,11,boat,Mary Mercer
785,9,1668,May,12,walk,
9,785,1668,May,12,walk,
785,242,1668,May,12,boat,John Creed
242,785,1668,May,12,coach,
785,1366,1668,May,12,coach,Mary Mercer; Mrs Gayet; Mrs Jones
1366,1367,1668,May,12,walk,
1367,1330,1668,May,12,walk,
1330,785,1668,May,12,coach,Mary Mercer; Mrs Gayet; Mrs Jones
785,1310,1668,May,13,boat,
1310,3,1668,May,13,walk,Sir H. Cholmly
3,13,1668,May,13,walk,Sir H. Cholmly
13,19,1668,May,13,walk,
19,3,1668,May,13,walk,
3,1112,1668,May,13,boat,
1112,402,1668,May,13,boat,
402,785,1668,May,13,boat,
785,9,1668,May,14,walk,
9,242,1668,May,14,boat,
242,1314,1668,May,14,walk,Mary Mercer; Mrs Gayet
1314,1105,1668,May,14,walk,Mary Mercer; Mrs Gayet
1105,402,1668,May,14,boat,Mary Mercer; Mrs Gayet
402,785,1668,May,14,boat,Mary Mercer; Mrs Gayet
785,3,1668,May,15,walk,Sir H. Cholmly
3,1304,1668,May,15,walk,Lord Brouncker
1304,1364,1668,May,15,coach,Lord Brouncker
1364,242,1668,May,15,walk,Lord Brouncker; Dr Clerke; Mr Pierce
242,1105,1668,May,15,walk,
1105,785,1668,May,15,walk,
785,9,1668,May,16,walk,
9,785,1668,May,16,walk,
785,1105,1668,May,16,coach,
1105,785,1668,May,16,coach,
785,176,1668,May,17,walk,
176,785,1668,May,17,walk,
785,187,1668,May,17,coach,Sir William Penn; Lady Penn
187,397,1668,May,17,coach,Sir William Penn; Lady Penn
397,785,1668,May,17,coach,Sir William Penn; Lady Penn
785,9,1668,May,18,walk,
9,1373,1668,May,18,walk,
1373,242,1668,May,18,coach,Mary Mercer; Mrs Horsfield; Mrs Gayet
242,1314,1668,May,18,walk,
1314,1105,1668,May,18,walk,Mary Mercer; Mrs Horsfield; Mrs Gayet
1105,1350,1668,May,18,coach,Mary Mercer; Mrs Horsfield; Mrs Gayet
1350,402,1668,May,18,boat,Mary Mercer; Mrs Horsfield; Mrs Gayet
402,785,1668,May,18,boat,Mary Mercer; Mrs Horsfield; Mrs Gayet
785,9,1668,May,19,walk,
9,3,1668,May,19,coach,
3,785,1668,May,19,coach,
785,9,1668,May,19,walk,
9,785,1668,May,19,walk,
785,3,1668,May,20,coach,Col. Middleton
3,19,1668,May,20,walk,Sir Richard Browne
19,1105,1668,May,20,walk,John Creed
1105,1098,1668,May,20,walk,John Creed
1098,345,1668,May,20,walk,John Creed
345,1372,1668,May,20,walk,John Creed
1372,3,1668,May,20,walk,John Creed
3,924,1668,May,20,walk,John Creed
924,785,1668,May,20,coach,
785,9,1668,May,21,walk,
9,785,1668,May,21,walk,
785,242,1668,May,21,coach,
242,13,1668,May,21,walk,
13,1001,1668,May,21,walk,
1001,242,1668,May,21,walk,
242,785,1668,May,21,coach,
785,397,1668,May,21,coach,Betty Turner; Mary Mercer
397,785,1668,May,21,coach,Betty Turner; Mary Mercer
785,9,1668,May,22,walk,
9,785,1668,May,22,walk,
785,193,1668,May,22,coach,
193,785,1668,May,22,coach,
785,1374,1668,May,23,walk,
1374,1375,1668,May,23,coach,Tom (boy)
1375,1376,1668,May,23,coach,Tom (boy)
1376,199,1668,May,24,horse,Tom (boy)
199,201,1668,May,24,horse,
201,199,1668,May,24,horse,
199,212,1668,May,25,horse,John Pepys Jr; Pall Jackson; Edward Shepley
212,1381,1668,May,25,horse,
1381,1376,1668,May,25,horse,
1376,701,1668,May,25,walk,Tom (boy)
701,1378,1668,May,25,walk,
1378,1376,1668,May,25,walk,
1376,1375,1668,May,26,coach,Tom (boy)
1375,785,1668,May,26,coach,Tom (boy)
785,3,1668,May,27,boat,
3,242,1668,May,27,boat,Mr Sawyers
242,23,1668,May,27,coach,
23,162,1668,May,27,coach,Lord Brouncker; Sir John Minnes
162,785,1668,May,27,coach,
785,861,1668,May,27,walk,
861,3,1668,May,27,coach,
3,345,1668,May,27,walk,John Creed
345,1372,1668,May,27,walk,John Creed
1372,785,1668,May,27,coach,
785,9,1668,May,28,walk,
9,785,1668,May,28,walk,
785,345,1668,May,28,coach,
345,402,1668,May,28,coach,Mary Mercer; Mrs Gayet
402,113,1668,May,28,boat,Mary Mercer; Mrs Gayet
113,785,1668,May,28,walk,
785,3,1668,May,29,boat,
3,968,1668,May,29,walk,
968,785,1668,May,29,coach,
785,9,1668,May,30,walk,
9,785,1668,May,30,walk,
785,1105,1668,May,30,coach,
1105,1184,1668,May,30,walk,
1184,345,1668,May,30,walk,
345,402,1668,May,30,boat,Mr Harris; Rolt; others
402,785,1668,May,30,boat,
785,176,1668,May,31,walk,
176,785,1668,May,31,walk,
785,1184,1668,May,31,boat,
1184,402,1668,May,31,boat,Mrs Knipp; Elizabeth Pierce; Mrs Manuel; W. Howe
402,785,1668,May,31,boat,
785,13,1668,June,1,coach,Sir John Minnes
13,785,1668,June,1,walk,
785,3,1668,June,1,coach,Sir John Minnes
3,1001,1668,June,1,walk,
1001,402,1668,June,1,boat,
402,785,1668,June,1,boat,
785,9,1668,June,2,walk,
9,785,1668,June,2,walk,
785,1369,1668,June,2,coach,Mary Mercer; Mrs Knightly
1369,1370,1668,June,2,coach,Mary Mercer; Mrs Knightly
1370,23,1668,June,2,coach,Mary Mercer; Mrs Knightly
23,31,1668,June,2,boat,
31,785,1668,June,2,boat,
785,9,1668,June,3,walk,
9,3,1668,June,3,boat,
3,13,1668,June,3,walk,Sir D. Gawden
13,785,1668,June,3,walk,
785,1105,1668,June,3,coach,
1105,66,1668,June,3,coach,
66,1357,1668,June,3,coach,
1357,785,1668,June,3,coach,
785,9,1668,June,4,walk,
9,785,1668,June,4,walk,
785,242,1668,June,4,coach,Mr Clerke
242,3,1668,June,4,walk,
3,785,1668,June,4,coach,
785,943,1668,June,5,coach,
943,261,1668,June,5,coach,
261,209,1668,June,6,coach,
209,199,1668,June,6,coach,
199,1384,1668,June,8,coach,Elizabeth Pepys; Betty Turner; Deborah Willet; William Hewer
1384,1385,1668,June,9,coach,Elizabeth Pepys; Betty Turner; Deborah Willet; William Hewer
1385,1386,1668,June,9,coach,Elizabeth Pepys; Betty Turner; Deborah Willet; William Hewer
1386,1387,1668,June,10,coach,Elizabeth Pepys; Betty Turner; Deborah Willet; William Hewer
1387,1388,1668,June,10,horse,Elizabeth Pepys; Betty Turner; Deborah Willet; William Hewer
1388,1389,1668,June,10,horse,Elizabeth Pepys; Betty Turner; Deborah Willet; William Hewer
1389,1390,1668,June,11,horse,Elizabeth Pepys; Betty Turner; Deborah Willet; William Hewer
1390,1391,1668,June,11,horse,Elizabeth Pepys; Betty Turner; Deborah Willet; William Hewer
1391,1389,1668,June,11,horse,Elizabeth Pepys; Betty Turner; Deborah Willet; William Hewer
1389,1392,1668,June,11,horse,Elizabeth Pepys; Betty Turner; Deborah Willet; William Hewer
1392,1393,1668,June,12,coach,Elizabeth Pepys; Betty Turner; Deborah Willet; William Hewer
1393,1394,1668,June,12,coach,Elizabeth Pepys; Betty Turner; Deborah Willet; William Hewer
1394,1395,1668,June,13,coach,Elizabeth Pepys; Betty Turner; Deborah Willet; William Hewer
1395,1396,1668,June,13,walk,Deborah Willet; William Hewer; Betty Turner
1396,1394,1668,June,13,coach,Elizabeth Pepys; Betty Turner; Deborah Willet; William Hewer
1394,1397,1668,June,14,walk,
1397,1394,1668,June,14,walk,
1394,1398,1668,June,15,coach,Elizabeth Pepys; Betty Turner; Deborah Willet; William Hewer
1398,1399,1668,June,15,coach,Elizabeth Pepys; Betty Turner; Deborah Willet; William Hewer
1399,1400,1668,June,16,coach,Elizabeth Pepys; Betty Turner; Deborah Willet; William Hewer
1400,1401,1668,June,16,coach,Elizabeth Pepys; Betty Turner; Deborah Willet; William Hewer
1401,1402,1668,June,17,coach,Elizabeth Pepys; Betty Turner; Deborah Willet; William Hewer
1402,1403,1668,June,17,coach,Elizabeth Pepys; Betty Turner; Deborah Willet; William Hewer
1403,785,1668,June,17,coach,Elizabeth Pepys; Betty Turner; Deborah Willet; William Hewer
785,9,1668,June,18,walk,
9,785,1668,June,18,walk,
785,3,1668,June,18,coach,Elizabeth Pepys; Deborah Willet
3,785,1668,June,18,coach,Elizabeth Pepys; Deborah Willet
785,9,1668,June,19,walk,
9,3,1668,June,19,coach,Sir William Penn
3,785,1668,June,19,coach,Sir William Penn
785,9,1668,June,20,walk,
9,785,1668,June,20,walk,
785,1105,1668,June,20,coach,Elizabeth Pepys
1105,911,1668,June,20,coach,
911,785,1668,June,20,coach,Elizabeth Pepys
785,176,1668,June,21,walk,
176,785,1668,June,21,walk,
785,861,1668,June,21,walk,
861,785,1668,June,21,walk,
785,380,1668,June,22,coach,W. Batelier
380,3,1668,June,22,walk,Mr Coventry
3,785,1668,June,22,walk,
785,1105,1668,June,22,coach,John Creed
1105,1093,1668,June,22,coach,John Creed
1093,785,1668,June,22,coach,
785,9,1668,June,23,walk,
9,1406,1668,June,23,coach,
1406,911,1668,June,23,coach,Elizabeth Pepys; Deborah Willet
911,19,1668,June,23,walk,Elizabeth Pepys; Deborah Willet
19,785,1668,June,23,coach,
785,9,1668,June,24,walk,
9,400,1668,June,24,walk,John Creed
400,13,1668,June,24,boat,
13,1001,1668,June,24,walk,
1001,785,1668,June,24,boat,
785,193,1668,June,24,coach,Elizabeth Pepys; Mary Mercer; Deborah Willet; William Hewer
193,402,1668,June,24,boat,Elizabeth Pepys; Mary Mercer; Deborah Willet; William Hewer
402,785,1668,June,24,boat,Elizabeth Pepys; Mary Mercer; Deborah Willet; William Hewer
785,9,1668,June,25,walk,
9,785,1668,June,25,walk,
785,9,1668,June,26,walk,
9,785,1668,June,26,walk,
785,3,1668,June,26,coach,
3,785,1668,June,26,coach,Elizabeth Pepys
785,9,1668,June,27,walk,
9,785,1668,June,27,walk,
785,1105,1668,June,27,coach,Elizabeth Pepys; Deborah Willet
1105,345,1668,June,27,walk,Elizabeth Pepys; Deborah Willet
345,785,1668,June,27,coach,Elizabeth Pepys; Deborah Willet
785,176,1668,June,28,walk,
176,785,1668,June,28,walk,
785,1406,1668,June,29,walk,Sir John Minnes
1406,380,1668,June,29,walk,Sir John Minnes
380,3,1668,June,29,walk,
3,1105,1668,June,29,coach,Elizabeth Pepys
1105,1330,1668,June,29,coach,Elizabeth Pepys
1330,785,1668,June,29,coach,Elizabeth Pepys
785,9,1668,June,30,walk,
9,785,1668,June,30,walk,
785,9,1668,July,1,walk,
9,785,1668,July,1,walk,
785,242,1668,July,1,coach,Roger Pepys
242,380,1668,July,1,coach,
380,3,1668,July,1,walk,
3,785,1668,July,1,walk,
785,9,1668,July,2,walk,
9,785,1668,July,2,walk,
785,397,1668,July,2,coach,Elizabeth Pepys; Deborah Willet
397,785,1668,July,2,coach,Elizabeth Pepys; Deborah Willet
785,1404,1668,July,3,coach,
1404,785,1668,July,3,coach,
785,1405,1668,July,3,boat,
1405,911,1668,July,3,coach,
911,785,1668,July,3,coach,Elizabeth Pepys
785,1310,1668,July,4,walk,
1310,785,1668,July,4,walk,
785,9,1668,July,4,walk,
9,785,1668,July,4,walk,
785,397,1668,July,4,coach,Elizabeth Pepys; Deborah Willet
397,785,1668,July,4,coach,Elizabeth Pepys; Deborah Willet
785,380,1668,July,6,walk,
380,3,1668,July,6,walk,Mr Coventry
3,1353,1668,July,6,coach,Elizabeth Pepys; Deborah Willet; William Hewer
1353,3,1668,July,6,walk,
3,193,1668,July,6,walk,
193,402,1668,July,6,coach,Elizabeth Pepys; Deborah Willet
402,785,1668,July,6,boat,Elizabeth Pepys; Deborah Willet
785,9,1668,July,7,walk,
9,785,1668,July,7,walk,
785,911,1668,July,7,coach,Elizabeth Pepys; Deborah Willet; Betty Turner
911,785,1668,July,7,coach,Elizabeth Pepys; Deborah Willet; Betty Turner
785,1310,1668,July,8,boat,
1310,380,1668,July,8,walk,
380,1353,1668,July,8,coach,Elizabeth Pepys; Deborah Willet; William Hewer
1353,3,1668,July,8,walk,
3,911,1668,July,8,walk,
911,785,1668,July,8,coach,Elizabeth Pepys; Deborah Willet
785,9,1668,July,9,walk,
9,785,1668,July,9,walk,
785,911,1668,July,9,coach,Elizabeth Pepys; Deborah Willet; Betty Turner
911,785,1668,July,9,coach,Elizabeth Pepys; Deborah Willet; Betty Turner
785,3,1668,July,10,walk,
3,1351,1668,July,10,coach,
1351,1353,1668,July,10,coach,Elizabeth Pepys; William Hewer; Deborah Willet
1353,1357,1668,July,10,coach,Elizabeth Pepys; Deborah Willet
1357,785,1668,July,10,coach,Elizabeth Pepys; Deborah Willet
785,9,1668,July,11,walk,
9,785,1668,July,11,walk,
785,1105,1668,July,11,coach,
1105,785,1668,July,11,coach,
785,3,1668,July,13,boat,
3,785,1668,July,13,boat,
785,1353,1668,July,13,coach,Elizabeth Pepys; Deborah Willet; William Hewer
1353,31,1668,July,13,boat,Elizabeth Pepys; Deborah Willet; William Hewer
31,1353,1668,July,13,walk,
1353,1351,1668,July,13,walk,
1351,785,1668,July,13,walk,
785,9,1668,July,14,walk,
9,785,1668,July,14,walk,
785,9,1668,July,15,walk,
9,380,1668,July,15,walk,
380,911,1668,July,15,walk,
911,1184,1668,July,15,walk,Elizabeth Pepys; Deborah Willet
1184,785,1668,July,15,coach,Elizabeth Pepys; Deborah Willet
785,9,1668,July,16,walk,
9,785,1668,July,16,walk,
785,171,1668,July,16,boat,Lord Brouncker
171,1353,1668,July,16,coach,Lord Brouncker; Elizabeth Pepys; Deborah Willet
1353,23,1668,July,16,walk,Elizabeth Pepys; Deborah Willet
23,785,1668,July,16,coach,Elizabeth Pepys; Deborah Willet
785,3,1668,July,17,walk,
3,1105,1668,July,17,coach,Elizabeth Pepys; Deborah Willet
1105,1112,1668,July,17,coach,Elizabeth Pepys; Deborah Willet
1112,402,1668,July,17,boat,Elizabeth Pepys; Deborah Willet
402,785,1668,July,17,boat,Elizabeth Pepys; Deborah Willet
785,9,1668,July,18,walk,
9,785,1668,July,18,walk,
785,23,1668,July,18,coach,
23,911,1668,July,18,walk,Elizabeth Pepys; Deborah Willet
911,1353,1668,July,18,walk,Elizabeth Pepys; Deborah Willet
1353,785,1668,July,18,coach,Elizabeth Pepys; Deborah Willet
785,9,1668,July,20,walk,
9,785,1668,July,20,walk,
785,1128,1668,July,20,coach,Mr Colvill
1128,23,1668,July,20,walk,
23,66,1668,July,20,coach,
66,785,1668,July,20,coach,
785,380,1668,July,21,walk,
380,785,1668,July,21,walk,
785,9,1668,July,21,walk,
9,785,1668,July,21,walk,
785,9,1668,July,22,walk,
9,3,1668,July,22,coach,
3,785,1668,July,22,coach,
785,9,1668,July,23,walk,
9,785,1668,July,23,walk,
785,380,1668,July,24,boat,
380,3,1668,July,24,walk,Sir John Minnes
3,785,1668,July,24,coach,
785,9,1668,July,25,walk,
9,785,1668,July,25,walk,
785,1353,1668,July,25,coach,Elizabeth Pepys; Deborah Willet
1353,785,1668,July,25,coach,Elizabeth Pepys; Deborah Willet
785,9,1668,July,26,walk,
9,785,1668,July,26,walk,
785,9,1668,July,27,walk,
9,785,1668,July,27,walk,
785,66,1668,July,27,walk,
66,1353,1668,July,27,walk,
1353,402,1668,July,27,boat,Elizabeth Pepys; Deborah Willet; Mary Mercer
402,785,1668,July,27,boat,Elizabeth Pepys; Deborah Willet; Mary Mercer
785,9,1668,July,28,walk,
9,785,1668,July,28,walk,
785,193,1668,July,28,coach,Elizabeth Pepys; Deborah Willet
193,785,1668,July,28,coach,Elizabeth Pepys; Deborah Willet
785,9,1668,July,29,walk,
9,785,1668,July,29,walk,
785,1105,1668,July,29,coach,Elizabeth Pepys; Deborah Willet; Mary Mercer
1105,1357,1668,July,29,coach,Elizabeth Pepys; Deborah Willet; Mary Mercer
1357,345,1668,July,29,coach,Elizabeth Pepys; Deborah Willet; Mary Mercer
345,785,1668,July,29,boat,Elizabeth Pepys; Deborah Willet; Mary Mercer
785,3,1668,July,30,boat,
3,785,1668,July,30,boat,
785,345,1668,July,30,coach,Elizabeth Pepys
345,785,1668,July,30,coach,Elizabeth Pepys
785,9,1668,July,31,walk,
9,785,1668,July,31,walk,
785,1128,1668,July,31,coach,Sir John Minnes; Elizabeth Pepys; Deborah Willet
1128,3,1668,July,31,coach,Sir John Minnes
3,1105,1668,July,31,walk,Elizabeth Pepys; Deborah Willet; Sir John Minnes
1105,1357,1668,July,31,coach,Elizabeth Pepys; Deborah Willet
1357,785,1668,July,31,coach,Elizabeth Pepys; Deborah Willet
785,9,1668,August,1,walk,
9,785,1668,August,1,walk,
785,1105,1668,August,1,coach,Elizabeth Pepys; Deborah Willet
1105,785,1668,August,1,coach,Elizabeth Pepys; Deborah Willet
785,1416,1668,August,2,boat,Tom (boy)
1416,1153,1668,August,2,walk,
1153,785,1668,August,2,boat,
785,3,1668,August,3,boat,
3,380,1668,August,3,walk,
380,1418,1668,August,3,walk,Dr Gibbons
1418,23,1668,August,3,walk,
23,785,1668,August,3,walk,
785,911,1668,August,3,coach,Elizabeth Pepys; Mary Mercer; Deborah Willet
911,3,1668,August,3,coach,
3,1417,1668,August,3,coach,Elizabeth Pepys; Mary Mercer; Deborah Willet
1417,785,1668,August,3,coach,Elizabeth Pepys; Mary Mercer; Deborah Willet
785,1419,1668,August,4,walk,
1419,785,1668,August,4,walk,
785,9,1668,August,4,walk,
9,785,1668,August,4,walk,
785,3,1668,August,5,walk,
3,785,1668,August,5,walk,
785,193,1668,August,5,coach,
193,13,1668,August,5,walk,
13,380,1668,August,5,walk,
380,785,1668,August,5,walk,
785,380,1668,August,6,walk,
380,402,1668,August,6,walk,
402,1407,1668,August,6,coach,Elizabeth Pepys; Deborah Willet
1407,1408,1668,August,6,coach,Elizabeth Pepys; Deborah Willet
1408,145,1668,August,7,coach,Elizabeth Pepys; Deborah Willet; Lt-Col Fitzgerald
145,1410,1668,August,7,coach,Elizabeth Pepys; Deborah Willet; Lt-Col Fitzgerald
1410,1411,1668,August,8,walk,
1411,1410,1668,August,8,walk,
1410,402,1668,August,8,coach,Elizabeth Pepys; Deborah Willet; Lt-Col Fitzgerald
402,3,1668,August,8,boat,Lt-Col Fitzgerald
3,785,1668,August,8,coach,
785,380,1668,August,9,coach,
380,3,1668,August,9,walk,
3,1304,1668,August,9,walk,
1304,785,1668,August,9,coach,Elizabeth Pepys; Deborah Willet
785,3,1668,August,10,boat,
3,1419,1668,August,10,walk,
1419,13,1668,August,10,walk,
13,23,1668,August,10,coach,
23,1353,1668,August,10,walk,Elizabeth Pepys; Deborah Willet
1353,13,1668,August,10,boat,Elizabeth Pepys; Deborah Willet
13,785,1668,August,10,boat,
785,3,1668,August,11,boat,
3,13,1668,August,11,walk,Mr Coventry
13,785,1668,August,11,boat,
785,861,1668,August,11,walk,
861,785,1668,August,11,walk,
785,9,1668,August,12,walk,
9,1128,1668,August,12,walk,
1128,242,1668,August,12,walk,
242,1322,1668,August,12,walk,
1322,23,1668,August,12,walk,
23,785,1668,August,12,walk,
785,193,1668,August,12,coach,Elizabeth Pepys; Mary Mercer; Deborah Willet
193,785,1668,August,12,coach,Elizabeth Pepys; Mary Mercer; Deborah Willet
785,9,1668,August,13,walk,
9,785,1668,August,13,walk,
785,1310,1668,August,14,boat,
1310,3,1668,August,14,walk,
3,785,1668,August,14,walk,
785,3,1668,August,14,walk,
3,1420,1668,August,14,walk,Mr Wren
1420,1239,1668,August,14,walk,
1239,380,1668,August,14,walk,
380,242,1668,August,14,walk,Mr Wren
242,785,1668,August,14,coach,
785,9,1668,August,15,walk,
9,785,1668,August,15,walk,
785,1105,1668,August,15,coach,Elizabeth Pepys; Mary Mercer; Deborah Willet
1105,785,1668,August,15,coach,Elizabeth Pepys; Mary Mercer; Deborah Willet
785,9,1668,August,16,walk,
9,785,1668,August,16,walk,
785,380,1668,August,17,boat,
380,1413,1668,August,17,coach,Mr Wren
1413,1415,1668,August,17,walk,
1415,1414,1668,August,17,walk,
1414,193,1668,August,17,coach,
193,785,1668,August,17,coach,
785,9,1668,August,18,walk,
9,785,1668,August,18,walk,
785,1357,1668,August,18,coach,
1357,3,1668,August,18,boat,
3,785,1668,August,18,boat,
785,9,1668,August,19,walk,
9,785,1668,August,19,walk,
785,9,1668,August,20,walk,
9,785,1668,August,20,walk,
785,3,1668,August,21,boat,
3,785,1668,August,21,boat,
785,9,1668,August,22,walk,
9,785,1668,August,22,walk,
785,575,1668,August,23,walk,
575,785,1668,August,23,walk,
785,9,1668,August,24,walk,
9,785,1668,August,24,walk,
785,380,1668,August,25,boat,
380,785,1668,August,25,boat,
785,9,1668,August,26,walk,
9,785,1668,August,26,walk,
785,113,1668,August,26,walk,
113,3,1668,August,26,boat,
3,785,1668,August,26,boat,
785,380,1668,August,27,boat,Mr Wren
380,785,1668,August,27,boat,
785,3,1668,August,28,boat,
3,829,1668,August,28,walk,Mr Wren; Lord Brouncker
829,785,1668,August,28,boat,
785,9,1668,August,29,walk,
9,785,1668,August,29,walk,
785,380,1668,August,30,walk,
380,785,1668,August,30,walk,
785,9,1668,August,30,walk,
9,785,1668,August,30,walk,
785,9,1668,August,31,walk,
9,13,1668,August,31,boat,
13,785,1668,August,31,walk,
785,9,1668,September,1,walk,
9,1112,1668,September,1,walk,
1112,240,1668,September,1,walk,
240,195,1668,September,1,walk,
195,785,1668,September,1,coach,
785,9,1668,September,2,walk,
9,785,1668,September,2,walk,
785,9,1668,September,3,walk,
9,1404,1668,September,3,walk,
1404,15,1668,September,3,walk,
15,195,1668,September,3,walk,
195,9,1668,September,3,walk,
9,1239,1668,September,3,boat,
1239,9,1668,September,3,boat,
9,1427,1668,September,3,walk,Sir William Penn; Lord Brouncker
1427,785,1668,September,3,walk,
785,9,1668,September,4,walk,
9,785,1668,September,4,walk,
785,240,1668,September,4,walk,Elizabeth Pepys; Deborah Willet; Mary Mercer; William Hewer
240,785,1668,September,4,coach,Elizabeth Pepys; Mary Knepp
785,9,1668,September,5,walk,
9,785,1668,September,5,walk,
785,1098,1668,September,5,coach,
1098,240,1668,September,5,walk,
240,785,1668,September,5,walk,
785,9,1668,September,6,walk,
9,785,1668,September,6,walk,
785,1422,1668,September,6,boat,Henry Russell
1422,1423,1668,September,6,walk,
1423,785,1668,September,6,boat,
785,9,1668,September,7,walk,
9,785,1668,September,7,walk,
785,911,1668,September,7,coach,Elizabeth Pepys; Deborah Willet
911,3,1668,September,7,walk,
3,240,1668,September,7,walk,Lord Brouncker; Sir William Penn; John Mennes
240,9,1668,September,7,walk,Lord Brouncker; Sir William Penn
785,3,1668,September,8,boat,
3,380,1668,September,8,walk,
380,9,1668,September,8,walk,
785,9,1668,September,9,walk,
9,858,1668,September,9,walk,
858,15,1668,September,9,walk,
15,785,1668,September,9,boat,
785,3,1668,September,9,boat,
3,1427,1668,September,9,walk,Lord Brouncker; Sir William Penn
1427,785,1668,September,9,coach,Lord Brouncker; Sir William Penn
785,3,1668,September,10,boat,
3,1310,1668,September,10,walk,
1310,1239,1668,September,10,walk,
1239,785,1668,September,10,boat,
785,131,1668,September,10,boat,William Hewer
131,193,1668,September,10,walk,Elizabeth Pepys; Mary Batelier; Mary Mercer; Deborah Willet; William Hewer
193,911,1668,September,10,coach,Elizabeth Pepys; Mary Mercer; Deborah Willet; Mary Batelier; William Hewer
911,3,1668,September,10,walk,Elizabeth Pepys; Mary Mercer; Deborah Willet; Mary Batelier
3,182,1668,September,10,walk,Elizabeth Pepys; Mary Mercer; Deborah Willet; Mary Batelier
182,785,1668,September,10,boat,
785,9,1668,September,11,walk,
9,785,1668,September,11,walk,
785,9,1668,September,12,walk,
9,785,1668,September,12,walk,
785,131,1668,September,13,walk,
131,380,1668,September,13,coach,
380,785,1668,September,13,coach,
785,131,1668,September,14,walk,
131,380,1668,September,14,coach,
380,3,1668,September,14,boat,
3,1239,1668,September,14,walk,
1239,785,1668,September,14,boat,
785,1424,1668,September,15,walk,Elizabeth Pepys; Mary Mercer; Deborah Willet; William Hewer
1424,23,1668,September,15,walk,Elizabeth Pepys; Mary Mercer; Deborah Willet; William Hewer
23,785,1668,September,15,walk,
785,9,1668,September,15,walk,
9,1105,1668,September,15,boat,
1105,380,1668,September,15,walk,
380,785,1668,September,15,boat,
785,9,1668,September,16,walk,
9,131,1668,September,16,walk,
131,1425,1668,September,16,walk,
1425,380,1668,September,16,walk,
380,382,1668,September,16,coach,
382,785,1668,September,16,coach,
785,1105,1668,September,17,walk,
1105,380,1668,September,17,walk,
380,785,1668,September,17,walk,
785,380,1668,September,18,walk,
380,857,1668,September,18,coach,
857,1105,1668,September,18,walk,
1105,864,1668,September,18,walk,
864,785,1668,September,18,coach,
785,9,1668,September,19,walk,
9,1105,1668,September,19,walk,
1105,785,1668,September,19,walk,
785,9,1668,September,20,walk,
9,785,1668,September,20,walk,
785,22,1668,September,20,coach,
22,1184,1668,September,20,walk,
1184,1432,1668,September,20,walk,
1432,538,1668,September,20,walk,
538,785,1668,September,20,walk,
785,3,1668,September,21,boat,
3,864,1668,September,21,walk,
864,380,1668,September,21,walk,
380,3,1668,September,21,walk,
3,15,1668,September,21,walk,
15,785,1668,September,21,boat,
785,814,1668,September,21,boat,
814,1428,1668,September,21,walk,
1428,182,1668,September,21,walk,
182,785,1668,September,21,boat,
785,9,1668,September,22,walk,
9,785,1668,September,22,walk,
785,9,1668,September,23,walk,
9,785,1668,September,23,walk,
785,3,1668,September,23,boat,
3,1239,1668,September,23,walk,
1239,785,1668,September,23,boat,
785,9,1668,September,24,walk,
9,1427,1668,September,24,walk,Lord Brouncker
1427,785,1668,September,24,walk,
785,9,1668,September,25,walk,
9,3,1668,September,25,coach,Lord Brouncker; John Mennes
3,785,1668,September,25,coach,
785,1182,1668,September,26,walk,
1182,13,1668,September,26,walk,
13,104,1668,September,26,walk,
104,115,1668,September,26,walk,
115,1434,1668,September,26,walk,
1434,13,1668,September,26,walk,
13,3,1668,September,26,walk,
3,785,1668,September,26,coach,
785,892,1668,September,27,walk,
892,160,1668,September,27,walk,
160,3,1668,September,27,walk,
3,107,1668,September,27,walk,
107,453,1668,September,27,walk,
453,3,1668,September,27,walk,
3,1184,1668,September,27,walk,
1184,1436,1668,September,27,walk,
1436,785,1668,September,27,boat,
785,380,1668,September,28,boat,
380,858,1668,September,28,walk,
858,1437,1668,September,28,walk,
1437,13,1668,September,28,walk,
13,15,1668,September,28,walk,
15,785,1668,September,28,boat,
785,1438,1668,September,28,walk,
1438,1439,1668,September,28,walk,
1439,1105,1668,September,28,coach,William Howe
1105,3,1668,September,28,walk,
3,1436,1668,September,28,walk,
1436,785,1668,September,28,coach,Alderman Backwell
785,9,1668,September,29,walk,
9,785,1668,September,29,walk,
785,176,1668,October,11,walk,
176,785,1668,October,11,walk,
785,3,1668,October,12,boat,
3,107,1668,October,12,walk,
107,1427,1668,October,12,walk,
1427,1449,1668,October,12,walk,
1449,785,1668,October,12,walk,
785,9,1668,October,13,walk,
9,380,1668,October,13,walk,
380,1427,1668,October,13,walk,Lord Brouncker
1427,1449,1668,October,13,walk,
1449,785,1668,October,13,walk,
785,1105,1668,October,14,boat,Elizabeth Pepys; Deborah Willet
1105,785,1668,October,14,walk,Sir William Penn
785,9,1668,October,15,walk,
9,785,1668,October,15,walk,
785,1441,1668,October,15,coach,Elizabeth Pepys; Deborah Willet
1441,1442,1668,October,15,walk,Elizabeth Pepys; Deborah Willet
1442,785,1668,October,15,coach,Elizabeth Pepys; Deborah Willet
785,380,1668,October,16,coach,Elizabeth Pepys; Deborah Willet
380,1448,1668,October,16,walk,Elizabeth Pepys; Deborah Willet
1448,1453,1668,October,16,coach,Elizabeth Pepys; Deborah Willet
1453,1452,1668,October,16,coach,Elizabeth Pepys; Deborah Willet
1452,785,1668,October,16,coach,Elizabeth Pepys; Deborah Willet
785,380,1668,October,16,walk,
380,858,1668,October,16,walk,
858,785,1668,October,16,walk,John Mennes
785,24,1668,October,16,walk,Elizabeth Pepys
24,785,1668,October,16,walk,Elizabeth Pepys
785,9,1668,October,17,walk,
9,785,1668,October,17,walk,
785,1444,1668,October,18,walk,
1444,561,1668,October,18,coach,Lord Brouncker
561,3,1668,October,18,coach,Lord Brouncker
3,785,1668,October,18,coach,
785,380,1668,October,19,coach,Elizabeth Pepys; Deborah Willet; Mr Harman
380,1448,1668,October,19,walk,Elizabeth Pepys; Deborah Willet; Mr Harman
1448,345,1668,October,19,coach,
345,193,1668,October,19,coach,Elizabeth Pepys; Deborah Willet
193,1450,1668,October,19,coach,Elizabeth Pepys; Deborah Willet
1450,785,1668,October,19,coach,Elizabeth Pepys; Deborah Willet
785,9,1668,October,20,walk,
9,283,1668,October,20,walk,
283,345,1668,October,20,walk,
345,1446,1668,October,20,walk,
1446,785,1668,October,20,coach,
785,1163,1668,October,21,walk,
1163,1427,1668,October,21,walk,
1427,1447,1668,October,21,walk,
1447,345,1668,October,21,walk,
345,1446,1668,October,21,walk,
1446,1452,1668,October,21,walk,
1452,785,1668,October,21,coach,
785,6,1668,October,21,coach,Elizabeth Pepys
6,3,1668,October,21,walk,
3,785,1668,October,21,coach,Elizabeth Pepys
785,9,1668,October,22,walk,
9,785,1668,October,22,walk,
785,1442,1668,October,22,coach,Elizabeth Pepys; Deborah Willet
1442,171,1668,October,22,coach,
171,226,1668,October,22,walk,Lord Brouncker
226,785,1668,October,22,coach,
785,380,1668,October,23,walk,Commissioner Middleton
380,3,1668,October,23,walk,Commissioner Middleton
3,6,1668,October,23,walk,
6,1451,1668,October,23,coach,Mr Pierce
1451,1446,1668,October,23,coach,
1446,195,1668,October,23,walk,
195,785,1668,October,23,walk,
785,9,1668,October,24,walk,
9,785,1668,October,24,walk,
785,176,1668,October,25,walk,
176,785,1668,October,25,walk,
785,3,1668,October,26,boat,
3,857,1668,October,26,walk,
857,6,1668,October,26,walk,
6,785,1668,October,26,coach,Elizabeth Pepys; Deborah Willet
785,9,1668,October,27,walk,
9,785,1668,October,27,walk,
785,725,1668,October,28,coach,
725,3,1668,October,28,coach,
3,785,1668,October,28,walk,
785,9,1668,October,29,walk,
9,785,1668,October,29,walk,
785,9,1668,October,30,walk,
9,785,1668,October,30,walk,
785,9,1668,October,31,walk,
9,785,1668,October,31,walk,
785,9,1668,November,1,walk,
9,785,1668,November,1,walk,
785,9,1668,November,2,boat,
9,857,1668,November,2,walk,
857,498,1668,November,2,walk,
498,195,1668,November,2,walk,
195,785,1668,November,2,walk,
785,9,1668,November,3,walk,
9,785,1668,November,3,walk,
785,3,1668,November,4,coach,
3,785,1668,November,4,coach,
785,3,1668,November,4,coach,
3,785,1668,November,4,coach,
785,9,1668,November,4,walk,
9,785,1668,November,4,walk,
785,3,1668,November,5,boat,
3,857,1668,November,5,walk,
857,3,1668,November,5,walk,
3,1202,1668,November,5,walk,
1202,1527,1668,November,5,walk,
1527,1202,1668,November,5,walk,
1202,1446,1668,November,5,walk,Mr Thomas Povy
1446,3,1668,November,5,walk,Mr Thomas Povy
3,785,1668,November,5,coach,Mr Thomas Povy
785,3,1668,November,6,boat,
3,9,1668,November,6,walk,
9,917,1668,November,6,coach,
917,852,1668,November,6,walk,
852,498,1668,November,6,walk,
498,785,1668,November,6,coach,
785,9,1668,November,7,walk,
9,785,1668,November,7,walk,
785,3,1668,November,9,coach,
3,6,1668,November,9,walk,
6,3,1668,November,9,walk,
3,519,1668,November,9,walk,
519,785,1668,November,9,walk,
785,9,1668,November,10,walk,
9,785,1668,November,10,walk,
785,9,1668,November,11,walk,
9,917,1668,November,11,coach,
917,785,1668,November,11,walk,
785,9,1668,November,12,walk,
9,785,1668,November,12,walk,
785,917,1668,November,12,coach,
917,785,1668,November,12,coach,
3,1239,1668,November,13,walk,Sir William Penn; John Mennes; Commissioner Middleton
1239,766,1668,November,13,walk,Sir William Penn; John Mennes; Commissioner Middleton
766,857,1668,November,13,walk,
857,785,1668,November,13,walk,
785,1446,1668,November,13,walk,
1446,1452,1668,November,13,walk,
1452,785,1668,November,13,walk,
785,3,1668,November,13,coach,Sir William Penn
785,9,1668,November,14,walk,
9,785,1668,November,14,walk,
785,176,1668,November,15,walk,
176,785,1668,November,15,walk,
785,3,1668,November,16,boat,William Hewer
3,857,1668,November,16,walk,
857,1462,1668,November,16,walk,
1462,1322,1668,November,16,walk,
1322,1405,1668,November,16,walk,
1405,498,1668,November,16,walk,
498,507,1668,November,16,walk,
507,785,1668,November,16,walk,
785,9,1668,November,17,walk,
9,785,1668,November,17,walk,
785,410,1668,November,18,coach,
410,3,1668,November,18,walk,
3,498,1668,November,18,walk,
498,519,1668,November,18,walk,
519,1464,1668,November,18,coach,
1464,785,1668,November,18,coach,
785,9,1668,November,19,walk,
9,785,1668,November,19,walk,
785,131,1668,November,20,boat,William Hewer
131,3,1668,November,20,boat,William Hewer
3,107,1668,November,20,walk,William Hewer
107,13,1668,November,20,walk,William Hewer
13,1446,1668,November,20,walk,William Hewer
1446,785,1668,November,20,coach,William Hewer
785,9,1668,November,21,walk,
9,1005,1668,November,21,coach,William Hewer
1005,1466,1668,November,21,coach,
1466,785,1668,November,21,coach,
785,9,1668,November,22,walk,
9,785,1668,November,22,walk,
785,3,1668,November,23,boat,William Hewer
3,6,1668,November,23,walk,William Hewer
6,3,1668,November,23,walk,William Hewer
3,911,1668,November,23,walk,William Hewer
911,519,1668,November,23,walk,William Hewer
519,1446,1668,November,23,walk,William Hewer
1446,1468,1668,November,23,walk,William Hewer
1468,785,1668,November,23,walk,William Hewer
785,9,1668,November,24,walk,
9,785,1668,November,24,walk,
785,3,1668,November,25,coach,William Hewer
3,857,1668,November,25,walk,
857,23,1668,November,25,walk,William Hewer; Roger Pepys
23,1469,1668,November,25,walk,
1469,785,1668,November,25,walk,
785,1467,1668,November,25,walk,Roger Pepys
1467,193,1668,November,25,coach,Elizabeth Pepys
193,785,1668,November,25,walk,Elizabeth Pepys
785,9,1668,November,26,walk,
9,1128,1668,November,26,coach,William Hewer
1128,1446,1668,November,26,walk,
1446,785,1668,November,26,walk,
785,3,1668,November,27,coach,William Hewer
3,15,1668,November,27,walk,
15,785,1668,November,27,walk,
785,9,1668,November,28,walk,
9,1470,1668,November,28,walk,
1470,785,1668,November,28,walk,
785,3,1668,November,30,boat,William Hewer
3,171,1668,November,30,boat,Mr Thomas Povy; John Creed
171,785,1668,November,30,coach,
785,9,1668,December,1,walk,
9,785,1668,December,1,walk,
785,9,1668,December,2,walk,
9,785,1668,December,2,walk,
785,1105,1668,December,2,coach,Elizabeth Pepys
1105,3,1668,December,2,coach,Elizabeth Pepys
3,1478,1668,December,2,walk,
1478,785,1668,December,2,coach,Elizabeth Pepys
785,3,1668,December,3,boat,William Hewer
3,857,1668,December,3,walk,
857,9,1668,December,3,walk,
9,785,1668,December,3,walk,
785,193,1668,December,3,coach,Elizabeth Pepys
193,785,1668,December,3,coach,Elizabeth Pepys
785,3,1668,December,4,boat,William Hewer
3,858,1668,December,4,walk,
858,158,1668,December,4,coach,Elizabeth Pepys; Aunt Wight
158,9,1668,December,4,coach,Elizabeth Pepys; Aunt Wight
9,785,1668,December,4,walk,
785,9,1668,December,5,walk,
9,785,1668,December,5,walk,
785,176,1668,December,6,walk,Elizabeth Pepys
176,9,1668,December,6,walk,
9,785,1668,December,6,walk,
785,1453,1668,December,7,walk,William Hewer
1453,6,1668,December,7,walk,
6,3,1668,December,7,walk,Lord Sandwich
3,107,1668,December,7,walk,Lord Sandwich
107,519,1668,December,7,walk,William Hewer
519,15,1668,December,7,walk,William Hewer
15,131,1668,December,7,walk,William Hewer
131,785,1668,December,7,coach,Elizabeth Pepys
785,131,1668,December,7,coach,Elizabeth Pepys
785,9,1668,December,8,walk,
9,785,1668,December,8,walk,
785,193,1668,December,8,coach,Elizabeth Pepys
193,785,1668,December,8,coach,Elizabeth Pepys
785,9,1668,December,9,walk,
9,131,1668,December,9,coach,Elizabeth Pepys
131,1475,1668,December,9,walk,Elizabeth Pepys
1475,1476,1668,December,9,walk,Elizabeth Pepys
1476,519,1668,December,9,walk,Elizabeth Pepys
519,193,1668,December,9,walk,Elizabeth Pepys
193,785,1668,December,9,coach,Elizabeth Pepys
785,9,1668,December,10,walk,
9,785,1668,December,10,walk,
785,410,1668,December,11,boat,William Hewer
410,3,1668,December,11,walk,
3,858,1668,December,11,walk,
858,158,1668,December,11,coach,William Hewer
158,1473,1668,December,11,walk,William Hewer
1473,158,1668,December,11,walk,William Hewer
158,1472,1668,December,11,walk,William Hewer
1472,785,1668,December,11,coach,
785,9,1668,December,12,walk,
9,785,1668,December,12,walk,
785,9,1668,December,13,walk,William Hewer
9,785,1668,December,13,walk,William Hewer
785,3,1668,December,14,boat,William Hewer
3,519,1668,December,14,walk,
519,23,1668,December,14,coach,
23,911,1668,December,14,walk,Elizabeth Pepys
911,1239,1668,December,14,walk,Elizabeth Pepys; William Hewer
1239,785,1668,December,14,coach,Elizabeth Pepys; William Hewer
785,9,1668,December,15,walk,
9,785,1668,December,15,walk,
785,9,1668,December,16,walk,
9,785,1668,December,16,walk,
785,9,1668,December,17,walk,
9,785,1668,December,17,walk,
785,9,1668,December,18,walk,
9,1427,1668,December,18,walk,
1427,9,1668,December,18,walk,
9,1404,1668,December,18,coach,
1404,9,1668,December,18,coach,
9,785,1668,December,18,walk,
785,3,1668,December,19,coach,Elizabeth Pepys
3,1105,1668,December,19,coach,Elizabeth Pepys
1105,785,1668,December,19,coach,Elizabeth Pepys
785,176,1668,December,20,walk,Elizabeth Pepys
176,785,1668,December,20,walk,Elizabeth Pepys
785,3,1668,December,20,coach,Elizabeth Pepys; William Hewer
3,858,1668,December,20,walk,
858,785,1668,December,20,coach,Elizabeth Pepys; William Hewer
785,131,1668,December,21,coach,Tom (boy)
131,3,1668,December,21,coach,
3,519,1668,December,21,walk,
519,23,1668,December,21,walk,
23,785,1668,December,21,walk,
785,131,1668,December,21,coach,Elizabeth Pepys; William Hewer; Talbot Pepys
131,1474,1668,December,21,coach,Elizabeth Pepys; William Hewer; Talbot Pepys
1474,193,1668,December,21,coach,Elizabeth Pepys; William Hewer; Talbot Pepys
193,785,1668,December,21,coach,Elizabeth Pepys; William Hewer; Talbot Pepys
785,9,1668,December,22,walk,
9,23,1668,December,22,walk,
23,785,1668,December,22,walk,
785,9,1668,December,23,walk,
9,23,1668,December,23,walk,
23,785,1668,December,23,coach,Elizabeth Pepys
785,1427,1668,December,23,walk,
1427,785,1668,December,23,walk,
785,9,1668,December,24,walk,
9,785,1668,December,24,walk,
785,176,1668,December,25,walk,Elizabeth Pepys
176,785,1668,December,25,walk,Elizabeth Pepys
785,9,1668,December,26,walk,
9,785,1668,December,26,walk,
785,193,1668,December,26,coach,Elizabeth Pepys
193,785,1668,December,26,coach,Elizabeth Pepys
785,3,1668,December,27,walk,William Hewer
3,107,1668,December,27,walk,William Hewer
107,785,1668,December,27,coach,
1477,785,1668,December,28,boat,Elizabeth Pepys
785,9,1668,December,29,walk,
9,785,1668,December,29,walk,
785,23,1668,December,29,coach,Elizabeth Pepys
23,785,1668,December,29,coach,Elizabeth Pepys
785,9,1668,December,30,walk,
9,193,1668,December,30,coach,Elizabeth Pepys
193,23,1668,December,30,coach,Elizabeth Pepys
23,785,1668,December,30,coach,Elizabeth Pepys
785,9,1668,December,31,walk,
9,785,1668,December,31,walk,
785,345,1669,January,1,coach,William Hewer
345,1479,1669,January,1,walk,William Hewer
1479,23,1669,January,1,walk,William Hewer
23,24,1669,January,1,walk,
24,1105,1669,January,1,coach,Elizabeth Pepys
1105,24,1669,January,1,coach,Elizabeth Pepys
24,785,1669,January,1,walk,Elizabeth Pepys
785,9,1669,January,2,walk,
9,785,1669,January,2,walk,
785,3,1669,January,3,coach,William Hewer; Mr Spong
3,858,1669,January,3,walk,Lord Brouncker
858,785,1669,January,3,coach,
785,3,1669,January,4,coach,William Hewer
3,857,1669,January,4,walk,
857,1480,1669,January,4,walk,William Hewer
1480,1481,1669,January,4,walk,Elizabeth Pepys; The. Turner
1481,3,1669,January,4,coach,
3,519,1669,January,4,walk,
519,858,1669,January,4,walk,Lord Brouncker
858,911,1669,January,4,coach,Elizabeth Pepys; William Hewer
911,785,1669,January,4,coach,Elizabeth Pepys; William Hewer
785,9,1669,January,5,walk,
9,785,1669,January,5,walk,
785,9,1669,January,6,walk,
9,785,1669,January,6,walk,
785,9,1669,January,7,walk,
9,785,1669,January,7,walk,
785,1105,1669,January,7,coach,Elizabeth Pepys
1105,785,1669,January,7,coach,Elizabeth Pepys
785,3,1669,January,8,coach,Commissioner Middleton
3,858,1669,January,8,walk,
858,3,1669,January,8,walk,William Hewer
3,1239,1669,January,8,coach,Elizabeth Pepys; Mr Hater
1239,785,1669,January,8,coach,Elizabeth Pepys
785,9,1669,January,9,walk,
9,785,1669,January,9,walk,
785,9,1669,January,11,walk,William Hewer
9,3,1669,January,11,walk,
3,345,1669,January,11,walk,
345,23,1669,January,11,walk,
23,1105,1669,January,11,coach,Elizabeth Pepys
1105,345,1669,January,11,coach,Elizabeth Pepys
345,785,1669,January,11,walk,Elizabeth Pepys
785,9,1669,January,12,walk,
9,1239,1669,January,12,walk,
1239,9,1669,January,12,walk,
9,785,1669,January,12,walk,
785,1453,1669,January,13,coach,
1453,3,1669,January,13,coach,
3,107,1669,January,13,walk,
107,1182,1669,January,13,walk,
1182,785,1669,January,13,coach,Elizabeth Pepys; Talbot Pepys
785,131,1669,January,13,coach,Elizabeth Pepys; Talbot Pepys
131,1105,1669,January,13,coach,Elizabeth Pepys; Talbot Pepys
1105,785,1669,January,13,coach,Elizabeth Pepys; Talbot Pepys
785,9,1669,January,14,walk,
9,785,1669,January,14,walk,
785,1453,1669,January,15,coach,William Hewer
1453,3,1669,January,15,walk,
3,107,1669,January,15,walk,
107,3,1669,January,15,walk,
3,858,1669,January,15,walk,
858,1491,1669,January,15,walk,Lord Brouncker; Sir R. Murray
1491,1461,1669,January,15,coach,Elizabeth Pepys
1461,193,1669,January,15,coach,Elizabeth Pepys; The. Turner
193,1461,1669,January,15,coach,The. Turner; Mrs Dyke
1461,785,1669,January,15,coach,Elizabeth Pepys; The. Turner
785,9,1669,January,16,walk,
9,785,1669,January,16,walk,
785,176,1669,January,17,walk,Elizabeth Pepys
176,785,1669,January,17,walk,Elizabeth Pepys
785,3,1669,January,17,walk,William Hewer; Mr Spong
3,785,1669,January,17,walk,William Hewer
785,131,1669,January,18,walk,William Hewer
131,1453,1669,January,18,coach,
1453,6,1669,January,18,walk,Lord Sandwich
6,3,1669,January,18,walk,Lord Sandwich
3,858,1669,January,18,walk,
858,785,1669,January,18,coach,
785,3,1669,January,18,coach,Elizabeth Pepys; William Hewer; Sidney Montagu; Mr Sheres
3,1088,1669,January,18,walk,Sidney Montagu; Mr Sheres
1088,785,1669,January,18,coach,Sidney Montagu; Mr Sheres; Elizabeth Pepys
785,193,1669,January,18,coach,Elizabeth Pepys; Sidney Montagu; Mr Sheres
193,23,1669,January,18,coach,Elizabeth Pepys; Sidney Montagu; Mr Sheres
23,3,1669,January,18,walk,
3,1478,1669,January,18,walk,
1478,23,1669,January,18,coach,Elizabeth Pepys
23,785,1669,January,18,coach,Elizabeth Pepys
785,9,1669,January,19,walk,
9,785,1669,January,19,walk,
785,926,1669,January,19,coach,Elizabeth Pepys; The. Turner
926,785,1669,January,19,coach,Elizabeth Pepys
785,3,1669,January,20,coach,Elizabeth Pepys; William Hewer
3,321,1669,January,20,walk,
321,911,1669,January,20,coach,Elizabeth Pepys; William Hewer
911,519,1669,January,20,walk,William Hewer
519,1484,1669,January,20,walk,Elizabeth Pepys; William Hewer
1484,193,1669,January,20,coach,Elizabeth Pepys; William Hewer
193,785,1669,January,20,coach,Elizabeth Pepys; William Hewer
785,131,1669,January,21,coach,Tom (boy)
131,3,1669,January,21,coach,
3,519,1669,January,21,walk,
519,785,1669,January,21,coach,
785,131,1669,January,21,coach,Elizabeth Pepys; William Hewer; Talbot Pepys
131,1474,1669,January,21,coach,Elizabeth Pepys; William Hewer; Talbot Pepys
1474,193,1669,January,21,coach,Elizabeth Pepys; William Hewer; Talbot Pepys
193,23,1669,January,21,coach,Elizabeth Pepys; William Hewer; Talbot Pepys
23,785,1669,January,21,coach,Elizabeth Pepys; William Hewer; Talbot Pepys
785,3,1669,January,22,coach,William Hewer
3,23,1669,January,22,walk,
23,785,1669,January,22,coach,
785,9,1669,January,23,walk,
9,785,1669,January,23,walk,
785,176,1669,January,24,walk,Elizabeth Pepys
176,785,1669,January,24,walk,Elizabeth Pepys
785,3,1669,January,24,coach,Elizabeth Pepys
3,1482,1669,January,24,coach,
1482,1461,1669,January,24,coach,Mr Wren
1461,785,1669,January,24,coach,Elizabeth Pepys
785,3,1669,January,25,coach,
3,519,1669,January,25,walk,
519,785,1669,January,25,coach,
785,9,1669,January,26,walk,
9,3,1669,January,26,coach,Elizabeth Pepys; William Hewer
3,321,1669,January,26,walk,
321,785,1669,January,26,coach,Elizabeth Pepys; William Hewer
785,9,1669,January,27,coach,John Mennes
9,1239,1669,January,27,walk,
1239,321,1669,January,27,walk,
321,131,1669,January,27,coach,
131,1492,1669,January,27,walk,
1492,1461,1669,January,27,coach,
1461,785,1669,January,27,coach,
785,193,1669,January,27,coach,Elizabeth Pepys; Roger Pepys; Widow Dickenson; The. Turner
193,1461,1669,January,27,coach,Elizabeth Pepys; Roger Pepys; Widow Dickenson; The. Turner
785,9,1669,January,28,walk,
9,785,1669,January,28,walk,
785,3,1669,January,29,coach,Commissioner Middleton
3,858,1669,January,29,walk,
858,131,1669,January,29,coach,Roger Pepys
131,23,1669,January,29,walk,Roger Pepys
23,785,1669,January,29,walk,
785,1490,1669,January,29,coach,Roger Pepys; Elizabeth Pepys; Aunt Wight
1490,1489,1669,January,29,coach,Roger Pepys; Elizabeth Pepys; Aunt Wight
1489,131,1669,January,29,coach,Roger Pepys
131,785,1669,January,29,coach,
785,176,1669,January,30,walk,Elizabeth Pepys
176,785,1669,January,30,walk,Elizabeth Pepys
785,176,1669,January,31,walk,
176,785,1669,January,31,walk,
785,3,1669,February,1,boat,
3,519,1669,February,1,walk,Mr Thomas Povy
519,1484,1669,February,1,walk,Mr Thomas Povy
1484,1485,1669,February,1,walk,Mr Thomas Povy
1485,1004,1669,February,1,walk,Mr Thomas Povy
1004,785,1669,February,1,walk,
785,1105,1669,February,1,coach,Elizabeth Pepys
1105,1487,1669,February,1,walk,Elizabeth Pepys; The. Turner; Betty Turner
1487,193,1669,February,1,coach,Elizabeth Pepys; The. Turner; Betty Turner
193,785,1669,February,1,coach,Elizabeth Pepys
785,9,1669,February,2,walk,
9,1105,1669,February,2,coach,Elizabeth Pepys; Mr Sheres
1105,3,1669,February,2,coach,Mr Sheres
3,785,1669,February,2,coach,
785,9,1669,February,3,walk,
9,785,1669,February,3,walk,
785,9,1669,February,4,walk,
9,3,1669,February,4,walk,
3,9,1669,February,4,walk,
9,1488,1669,February,4,coach,Elizabeth Pepys; Mr Spong
1488,1461,1669,February,4,coach,Elizabeth Pepys; Mr Spong
1461,345,1669,February,4,coach,Elizabeth Pepys; Mr Spong
345,785,1669,February,4,coach,
785,1453,1669,February,5,coach,William Hewer
1453,3,1669,February,5,coach,Mr Coventry
3,1484,1669,February,5,walk,
1484,785,1669,February,5,walk,
785,9,1669,February,6,walk,
9,1105,1669,February,6,coach,Elizabeth Pepys
1105,1467,1669,February,6,coach,Elizabeth Pepys
1467,1446,1669,February,6,walk,
1446,785,1669,February,6,coach,Elizabeth Pepys
785,176,1669,February,7,walk,Elizabeth Pepys
176,785,1669,February,7,walk,Elizabeth Pepys
785,3,1669,February,8,coach,William Hewer; Elizabeth Pepys
3,6,1669,February,8,walk,
6,911,1669,February,8,walk,Elizabeth Pepys; William Hewer
911,1480,1669,February,8,walk,Elizabeth Pepys; William Hewer
1480,785,1669,February,8,coach,Elizabeth Pepys; William Hewer
785,9,1669,February,9,walk,
9,1105,1669,February,9,coach,Elizabeth Pepys
1105,785,1669,February,9,coach,Elizabeth Pepys
785,3,1669,February,10,coach,Elizabeth Pepys; William Hewer
3,1493,1669,February,10,walk,Elizabeth Pepys; William Hewer
1493,519,1669,February,10,walk,Elizabeth Pepys; William Hewer
519,3,1669,February,10,walk,
3,785,1669,February,10,coach,
785,9,1669,February,11,walk,
9,785,1669,February,11,walk,
785,3,1669,February,12,coach,Elizabeth Pepys; Tom (boy)
3,857,1669,February,12,walk,
857,1239,1669,February,12,walk,John Mennes; Mr Tippets
1239,519,1669,February,12,walk,
519,1484,1669,February,12,walk,
1484,3,1669,February,12,walk,Elizabeth Pepys; William Hewer
3,1478,1669,February,12,walk,
1478,1461,1669,February,12,coach,Elizabeth Pepys; William Hewer
1461,785,1669,February,12,coach,Elizabeth Pepys; William Hewer
785,9,1669,February,13,walk,
9,785,1669,February,13,walk,
785,1453,1669,February,14,coach,
1453,785,1669,February,14,coach,
785,3,1669,February,14,coach,Elizabeth Pepys; William Hewer
3,857,1669,February,14,walk,
857,3,1669,February,14,walk,Mr Wren
3,1461,1669,February,14,coach,Elizabeth Pepys; William Hewer
1461,24,1669,February,14,walk,Elizabeth Pepys; William Hewer
24,785,1669,February,14,walk,Elizabeth Pepys
785,3,1669,February,15,coach,Tom (boy)
3,1493,1669,February,15,walk,
1493,131,1669,February,15,walk,
131,345,1669,February,15,walk,
345,1460,1669,February,15,coach,
1460,1481,1669,February,15,coach,Elizabeth Pepys; The. Turner; Betty Turner
1481,1461,1669,February,15,coach,Elizabeth Pepys; The. Turner; Betty Turner
1461,3,1669,February,15,coach,Elizabeth Pepys; William Hewer
3,1178,1669,February,15,walk,
1178,785,1669,February,15,coach,Elizabeth Pepys; William Hewer
785,9,1669,February,16,walk,
9,785,1669,February,16,walk,
785,561,1669,February,17,coach,William Hewer
561,3,1669,February,17,coach,
3,900,1669,February,17,walk,
900,1499,1669,February,17,walk,
1499,176,1669,February,17,walk,
176,561,1669,February,17,coach,
561,785,1669,February,17,coach,
785,9,1669,February,18,walk,
9,785,1669,February,18,walk,
785,193,1669,February,18,coach,Elizabeth Pepys
193,785,1669,February,18,coach,Elizabeth Pepys; Bab Pepys; Betty Pepys; Talbot Pepys; The. Turner; Betty Turner
785,3,1669,February,19,coach,Lord Brouncker
3,858,1669,February,19,walk,
858,1494,1669,February,19,walk,William Hewer
1494,785,1669,February,19,walk,
785,193,1669,February,20,coach,Elizabeth Pepys; Bab Pepys; Betty Pepys
193,1495,1669,February,20,coach,Elizabeth Pepys; Bab Pepys; Betty Pepys
1495,785,1669,February,20,coach,Elizabeth Pepys; Bab Pepys; Betty Pepys
785,176,1669,February,21,walk,Elizabeth Pepys; Bab Pepys; Betty Pepys
176,785,1669,February,21,walk,Elizabeth Pepys; Bab Pepys; Betty Pepys
785,3,1669,February,22,coach,Sir H. Cholmly
3,785,1669,February,22,coach,Sir H. Cholmly
785,911,1669,February,22,coach,Elizabeth Pepys; Bab Pepys; Betty Pepys
911,3,1669,February,22,coach,Elizabeth Pepys; Bab Pepys; Betty Pepys
3,1178,1669,February,22,walk,Elizabeth Pepys; Bab Pepys; Betty Pepys
1178,519,1669,February,22,walk,Elizabeth Pepys; Bab Pepys; Betty Pepys; William Batelier; William Hewer; Talbot Pepys
519,785,1669,February,22,coach,Elizabeth Pepys; Bab Pepys; Betty Pepys; William Batelier; William Hewer; Talbot Pepys
785,9,1669,February,23,walk,
9,1503,1669,February,23,coach,Elizabeth Pepys; Bab Pepys; Betty Pepys
1503,103,1669,February,23,coach,Elizabeth Pepys; Bab Pepys; Betty Pepys
103,1496,1669,February,23,coach,Elizabeth Pepys; Bab Pepys; Betty Pepys
1496,1502,1669,February,23,coach,Elizabeth Pepys; Bab Pepys; Betty Pepys; Betty Turner; The. Turner
1502,785,1669,February,23,coach,Elizabeth Pepys; Bab Pepys; Betty Pepys
785,9,1669,February,24,walk,
9,785,1669,February,24,walk,
785,1133,1669,February,24,walk,Elizabeth Pepys; Bab Pepys; Betty Pepys
1133,785,1669,February,24,walk,Elizabeth Pepys; Bab Pepys; Betty Pepys
785,9,1669,February,25,walk,
9,193,1669,February,25,coach,Elizabeth Pepys; Bab Pepys; Betty Pepys
193,9,1669,February,25,coach,
9,785,1669,February,25,walk,
785,9,1669,February,26,walk,
9,1105,1669,February,26,coach,Elizabeth Pepys; Bab Pepys; Betty Pepys
1105,1133,1669,February,26,coach,Elizabeth Pepys; Bab Pepys; Betty Pepys
1133,785,1669,February,26,walk,Elizabeth Pepys; Bab Pepys; Betty Pepys
785,9,1669,February,27,walk,
9,785,1669,February,27,walk,
785,176,1669,February,28,walk,Elizabeth Pepys
176,785,1669,February,28,walk,Elizabeth Pepys
785,1481,1669,February,28,coach,Bab Pepys; Betty Pepys
1481,1461,1669,February,28,coach,Bab Pepys; Betty Pepys
1461,917,1669,February,28,walk,
917,1461,1669,February,28,walk,Betty Turner
1461,785,1669,February,28,coach,
785,3,1669,March,1,coach,
3,519,1669,March,1,walk,
519,6,1669,March,1,walk,
6,13,1669,March,1,walk,
13,131,1669,March,1,walk,
131,23,1669,March,1,coach,Elizabeth Pepys
23,785,1669,March,1,coach,Elizabeth Pepys
785,9,1669,March,2,walk,
9,785,1669,March,2,walk,
785,3,1669,March,3,coach,
3,107,1669,March,3,walk,William Hewer
107,1484,1669,March,3,walk,
1484,911,1669,March,3,walk,Elizabeth Pepys
911,193,1669,March,3,coach,Elizabeth Pepys
193,345,1669,March,3,coach,Elizabeth Pepys
345,1461,1669,March,3,coach,Elizabeth Pepys
1461,785,1669,March,3,coach,Elizabeth Pepys
785,9,1669,March,4,walk,
9,3,1669,March,4,walk,
3,43,1669,March,4,coach,
43,1506,1669,March,4,boat,
1506,1507,1669,March,4,walk,Sir Jeremiah Smith
1507,579,1669,March,4,walk,
579,1507,1669,March,4,walk,
1507,593,1669,March,4,walk,Sir Jeremiah Smith
593,785,1669,March,4,boat,Sir Jeremiah Smith
785,3,1669,March,5,boat,
3,911,1669,March,5,coach,Elizabeth Pepys; William Hewer
911,43,1669,March,5,coach,
43,1505,1669,March,5,walk,
1505,1526,1669,March,5,walk,
1526,785,1669,March,5,coach,Elizabeth Pepys
785,9,1669,March,6,walk,
9,1505,1669,March,6,walk,
1505,9,1669,March,6,walk,
9,785,1669,March,6,walk,
785,176,1669,March,7,walk,Elizabeth Pepys
176,785,1669,March,7,walk,Elizabeth Pepys
785,43,1669,March,7,coach,
43,1505,1669,March,7,walk,
1505,785,1669,March,7,coach,
785,1419,1669,March,7,coach,
1419,785,1669,March,7,coach,
785,3,1669,March,8,coach,William Hewer
3,492,1669,March,8,walk,William Hewer
492,4,1669,March,8,walk,William Hewer
4,15,1669,March,8,boat,William Hewer
15,3,1669,March,8,boat,William Hewer
3,131,1669,March,8,coach,William Hewer
131,688,1669,March,8,walk,William Hewer; Mr Newport; Major Halsey
688,3,1669,March,8,walk,
3,4,1669,March,8,walk,William Hewer; Mr Gibson
4,785,1669,March,8,boat,William Hewer; Mr Gibson
785,1461,1669,March,8,coach,Elizabeth Pepys
1461,785,1669,March,8,coach,Elizabeth Pepys
785,43,1669,March,9,walk,
43,1505,1669,March,9,walk,
1505,9,1669,March,9,walk,
9,1461,1669,March,9,coach,Elizabeth Pepys; Betty Turner; Bab Pepys; Betty Pepys; William Hewer
1461,1525,1669,March,9,coach,Elizabeth Pepys; Betty Turner; Bab Pepys; Betty Pepys; William Hewer; Roger Pepys
1525,1461,1669,March,9,coach,Elizabeth Pepys; Roger Pepys; Mrs Dickenson
1461,785,1669,March,9,coach,Elizabeth Pepys
785,1508,1669,March,10,coach,William Hewer
1508,3,1669,March,10,coach,William Hewer
3,4,1669,March,10,walk,William Hewer
4,15,1669,March,10,boat,William Hewer
15,3,1669,March,10,boat,William Hewer
3,131,1669,March,10,coach,William Hewer; Mr Gibson
131,1509,1669,March,10,walk,William Hewer; W. Howe
1509,1510,1669,March,10,walk,W. Howe
1510,1511,1669,March,10,walk,W. Howe
1511,1512,1669,March,10,walk,W. Howe
1512,1513,1669,March,10,walk,William Hewer; Mr Gibson
1513,785,1669,March,10,boat,William Hewer
785,1461,1669,March,10,coach,Elizabeth Pepys
1461,1526,1669,March,10,coach,Elizabeth Pepys
1526,785,1669,March,10,coach,Elizabeth Pepys
785,43,1669,March,11,walk,
43,1505,1669,March,11,walk,
1505,9,1669,March,11,walk,
9,785,1669,March,11,walk,
785,1508,1669,March,12,coach,William Hewer
1508,131,1669,March,12,coach,William Hewer; W. Howe
131,1512,1669,March,12,walk,William Hewer; W. Howe
1512,1513,1669,March,12,walk,William Hewer
1513,785,1669,March,12,coach,
785,43,1669,March,13,walk,
43,1505,1669,March,13,walk,
1505,9,1669,March,13,walk,
9,785,1669,March,13,walk,
785,176,1669,March,14,walk,Elizabeth Pepys
176,785,1669,March,14,walk,Elizabeth Pepys
785,724,1669,March,15,boat,William Hewer
724,1515,1669,March,15,walk,William Hewer
1515,107,1669,March,15,walk,
107,724,1669,March,15,walk,
724,3,1669,March,15,boat,William Hewer
3,785,1669,March,15,boat,
785,43,1669,March,16,walk,
43,1505,1669,March,16,walk,
1505,9,1669,March,16,walk,
9,37,1669,March,16,boat,William Hewer
37,1118,1669,March,16,boat,
1118,31,1669,March,16,walk,
31,646,1669,March,16,walk,William Hewer
646,785,1669,March,16,walk,
785,3,1669,March,17,boat,William Hewer
3,13,1669,March,17,walk,William Hewer
13,15,1669,March,17,walk,William Hewer
15,785,1669,March,17,boat,William Hewer
785,1105,1669,March,17,coach,Elizabeth Pepys
1105,785,1669,March,17,coach,Elizabeth Pepys
785,43,1669,March,18,walk,
43,1505,1669,March,18,walk,
1505,9,1669,March,18,walk,
9,1503,1669,March,18,coach,Elizabeth Pepys; new maid
1503,1484,1669,March,18,coach,Elizabeth Pepys; new maid
1484,382,1669,March,18,coach,Elizabeth Pepys
382,785,1669,March,18,coach,Elizabeth Pepys
785,3,1669,March,19,boat,
3,1239,1669,March,19,walk,
1239,1493,1669,March,19,walk,
1493,785,1669,March,19,coach,
785,9,1669,March,19,walk,
9,49,1669,March,19,coach,Commissioner Middleton; Captain Kempthorne
49,9,1669,March,19,coach,Commissioner Middleton; Captain Kempthorne
9,785,1669,March,19,walk,
785,43,1669,March,20,walk,
43,1505,1669,March,20,walk,
1505,9,1669,March,20,walk,
9,785,1669,March,20,walk,
785,69,1669,March,21,boat,
69,593,1669,March,21,walk,
593,3,1669,March,21,boat,
3,858,1669,March,21,walk,
858,3,1669,March,21,walk,
3,785,1669,March,21,boat,Henry Russell
785,3,1669,March,22,boat,William Hewer
3,1453,1669,March,22,coach,Mr Coventry
1453,3,1669,March,22,coach,Mr Coventry
3,1239,1669,March,22,walk,
1239,911,1669,March,22,coach,Elizabeth Pepys; William Hewer
911,1515,1669,March,22,walk,
1515,3,1669,March,22,walk,William Hewer
3,1239,1669,March,22,walk,
1239,785,1669,March,22,coach,Elizabeth Pepys; William Hewer
785,9,1669,March,23,coach,Commissioner Middleton; Captain Tinker; Mr Hutchinson
9,849,1669,March,23,coach,Commissioner Middleton; Captain Tinker; Mr Hutchinson
849,119,1669,March,23,coach,Commissioner Middleton; Captain Tinker; Mr Hutchinson
119,1061,1669,March,24,walk,
1061,119,1669,March,24,walk,
119,127,1669,March,24,coach,Mr Gibson; Mr Coney
127,1521,1669,March,24,coach,Mr Gibson; Mr Coney
1521,1522,1669,March,24,coach,Mr Coney
1522,127,1669,March,24,coach,Mr Coney
127,119,1669,March,24,walk,Mr Coney
119,849,1669,March,25,boat,
849,49,1669,March,25,boat,Admiral Kempthorne; captains
49,119,1669,March,25,boat,
119,849,1669,March,26,walk,Commissioner Middleton
849,119,1669,March,26,walk,Commissioner Middleton
119,122,1669,March,26,walk,Commissioner Middleton
122,119,1669,March,26,walk,Commissioner Middleton
119,849,1669,March,27,coach,Commissioner Middleton; Mr Hutchinson
849,785,1669,March,27,coach,Commissioner Middleton; Mr Hutchinson
785,9,1669,March,28,walk,
9,785,1669,March,28,walk,
785,3,1669,March,29,boat,William Hewer; Tom
3,858,1669,March,29,walk,
858,1527,1669,March,29,walk,
1527,785,1669,March,29,coach,
785,31,1669,March,29,boat,Tom
31,36,1669,March,29,walk,Sir Richard Browne; Mr Evelyn
36,579,1669,March,29,walk,
579,37,1669,March,29,walk,
37,785,1669,March,29,boat,
785,3,1669,March,30,walk,
3,785,1669,March,30,walk,
785,3,1669,March,31,boat,William Hewer
3,107,1669,March,31,walk,Mr Coventry
107,519,1669,March,31,walk,
519,785,1669,March,31,coach,
785,1484,1669,March,31,coach,Elizabeth Pepys
1484,382,1669,March,31,coach,Elizabeth Pepys
382,785,1669,March,31,coach,Elizabeth Pepys
785,1531,1669,April,1,boat,Commissioner Middleton
1531,861,1669,April,1,walk,Commissioner Middleton
861,382,1669,April,1,coach,Elizabeth Pepys; Lord Brouncker
382,1461,1669,April,1,coach,Elizabeth Pepys; Lord Brouncker
1461,785,1669,April,1,coach,Elizabeth Pepys; William Batelier
785,3,1669,April,2,boat,William Hewer
3,857,1669,April,2,walk,
857,3,1669,April,2,walk,
3,1477,1669,April,2,boat,Elizabeth Pepys
1477,3,1669,April,2,coach,
3,785,1669,April,2,walk,
785,1531,1669,April,3,boat,Commissioner Middleton
1531,9,1669,April,3,walk,Commissioner Middleton
9,785,1669,April,3,walk,
785,176,1669,April,4,walk,Elizabeth Pepys
176,785,1669,April,4,walk,Elizabeth Pepys
785,1419,1669,April,4,coach,John Mennes; Commissioner Middleton
1419,785,1669,April,4,coach,
785,3,1669,April,5,coach,
3,519,1669,April,5,walk,
519,911,1669,April,5,coach,Elizabeth Pepys; Betty Turner; Mr Sheres
911,924,1669,April,5,coach,Elizabeth Pepys; Betty Turner; Mr Sheres
924,382,1669,April,5,coach,Elizabeth Pepys; Mr Sheres; Betty Turner; Talbot Pepys; William Batelier; Susan Batelier
382,924,1669,April,5,coach,Elizabeth Pepys; Mr Sheres; Betty Turner; Talbot Pepys; William Batelier; Susan Batelier
924,1461,1669,April,5,coach,Elizabeth Pepys
1461,785,1669,April,5,coach,
785,1128,1669,April,6,walk,
1128,1502,1669,April,6,coach,Elizabeth Pepys; Betty Turner; The. Turner; Talbot Pepys
1502,3,1669,April,6,coach,
3,858,1669,April,6,walk,
858,785,1669,April,6,coach,
785,1461,1669,April,7,coach,
1461,1239,1669,April,7,coach,
1239,345,1669,April,7,walk,
345,1461,1669,April,7,walk,
1461,1515,1669,April,7,walk,Betty Turner; Talbot Pepys
1515,321,1669,April,7,walk,
321,131,1669,April,7,coach,Betty Turner
131,785,1669,April,7,coach,
785,3,1669,April,8,coach,
3,1128,1669,April,8,walk,
1128,9,1669,April,8,walk,
9,1529,1669,April,8,coach,Elizabeth Pepys
1529,785,1669,April,8,coach,Elizabeth Pepys
785,3,1669,April,9,boat,William Hewer
3,13,1669,April,9,boat,William Hewer
13,785,1669,April,9,boat,William Hewer
785,1128,1669,April,9,walk,William Hewer
1128,13,1669,April,9,walk,William Hewer
13,1001,1669,April,9,walk,
1001,785,1669,April,9,walk,
785,1128,1669,April,10,walk,
1128,3,1669,April,10,walk,
3,23,1669,April,10,walk,
23,785,1669,April,10,walk,
785,176,1669,April,11,walk,Elizabeth Pepys
176,785,1669,April,11,walk,Elizabeth Pepys
785,1533,1669,April,11,coach,Elizabeth Pepys; Balty St Michel
1533,1534,1669,April,11,walk,Elizabeth Pepys; Balty St Michel
1534,453,1669,April,11,coach,Elizabeth Pepys
453,382,1669,April,11,coach,Elizabeth Pepys
382,785,1669,April,11,coach,Elizabeth Pepys
785,3,1669,April,12,boat,William Hewer
3,1534,1669,April,12,walk,Mr Sheres
1534,380,1669,April,12,walk,Mr Sheres
380,3,1669,April,12,walk,
3,911,1669,April,12,walk,Elizabeth Pepys; Jane
911,1515,1669,April,12,walk,Elizabeth Pepys; Jane; Mr Sheres; Tom
1515,1237,1669,April,12,boat,Elizabeth Pepys; Mr Sheres; Tom
1237,3,1669,April,12,boat,Elizabeth Pepys; Mr Sheres; Tom
3,400,1669,April,12,coach,Elizabeth Pepys
400,785,1669,April,12,coach,Elizabeth Pepys
785,9,1669,April,13,walk,
9,1535,1669,April,13,walk,
1535,23,1669,April,13,walk,William Hewer
23,1536,1669,April,13,coach,William Hewer
1536,1535,1669,April,13,walk,
1535,3,1669,April,13,boat,William Hewer
3,107,1669,April,13,walk,William Hewer; Sir H. Cholmly
107,3,1669,April,13,walk,William Hewer
3,785,1669,April,13,boat,William Hewer
785,3,1669,April,14,coach,William Hewer
3,858,1669,April,14,walk,
858,3,1669,April,14,walk,
3,193,1669,April,14,coach,Elizabeth Pepys
193,1489,1669,April,14,coach,Elizabeth Pepys
1489,785,1669,April,14,coach,Elizabeth Pepys
785,9,1669,April,15,walk,
9,131,1669,April,15,coach,
131,72,1669,April,15,walk,
72,1539,1669,April,15,walk,
1539,1461,1669,April,15,coach,
1461,1540,1669,April,15,coach,Elizabeth Pepys; The. Turner; Betty Turner; William Batelier; Susan Batelier
1540,785,1669,April,15,coach,Elizabeth Pepys; William Batelier; Susan Batelier
785,9,1669,April,16,walk,
9,3,1669,April,16,coach,
3,193,1669,April,16,coach,William Hewer
193,785,1669,April,16,coach,William Hewer; Elizabeth Pepys
785,9,1669,April,17,walk,
9,1105,1669,April,17,coach,Elizabeth Pepys; Mr Pierce
1105,1453,1669,April,17,coach,Elizabeth Pepys
1453,107,1669,April,17,coach,Mr Coventry
107,3,1669,April,17,coach,Mr Coventry
3,857,1669,April,17,walk,
857,1478,1669,April,17,walk,
1478,785,1669,April,17,coach,Elizabeth Pepys
785,9,1669,April,18,walk,
9,1419,1669,April,18,coach,John Mennes; Commissioner Middleton
1419,3,1669,April,18,walk,
3,1478,1669,April,18,walk,
1478,3,1669,April,18,walk,
3,1461,1669,April,18,walk,Elizabeth Pepys
1461,131,1669,April,18,walk,Elizabeth Pepys
131,785,1669,April,18,walk,Elizabeth Pepys
785,131,1669,April,19,coach,Tom
131,857,1669,April,19,walk,Tom
857,13,1669,April,19,walk,
13,1001,1669,April,19,walk,
1001,3,1669,April,19,coach,
3,785,1669,April,19,coach,
785,1542,1669,April,20,walk,Mr Hugh May; Sir Henry Capell; Mr Parker
1542,1543,1669,April,20,coach,Captain Deane
1543,785,1669,April,20,coach,Captain Deane
785,131,1669,April,21,coach,
131,1547,1669,April,21,walk,
1547,380,1669,April,21,walk,
380,3,1669,April,21,walk,
3,321,1669,April,21,walk,
321,785,1669,April,21,coach,Elizabeth Pepys; Betty Turner; The. Turner; Joyce Norton
785,3,1669,April,21,boat,William Hewer
3,1239,1669,April,21,walk,
1239,785,1669,April,21,coach,Elizabeth Pepys; Betty Turner; The. Turner; Talbot Pepys; William Batelier
785,382,1669,April,21,coach,Elizabeth Pepys; Betty Turner; The. Turner; Talbot Pepys; William Batelier
382,519,1669,April,21,coach,Elizabeth Pepys; Betty Turner; The. Turner; Talbot Pepys; William Batelier
519,785,1669,April,21,coach,Elizabeth Pepys; Betty Turner; The. Turner; Talbot Pepys; William Batelier
785,9,1669,April,22,walk,
9,785,1669,April,22,walk,
785,3,1669,April,23,boat,William Hewer
3,321,1669,April,23,walk,
321,911,1669,April,23,coach,Elizabeth Pepys; William Hewer
911,1105,1669,April,23,coach,Elizabeth Pepys; William Hewer
1105,23,1669,April,23,coach,Elizabeth Pepys; William Hewer; Mr Sheres
23,785,1669,April,23,coach,Elizabeth Pepys; William Hewer; Mr Sheres
785,9,1669,April,24,walk,
9,1105,1669,April,24,coach,Elizabeth Pepys; Mr Sheres
1105,785,1669,April,24,coach,Elizabeth Pepys; Mr Sheres
785,176,1669,April,25,walk,Elizabeth Pepys
176,785,1669,April,25,walk,Elizabeth Pepys
785,1128,1669,April,26,coach,William Hewer
1128,1549,1669,April,26,walk,William Hewer
1549,3,1669,April,26,walk,William Hewer
3,1239,1669,April,26,walk,William Hewer
1239,785,1669,April,26,walk,
785,9,1669,April,27,walk,
9,785,1669,April,27,walk,
785,382,1669,April,28,coach,Elizabeth Pepys; Mrs Turner; The. Turner; William Batelier
382,785,1669,April,28,coach,Elizabeth Pepys
785,9,1669,April,29,walk,
9,785,1669,April,29,walk,
785,1446,1669,April,30,walk,
1446,1551,1669,April,30,walk,Tom
1551,1552,1669,April,30,walk,Tom
1552,1503,1669,April,30,walk,Tom
1503,911,1669,April,30,coach,Elizabeth Pepys
911,519,1669,April,30,walk,Tom
519,1446,1669,April,30,walk,
1446,1484,1669,April,30,walk,Mr Sheres
1484,785,1669,April,30,walk,Mr Sheres; Elizabeth Pepys
785,519,1669,April,30,walk,
519,411,1669,April,30,walk,
411,1550,1669,April,30,walk,
1550,1446,1669,April,30,walk,
785,1205,1669,May,1,coach,Elizabeth Pepys; Mr Sheres; William Batelier; Susan Batelier
1205,382,1669,May,1,coach,Elizabeth Pepys; Mr Sheres; William Batelier; Susan Batelier
382,1553,1669,May,1,coach,Elizabeth Pepys; William Batelier; Susan Batelier
1553,382,1669,May,1,coach,Elizabeth Pepys; William Batelier; Susan Batelier
382,785,1669,May,1,coach,Elizabeth Pepys; William Batelier; Susan Batelier
785,3,1669,May,2,boat,
3,6,1669,May,2,walk,
6,3,1669,May,2,walk,
3,785,1669,May,2,boat,
785,382,1669,May,2,coach,Elizabeth Pepys
382,785,1669,May,2,coach,Elizabeth Pepys
785,1427,1669,May,3,coach,
1427,380,1669,May,3,walk,
380,1205,1669,May,3,walk,
1205,3,1669,May,3,walk,
3,492,1669,May,3,walk,John Creed
492,498,1669,May,3,walk,
498,785,1669,May,3,walk,
785,1128,1669,May,4,walk,
1128,195,1669,May,4,walk,
195,9,1669,May,4,walk,
9,785,1669,May,4,walk,
785,61,1669,May,5,walk,
61,380,1669,May,5,walk,
380,3,1669,May,5,walk,
3,1555,1669,May,5,boat,
1555,785,1669,May,5,walk,
785,1453,1669,May,6,coach,
1453,785,1669,May,6,boat,
785,1556,1669,May,6,coach,Elizabeth Pepys
1556,785,1669,May,6,coach,Elizabeth Pepys
785,1453,1669,May,7,coach,
1453,3,1669,May,7,walk,
3,1239,1669,May,7,walk,
1239,1128,1669,May,7,walk,
1128,785,1669,May,7,walk,
785,9,1669,May,8,walk,
9,785,1669,May,8,walk,
785,176,1669,May,9,walk,Elizabeth Pepys
176,785,1669,May,9,walk,Elizabeth Pepys
785,1557,1669,May,9,coach,Elizabeth Pepys
1557,22,1669,May,9,coach,Elizabeth Pepys
22,1032,1669,May,9,coach,Elizabeth Pepys
1032,1559,1669,May,9,coach,Elizabeth Pepys
1559,382,1669,May,9,coach,Elizabeth Pepys
382,785,1669,May,9,coach,Elizabeth Pepys
785,380,1669,May,10,coach,William Gibson
380,3,1669,May,10,walk,
3,358,1669,May,10,boat,William Hewer; Mr Wren
358,3,1669,May,10,boat,William Hewer
3,66,1669,May,10,walk,
66,380,1669,May,10,walk,
380,3,1669,May,10,walk,
3,1001,1669,May,10,boat,
1001,104,1669,May,10,walk,
104,519,1669,May,10,walk,
519,911,1669,May,10,coach,Elizabeth Pepys
911,1503,1669,May,10,walk,
1503,785,1669,May,10,walk,
785,9,1669,May,11,walk,
9,785,1669,May,11,boat,Elizabeth Pepys
785,13,1669,May,12,walk,
13,1001,1669,May,12,walk,
1001,785,1669,May,12,walk,
785,193,1669,May,12,coach,Elizabeth Pepys
193,6,1669,May,12,walk,Elizabeth Pepys
6,785,1669,May,12,coach,Elizabeth Pepys
785,9,1669,May,13,walk,
9,785,1669,May,13,walk,
785,380,1669,May,14,coach,Mr Wren
380,3,1669,May,14,walk,Mr Wren
3,358,1669,May,14,boat,Mr Wren
358,1060,1669,May,14,walk,Mr Wren
1060,3,1669,May,14,boat,Mr Wren
3,519,1669,May,14,walk,
519,785,1669,May,14,walk,
785,3,1669,May,14,boat,
3,1527,1669,May,14,walk,
1527,911,1669,May,14,walk,Elizabeth Pepys
911,785,1669,May,14,coach,Elizabeth Pepys
785,9,1669,May,15,walk,
9,785,1669,May,15,walk,
785,176,1669,May,16,walk,Elizabeth Pepys
176,785,1669,May,16,walk,Elizabeth Pepys
785,382,1669,May,16,coach,Elizabeth Pepys
382,785,1669,May,16,coach,Elizabeth Pepys
785,380,1669,May,17,coach,Elizabeth Pepys; John Pepys Jr
380,3,1669,May,17,coach,
3,1105,1669,May,17,coach,Elizabeth Pepys; John Pepys Jr; Mr Gibson
1105,382,1669,May,17,coach,Elizabeth Pepys; John Pepys Jr; Mr Gibson
382,785,1669,May,17,coach,Elizabeth Pepys; John Pepys Jr; Mr Gibson
785,380,1669,May,18,coach,
380,3,1669,May,18,walk,
3,785,1669,May,18,walk,
785,382,1669,May,19,coach,
382,3,1669,May,19,coach,
3,1562,1669,May,19,walk,Mr May
1562,857,1669,May,19,walk,
857,785,1669,May,19,coach,Elizabeth Pepys
785,382,1669,May,19,coach,
382,3,1669,May,19,coach,
3,785,1669,May,19,coach,
785,1561,1669,May,20,walk,Lord Brouncker; John Mennes; Commissioner Middleton; Captain Cox
1561,785,1669,May,20,walk,
785,3,1669,May,21,walk,
3,785,1669,May,21,walk,
785,9,1669,May,22,walk,
9,785,1669,May,22,walk,
785,176,1669,May,23,walk,Roger Pepys; Roger Pepys (son)
176,785,1669,May,23,walk,Roger Pepys; Roger Pepys (son)
785,380,1669,May,23,coach,Roger Pepys; Roger Pepys (son)
380,785,1669,May,23,coach,
785,1564,1669,May,23,coach,Elizabeth Pepys
1564,785,1669,May,23,coach,Elizabeth Pepys
785,3,1669,May,24,coach,William Hewer
3,858,1669,May,24,walk,William Hewer
858,785,1669,May,24,walk,William Hewer
785,104,1669,May,24,walk,William Hewer
104,107,1669,May,24,walk,William Hewer
107,911,1669,May,24,walk,Elizabeth Pepys
911,785,1669,May,24,coach,Elizabeth Pepys; William Hewer
785,9,1669,May,25,walk,
9,785,1669,May,25,walk,
785,3,1669,May,26,coach,
3,1562,1669,May,26,walk,
1562,519,1669,May,26,walk,
519,911,1669,May,26,coach,Elizabeth Pepys
911,785,1669,May,26,coach,Elizabeth Pepys
785,131,1669,May,27,walk,
131,1567,1669,May,27,walk,
1567,1489,1669,May,27,walk,
1489,61,1669,May,27,walk,
61,785,1669,May,27,walk,
785,380,1669,May,28,walk,
380,3,1669,May,28,walk,John Creed
3,107,1669,May,28,walk,Sir George Carteret
107,3,1669,May,28,walk,
3,1404,1669,May,28,walk,William Gibson
1404,1128,1669,May,28,walk,
1128,104,1669,May,28,walk,William Gibson
104,785,1669,May,28,boat,Elizabeth Pepys; John Pepys Jr
785,563,1669,May,28,boat,Elizabeth Pepys; John Pepys Jr
563,785,1669,May,28,boat,Elizabeth Pepys; John Pepys Jr
785,3,1669,May,29,coach,
3,176,1669,May,29,walk,Elizabeth Pepys
176,785,1669,May,29,walk,Elizabeth Pepys
785,382,1669,May,29,coach,Elizabeth Pepys
382,785,1669,May,29,coach,Elizabeth Pepys
785,3,1669,May,30,boat,
3,1453,1669,May,30,walk,
1453,3,1669,May,30,walk,
3,1562,1669,May,30,walk,
1562,3,1669,May,30,walk,
3,857,1669,May,30,walk,
857,3,1669,May,30,walk,Mr Wren
3,382,1669,May,30,walk,Elizabeth Pepys; William Gibson
382,785,1669,May,30,coach,Elizabeth Pepys; William Gibson
785,1112,1669,May,31,boat,
1112,3,1669,May,31,boat,
3,858,1669,May,31,walk,
858,3,1669,May,31,walk,
3,382,1669,May,31,coach,Elizabeth Pepys; Mary Batelier
382,1559,1669,May,31,coach,Elizabeth Pepys; Mary Batelier
1559,785,1669,May,31,coach,Elizabeth Pepys; Mary Batelier
1578,748,1660,April,2,boat,
748,750,1660,April,3,boat,Captain Sparling
750,748,1660,April,3,boat,Captain Sparling
748,1579,1660,April,24,boat,
1579,748,1660,April,24,boat,
748,1580,1660,April,25,boat,
1580,748,1660,April,25,boat,
748,1578,1660,May,3,boat,
1578,1581,1660,May,3,boat,
1581,748,1660,May,3,boat,
748,1581,1660,May,6,boat,
1581,748,1660,May,6,boat,
753,1584,1660,May,14,walk,
1584,753,1660,May,15,walk,
753,1582,1660,May,15,walk,
1582,1583,1660,May,15,walk,
1583,754,1660,May,15,coach,
753,1585,1660,May,17,walk,Edward Pickering; William Howe; Edward Montagu (child)
1585,1586,1660,May,17,walk,Edward Montagu (child)
1586,1587,1660,May,17,walk,Edward Montagu (child)
1587,1588,1660,May,17,walk,Edward Montagu (child)
1588,1591,1660,May,17,walk,Edward Pickering
1591,1589,1660,May,17,coach,
1589,753,1660,May,17,walk,
753,1590,1660,May,17,walk,
1590,754,1660,May,17,wagon,
754,1584,1660,May,17,wagon,
1584,754,1660,May,18,wagon,Edward Pickering
754,753,1660,May,18,wagon,Edward Pickering
755,1596,1660,May,18,walk,
1596,1595,1660,May,18,walk,
1595,1597,1660,May,18,walk,
1597,755,1660,May,18,walk,
753,1599,1660,May,18,walk,
753,1594,1660,May,19,walk,
1594,1584,1660,May,19,walk,
754,1592,1660,May,20,walk,
1592,754,1660,May,20,walk,
1584,754,1660,May,20,wagon,Edward Pickering; Edward Montagu (child)
750,1600,1660,May,25,walk,
748,1601,1660,May,25,boat,
1601,750,1660,May,25,walk,
1600,750,1660,May,26,walk,
750,748,1660,May,26,boat,
758,424,1660,June,8,horse,
424,759,1660,June,8,horse,
