source,target,year,month,day,mode,companion
home_axe_yard,exeter_house_chapel,1660,1,1,walk,
exeter_house_chapel,home_axe_yard,1660,1,1,walk,
home_axe_yard,father_house,1660,1,1,walk,Elizabeth Pepys
father_house,mrs_turner_house,1660,1,1,walk,Elizabeth Pepys
mrs_turner_house,home_axe_yard,1660,1,1,walk,Elizabeth Pepys
home_axe_yard,mr_sheplys_lodgings,1660,1,2,walk,
mr_sheplys_lodgings,the_temple,1660,1,2,walk,
the_temple,mr_crews_house,1660,1,2,walk,
mr_crews_house,office_exchequer,1660,1,2,walk,
office_exchequer,westminster_hall,1660,1,2,walk,
westminster_hall,home_axe_yard,1660,1,2,walk,
home_axe_yard,mr_crews_house,1660,1,2,walk,
mr_crews_house,new_market,1660,1,2,walk,Henry Moore
new_market,mr_crews_house,1660,1,2,walk,
mr_crews_house,mrs_jem_lodgings,1660,1,2,walk,Jemima Montagu
mrs_jem_lodgings,home_axe_yard,1660,1,2,walk,
home_axe_yard,wills,1660,1,2,walk,
wills,home_axe_yard,1660,1,2,walk,
home_axe_yard,mrs_turner_house,1660,1,3,walk,
mrs_turner_house,the_temple,1660,1,3,walk,
the_temple,office_exchequer,1660,1,3,walk,
office_exchequer,home_axe_yard,1660,1,3,walk,
home_axe_yard,mrs_jem_lodgings,1660,1,3,walk,
mrs_jem_lodgings,chancery_lane,1660,1,3,walk,Mr. Hawly
chancery_lane,whitehall,1660,1,3,walk,
whitehall,home_axe_yard,1660,1,3,walk,
home_axe_yard,office_exchequer,1660,1,4,walk,
office_exchequer,westminster_hall,1660,1,4,walk,
westminster_hall,wills,1660,1,4,walk,
wills,westminster_hall,1660,1,4,walk,
westminster_hall,swan_westminster,1660,1,4,walk,
swan_westminster,westminster_hall,1660,1,4,walk,
westminster_hall,home_axe_yard,1660,1,4,walk,
home_axe_yard,wills,1660,1,4,walk,
wills,mr_vines_house,1660,1,4,walk,
mr_vines_house,home_axe_yard,1660,1,4,walk,
home_axe_yard,mr_hunts_house,1660,1,4,walk,
mr_hunts_house,home_axe_yard,1660,1,4,walk,
home_axe_yard,office_exchequer,1660,1,5,walk,
office_exchequer,my_lords_lodgings,1660,1,5,walk,
my_lords_lodgings,office_exchequer,1660,1,5,walk,
office_exchequer,home_axe_yard,1660,1,5,walk,
home_axe_yard,mrs_jem_lodgings,1660,1,5,walk,Elizabeth Pepys
mrs_jem_lodgings,mr_fage_house,1660,1,5,walk,
mr_fage_house,father_house,1660,1,5,walk,
father_house,mrs_jem_lodgings,1660,1,5,walk,
mrs_jem_lodgings,home_axe_yard,1660,1,5,walk,Elizabeth Pepys; Mrs. Shepley
home_axe_yard,harpers,1660,1,6,walk,John Pepys Jr.
harpers,office_exchequer,1660,1,6,walk,
office_exchequer,home_axe_yard,1660,1,6,walk,
home_axe_yard,cousin_tom_pepys_house,1660,1,6,walk,Elizabeth Pepys
cousin_tom_pepys_house,mr_vines_house,1660,1,6,walk,
mr_vines_house,home_axe_yard,1660,1,6,walk,
home_axe_yard,cousin_stradwicks_house,1660,1,6,walk,
cousin_stradwicks_house,home_axe_yard,1660,1,6,walk,Elizabeth Pepys
home_axe_yard,office_exchequer,1660,1,7,walk,
office_exchequer,home_axe_yard,1660,1,7,walk,
home_axe_yard,mr_downings_lodgings,1660,1,7,walk,
mr_downings_lodgings,home_axe_yard,1660,1,7,walk,
home_axe_yard,dr_whores_house,1660,1,7,walk,
dr_whores_house,mrs_jem_lodgings,1660,1,7,walk,
mrs_jem_lodgings,my_lords_lodgings,1660,1,7,walk,Elizabeth Pepys
my_lords_lodgings,home_axe_yard,1660,1,7,walk,Elizabeth Pepys
home_axe_yard,exeter_house_chapel,1660,1,8,walk,
exeter_house_chapel,father_house,1660,1,8,walk,
father_house,mr_mossums_church,1660,1,8,walk,Elizabeth Pepys
mr_mossums_church,mrs_turner_house,1660,1,8,walk,
mrs_turner_house,father_house,1660,1,8,walk,
father_house,home_axe_yard,1660,1,8,walk,Robert Shepley
home_axe_yard,harpers,1660,1,9,walk,
harpers,coffee_house,1660,1,9,walk,
coffee_house,westminster_hall,1660,1,9,walk,
westminster_hall,mrs_jem_lodgings,1660,1,9,walk,
mrs_jem_lodgings,westminster_hall,1660,1,9,walk,
westminster_hall,home_axe_yard,1660,1,9,walk,
home_axe_yard,alehouse_greatorex,1660,1,10,walk,
alehouse_greatorex,mr_crews_house,1660,1,10,walk,
mr_crews_house,office_exchequer,1660,1,10,walk,
office_exchequer,westminster_hall,1660,1,10,walk,
westminster_hall,cooks_shop,1660,1,10,walk,Mr. Jenings; Captain Rider
cooks_shop,london_city,1660,1,10,walk,Mr. Jenings
london_city,star_cheapside,1660,1,10,walk,Mr. Jenings
star_cheapside,coffee_house,1660,1,10,walk,
coffee_house,mother_lams,1660,1,10,walk,Mr. Doling
mother_lams,home_axe_yard,1660,1,10,walk,
home_axe_yard,harpers,1660,1,10,walk,
harpers,home_axe_yard,1660,1,10,walk,
home_axe_yard,wills,1660,1,11,walk,
wills,w_joyces_house,1660,1,11,walk,John Pepys Sr.
w_joyces_house,mr_crews_house,1660,1,11,walk,
mr_crews_house,w_joyces_house,1660,1,11,walk,
w_joyces_house,alehouse_unknown,1660,1,11,walk,John Pepys Sr.
alehouse_unknown,mr_stevens_shop,1660,1,11,walk,
mr_stevens_shop,home_axe_yard,1660,1,11,walk,
home_axe_yard,mrs_jem_lodgings,1660,1,11,walk,
mrs_jem_lodgings,coffee_house,1660,1,11,walk,
coffee_house,home_axe_yard,1660,1,11,walk,
home_axe_yard,harpers,1660,1,12,walk,
harpers,office_exchequer,1660,1,12,walk,
office_exchequer,wills,1660,1,12,walk,
wills,home_axe_yard,1660,1,12,walk,
home_axe_yard,half_moon,1660,1,12,walk,
half_moon,home_axe_yard,1660,1,12,walk,
home_axe_yard,office_exchequer,1660,1,13,walk,
office_exchequer,swan_westminster,1660,1,13,walk,Mr. Fage
swan_westminster,office_exchequer,1660,1,13,walk,
office_exchequer,wills,1660,1,13,walk,Mr. Pinkney
wills,home_axe_yard,1660,1,13,walk,
home_axe_yard,mr_wades_house,1660,1,13,walk,Elizabeth Pepys
mr_wades_house,catan_house,1660,1,13,walk,Elizabeth Pepys
catan_house,home_axe_yard,1660,1,13,walk,Elizabeth Pepys
home_axe_yard,whitehall,1660,1,13,walk,
whitehall,home_axe_yard,1660,1,13,walk,Elizabeth Pepys
home_axe_yard,mrs_jem_lodgings,1660,1,13,walk,
mrs_jem_lodgings,mr_vines_house,1660,1,13,walk,
mr_vines_house,home_axe_yard,1660,1,13,walk,
home_axe_yard,office_exchequer,1660,1,14,walk,
office_exchequer,westminster_hall,1660,1,14,walk,
westminster_hall,mr_moores_house,1660,1,14,walk,Henry Moore
mr_moores_house,home_axe_yard,1660,1,14,walk,
home_axe_yard,coffee_house,1660,1,14,walk,Elizabeth Pepys
coffee_house,home_axe_yard,1660,1,14,walk,
home_axe_yard,mr_crews_house,1660,1,16,walk,
mr_crews_house,alehouse_morning,1660,1,16,walk,
alehouse_morning,office_exchequer,1660,1,16,walk,
office_exchequer,salisbury_court,1660,1,16,coach,Harry Ethall; Mr. Maylard
salisbury_court,the_clerks,1660,1,16,walk,
the_clerks,green_dragon,1660,1,16,walk,
green_dragon,golden_lion,1660,1,16,walk,Robert Shepley; Mr. Harrison
golden_lion,home_axe_yard,1660,1,16,walk,
home_axe_yard,mr_crews_house,1660,1,17,walk,
mr_crews_house,home_axe_yard,1660,1,17,coach,Edward Montagu
home_axe_yard,westminster_hall,1660,1,17,walk,Edward Montagu
westminster_hall,wills,1660,1,17,walk,
wills,twickenham_mr_fullers,1660,1,17,coach,Elizabeth Pepys; Edward Montagu
twickenham_mr_fullers,brentford,1660,1,17,coach,Elizabeth Pepys
brentford,mr_crews_house,1660,1,17,coach,
mr_crews_house,mrs_jem_lodgings,1660,1,17,walk,
mrs_jem_lodgings,coffee_house,1660,1,17,walk,
coffee_house,whitehall,1660,1,17,walk,
whitehall,harpers,1660,1,17,walk,
harpers,home_axe_yard,1660,1,17,walk,
home_axe_yard,office_exchequer,1660,1,18,horse,
office_exchequer,wills,1660,1,18,walk,
wills,home_axe_yard,1660,1,18,walk,
home_axe_yard,wilkinsons,1660,1,18,walk,
wilkinsons,my_lords_lodgings,1660,1,18,walk,
my_lords_lodgings,home_axe_yard,1660,1,18,walk,
home_axe_yard,mrs_ann_lodgings,1660,1,18,walk,
mrs_ann_lodgings,mr_crews_house,1660,1,18,walk,
mr_crews_house,home_axe_yard,1660,1,18,walk,
home_axe_yard,mr_downings_lodgings,1660,1,19,walk,
mr_downings_lodgings,harp_and_ball,1660,1,19,walk,Robert Shepley; Mr. Pierce
harp_and_ball,whitehall,1660,1,19,walk,
whitehall,mr_downings_lodgings,1660,1,19,walk,
mr_downings_lodgings,office_exchequer,1660,1,19,walk,
office_exchequer,mrs_jem_lodgings,1660,1,19,walk,Robert Shepley; Henry Moore
mrs_jem_lodgings,french_ordinary,1660,1,19,walk,Henry Moore
french_ordinary,whitehall,1660,1,19,walk,
whitehall,marshs,1660,1,19,walk,
marshs,home_axe_yard,1660,1,19,walk,
home_axe_yard,mr_downings_lodgings,1660,1,20,walk,
mr_downings_lodgings,mr_calthrops_house,1660,1,20,walk,
mr_calthrops_house,sun_chancery_lane,1660,1,20,walk,Mr. Woodfine
sun_chancery_lane,westminster_hall,1660,1,20,walk,
westminster_hall,office_exchequer,1660,1,20,walk,
office_exchequer,swan_fish_street,1660,1,20,boat,Mr. Maylard; Mr. Hales
swan_fish_street,coffee_house,1660,1,20,walk,
coffee_house,westminster_hall,1660,1,20,walk,
westminster_hall,home_axe_yard,1660,1,20,walk,Robert Shepley
home_axe_yard,my_lords_lodgings,1660,1,21,walk,
my_lords_lodgings,office_exchequer,1660,1,21,walk,
office_exchequer,mr_downings_lodgings,1660,1,21,walk,
mr_downings_lodgings,office_exchequer,1660,1,21,walk,
office_exchequer,mr_crews_house,1660,1,21,walk,Mr. Hawly
mr_crews_house,mr_vernons_house,1660,1,21,walk,
mr_vernons_house,mitre_fleet_street,1660,1,21,walk,
mitre_fleet_street,mr_fage_house,1660,1,21,walk,
mr_fage_house,mitre_fleet_street,1660,1,21,walk,
mitre_fleet_street,mrs_jem_lodgings,1660,1,21,walk,
mrs_jem_lodgings,home_axe_yard,1660,1,21,walk,
home_axe_yard,whitehall,1660,1,21,walk,
whitehall,marshs,1660,1,21,walk,
marshs,home_axe_yard,1660,1,21,walk,
home_axe_yard,mr_mossums_church,1660,1,22,walk,
mr_mossums_church,father_house,1660,1,22,walk,Elizabeth Pepys
father_house,mr_herrings_church,1660,1,22,walk,
mr_herrings_church,mrs_turner_house,1660,1,22,walk,
mrs_turner_house,father_house,1660,1,22,walk,Mrs. Turner
father_house,home_axe_yard,1660,1,22,walk,Elizabeth Pepys
home_axe_yard,mr_downings_lodgings,1660,1,23,walk,
mr_downings_lodgings,axe_tavern,1660,1,23,walk,Mr. Pierce
axe_tavern,office_exchequer,1660,1,23,walk,
office_exchequer,home_axe_yard,1660,1,23,walk,
home_axe_yard,mrs_jem_lodgings,1660,1,23,walk,
mrs_jem_lodgings,westminster_hall,1660,1,23,walk,
westminster_hall,whitehall,1660,1,23,walk,
whitehall,stone_gallery,1660,1,23,walk,
stone_gallery,cock_pit,1660,1,23,walk,
cock_pit,home_axe_yard,1660,1,23,walk,
home_axe_yard,office_exchequer,1660,1,24,walk,
office_exchequer,wills,1660,1,24,walk,
wills,mr_pierces_house,1660,1,24,walk,Elizabeth Pepys
mr_pierces_house,father_house,1660,1,24,walk,
father_house,cousin_tom_pepys_shop,1660,1,24,walk,John Pepys Sr.
cousin_tom_pepys_shop,father_house,1660,1,24,walk,John Pepys Sr.
father_house,home_axe_yard,1660,1,24,walk,Elizabeth Pepys
home_axe_yard,whitehall,1660,1,24,walk,
whitehall,marshs,1660,1,24,walk,
marshs,home_axe_yard,1660,1,24,walk,
home_axe_yard,mr_downings_lodgings,1660,1,25,walk,
mr_downings_lodgings,mr_frosts_house,1660,1,25,walk,
mr_frosts_house,office_exchequer,1660,1,25,walk,
office_exchequer,uncle_whites_house,1660,1,25,boat,
uncle_whites_house,cheapside,1660,1,25,walk,
cheapside,pauls_churchyard,1660,1,25,walk,
pauls_churchyard,father_house,1660,1,25,walk,
father_house,mr_crews_house,1660,1,25,walk,
mr_crews_house,lady_wrights_house,1660,1,25,walk,
lady_wrights_house,my_lords_lodgings,1660,1,25,walk,
my_lords_lodgings,mr_downings_lodgings,1660,1,25,walk,
mr_downings_lodgings,my_lords_lodgings,1660,1,25,walk,
my_lords_lodgings,home_axe_yard,1660,1,25,walk,Elizabeth Pepys
home_axe_yard,office_exchequer,1660,1,26,walk,
office_exchequer,mr_downings_lodgings,1660,1,26,walk,
mr_downings_lodgings,whitehall,1660,1,26,walk,
whitehall,home_axe_yard,1660,1,26,walk,
home_axe_yard,my_lords_lodgings,1660,1,26,walk,
my_lords_lodgings,mr_downings_lodgings,1660,1,26,walk,
mr_downings_lodgings,my_lords_lodgings,1660,1,26,walk,
my_lords_lodgings,home_axe_yard,1660,1,26,walk,Elizabeth Pepys
home_axe_yard,office_exchequer,1660,1,27,walk,
office_exchequer,crown_palace_yard,1660,1,27,walk,Tom Newton
crown_palace_yard,westminster_hall,1660,1,27,walk,
westminster_hall,mr_g_montagu_house,1660,1,27,walk,
mr_g_montagu_house,home_axe_yard,1660,1,27,walk,
home_axe_yard,mrs_jem_lodgings,1660,1,27,walk,
mrs_jem_lodgings,home_axe_yard,1660,1,27,walk,
home_axe_yard,mr_downings_lodgings,1660,1,27,walk,
mr_downings_lodgings,mr_sherwins_house,1660,1,27,walk,
mr_sherwins_house,home_axe_yard,1660,1,27,walk,
home_axe_yard,mr_downings_lodgings,1660,1,28,walk,
mr_downings_lodgings,office_exchequer,1660,1,28,walk,
office_exchequer,mr_crews_house,1660,1,28,coach,
mr_crews_house,lady_wrights_house,1660,1,28,walk,
lady_wrights_house,wills,1660,1,28,walk,
wills,whitehall,1660,1,28,walk,
whitehall,home_axe_yard,1660,1,28,walk,
home_axe_yard,office_exchequer,1660,1,28,walk,
office_exchequer,mr_downings_lodgings,1660,1,28,walk,
mr_downings_lodgings,charing_cross_stairs,1660,1,28,walk,
charing_cross_stairs,westminster_hall,1660,1,28,walk,
westminster_hall,royal_exchange,1660,1,28,walk,
royal_exchange,heaven_tavern,1660,1,28,walk,
heaven_tavern,office_exchequer,1660,1,28,walk,
office_exchequer,home_axe_yard,1660,1,29,walk,
home_axe_yard,exeter_house_chapel,1660,1,29,walk,
exeter_house_chapel,mr_crews_house,1660,1,29,walk,Henry Moore
mr_crews_house,home_axe_yard,1660,1,29,walk,
home_axe_yard,father_house,1660,1,29,walk,
father_house,home_axe_yard,1660,1,29,walk,
home_axe_yard,office_exchequer,1660,1,30,walk,
office_exchequer,wills,1660,1,30,walk,
wills,torriano_house,1660,1,30,boat,
torriano_house,home_axe_yard,1660,1,30,boat,
home_axe_yard,mrs_jem_lodgings,1660,1,30,walk,
mrs_jem_lodgings,harp_and_ball,1660,1,30,walk,
harp_and_ball,home_axe_yard,1660,1,30,walk,
home_axe_yard,my_lords_lodgings,1660,1,31,walk,
my_lords_lodgings,harpers,1660,1,31,walk,
harpers,office_exchequer,1660,1,31,walk,
office_exchequer,wills,1660,1,31,walk,
wills,home_axe_yard,1660,1,31,walk,
home_axe_yard,westminster_hall,1660,1,31,walk,
westminster_hall,star_chamber,1660,1,31,walk,
star_chamber,wills,1660,1,31,walk,
wills,mrs_jem_lodgings,1660,1,31,walk,
mrs_jem_lodgings,harpers,1660,1,31,walk,
harpers,home_axe_yard,1660,1,31,walk,
home_axe_yard,office_exchequer,1660,2,1,walk,
office_exchequer,home_axe_yard,1660,2,1,walk,
home_axe_yard,westminster_hall,1660,2,1,walk,
westminster_hall,lincolns_inn,1660,2,1,walk,Mr. Swan
lincolns_inn,lady_wrights_house,1660,2,1,walk,
lady_wrights_house,mrs_jem_lodgings,1660,2,1,walk,
mrs_jem_lodgings,home_axe_yard,1660,2,1,walk,
home_axe_yard,my_lords_lodgings,1660,2,1,walk,
my_lords_lodgings,wills,1660,2,1,walk,
wills,home_axe_yard,1660,2,1,walk,
home_axe_yard,harpers,1660,2,2,walk,
harpers,exchequer_charing_cross,1660,2,2,walk,Mr. Doling
exchequer_charing_cross,the_temple,1660,2,2,walk,Mr. Doling
the_temple,london_bridge,1660,2,2,boat,
london_bridge,bridge_tavern,1660,2,2,walk,
bridge_tavern,the_temple,1660,2,2,boat,
the_temple,the_strand,1660,2,2,boat,
the_strand,mrs_johnsons_house,1660,2,2,walk,
mrs_johnsons_house,home_axe_yard,1660,2,2,walk,
home_axe_yard,harpers,1660,2,2,walk,
harpers,home_axe_yard,1660,2,2,walk,
home_axe_yard,harpers,1660,2,2,walk,
harpers,office_exchequer,1660,2,2,walk,Mr. Doling
office_exchequer,home_axe_yard,1660,2,2,walk,
home_axe_yard,harpers,1660,2,3,walk,Sir W. Batten
harpers,st_james_park,1660,2,3,walk,
st_james_park,whitehall,1660,2,3,walk,
whitehall,office_exchequer,1660,2,3,walk,
office_exchequer,westminster_hall,1660,2,3,walk,
westminster_hall,priors,1660,2,3,walk,Roger Pepys
priors,wilkinsons,1660,2,3,walk,
wilkinsons,whitehall,1660,2,3,walk,
whitehall,home_axe_yard,1660,2,3,walk,
home_axe_yard,palace_yard,1660,2,3,walk,
palace_yard,st_james_park,1660,2,3,walk,Elizabeth Pepys
st_james_park,charing_cross,1660,2,3,walk,Elizabeth Pepys
charing_cross,mrs_ann_lodgings,1660,2,3,walk,
mrs_ann_lodgings,home_axe_yard,1660,2,3,walk,
home_axe_yard,office_exchequer,1660,2,4,walk,
office_exchequer,westminster_hall,1660,2,4,walk,
westminster_hall,wills,1660,2,4,walk,
wills,mr_swans_house,1660,2,4,walk,
mr_swans_house,the_temple,1660,2,4,boat,Mr. Swan
the_temple,grays_inn,1660,2,4,walk,
grays_inn,lincolns_inn,1660,2,4,walk,
lincolns_inn,mr_crews_house,1660,2,4,walk,
mr_crews_house,lady_wrights_house,1660,2,4,walk,
lady_wrights_house,mrs_jem_lodgings,1660,2,4,walk,
mrs_jem_lodgings,home_axe_yard,1660,2,4,walk,
home_axe_yard,exeter_house_chapel,1660,2,5,walk,
exeter_house_chapel,home_axe_yard,1660,2,5,walk,
home_axe_yard,chequers,1660,2,5,walk,
chequers,father_house,1660,2,5,walk,
father_house,father_church,1660,2,5,walk,
father_church,mrs_turner_house,1660,2,5,walk,Elizabeth Pepys
mrs_turner_house,father_house,1660,2,5,walk,
father_house,home_axe_yard,1660,2,5,walk,Elizabeth Pepys
home_axe_yard,mr_crews_house,1660,2,6,walk,
mr_crews_house,palace_yard,1660,2,6,walk,
palace_yard,swan_westminster,1660,2,6,walk,Mr. Swan
swan_westminster,westminster_hall,1660,2,6,walk,
westminster_hall,home_axe_yard,1660,2,6,walk,
home_axe_yard,bull_head,1660,2,6,walk,John Pepys Sr.
bull_head,mrs_ann_lodgings,1660,2,6,walk,
mrs_ann_lodgings,wills,1660,2,6,walk,
wills,home_axe_yard,1660,2,6,walk,
home_axe_yard,the_temple,1660,2,7,walk,Mr. Hawly
the_temple,cousin_tom_pepys_shop,1660,2,7,walk,
cousin_tom_pepys_shop,pauls_school,1660,2,7,walk,
pauls_school,home_axe_yard,1660,2,7,walk,
home_axe_yard,westminster_hall,1660,2,7,walk,
westminster_hall,temple_gardens,1660,2,7,coach,Captain Stone
temple_gardens,home_axe_yard,1660,2,7,walk,
home_axe_yard,mr_crews_house,1660,2,7,walk,
mr_crews_house,mrs_ann_lodgings,1660,2,7,walk,
mrs_ann_lodgings,home_axe_yard,1660,2,7,walk,
home_axe_yard,swan_westminster,1660,2,8,walk,
swan_westminster,office_exchequer,1660,2,8,walk,
office_exchequer,swan_westminster,1660,2,8,walk,
swan_westminster,wills,1660,2,8,walk,
wills,rhenish_wine_house,1660,2,8,walk,
rhenish_wine_house,home_axe_yard,1660,2,8,walk,
home_axe_yard,mrs_jem_lodgings,1660,2,8,walk,
mrs_jem_lodgings,the_temple,1660,2,8,walk,
the_temple,father_house,1660,2,8,walk,
father_house,home_axe_yard,1660,2,8,walk,
home_axe_yard,westminster_hall,1660,2,9,walk,
westminster_hall,temple_bar,1660,2,9,walk,Mr. Swan
temple_bar,harpers,1660,2,9,coach,
harpers,home_axe_yard,1660,2,9,walk,
home_axe_yard,westminster_hall,1660,2,9,walk,
westminster_hall,the_temple,1660,2,9,boat,Mr. Swan
the_temple,westminster_hall,1660,2,9,walk,
westminster_hall,mr_phelps_house,1660,2,9,walk,Mr. Swan
mr_phelps_house,westminster_hall,1660,2,9,walk,
westminster_hall,office_exchequer,1660,2,9,walk,
office_exchequer,upper_bench,1660,2,9,walk,
upper_bench,mrs_jem_lodgings,1660,2,9,walk,
mrs_jem_lodgings,lady_wrights_house,1660,2,9,walk,
lady_wrights_house,westminster_hall,1660,2,9,walk,
westminster_hall,mr_pierces_house,1660,2,9,walk,Mr. Pierce
mr_pierces_house,home_axe_yard,1660,2,9,walk,
home_axe_yard,court_of_wards,1660,2,10,walk,Mr. Swan
court_of_wards,exchequer_court,1660,2,10,walk,
exchequer_court,office_exchequer,1660,2,10,walk,
office_exchequer,swan_westminster,1660,2,10,walk,
swan_westminster,home_axe_yard,1660,2,10,walk,
home_axe_yard,exchequer_court,1660,2,10,walk,
exchequer_court,home_axe_yard,1660,2,10,walk,
home_axe_yard,mr_fage_house,1660,2,10,walk,Henry Moore
mr_fage_house,sugar_loaf,1660,2,10,walk,Henry Moore
sugar_loaf,home_axe_yard,1660,2,10,walk,
home_axe_yard,office_exchequer,1660,2,11,walk,
office_exchequer,westminster_hall,1660,2,11,walk,
westminster_hall,temple_bar,1660,2,11,walk,Mr. Chetwind
temple_bar,chancery_lane,1660,2,11,walk,Mr. Chetwind
chancery_lane,guildhall,1660,2,11,coach,Mr. Chetwind
guildhall,three_tuns_charing_cross,1660,2,11,walk,Mr. Chetwind
three_tuns_charing_cross,guildhall,1660,2,11,walk,
guildhall,star_tavern,1660,2,11,walk,Mr. Lock; Mr. Chetwind
star_tavern,cheapside,1660,2,11,walk,
cheapside,chequers,1660,2,11,walk,Mr. Chetwind
chequers,home_axe_yard,1660,2,11,walk,
home_axe_yard,royal_exchange,1660,2,11,walk,Elizabeth Pepys
royal_exchange,home_axe_yard,1660,2,11,walk,Elizabeth Pepys
home_axe_yard,whitehall,1660,2,12,walk,Mr. Pierce
whitehall,home_axe_yard,1660,2,12,walk,
home_axe_yard,st_james_park,1660,2,12,walk,Tom Pepys
st_james_park,st_pauls,1660,2,12,walk,Tom Pepys
st_pauls,moorfields,1660,2,12,walk,
moorfields,pauls_churchyard,1660,2,12,walk,
pauls_churchyard,mrs_turner_house,1660,2,12,walk,
mrs_turner_house,father_house,1660,2,12,walk,
father_house,home_axe_yard,1660,2,12,walk,Elizabeth Pepys
home_axe_yard,office_exchequer,1660,2,13,walk,Sir W. Pen
office_exchequer,home_axe_yard,1660,2,13,walk,
home_axe_yard,mrs_jem_lodgings,1660,2,13,walk,
mrs_jem_lodgings,home_axe_yard,1660,2,13,walk,
home_axe_yard,playford_shop,1660,2,13,walk,Elizabeth Pepys
playford_shop,father_house,1660,2,13,walk,Elizabeth Pepys
father_house,mr_cumberland_house,1660,2,13,walk,
mr_cumberland_house,father_house,1660,2,13,walk,
father_house,mr_fage_house,1660,2,13,walk,
mr_fage_house,home_axe_yard,1660,2,13,walk,Elizabeth Pepys
home_axe_yard,westminster_hall,1660,2,14,walk,Henry Moore
westminster_hall,swan_westminster,1660,2,14,walk,Henry Moore
swan_westminster,office_exchequer,1660,2,14,walk,
office_exchequer,wills,1660,2,14,walk,
wills,home_axe_yard,1660,2,14,walk,
home_axe_yard,mr_crews_house,1660,2,14,walk,
mr_crews_house,mrs_jem_lodgings,1660,2,14,walk,
mrs_jem_lodgings,home_axe_yard,1660,2,14,walk,
home_axe_yard,westminster_hall,1660,2,14,walk,
westminster_hall,wills,1660,2,14,walk,
wills,home_axe_yard,1660,2,15,walk,
home_axe_yard,harpers,1660,2,15,walk,Captain Holland; Captain Cuttance
harpers,office_exchequer,1660,2,15,walk,
office_exchequer,wills,1660,2,15,walk,
wills,mr_crews_house,1660,2,15,walk,
mr_crews_house,pauls_churchyard,1660,2,15,walk,
pauls_churchyard,father_house,1660,2,15,walk,
father_house,lady_wrights_house,1660,2,15,walk,
lady_wrights_house,mrs_jem_lodgings,1660,2,15,walk,
mrs_jem_lodgings,home_axe_yard,1660,2,15,walk,
home_axe_yard,office_exchequer,1660,2,16,walk,
office_exchequer,wills,1660,2,16,walk,
wills,sun_tavern,1660,2,16,walk,
sun_tavern,home_axe_yard,1660,2,16,walk,
home_axe_yard,office_exchequer,1660,2,17,walk,
office_exchequer,home_axe_yard,1660,2,17,walk,Mr. Hawly
home_axe_yard,exeter_house_chapel,1660,2,17,walk,
exeter_house_chapel,st_james_park,1660,2,17,walk,Mr. L'Impertinent
st_james_park,jacobs,1660,2,17,walk,Mr. L'Impertinent
jacobs,westminster_hall,1660,2,17,walk,Mr. L'Impertinent
westminster_hall,whitehall,1660,2,17,walk,
whitehall,harpers,1660,2,17,walk,Mr. L'Impertinent
harpers,home_axe_yard,1660,2,17,walk,
home_axe_yard,office_exchequer,1660,2,18,walk,
office_exchequer,westminster_hall,1660,2,18,walk,
westminster_hall,home_axe_yard,1660,2,18,walk,
home_axe_yard,my_lords_lodgings,1660,2,18,walk,
my_lords_lodgings,half_moon,1660,2,18,walk,Captain Holland
half_moon,mitre_fleet_street,1660,2,18,walk,Captain Holland
mitre_fleet_street,mr_wottons_house,1660,2,18,walk,
mr_wottons_house,whitehall,1660,2,18,walk,
whitehall,home_axe_yard,1660,2,18,walk,
home_axe_yard,harpers,1660,2,19,walk,
harpers,exeter_house_chapel,1660,2,19,walk,Mr. L'Impertinent
exeter_house_chapel,mr_moores_house,1660,2,19,walk,Henry Moore
mr_moores_house,home_axe_yard,1660,2,19,walk,
home_axe_yard,mr_mossums_church,1660,2,19,walk,Elizabeth Pepys
mr_mossums_church,father_house,1660,2,19,walk,
father_house,mrs_turner_house,1660,2,19,walk,
mrs_turner_house,father_house,1660,2,19,walk,
father_house,home_axe_yard,1660,2,19,walk,Elizabeth Pepys
home_axe_yard,office_exchequer,1660,2,20,walk,
office_exchequer,home_axe_yard,1660,2,20,walk,
home_axe_yard,my_lords_lodgings,1660,2,20,walk,John Pepys Jr.
my_lords_lodgings,westminster_hall,1660,2,20,walk,
westminster_hall,marshs,1660,2,20,walk,Mr. Chetwind
marshs,coffee_house,1660,2,20,walk,
coffee_house,wills,1660,2,20,walk,
wills,home_axe_yard,1660,2,20,walk,
home_axe_yard,westminster_hall,1660,2,21,walk,
westminster_hall,mr_crews_house,1660,2,21,walk,
mr_crews_house,westminster_hall,1660,2,21,coach,John Crew
westminster_hall,coffee_house,1660,2,21,walk,Mr. Lock; Mr. Purcell
coffee_house,home_axe_yard,1660,2,21,walk,
home_axe_yard,my_lords_lodgings,1660,2,22,walk,
my_lords_lodgings,home_axe_yard,1660,2,22,walk,
home_axe_yard,office_exchequer,1660,2,22,walk,
office_exchequer,wills,1660,2,22,walk,
wills,westminster_hall,1660,2,22,walk,
westminster_hall,father_house,1660,2,22,walk,
father_house,mr_crews_house,1660,2,22,walk,
mr_crews_house,mrs_jem_lodgings,1660,2,22,walk,
mrs_jem_lodgings,home_axe_yard,1660,2,22,walk,
home_axe_yard,whitehall,1660,2,22,walk,
whitehall,marshs,1660,2,22,walk,
marshs,home_axe_yard,1660,2,22,walk,
home_axe_yard,father_house,1660,2,22,walk,
father_house,home_axe_yard,1660,2,22,walk,Elizabeth Pepys
home_axe_yard,office_exchequer,1660,2,23,walk,
office_exchequer,home_axe_yard,1660,2,23,walk,
home_axe_yard,whitehall,1660,2,23,walk,
whitehall,home_axe_yard,1660,2,23,walk,
home_axe_yard,westminster_hall,1660,2,23,walk,
westminster_hall,home_axe_yard,1660,2,23,coach,John Crew
home_axe_yard,mrs_michells_shop,1660,2,23,walk,
mrs_michells_shop,home_axe_yard,1660,2,23,walk,
home_axe_yard,scotland_yard,1660,2,24,walk,
scotland_yard,mr_pierces_house,1660,2,24,horse,
mr_pierces_house,ware,1660,2,24,horse,Mr. Pierce
ware,puckeridge,1660,2,24,horse,Mr. Pierce; Mr. Blayton
puckeridge,foulmer,1660,2,24,horse,Mr. Pierce; Mr. Blayton
foulmer,falcon_inn,1660,2,25,coach,
falcon_inn,christs_college,1660,2,25,walk,John Pepys Sr.; John Pepys Jr.
christs_college,magdalene_college,1660,2,25,walk,
magdalene_college,falcon_inn,1660,2,25,walk,
falcon_inn,cousin_angier_house,1660,2,25,walk,John Pepys Sr.
cousin_angier_house,mr_mertons_shop,1660,2,25,walk,
mr_mertons_shop,three_tuns_charing_cross,1660,2,25,walk,Mr. Zanchy
three_tuns_charing_cross,magdalene_college,1660,2,25,walk,Mr. Zanchy
magdalene_college,falcon_inn,1660,2,26,walk,
falcon_inn,botolphs_church,1660,2,26,walk,John Pepys Sr.; Mr. Fairbrother
botolphs_church,christs_college,1660,2,26,walk,John Pepys Sr.
christs_college,falcon_inn,1660,2,26,walk,
falcon_inn,magdalene_college,1660,2,26,walk,
magdalene_college,rose_tavern,1660,2,26,walk,Mr. Zanchy
rose_tavern,falcon_inn,1660,2,26,walk,
falcon_inn,rose_tavern,1660,2,26,walk,John Pepys Sr.; Mr. Pierce; Mr. Blayton
rose_tavern,cousin_angier_house,1660,2,26,walk,John Pepys Sr.; Mr. Zanchy
cousin_angier_house,falcon_inn,1660,2,26,walk,
falcon_inn,saffron_walden,1660,2,27,horse,Mr. Blayton
saffron_walden,audley_end,1660,2,27,walk,Mr. Blayton
audley_end,saffron_walden,1660,2,27,walk,Mr. Blayton
saffron_walden,epping,1660,2,27,horse,Mr. Blayton
epping,royal_exchange,1660,2,28,horse,Mr. Blayton
royal_exchange,st_pauls,1660,2,28,walk,
st_pauls,home_axe_yard,1660,2,28,walk,
home_axe_yard,mr_crews_house,1660,2,28,walk,
mr_crews_house,lady_wrights_house,1660,2,28,walk,
lady_wrights_house,plough_fleet_street,1660,2,28,walk,William Howe
plough_fleet_street,greyhound_tavern,1660,2,28,walk,Mr. Pierce
greyhound_tavern,mrs_jem_lodgings,1660,2,28,walk,
mrs_jem_lodgings,home_axe_yard,1660,2,28,walk,
home_axe_yard,office_exchequer,1660,2,29,walk,
office_exchequer,wills,1660,2,29,walk,Henry Moore
wills,home_axe_yard,1660,2,29,walk,
home_axe_yard,herrings_house,1660,2,29,boat,Elizabeth Pepys
herrings_house,father_house,1660,2,29,walk,Elizabeth Pepys
father_house,mrs_turner_house,1660,2,29,walk,
mrs_turner_house,father_house,1660,2,29,walk,
father_house,home_axe_yard,1660,2,29,walk,Elizabeth Pepys
home_axe_yard,my_lords_lodgings,1660,3,1,walk,
my_lords_lodgings,office_exchequer,1660,3,1,walk,
office_exchequer,mr_crews_house,1660,3,1,walk,Robert Shepley
mr_crews_house,mr_laxtons_house,1660,3,1,walk,Robert Shepley
mr_laxtons_house,sun_tavern,1660,3,1,boat,Robert Shepley
sun_tavern,home_axe_yard,1660,3,1,walk,
home_axe_yard,mr_crews_house,1660,3,2,walk,
mr_crews_house,office_exchequer,1660,3,2,walk,
office_exchequer,home_axe_yard,1660,3,2,walk,
home_axe_yard,leg_tavern,1660,3,2,walk,Mr. Chetwind; Mr. Thomas
leg_tavern,swan_westminster,1660,3,2,walk,
swan_westminster,mrs_jem_lodgings,1660,3,2,walk,Henry Moore
mrs_jem_lodgings,westminster_hall,1660,3,2,walk,
westminster_hall,home_axe_yard,1660,3,2,walk,
home_axe_yard,westminster_hall,1660,3,3,walk,Sir W. Batten
westminster_hall,swan_westminster,1660,3,3,walk,Mr. Pierce; John Creed; William Howe
swan_westminster,office_exchequer,1660,3,3,walk,
office_exchequer,home_axe_yard,1660,3,3,walk,
home_axe_yard,warwick_house,1660,3,3,walk,
warwick_house,mr_crews_house,1660,3,3,coach,Edward Montagu
mr_crews_house,drury_lane,1660,3,3,walk,
drury_lane,home_axe_yard,1660,3,3,walk,
home_axe_yard,exeter_house_chapel,1660,3,4,walk,
exeter_house_chapel,father_house,1660,3,4,walk,
father_house,mr_mossums_church,1660,3,4,walk,Elizabeth Pepys
mr_mossums_church,father_house,1660,3,4,walk,
father_house,home_axe_yard,1660,3,4,walk,
home_axe_yard,wills,1660,3,5,walk,
wills,billingsgate,1660,3,5,boat,Robert Shepley; Mr. Pinkney
billingsgate,salutation_tavern,1660,3,5,walk,
salutation_tavern,mr_pinkneys_house,1660,3,5,boat,
mr_pinkneys_house,home_axe_yard,1660,3,5,boat,
home_axe_yard,mr_crews_house,1660,3,6,walk,
mr_crews_house,whitehall,1660,3,6,walk,Robert Shepley
whitehall,westminster_hall,1660,3,6,walk,
westminster_hall,office_exchequer,1660,3,6,walk,
office_exchequer,wills,1660,3,6,walk,
wills,bell_tavern_westminster,1660,3,6,walk,
bell_tavern_westminster,home_axe_yard,1660,3,6,walk,
home_axe_yard,mrs_jem_lodgings,1660,3,6,walk,
mrs_jem_lodgings,lion_tavern,1660,3,6,walk,
lion_tavern,home_axe_yard,1660,3,6,walk,
home_axe_yard,mr_crews_house,1660,3,7,walk,
mr_crews_house,st_james_park,1660,3,7,coach,Edward Montagu
st_james_park,whitehall,1660,3,7,walk,Edward Montagu
whitehall,office_exchequer,1660,3,7,walk,
office_exchequer,westminster_hall,1660,3,7,walk,
westminster_hall,angel_tavern,1660,3,7,walk,Mr. Chetwind; Mr. Thomas; Mr. Doling
angel_tavern,herrings_house,1660,3,7,boat,Mr. Thomas
herrings_house,popes_head,1660,3,7,walk,
popes_head,sun_behind_exchange,1660,3,7,walk,
sun_behind_exchange,cock_tavern,1660,3,7,walk,
cock_tavern,father_house,1660,3,7,walk,
father_house,home_axe_yard,1660,3,7,walk,
home_axe_yard,whitehall,1660,3,8,coach,
whitehall,westminster_hall,1660,3,8,walk,
westminster_hall,home_axe_yard,1660,3,8,walk,
home_axe_yard,paternoster_row,1660,3,8,walk,Elizabeth Pepys
paternoster_row,whitehall,1660,3,8,walk,Henry Moore
whitehall,harpers,1660,3,8,walk,
harpers,dog_tavern,1660,3,8,walk,
dog_tavern,home_axe_yard,1660,3,8,walk,
home_axe_yard,my_lords_lodgings,1660,3,9,walk,
my_lords_lodgings,painted_chamber,1660,3,9,coach,Edward Montagu
painted_chamber,office_exchequer,1660,3,9,walk,
office_exchequer,mr_crews_house,1660,3,9,walk,
mr_crews_house,navy_office_tower_hill,1660,3,9,coach,Henry Moore
navy_office_tower_hill,whitehall,1660,3,9,coach,
whitehall,harpers,1660,3,9,walk,
harpers,home_axe_yard,1660,3,9,walk,
home_axe_yard,father_house,1660,3,10,walk,
father_house,navy_treasurer,1660,3,10,walk,
navy_treasurer,mr_rawlinsons_house,1660,3,10,walk,
mr_rawlinsons_house,sun_fish_street,1660,3,10,walk,
sun_fish_street,home_axe_yard,1660,3,10,coach,
home_axe_yard,mrs_jem_lodgings,1660,3,10,walk,
mrs_jem_lodgings,mr_blackburnes_house,1660,3,10,walk,
mr_blackburnes_house,lady_wrights_house,1660,3,10,walk,
lady_wrights_house,whitehall,1660,3,10,walk,William Howe
whitehall,home_axe_yard,1660,3,10,walk,
home_axe_yard,father_house,1660,3,11,walk,Elizabeth Pepys
father_house,home_axe_yard,1660,3,11,walk,Elizabeth Pepys
home_axe_yard,royal_exchange,1660,3,12,walk,Elizabeth Pepys
royal_exchange,the_temple,1660,3,12,walk,
the_temple,wilkinsons,1660,3,12,walk,
wilkinsons,white_horse,1660,3,12,walk,
white_horse,huntsmore,1660,3,12,horse,
huntsmore,my_lords_lodgings,1660,3,13,horse,
my_lords_lodgings,father_house,1660,3,13,walk,
father_house,whitehall,1660,3,13,walk,
whitehall,home_axe_yard,1660,3,13,walk,
home_axe_yard,my_lords_lodgings,1660,3,14,walk,Sir W. Batten
my_lords_lodgings,st_james_park,1660,3,14,walk,Mr. Pierce
st_james_park,whitehall,1660,3,14,walk,
whitehall,marshs,1660,3,14,walk,
marshs,home_axe_yard,1660,3,14,walk,
home_axe_yard,harpers,1660,3,14,walk,
harpers,mrs_jem_lodgings,1660,3,14,coach,
mrs_jem_lodgings,home_axe_yard,1660,3,14,coach,
home_axe_yard,wills,1660,3,15,walk,
wills,westminster_hall,1660,3,15,walk,
westminster_hall,harpers,1660,3,15,walk,
harpers,sun_fish_street,1660,3,15,boat,Elizabeth Pepys
sun_fish_street,home_axe_yard,1660,3,15,walk,Elizabeth Pepys
home_axe_yard,my_lords_lodgings,1660,3,15,walk,
my_lords_lodgings,fox_king_street,1660,3,15,walk,
fox_king_street,westminster_hall,1660,3,15,walk,
westminster_hall,fox_king_street,1660,3,15,walk,
fox_king_street,home_axe_yard,1660,3,15,walk,Elizabeth Pepys
home_axe_yard,rhenish_wine_house,1660,3,16,walk,Robert Shepley
rhenish_wine_house,father_house,1660,3,16,walk,Elizabeth Pepys
father_house,chancery_lane,1660,3,16,walk,
chancery_lane,home_axe_yard,1660,3,16,walk,
home_axe_yard,westminster_hall,1660,3,16,walk,
westminster_hall,home_axe_yard,1660,3,16,walk,
home_axe_yard,mr_crews_house,1660,3,17,walk,
mr_crews_house,home_axe_yard,1660,3,17,walk,Henry Moore
home_axe_yard,chequers_holborn,1660,3,17,coach,Elizabeth Pepys
chequers_holborn,mr_crews_house,1660,3,17,walk,
mr_crews_house,home_axe_yard,1660,3,17,walk,
home_axe_yard,whitehall,1660,3,17,walk,
whitehall,mrs_crisps_house,1660,3,17,walk,
mrs_crisps_house,jervas_barber,1660,3,18,walk,
jervas_barber,my_lords_lodgings,1660,3,18,walk,
my_lords_lodgings,home_axe_yard,1660,3,18,walk,
home_axe_yard,my_lords_lodgings,1660,3,18,walk,Robert Shepley
my_lords_lodgings,mr_mossums_church,1660,3,18,walk,
mr_mossums_church,mr_crews_house,1660,3,18,walk,
mr_crews_house,drury_lane,1660,3,18,walk,
drury_lane,home_axe_yard,1660,3,18,walk,
home_axe_yard,mrs_crisps_house,1660,3,18,walk,
mrs_crisps_house,my_lords_lodgings,1660,3,19,walk,
my_lords_lodgings,wilkinsons,1660,3,19,walk,
wilkinsons,swan_westminster,1660,3,19,walk,
swan_westminster,home_axe_yard,1660,3,19,walk,
home_axe_yard,whitehall,1660,3,19,walk,
whitehall,mrs_crisps_house,1660,3,19,walk,
mrs_crisps_house,home_axe_yard,1660,3,20,walk,
home_axe_yard,my_lords_lodgings,1660,3,20,walk,
my_lords_lodgings,whitehall,1660,3,20,walk,Captain Isham
whitehall,marshs,1660,3,20,walk,
marshs,bull_head,1660,3,20,walk,
bull_head,father_house,1660,3,20,walk,
father_house,my_lords_lodgings,1660,3,20,coach,
my_lords_lodgings,mrs_crisps_house,1660,3,20,walk,
mrs_crisps_house,my_lords_lodgings,1660,3,21,walk,
my_lords_lodgings,lord_widdringtons_house,1660,3,21,walk,
lord_widdringtons_house,mr_crews_house,1660,3,21,walk,
mr_crews_house,mrs_crisps_house,1660,3,21,walk,
mrs_crisps_house,home_axe_yard,1660,3,22,walk,
home_axe_yard,mr_crews_house,1660,3,22,walk,Mr. Hawly
mr_crews_house,popes_head_tavern,1660,3,22,walk,
popes_head_tavern,whitehall,1660,3,22,walk,
whitehall,mr_mounts_chamber,1660,3,22,walk,
mr_mounts_chamber,mr_crews_house,1660,3,22,walk,
mr_crews_house,tower,1660,3,23,coach,William Howe
tower,long_reach,1660,3,23,boat,William Howe
long_reach,ship_swiftsure,1660,3,23,boat,
ship_swiftsure,ship_naseby,1660,3,30,boat,Edward Montagu
ship_naseby,ship_swiftsure,1660,4,2,walk,
ship_swiftsure,ship_naseby,1660,4,2,boat,
ship_naseby,deal,1660,4,3,boat,
deal,ship_naseby,1660,4,3,boat,
ship_naseby,lee_roads,1660,4,5,ship,
lee_roads,the_spits,1660,4,6,ship,
the_spits,ship_naseby,1660,4,9,walk,
ship_naseby,the_downs,1660,4,9,ship,
the_downs,ship_naseby,1660,4,24,walk,
ship_naseby,ship_london,1660,4,24,boat,
ship_london,ship_naseby,1660,4,24,boat,
ship_naseby,ship_speaker,1660,4,25,boat,
ship_speaker,ship_naseby,1660,4,25,boat,
ship_naseby,deal,1660,4,30,boat,William Howe; Robert Shepley
deal,fullers_deal,1660,4,30,walk,William Howe; Robert Shepley
fullers_deal,pooles_deal,1660,4,30,walk,William Howe; Robert Shepley
pooles_deal,ship_assistance,1660,4,30,boat,William Howe; Robert Shepley
ship_assistance,ship_naseby,1660,4,30,boat,
ship_naseby,ship_stayner,1660,5,3,boat,
ship_stayner,ship_plimouth,1660,5,3,boat,
ship_plimouth,ship_essex,1660,5,3,boat,
ship_essex,ship_assistance,1660,5,3,boat,
ship_assistance,ship_naseby,1660,5,3,boat,
ship_naseby,ship_assistance,1660,5,6,boat,
ship_assistance,ship_naseby,1660,5,6,boat,
ship_naseby,the_downs,1660,5,11,walk,
the_downs,dover,1660,5,11,ship,
dover,english_channel,1660,5,12,ship,
english_channel,ship_naseby,1660,5,14,walk,
ship_naseby,scheveningen,1660,5,14,boat,John Creed
scheveningen,the_hague,1660,5,14,coach,John Creed
the_hague,prince_orange_court,1660,5,14,walk,
prince_orange_court,lodging_hague,1660,5,14,walk,
lodging_hague,the_hague,1660,5,15,walk,
the_hague,grande_salle,1660,5,15,walk,
grande_salle,scheveningen,1660,5,15,coach,
scheveningen,ship_naseby,1660,5,15,boat,
ship_naseby,scheveningen,1660,5,17,boat,Edward Montagu; William Howe
scheveningen,the_hague,1660,5,17,coach,
the_hague,kings_court_hague,1660,5,17,walk,
kings_court_hague,lord_chancellors_lodging,1660,5,17,walk,
lord_chancellors_lodging,queen_bohemia_house,1660,5,17,walk,
queen_bohemia_house,princess_dowager_house,1660,5,17,coach,
princess_dowager_house,voorhout,1660,5,17,walk,
voorhout,lodging_hague,1660,5,17,coach,
lodging_hague,scheveningen,1660,5,18,coach,Edward Montagu
scheveningen,the_hague,1660,5,18,coach,
the_hague,delft,1660,5,18,boat,
delft,the_hague,1660,5,18,boat,
the_hague,princess_dowager_house,1660,5,18,coach,
princess_dowager_house,lodging_hague,1660,5,18,walk,
lodging_hague,scheveningen,1660,5,19,walk,
scheveningen,the_hague,1660,5,19,walk,
the_hague,loosduinen,1660,5,19,coach,
loosduinen,the_hague,1660,5,19,coach,
the_hague,lodging_hague,1660,5,19,walk,
lodging_hague,scheveningen,1660,5,20,coach,Edward Montagu
scheveningen,ship_naseby,1660,5,20,boat,
ship_naseby,scheveningen,1660,5,22,boat,
scheveningen,ship_naseby,1660,5,22,boat,
ship_naseby,scheveningen,1660,5,23,boat,
scheveningen,ship_charles,1660,5,23,boat,
ship_charles,dover,1660,5,25,boat,
dover,ship_charles,1660,5,25,boat,
ship_charles,deal,1660,5,29,boat,Edward Montagu; Mr. Hetley
deal,deal_cliffs,1660,5,29,horse,Edward Montagu; Mr. Hetley
deal_cliffs,deal,1660,5,29,horse,
deal,ship_charles,1660,5,29,boat,
ship_charles,deal,1660,6,8,horse,
deal,canterbury,1660,6,8,horse,
canterbury,sittingbourne,1660,6,8,horse,
sittingbourne,rochester,1660,6,8,horse,
rochester,chatham,1660,6,8,horse,
chatham,gravesend,1660,6,8,horse,
gravesend,the_temple,1660,6,9,boat,Henry Moore; William Howe
the_temple,mr_crews_house,1660,6,9,walk,
mr_crews_house,father_house,1660,6,9,walk,
father_house,whitehall,1660,6,9,walk,Edward Montagu
whitehall,st_james_park,1660,6,9,walk,
st_james_park,father_house,1660,6,9,walk,
father_house,lincolns_inn_walks,1660,6,10,walk,Elizabeth Pepys
lincolns_inn_walks,father_house,1660,6,10,walk,Elizabeth Pepys
father_house,my_lords_lodgings,1660,6,11,coach,
my_lords_lodgings,whitehall,1660,6,11,walk,Edward Montagu
whitehall,covent_garden,1660,6,11,coach,Edward Montagu
covent_garden,wills,1660,6,11,walk,
wills,westminster_hall,1660,6,11,walk,
westminster_hall,leg_tavern,1660,6,11,walk,Henry Moore
leg_tavern,mr_crews_house,1660,6,11,walk,
mr_crews_house,dorset_house,1660,6,11,walk,Edward Montagu
dorset_house,mr_crews_house,1660,6,11,walk,
mr_crews_house,mrs_turner_house,1660,6,11,walk,
mrs_turner_house,home_axe_yard,1660,6,11,walk,
home_axe_yard,my_lords_lodgings,1660,6,12,walk,
my_lords_lodgings,mr_crews_house,1660,6,12,walk,
mr_crews_house,devils_tavern,1660,6,12,walk,
devils_tavern,my_lords_lodgings,1660,6,12,walk,
my_lords_lodgings,father_house,1660,6,12,walk,
father_house,my_lords_lodgings,1660,6,13,walk,
my_lords_lodgings,navy_treasurer,1660,6,13,walk,John Creed
navy_treasurer,mr_rawlinsons_house,1660,6,13,walk,
mr_rawlinsons_house,mr_crews_house,1660,6,13,walk,
mr_crews_house,rhenish_wine_house,1660,6,13,boat,Edward Montagu
rhenish_wine_house,my_lords_lodgings,1660,6,13,walk,
my_lords_lodgings,father_house,1660,6,13,walk,
father_house,my_lords_lodgings,1660,6,14,walk,
my_lords_lodgings,navy_treasurer,1660,6,14,walk,
navy_treasurer,wills,1660,6,14,walk,
wills,bull_head,1660,6,14,walk,
bull_head,father_house,1660,6,14,walk,
father_house,navy_commissioners,1660,6,15,walk,
navy_commissioners,dolphin_tavern,1660,6,15,boat,Mr. Turner
dolphin_tavern,mr_symons_house,1660,6,15,walk,
mr_symons_house,my_lords_lodgings,1660,6,15,walk,
my_lords_lodgings,father_house,1660,6,15,walk,
father_house,uncle_fenner_house,1660,6,15,walk,
uncle_fenner_house,father_house,1660,6,15,walk,
father_house,my_lords_lodgings,1660,6,16,walk,
my_lords_lodgings,whitehall,1660,6,16,walk,Edward Montagu
whitehall,mr_crews_house,1660,6,16,walk,
mr_crews_house,whitehall,1660,6,16,walk,Edward Montagu
whitehall,lady_wrights_house,1660,6,16,walk,Edward Montagu
lady_wrights_house,father_house,1660,6,16,walk,
father_house,mr_mossums_church,1660,6,17,walk,
mr_mossums_church,my_lords_lodgings,1660,6,17,walk,
my_lords_lodgings,grays_inn,1660,6,17,walk,Edward Montagu
grays_inn,father_house,1660,6,17,walk,
father_house,mr_mossums_church,1660,6,17,walk,
mr_mossums_church,father_house,1660,6,17,walk,
father_house,my_lords_lodgings,1660,6,18,walk,
my_lords_lodgings,whitehall,1660,6,18,walk,Edward Montagu
whitehall,trinity_house,1660,6,18,boat,Edward Montagu
trinity_house,whitehall,1660,6,18,boat,
whitehall,my_lords_lodgings,1660,6,18,walk,
my_lords_lodgings,mr_crews_house,1660,6,18,walk,
mr_crews_house,father_house,1660,6,18,walk,
father_house,whitehall,1660,6,19,walk,
whitehall,lady_pickerings_house,1660,6,19,walk,
lady_pickerings_house,my_lords_lodgings,1660,6,19,walk,
my_lords_lodgings,whitehall,1660,6,19,walk,
whitehall,father_house,1660,6,19,walk,
father_house,my_lords_lodgings,1660,6,20,walk,
my_lords_lodgings,whitehall,1660,6,20,walk,Edward Montagu
whitehall,cock_pit,1660,6,20,walk,Edward Montagu
cock_pit,home_axe_yard,1660,6,20,walk,
home_axe_yard,lady_pickerings_house,1660,6,20,walk,
lady_pickerings_house,cock_pit,1660,6,20,walk,
cock_pit,charing_cross,1660,6,20,walk,
charing_cross,bear_tavern,1660,6,20,walk,
bear_tavern,father_house,1660,6,20,walk,
father_house,my_lords_lodgings,1660,6,21,walk,
my_lords_lodgings,dog_tavern,1660,6,21,walk,
dog_tavern,mr_crews_house,1660,6,21,walk,
mr_crews_house,great_wardrobe,1660,6,21,walk,Edward Montagu
great_wardrobe,whitehall,1660,6,21,walk,Edward Montagu
whitehall,home_axe_yard,1660,6,21,walk,
home_axe_yard,father_house,1660,6,21,walk,
father_house,my_lords_lodgings,1660,6,22,walk,
my_lords_lodgings,whitehall,1660,6,22,walk,Edward Montagu
whitehall,sun_tavern,1660,6,22,walk,
sun_tavern,half_moon,1660,6,22,walk,
half_moon,home_axe_yard,1660,6,22,walk,
home_axe_yard,father_house,1660,6,22,walk,
father_house,mr_crews_house,1660,6,22,walk,
mr_crews_house,lady_wrights_house,1660,6,22,walk,
lady_wrights_house,home_axe_yard,1660,6,22,walk,
home_axe_yard,my_lords_lodgings,1660,6,23,walk,
my_lords_lodgings,whitehall,1660,6,23,walk,Edward Montagu
whitehall,lord_frezendorfs,1660,6,23,walk,Edward Montagu
lord_frezendorfs,hargrave_house,1660,6,23,walk,Mr. Chetwind
hargrave_house,backwells,1660,6,23,walk,
backwells,cardinals_cap,1660,6,23,walk,
cardinals_cap,home_axe_yard,1660,6,23,walk,
home_axe_yard,harpers,1660,6,24,walk,
harpers,home_axe_yard,1660,6,24,walk,
home_axe_yard,mr_crews_house,1660,6,24,walk,
mr_crews_house,mr_mossums_church,1660,6,24,walk,Henry Moore
mr_mossums_church,whitehall,1660,6,24,walk,
whitehall,mr_crews_house,1660,6,24,walk,
mr_crews_house,father_house,1660,6,24,walk,
father_house,home_axe_yard,1660,6,24,walk,
home_axe_yard,whitehall,1660,6,25,walk,
whitehall,leg_tavern,1660,6,25,walk,
leg_tavern,mr_crews_house,1660,6,25,walk,Edward Montagu
mr_crews_house,home_axe_yard,1660,6,25,coach,
home_axe_yard,dorset_house,1660,6,25,coach,Elizabeth Pepys
dorset_house,my_lords_lodgings,1660,6,25,walk,
my_lords_lodgings,home_axe_yard,1660,6,25,walk,
home_axe_yard,my_lords_lodgings,1660,6,26,walk,
my_lords_lodgings,secretary_nicholas,1660,6,26,walk,
secretary_nicholas,three_tuns_charing_cross,1660,6,26,walk,
three_tuns_charing_cross,home_axe_yard,1660,6,26,walk,
home_axe_yard,whitehall,1660,6,26,walk,
whitehall,great_wardrobe,1660,6,26,walk,
great_wardrobe,backwells,1660,6,26,walk,
backwells,father_house,1660,6,26,walk,
father_house,home_axe_yard,1660,6,26,walk,
home_axe_yard,my_lords_lodgings,1660,6,27,walk,
my_lords_lodgings,whitehall,1660,6,27,walk,Edward Montagu
whitehall,swan_dowgate,1660,6,27,walk,Edward Montagu
swan_dowgate,westminster_hall,1660,6,27,walk,
westminster_hall,home_axe_yard,1660,6,27,walk,
home_axe_yard,my_lords_lodgings,1660,6,28,walk,
my_lords_lodgings,whitehall,1660,6,28,walk,
whitehall,clothworkers_hall,1660,6,28,coach,Elizabeth Pepys; Mr. Pierce
clothworkers_hall,mr_rawlinsons_house,1660,6,28,walk,
mr_rawlinsons_house,father_house,1660,6,28,walk,
father_house,home_axe_yard,1660,6,28,walk,
home_axe_yard,my_lords_lodgings,1660,6,29,walk,
my_lords_lodgings,home_axe_yard,1660,6,29,walk,
home_axe_yard,whitehall,1660,6,29,walk,
whitehall,my_lords_lodgings,1660,6,29,walk,
my_lords_lodgings,sir_geffery_palmers,1660,6,29,walk,
sir_geffery_palmers,westminster_hall,1660,6,29,walk,
westminster_hall,leg_tavern,1660,6,29,walk,
leg_tavern,whitehall,1660,6,29,walk,
whitehall,home_axe_yard,1660,6,30,walk,
home_axe_yard,my_lords_lodgings,1660,6,30,walk,
my_lords_lodgings,whitehall,1660,6,30,walk,Edward Montagu
whitehall,home_axe_yard,1660,6,30,walk,
home_axe_yard,sir_edward_walkers,1660,6,30,walk,
sir_edward_walkers,mr_crews_house,1660,6,30,walk,
mr_crews_house,whitehall,1660,6,30,walk,Henry Moore
whitehall,home_axe_yard,1660,7,1,walk,
home_axe_yard,cooks_shop,1660,7,1,walk,
cooks_shop,home_axe_yard,1660,7,1,walk,
home_axe_yard,westminster_abbey,1660,7,1,walk,
westminster_abbey,mrs_crisps_house,1660,7,1,walk,
mrs_crisps_house,my_lords_lodgings,1660,7,1,walk,
my_lords_lodgings,home_axe_yard,1660,7,1,walk,
home_axe_yard,bell_tavern_westminster,1660,7,2,walk,
bell_tavern_westminster,my_lords_lodgings,1660,7,2,walk,
my_lords_lodgings,home_axe_yard,1660,7,2,walk,
home_axe_yard,sir_g_carterets_whitehall,1660,7,3,walk,
sir_g_carterets_whitehall,mr_stephens_house,1660,7,3,walk,
mr_stephens_house,my_lords_lodgings,1660,7,3,walk,
my_lords_lodgings,home_axe_yard,1660,7,3,walk,
home_axe_yard,whitefriars,1660,7,4,boat,Elizabeth Pepys
whitefriars,london_bridge,1660,7,4,boat,
london_bridge,navy_treasurer,1660,7,4,walk,
navy_treasurer,seething_lane,1660,7,4,walk,Commissioner Pett
seething_lane,broad_street_excise,1660,7,4,walk,
broad_street_excise,backwells,1660,7,4,walk,
backwells,my_lords_lodgings,1660,7,4,coach,
my_lords_lodgings,secretary_nicholas_house,1660,7,4,walk,
secretary_nicholas_house,westminster_hall,1660,7,4,walk,
westminster_hall,sun_tavern,1660,7,4,walk,
sun_tavern,whitehall,1660,7,4,walk,
whitehall,home_axe_yard,1660,7,4,walk,
home_axe_yard,whitehall,1660,7,5,walk,
whitehall,admiralty,1660,7,5,walk,
admiralty,st_james_park,1660,7,5,walk,Mr. Blackburne
st_james_park,mr_coventrys_house,1660,7,5,walk,
mr_coventrys_house,my_lords_lodgings,1660,7,5,walk,
my_lords_lodgings,home_axe_yard,1660,7,5,walk,
home_axe_yard,my_lords_lodgings,1660,7,6,walk,
my_lords_lodgings,westminster_hall,1660,7,6,walk,
westminster_hall,sun_tavern,1660,7,6,walk,
sun_tavern,my_lords_lodgings,1660,7,6,walk,
my_lords_lodgings,navy_office,1660,7,6,walk,Edward Montagu; Mr. Coventry; Sir G. Carteret
navy_office,navy_treasurer,1660,7,6,walk,Sir G. Carteret
navy_treasurer,sir_g_palmers_house,1660,7,6,walk,
sir_g_palmers_house,mr_pims_shop,1660,7,6,walk,
mr_pims_shop,half_moon,1660,7,6,walk,
half_moon,my_lords_lodgings,1660,7,6,walk,
my_lords_lodgings,home_axe_yard,1660,7,6,walk,
home_axe_yard,my_lords_lodgings,1660,7,7,walk,
my_lords_lodgings,council_chamber,1660,7,7,walk,
council_chamber,royal_exchange,1660,7,7,walk,
royal_exchange,uncle_wight_house,1660,7,7,walk,
uncle_wight_house,mr_rawlinsons_house,1660,7,7,walk,
mr_rawlinsons_house,navy_office,1660,7,7,walk,
navy_office,my_lords_lodgings,1660,7,7,walk,
my_lords_lodgings,home_axe_yard,1660,7,7,walk,
home_axe_yard,whitehall_chapel,1660,7,8,walk,
whitehall_chapel,cooks_shop_2,1660,7,8,walk,
cooks_shop_2,home_axe_yard,1660,7,8,walk,
home_axe_yard,father_house,1660,7,8,walk,Elizabeth Pepys
father_house,home_axe_yard,1660,7,8,walk,
home_axe_yard,sir_g_palmers_house,1660,7,9,walk,
sir_g_palmers_house,navy_office,1660,7,9,walk,
navy_office,tavern_harwich,1660,7,9,walk,Captain Holland
tavern_harwich,the_temple,1660,7,9,walk,
the_temple,my_lords_lodgings,1660,7,9,walk,
my_lords_lodgings,home_axe_yard,1660,7,9,walk,
home_axe_yard,swan_westminster,1660,7,10,walk,
swan_westminster,home_axe_yard,1660,7,10,walk,
home_axe_yard,goring_house,1660,7,10,walk,Elizabeth Pepys
goring_house,mrs_turner_house,1660,7,10,walk,Elizabeth Pepys
mrs_turner_house,attorney_generals,1660,7,10,walk,
attorney_generals,mrs_turner_house,1660,7,10,walk,
mrs_turner_house,home_axe_yard,1660,7,10,walk,Elizabeth Pepys
home_axe_yard,whitehall,1660,7,10,walk,
whitehall,home_axe_yard,1660,7,10,walk,
home_axe_yard,navy_office,1660,7,11,boat,Sir W. Pen
navy_office,dolphin_tavern,1660,7,11,walk,
dolphin_tavern,navy_office,1660,7,11,walk,
navy_office,whitehall,1660,7,11,walk,
whitehall,privy_seal,1660,7,11,walk,
privy_seal,commissioner_willoughbys,1660,7,11,coach,
commissioner_willoughbys,whitehall,1660,7,12,coach,Commissioner Pett
whitehall,privy_seal,1660,7,12,walk,
privy_seal,signet_office,1660,7,12,walk,
signet_office,house_of_lords,1660,7,12,walk,
house_of_lords,mr_beales_office,1660,7,12,walk,
mr_beales_office,chancery_lane,1660,7,12,walk,
chancery_lane,six_clerks_office,1660,7,12,walk,
six_clerks_office,admiralty,1660,7,12,walk,
admiralty,mr_spongs_house,1660,7,12,walk,
mr_spongs_house,my_lords_lodgings,1660,7,12,walk,
my_lords_lodgings,home_axe_yard,1660,7,12,walk,
home_axe_yard,mr_spongs_house,1660,7,13,walk,
mr_spongs_house,worcester_house,1660,7,13,walk,
worcester_house,mr_beales_office,1660,7,13,walk,
mr_beales_office,navy_office,1660,7,13,walk,
navy_office,mr_beales_office,1660,7,13,walk,
mr_beales_office,mr_lillys_house,1660,7,13,walk,Mr. Spong
mr_lillys_house,worcester_house,1660,7,13,walk,
worcester_house,home_axe_yard,1660,7,13,walk,
home_axe_yard,mr_beales_office,1660,7,13,coach,Elizabeth Pepys
mr_beales_office,hinde_court,1660,7,13,walk,Elizabeth Pepys
hinde_court,navy_office,1660,7,13,walk,Elizabeth Pepys
navy_office,home_axe_yard,1660,7,13,walk,Elizabeth Pepys
home_axe_yard,my_lords_lodgings,1660,7,13,walk,
my_lords_lodgings,home_axe_yard,1660,7,13,walk,
home_axe_yard,my_lords_lodgings,1660,7,14,walk,
my_lords_lodgings,harpers,1660,7,14,walk,
harpers,my_lords_lodgings,1660,7,14,walk,
my_lords_lodgings,westminster_hall,1660,7,14,walk,
westminster_hall,leg_tavern,1660,7,14,walk,
leg_tavern,navy_office,1660,7,14,coach,
navy_office,mr_rawlinsons_house,1660,7,14,walk,
mr_rawlinsons_house,my_lords_lodgings,1660,7,14,walk,
my_lords_lodgings,home_axe_yard,1660,7,14,walk,
home_axe_yard,wilkinsons,1660,7,15,walk,Robert Shepley
wilkinsons,henry_vii_chapel,1660,7,15,walk,
henry_vii_chapel,my_lords_lodgings,1660,7,15,walk,
my_lords_lodgings,henry_vii_chapel,1660,7,15,walk,
henry_vii_chapel,st_james_park,1660,7,15,walk,William Bowyer
st_james_park,harpers,1660,7,15,walk,
harpers,my_lords_lodgings,1660,7,15,walk,
my_lords_lodgings,home_axe_yard,1660,7,15,walk,
home_axe_yard,navy_office,1660,7,16,walk,
navy_office,home_axe_yard,1660,7,16,walk,
home_axe_yard,my_lords_lodgings,1660,7,16,walk,
my_lords_lodgings,home_axe_yard,1660,7,16,walk,
home_axe_yard,my_lords_lodgings,1660,7,17,walk,
my_lords_lodgings,home_axe_yard,1660,7,17,walk,
home_axe_yard,home_seething_lane,1660,7,17,coach,Elizabeth Pepys; Mrs. Hunt
home_seething_lane,my_lords_lodgings,1660,7,17,boat,William Hewer; Mrs. Hunt
my_lords_lodgings,home_seething_lane,1660,7,17,walk,
home_seething_lane,navy_office,1660,7,18,walk,
navy_office,home_seething_lane,1660,7,18,walk,
home_seething_lane,new_exchange,1660,7,18,boat,Mr. Carter; Mr. Cooke; Mr. Pierce; Robert Shepley
new_exchange,my_lords_lodgings,1660,7,18,walk,
my_lords_lodgings,father_house,1660,7,18,walk,
father_house,home_seething_lane,1660,7,18,walk,
home_seething_lane,whitefriars,1660,7,19,boat,Elizabeth Pepys
whitefriars,my_lords_lodgings,1660,7,19,walk,
my_lords_lodgings,westminster_hall,1660,7,19,walk,
westminster_hall,dog_tavern,1660,7,19,walk,
dog_tavern,admiralty,1660,7,19,walk,
admiralty,home_seething_lane,1660,7,19,walk,
home_seething_lane,navy_office,1660,7,20,walk,
navy_office,father_house,1660,7,20,walk,
father_house,whitehall,1660,7,20,walk,
whitehall,home_seething_lane,1660,7,20,walk,
home_seething_lane,golden_eagle,1660,7,21,walk,
golden_eagle,mr_spongs_house,1660,7,21,walk,
mr_spongs_house,my_lords_lodgings,1660,7,21,walk,
my_lords_lodgings,six_clerks_office,1660,7,21,walk,
six_clerks_office,club_dinner,1660,7,21,walk,Mr. Spong
club_dinner,home_seething_lane,1660,7,21,walk,
home_seething_lane,whitehall,1660,7,21,walk,
whitehall,home_seething_lane,1660,7,21,walk,
home_seething_lane,uncle_fenner_house,1660,7,22,walk,
uncle_fenner_house,whitehall,1660,7,22,walk,
whitehall,st_james_park,1660,7,22,walk,
st_james_park,my_lords_lodgings,1660,7,22,walk,
my_lords_lodgings,home_seething_lane,1660,7,22,boat,
home_seething_lane,fenchurch_street,1660,7,23,walk,Mr. Barlow
fenchurch_street,navy_office,1660,7,23,walk,
navy_office,home_seething_lane,1660,7,23,walk,
home_seething_lane,my_lords_lodgings,1660,7,23,walk,
my_lords_lodgings,secretary_nicholas_house,1660,7,23,walk,Edward Montagu
secretary_nicholas_house,king_head_tavern,1660,7,23,walk,
king_head_tavern,home_seething_lane,1660,7,23,boat,
home_seething_lane,whitehall,1660,7,24,walk,
whitehall,home_seething_lane,1660,7,24,walk,
home_seething_lane,navy_office,1660,7,25,walk,
navy_office,whitehall,1660,7,25,walk,
whitehall,leg_tavern,1660,7,25,walk,John Creed
leg_tavern,sun_tavern,1660,7,25,walk,
sun_tavern,gatehouse,1660,7,25,walk,
gatehouse,tower_street,1660,7,25,walk,
tower_street,home_seething_lane,1660,7,25,walk,
home_seething_lane,whitehall,1660,7,26,walk,
whitehall,privy_seal,1660,7,26,walk,
privy_seal,leg_tavern,1660,7,26,walk,
leg_tavern,mr_pierces_house,1660,7,26,walk,
mr_pierces_house,st_james_fair,1660,7,26,walk,
st_james_fair,pell_mell,1660,7,26,walk,
pell_mell,home_seething_lane,1660,7,26,walk,
home_seething_lane,navy_office,1660,7,27,walk,
navy_office,home_seething_lane,1660,7,27,walk,
home_seething_lane,my_lords_lodgings,1660,7,27,walk,
my_lords_lodgings,home_seething_lane,1660,7,27,coach,
home_seething_lane,westminster_hall,1660,7,28,walk,
westminster_hall,swan_westminster,1660,7,28,walk,
swan_westminster,home_seething_lane,1660,7,28,walk,
home_seething_lane,whitehall_chapel,1660,7,29,walk,
whitehall_chapel,my_lords_lodgings,1660,7,29,walk,
my_lords_lodgings,lisson_green,1660,7,29,walk,Dick Vines
lisson_green,marylebone,1660,7,29,walk,Dick Vines
marylebone,my_lords_lodgings,1660,7,29,walk,
my_lords_lodgings,father_house,1660,7,29,walk,
father_house,home_seething_lane,1660,7,29,walk,
home_seething_lane,navy_office,1660,7,30,walk,
navy_office,rhenish_wine_house,1660,7,30,walk,Henry Moore
rhenish_wine_house,home_seething_lane,1660,7,30,walk,
home_seething_lane,whitehall,1660,7,31,walk,
whitehall,quakers,1660,7,31,walk,Mr. Blackburne
quakers,admiralty,1660,7,31,walk,
admiralty,privy_seal,1660,7,31,walk,
privy_seal,sun_tavern,1660,7,31,walk,
sun_tavern,ludgate,1660,7,31,coach,
ludgate,home_seething_lane,1660,7,31,walk,William Hewer
home_seething_lane,my_lords_lodgings,1660,8,1,boat,
my_lords_lodgings,privy_seal,1660,8,1,walk,
privy_seal,leg_tavern,1660,8,1,walk,
leg_tavern,privy_seal,1660,8,1,walk,
privy_seal,council_chamber,1660,8,1,walk,
council_chamber,bottle_beer_house_strand,1660,8,1,walk,
bottle_beer_house_strand,fish_street,1660,8,1,boat,
fish_street,sun_fish_street,1660,8,1,walk,
sun_fish_street,home_seething_lane,1660,8,1,walk,
home_seething_lane,admiralty,1660,8,2,boat,Sir W. Batten; Sir W. Pen
admiralty,my_lords_lodgings,1660,8,2,walk,
my_lords_lodgings,admiralty,1660,8,2,walk,
admiralty,mr_blackburnes_house,1660,8,2,walk,
mr_blackburnes_house,privy_seal,1660,8,2,walk,William Hewer
privy_seal,home_seething_lane,1660,8,2,coach,
home_seething_lane,navy_office,1660,8,3,walk,
navy_office,dr_clerkes_house,1660,8,3,coach,Elizabeth Pepys
dr_clerkes_house,privy_seal,1660,8,3,walk,
privy_seal,red_bull_playhouse,1660,8,3,coach,
red_bull_playhouse,dr_clerkes_house,1660,8,3,coach,
dr_clerkes_house,home_seething_lane,1660,8,3,walk,Elizabeth Pepys
home_seething_lane,whitehall,1660,8,4,walk,
whitehall,my_lords_lodgings,1660,8,4,walk,
my_lords_lodgings,privy_seal,1660,8,4,walk,
privy_seal,parliament_house,1660,8,4,walk,
parliament_house,westminster_hall,1660,8,4,walk,
westminster_hall,trumpet_tavern,1660,8,4,walk,
trumpet_tavern,the_savoy,1660,8,4,coach,
the_savoy,home_seething_lane,1660,8,4,coach,
home_seething_lane,dr_williams_house,1660,8,5,walk,
dr_williams_house,father_house,1660,8,5,walk,
father_house,westminster_hall,1660,8,5,walk,
westminster_hall,st_margarets_westminster,1660,8,5,walk,
st_margarets_westminster,mr_pierces_house,1660,8,5,walk,Robert Shepley
mr_pierces_house,my_lords_lodgings,1660,8,5,walk,
my_lords_lodgings,westminster_stairs,1660,8,5,walk,
westminster_stairs,home_seething_lane,1660,8,5,boat,
home_seething_lane,navy_office,1660,8,6,walk,
navy_office,home_seething_lane,1660,8,6,walk,
home_seething_lane,privy_seal,1660,8,6,walk,
privy_seal,mr_rawlinsons_house,1660,8,6,walk,Mr. Man
mr_rawlinsons_house,home_seething_lane,1660,8,6,walk,
home_seething_lane,privy_seal,1660,8,7,walk,
privy_seal,my_lords_lodgings,1660,8,7,walk,
my_lords_lodgings,privy_seal,1660,8,7,walk,
privy_seal,kensington,1660,8,7,coach,Mr. Hartlib
kensington,lord_hollands_house,1660,8,7,walk,Mr. Hartlib
lord_hollands_house,kensington,1660,8,7,walk,
kensington,bull_head,1660,8,7,walk,Mr. Hartlib
bull_head,home_seething_lane,1660,8,7,walk,
home_seething_lane,navy_office,1660,8,8,boat,Elizabeth Pepys
navy_office,home_seething_lane,1660,8,8,walk,
home_seething_lane,catan_sterpins_house,1660,8,8,boat,Elizabeth Pepys
catan_sterpins_house,mr_butlers_house,1660,8,8,walk,Elizabeth Pepys
mr_butlers_house,privy_seal,1660,8,8,walk,
privy_seal,sun_tavern,1660,8,8,walk,
sun_tavern,my_lords_lodgings,1660,8,8,walk,
my_lords_lodgings,mrs_hunts_house,1660,8,8,walk,Elizabeth Pepys
mrs_hunts_house,my_lords_lodgings,1660,8,9,walk,
my_lords_lodgings,rhenish_wine_house,1660,8,9,walk,John Creed; Robert Shepley
rhenish_wine_house,privy_seal,1660,8,9,walk,
privy_seal,leg_tavern,1660,8,9,walk,Henry Moore
leg_tavern,mrs_blackburnes_house,1660,8,9,walk,Elizabeth Pepys
mrs_blackburnes_house,privy_seal,1660,8,9,walk,
privy_seal,mrs_blackburnes_house,1660,8,9,walk,
mrs_blackburnes_house,home_seething_lane,1660,8,9,walk,Elizabeth Pepys
home_seething_lane,navy_office,1660,8,10,walk,
navy_office,home_seething_lane,1660,8,10,walk,
home_seething_lane,privy_seal,1660,8,10,boat,
privy_seal,hyde_park,1660,8,10,coach,Henry Moore; John Creed
hyde_park,my_lords_lodgings,1660,8,10,coach,
my_lords_lodgings,home_seething_lane,1660,8,10,coach,
home_seething_lane,my_lords_lodgings,1660,8,11,walk,
my_lords_lodgings,home_axe_yard,1660,8,11,walk,
home_axe_yard,home_seething_lane,1660,8,11,walk,
home_seething_lane,my_lords_lodgings,1660,8,11,walk,
my_lords_lodgings,privy_seal,1660,8,11,walk,
privy_seal,mrs_crisps_house,1660,8,11,walk,
mrs_crisps_house,privy_seal,1660,8,11,walk,
privy_seal,home_seething_lane,1660,8,12,walk,
home_seething_lane,whitehall_chapel,1660,8,12,walk,
whitehall_chapel,my_lords_lodgings,1660,8,12,walk,
my_lords_lodgings,home_seething_lane,1660,8,12,walk,
home_seething_lane,father_house,1660,8,12,walk,
father_house,mr_rawlinsons_house,1660,8,12,walk,
mr_rawlinsons_house,home_seething_lane,1660,8,12,walk,
home_seething_lane,navy_office,1660,8,13,walk,
navy_office,privy_seal,1660,8,13,walk,
privy_seal,rhenish_wine_house,1660,8,13,walk,John Pepys Sr.; John Creed
rhenish_wine_house,my_lords_lodgings,1660,8,13,walk,
my_lords_lodgings,home_seething_lane,1660,8,13,coach,
home_seething_lane,privy_seal,1660,8,14,walk,
privy_seal,my_lords_lodgings,1660,8,14,walk,
my_lords_lodgings,privy_seal,1660,8,14,walk,
privy_seal,tower,1660,8,14,boat,
tower,home_seething_lane,1660,8,14,walk,
home_seething_lane,whitehall,1660,8,14,boat,Elizabeth Pepys
whitehall,home_seething_lane,1660,8,14,boat,Elizabeth Pepys
home_seething_lane,navy_office,1660,8,15,boat,
navy_office,whitehall,1660,8,15,boat,
whitehall,navy_office,1660,8,15,walk,
navy_office,westminster_hall,1660,8,15,walk,
westminster_hall,mrs_michells_shop,1660,8,15,walk,
mrs_michells_shop,my_lords_lodgings,1660,8,15,walk,
my_lords_lodgings,mr_crews_house,1660,8,16,coach,Edward Montagu
mr_crews_house,whitehall,1660,8,16,walk,
whitehall,charing_cross,1660,8,16,walk,Captain Cooke
charing_cross,privy_seal,1660,8,16,walk,
privy_seal,home_seething_lane,1660,8,16,walk,
home_seething_lane,navy_office,1660,8,17,walk,
navy_office,home_seething_lane,1660,8,17,walk,
home_seething_lane,privy_seal,1660,8,17,boat,
privy_seal,mr_pims_shop,1660,8,17,walk,John Creed
mr_pims_shop,half_moon,1660,8,17,walk,
half_moon,home_seething_lane,1660,8,17,coach,
home_seething_lane,whitefriars,1660,8,18,boat,Elizabeth Pepys
whitefriars,privy_seal,1660,8,18,walk,
privy_seal,leg_tavern,1660,8,18,walk,John Creed; Captain Hayward
leg_tavern,cockpit_theatre,1660,8,18,walk,Captain Ferrers; John Creed
cockpit_theatre,home_seething_lane,1660,8,18,coach,
home_seething_lane,parish_church,1660,8,19,walk,Sir W. Batten; Sir W. Pen
parish_church,home_seething_lane,1660,8,19,walk,
home_seething_lane,navy_office,1660,8,20,walk,
navy_office,worcester_house,1660,8,20,coach,Mrs. Turner
worcester_house,house_of_lords,1660,8,20,walk,
house_of_lords,privy_seal,1660,8,20,walk,
privy_seal,harpers,1660,8,20,walk,
harpers,worcester_house,1660,8,20,coach,William Hewer
worcester_house,home_seething_lane,1660,8,20,walk,
home_seething_lane,mr_coventrys_chamber,1660,8,21,boat,Sir W. Pen
mr_coventrys_chamber,admiralty,1660,8,21,walk,
admiralty,westminster_hall,1660,8,21,walk,
westminster_hall,mr_pims_shop,1660,8,21,walk,
mr_pims_shop,privy_seal,1660,8,21,walk,
privy_seal,queens_court,1660,8,21,walk,
queens_court,privy_seal,1660,8,21,walk,
privy_seal,brazennose_tavern,1660,8,21,walk,Henry Moore
brazennose_tavern,home_seething_lane,1660,8,21,coach,
home_seething_lane,navy_office,1660,8,22,walk,
navy_office,home_seething_lane,1660,8,22,walk,
home_seething_lane,navy_office,1660,8,22,walk,
navy_office,privy_seal,1660,8,22,walk,
privy_seal,westminster_hall,1660,8,22,walk,John Pepys Sr.
westminster_hall,parliament_house,1660,8,22,walk,
parliament_house,father_house,1660,8,22,walk,
father_house,sun_tavern,1660,8,22,walk,John Pepys Sr.
sun_tavern,blackfriars,1660,8,22,boat,
blackfriars,home_seething_lane,1660,8,22,walk,
home_seething_lane,doctors_commons,1660,8,23,boat,
doctors_commons,whitehall,1660,8,23,boat,Mr. Pinkney
whitehall,parliament_house,1660,8,23,walk,
parliament_house,admiralty,1660,8,23,walk,
admiralty,westminster_hall,1660,8,23,walk,
westminster_hall,leg_tavern,1660,8,23,walk,
leg_tavern,privy_seal,1660,8,23,walk,
privy_seal,westminster_hall,1660,8,23,walk,
westminster_hall,dog_tavern,1660,8,23,walk,
dog_tavern,home_seething_lane,1660,8,23,boat,
home_seething_lane,navy_office,1660,8,24,walk,
navy_office,parish_church,1660,8,24,walk,Sir W. Batten; Sir W. Pen
parish_church,thames_street_tavern,1660,8,24,walk,Sir W. Batten; Sir W. Pen
thames_street_tavern,privy_seal,1660,8,24,walk,
privy_seal,father_house,1660,8,24,walk,
father_house,pauls_churchyard,1660,8,24,walk,
pauls_churchyard,home_seething_lane,1660,8,24,walk,
home_seething_lane,dr_walkers_house,1660,8,25,coach,Mr. Turner
dr_walkers_house,sir_g_carterets_whitehall,1660,8,25,coach,Mr. Turner
sir_g_carterets_whitehall,leg_tavern,1660,8,25,walk,Mr. Turner; Henry Moore
leg_tavern,sun_tavern,1660,8,25,walk,Mr. Turner
sun_tavern,privy_seal,1660,8,25,walk,
privy_seal,westminster_hall,1660,8,25,walk,
westminster_hall,home_seething_lane,1660,8,25,boat,
home_seething_lane,parish_church,1660,8,26,walk,Sir W. Pen
parish_church,home_seething_lane,1660,8,26,walk,
home_seething_lane,navy_office,1660,8,27,walk,
navy_office,privy_seal,1660,8,27,walk,
privy_seal,bull_head,1660,8,27,walk,
bull_head,home_seething_lane,1660,8,27,walk,
home_seething_lane,privy_seal,1660,8,28,walk,
privy_seal,home_seething_lane,1660,8,28,coach,
home_seething_lane,navy_office,1660,8,29,walk,
navy_office,parish_church,1660,8,29,walk,
parish_church,home_seething_lane,1660,8,29,walk,
home_seething_lane,privy_seal,1660,8,29,walk,
privy_seal,bull_head,1660,8,29,walk,
bull_head,father_house,1660,8,29,walk,
father_house,uncle_fenner_house,1660,8,29,walk,
uncle_fenner_house,home_seething_lane,1660,8,29,walk,
home_seething_lane,whitehall,1660,8,30,walk,
whitehall,westminster_hall,1660,8,30,walk,
westminster_hall,heaven_tavern,1660,8,30,walk,Mr. Paget
heaven_tavern,my_lords_lodgings,1660,8,30,walk,
my_lords_lodgings,home_seething_lane,1660,8,30,walk,
home_seething_lane,whitehall,1660,8,31,walk,
whitehall,my_lords_lodgings,1660,8,31,walk,
my_lords_lodgings,navy_office,1660,8,31,walk,
navy_office,home_seething_lane,1660,8,31,walk,
home_seething_lane,my_lords_lodgings,1660,8,31,walk,
my_lords_lodgings,privy_seal,1660,8,31,walk,
privy_seal,sun_tavern,1660,8,31,walk,
sun_tavern,home_seething_lane,1660,8,31,walk,
home_seething_lane,whitehall,1660,9,1,walk,
whitehall,privy_seal,1660,9,1,walk,
privy_seal,bull_head,1660,9,1,walk,Henry Moore
bull_head,home_seething_lane,1660,9,1,walk,
home_seething_lane,westminster_hall,1660,9,2,walk,
westminster_hall,st_margarets_westminster,1660,9,2,walk,
st_margarets_westminster,mrs_crisps_house,1660,9,2,walk,
mrs_crisps_house,my_lords_lodgings,1660,9,2,walk,
my_lords_lodgings,goldsmith_new_exchange,1660,9,3,walk,
goldsmith_new_exchange,whitehall,1660,9,3,walk,
whitehall,lambeth,1660,9,3,walk,Edward Montagu
lambeth,home_seething_lane,1660,9,3,walk,Henry Moore
home_seething_lane,mr_crews_house,1660,9,3,walk,Henry Moore
mr_crews_house,home_seething_lane,1660,9,3,walk,
home_seething_lane,navy_office,1660,9,4,walk,
navy_office,whitehall,1660,9,4,walk,
whitehall,bull_head,1660,9,4,walk,
bull_head,home_axe_yard,1660,9,4,walk,
home_axe_yard,home_seething_lane,1660,9,4,boat,
home_seething_lane,navy_office,1660,9,5,coach,
navy_office,chancery,1660,9,5,coach,Sir W. Batten; Col. Slingsby
chancery,mr_rawlinsons_house,1660,9,5,walk,
mr_rawlinsons_house,navy_office,1660,9,5,walk,
navy_office,home_seething_lane,1660,9,5,walk,
home_seething_lane,sir_w_batten_house,1660,9,5,walk,
sir_w_batten_house,home_seething_lane,1660,9,5,walk,
home_seething_lane,whitehall,1660,9,6,boat,Sir W. Batten
whitehall,admiralty,1660,9,6,walk,
admiralty,my_lords_lodgings,1660,9,6,walk,
my_lords_lodgings,navy_office,1660,9,6,walk,
navy_office,home_seething_lane,1660,9,6,walk,
home_seething_lane,sir_w_pen_house,1660,9,8,walk,
sir_w_pen_house,home_seething_lane,1660,9,8,walk,
home_seething_lane,parish_church,1660,9,9,walk,Sir W. Pen
parish_church,home_seething_lane,1660,9,9,walk,
home_seething_lane,navy_office,1660,9,10,walk,
navy_office,whitehall,1660,9,10,walk,Col. Slingsby
whitehall,bear_bridge_foot,1660,9,10,walk,
bear_bridge_foot,tower_wharf,1660,9,10,walk,
tower_wharf,navy_office,1660,9,10,walk,
navy_office,home_seething_lane,1660,9,10,walk,
home_seething_lane,navy_office,1660,9,10,walk,
navy_office,sir_w_batten_house,1660,9,11,walk,Sir W. Pen
sir_w_batten_house,navy_office,1660,9,11,walk,
navy_office,sir_w_batten_house,1660,9,11,walk,
sir_w_batten_house,home_seething_lane,1660,9,11,walk,
home_seething_lane,westminster_hall,1660,9,13,walk,
westminster_hall,swan_westminster,1660,9,13,walk,Mr. Hawly; William Bowyer
swan_westminster,home_seething_lane,1660,9,13,boat,
home_seething_lane,navy_office,1660,9,14,walk,
navy_office,home_seething_lane,1660,9,14,walk,
home_seething_lane,mitre_wood_street,1660,9,14,walk,
mitre_wood_street,home_seething_lane,1660,9,14,walk,
home_seething_lane,navy_office,1660,9,15,walk,
navy_office,westminster_hall,1660,9,15,walk,
westminster_hall,southwark,1660,9,15,boat,Mr. Dalton
southwark,westminster_hall,1660,9,15,boat,
westminster_hall,father_house,1660,9,15,walk,
father_house,home_seething_lane,1660,9,15,walk,
home_seething_lane,dr_hardys_church,1660,9,16,walk,
dr_hardys_church,home_seething_lane,1660,9,16,walk,
home_seething_lane,westminster_abbey,1660,9,16,walk,
westminster_abbey,st_james_park,1660,9,16,walk,
st_james_park,whitehall,1660,9,16,walk,
whitehall,home_seething_lane,1660,9,16,walk,
home_seething_lane,navy_office,1660,9,17,walk,
navy_office,whitehall,1660,9,17,walk,
whitehall,axe_tavern,1660,9,17,walk,Mr. Dalton
axe_tavern,whitehall,1660,9,17,walk,
whitehall,home_seething_lane,1660,9,17,walk,
home_seething_lane,westminster_hall,1660,9,18,coach,Sir W. Batten; Sir W. Pen
westminster_hall,rhenish_wine_house,1660,9,18,walk,Mr. Wayte
rhenish_wine_house,mr_crews_house,1660,9,18,walk,
mr_crews_house,home_seething_lane,1660,9,18,walk,
home_seething_lane,navy_office,1660,9,19,walk,
navy_office,mitre_wood_street,1660,9,19,walk,
mitre_wood_street,home_seething_lane,1660,9,19,walk,Elizabeth Pepys
home_seething_lane,whitehall,1660,9,20,walk,
whitehall,home_axe_yard,1660,9,20,walk,Mr. Dalton
home_axe_yard,sir_g_downings_house,1660,9,20,walk,
sir_g_downings_house,major_harts_lodgings,1660,9,20,boat,
major_harts_lodgings,home_seething_lane,1660,9,20,walk,
home_seething_lane,navy_office,1660,9,21,walk,
navy_office,whitehall,1660,9,21,walk,
whitehall,my_lords_lodgings,1660,9,21,walk,
my_lords_lodgings,old_swan,1660,9,21,boat,
old_swan,hoop_tavern,1660,9,21,walk,
hoop_tavern,mr_chaplins_house,1660,9,21,walk,
mr_chaplins_house,home_seething_lane,1660,9,21,walk,
home_seething_lane,salisbury_court,1660,9,22,walk,
salisbury_court,my_lords_lodgings,1660,9,22,walk,
my_lords_lodgings,harpers,1660,9,22,walk,
harpers,new_exchange,1660,9,22,walk,
new_exchange,home_seething_lane,1660,9,22,walk,
home_seething_lane,parish_church,1660,9,23,walk,Sir W. Batten; Elizabeth Pepys
parish_church,whitehall,1660,9,23,walk,
whitehall,westminster_abbey,1660,9,23,walk,Mr. Pierce
westminster_abbey,whitehall,1660,9,23,walk,
whitehall,father_house,1660,9,23,walk,
father_house,home_seething_lane,1660,9,23,walk,
home_seething_lane,navy_office,1660,9,24,walk,Elizabeth Pepys
navy_office,cousin_scotts_house,1660,9,24,coach,Elizabeth Pepys
cousin_scotts_house,temple_church,1660,9,24,walk,
temple_church,whitehall,1660,9,24,boat,Sir W. Batten
whitehall,three_tuns_charing_cross,1660,9,24,walk,
three_tuns_charing_cross,my_lords_lodgings,1660,9,24,walk,
my_lords_lodgings,broad_street_dancing,1660,9,24,coach,
broad_street_dancing,home_seething_lane,1660,9,24,walk,
home_seething_lane,navy_office,1660,9,25,walk,
navy_office,deptford,1660,9,25,boat,Col. Birch; Sir R. Browne
deptford,globe_deptford,1660,9,25,walk,
globe_deptford,deptford,1660,9,25,walk,
deptford,home_seething_lane,1660,9,25,boat,
home_seething_lane,mr_crews_house,1660,9,25,walk,
mr_crews_house,home_seething_lane,1660,9,25,walk,
home_seething_lane,navy_office,1660,9,26,walk,
navy_office,parish_church,1660,9,26,walk,
parish_church,home_seething_lane,1660,9,26,walk,
home_seething_lane,navy_office,1660,9,26,walk,
navy_office,home_seething_lane,1660,9,26,walk,
home_seething_lane,mr_crews_house,1660,9,27,walk,
mr_crews_house,home_seething_lane,1660,9,27,walk,
home_seething_lane,my_lords_lodgings,1660,9,27,walk,
my_lords_lodgings,home_seething_lane,1660,9,27,walk,
home_seething_lane,parish_church,1660,9,30,walk,
parish_church,home_seething_lane,1660,9,30,walk,
home_seething_lane,whitehall,1660,10,1,walk,
whitehall,navy_office,1660,10,1,walk,
navy_office,home_seething_lane,1660,10,1,walk,
home_seething_lane,mitre_tavern,1660,10,1,walk,John Pepys Sr.
mitre_tavern,home_seething_lane,1660,10,1,walk,
home_seething_lane,whitehall,1660,10,2,boat,Sir W. Pen
whitehall,leg_tavern,1660,10,2,walk,
leg_tavern,whitehall,1660,10,2,walk,
whitehall,dog_tavern,1660,10,2,walk,
dog_tavern,wills,1660,10,2,walk,
wills,westminster_abbey,1660,10,2,walk,Mr. Spicer
westminster_abbey,robin_shaws_house,1660,10,2,walk,
robin_shaws_house,father_house,1660,10,2,coach,
father_house,major_harts_lodgings,1660,10,2,walk,
major_harts_lodgings,home_seething_lane,1660,10,2,walk,
home_seething_lane,whitehall,1660,10,3,boat,Sir W. Batten; Sir W. Pen
whitehall,my_lords_lodgings,1660,10,3,walk,
my_lords_lodgings,navy_office,1660,10,3,walk,
navy_office,home_seething_lane,1660,10,3,walk,
home_seething_lane,navy_office,1660,10,4,walk,
navy_office,alehouse_seething,1660,10,4,walk,
alehouse_seething,whitehall,1660,10,4,boat,
whitehall,westminster_abbey,1660,10,4,walk,
westminster_abbey,my_lords_lodgings,1660,10,4,walk,
my_lords_lodgings,raindeer,1660,10,4,walk,Robert Shepley; William Howe
raindeer,my_lords_lodgings,1660,10,4,walk,
my_lords_lodgings,blackfriars,1660,10,4,boat,
blackfriars,tower_hill,1660,10,4,walk,
tower_hill,home_seething_lane,1660,10,4,walk,
home_seething_lane,navy_office,1660,10,5,walk,
navy_office,home_seething_lane,1660,10,5,walk,
home_seething_lane,navy_office,1660,10,6,walk,
navy_office,whitehall,1660,10,6,walk,John Creed
whitehall,my_lords_lodgings,1660,10,6,walk,
my_lords_lodgings,home_seething_lane,1660,10,6,walk,
home_seething_lane,father_house,1660,10,7,walk,
father_house,whitehall_chapel,1660,10,7,walk,
whitehall_chapel,my_lords_lodgings,1660,10,7,walk,
my_lords_lodgings,westminster_abbey,1660,10,7,walk,
westminster_abbey,home_seething_lane,1660,10,7,walk,
home_seething_lane,navy_office,1660,10,8,walk,
navy_office,westminster_hall,1660,10,8,walk,Henry Moore
westminster_hall,father_house,1660,10,8,walk,
father_house,mr_crews_house,1660,10,8,walk,
mr_crews_house,my_lords_lodgings,1660,10,8,walk,
my_lords_lodgings,home_seething_lane,1660,10,8,boat,
home_seething_lane,navy_office,1660,10,9,walk,
navy_office,whitehall,1660,10,9,walk,Sir W. Pen
whitehall,my_lords_lodgings,1660,10,9,walk,
my_lords_lodgings,redriffe,1660,10,9,boat,Sir W. Pen
redriffe,deptford,1660,10,9,walk,Sir W. Pen
deptford,home_seething_lane,1660,10,9,boat,
home_seething_lane,my_lords_lodgings,1660,10,11,walk,
my_lords_lodgings,rhenish_wine_house,1660,10,11,walk,John Creed; Mr. Blackburne
rhenish_wine_house,leg_tavern,1660,10,11,walk,John Creed
leg_tavern,st_james_park,1660,10,11,walk,
st_james_park,cockpit_theatre,1660,10,11,walk,
cockpit_theatre,hercules_pillars,1660,10,11,walk,John Creed
hercules_pillars,home_seething_lane,1660,10,11,walk,
home_seething_lane,navy_office,1660,10,12,walk,Sir W. Batten
navy_office,dolphin_tavern,1660,10,12,walk,
dolphin_tavern,home_seething_lane,1660,10,12,walk,
home_seething_lane,westminster_hall,1660,10,12,walk,
westminster_hall,home_seething_lane,1660,10,12,walk,
home_seething_lane,my_lords_lodgings,1660,10,13,walk,
my_lords_lodgings,charing_cross,1660,10,13,walk,
charing_cross,my_lords_lodgings,1660,10,13,walk,
my_lords_lodgings,sun_tavern,1660,10,13,walk,Captain Cuttance; Robert Shepley
sun_tavern,home_seething_lane,1660,10,13,boat,
home_seething_lane,my_lords_lodgings,1660,10,14,walk,
my_lords_lodgings,father_house,1660,10,14,walk,
father_house,whitehall_chapel,1660,10,14,walk,
whitehall_chapel,my_lords_lodgings,1660,10,14,walk,
my_lords_lodgings,home_seething_lane,1660,10,14,boat,Elizabeth Pepys
home_seething_lane,navy_office,1660,10,15,boat,
navy_office,whitehall,1660,10,15,walk,
whitehall,my_lords_lodgings,1660,10,15,walk,
my_lords_lodgings,whitehall,1660,10,15,walk,
whitehall,father_house,1660,10,15,coach,Elizabeth Pepys
father_house,cousin_tom_pepys_shop,1660,10,15,walk,
cousin_tom_pepys_shop,home_seething_lane,1660,10,15,coach,Elizabeth Pepys
home_seething_lane,whitehall,1660,10,16,walk,Henry Moore
whitehall,home_seething_lane,1660,10,16,boat,
home_seething_lane,my_lords_lodgings,1660,10,16,boat,
my_lords_lodgings,home_seething_lane,1660,10,16,boat,
home_seething_lane,navy_office,1660,10,17,walk,
navy_office,feathers_tavern,1660,10,17,walk,John Creed
feathers_tavern,home_seething_lane,1660,10,17,walk,John Creed
home_seething_lane,newgate,1660,10,18,walk,
newgate,uncle_fenner_house,1660,10,18,walk,
uncle_fenner_house,father_house,1660,10,18,walk,
father_house,my_lords_lodgings,1660,10,18,walk,
my_lords_lodgings,mr_blackburnes_house,1660,10,18,walk,
mr_blackburnes_house,home_seething_lane,1660,10,18,coach,Elizabeth Pepys
home_seething_lane,navy_office,1660,10,19,walk,
navy_office,home_seething_lane,1660,10,19,walk,
home_seething_lane,my_lords_lodgings,1660,10,20,walk,
my_lords_lodgings,crowes_upholsterer,1660,10,20,walk,
crowes_upholsterer,home_seething_lane,1660,10,20,walk,
home_seething_lane,parish_church,1660,10,21,walk,
parish_church,my_lords_lodgings,1660,10,21,walk,
my_lords_lodgings,westminster_abbey,1660,10,21,walk,
westminster_abbey,priors,1660,10,21,walk,
priors,crown_palace_yard,1660,10,21,walk,
crown_palace_yard,westminster_abbey,1660,10,21,walk,
westminster_abbey,my_lords_lodgings,1660,10,21,walk,
my_lords_lodgings,father_house,1660,10,21,walk,
father_house,home_seething_lane,1660,10,21,walk,
home_seething_lane,navy_office,1660,10,22,walk,
navy_office,home_seething_lane,1660,10,22,walk,
home_seething_lane,my_lords_lodgings,1660,10,22,walk,
my_lords_lodgings,home_seething_lane,1660,10,22,walk,
home_seething_lane,my_lords_lodgings,1660,10,23,walk,
my_lords_lodgings,whitehall,1660,10,23,walk,
whitehall,warwick_house,1660,10,23,walk,
warwick_house,whitehall,1660,10,23,walk,
whitehall,leg_tavern,1660,10,23,walk,
leg_tavern,catan_sterpins_house,1660,10,23,walk,
catan_sterpins_house,my_lords_lodgings,1660,10,23,walk,
my_lords_lodgings,mr_de_cretz_house,1660,10,23,coach,
mr_de_cretz_house,mr_spongs_house,1660,10,23,walk,
mr_spongs_house,home_seething_lane,1660,10,23,coach,
home_seething_lane,navy_office,1660,10,24,walk,Elizabeth Pepys
navy_office,whitehall,1660,10,24,walk,Henry Moore
whitehall,mr_de_cretz_house,1660,10,24,walk,
mr_de_cretz_house,mr_lillys_house,1660,10,24,walk,
mr_lillys_house,mr_greatorex_house,1660,10,24,walk,
mr_greatorex_house,mr_lillys_house,1660,10,24,walk,Mr. Spong
mr_lillys_house,home_seething_lane,1660,10,24,coach,Mr. Booker
home_seething_lane,westminster_hall,1660,10,25,walk,
westminster_hall,home_seething_lane,1660,10,25,walk,
home_seething_lane,navy_office,1660,10,26,walk,
navy_office,home_seething_lane,1660,10,26,walk,
home_seething_lane,whitehall,1660,10,26,walk,
whitehall,westminster_hall,1660,10,26,walk,
westminster_hall,pauls_churchyard,1660,10,26,walk,
pauls_churchyard,home_seething_lane,1660,10,26,walk,
home_seething_lane,goldsmiths_hall,1660,10,27,walk,
goldsmiths_hall,pauls_churchyard,1660,10,27,walk,
pauls_churchyard,home_seething_lane,1660,10,27,walk,
home_seething_lane,westminster_abbey,1660,10,28,walk,
westminster_abbey,my_lords_lodgings,1660,10,28,walk,
my_lords_lodgings,whitehall_chapel,1660,10,28,walk,
whitehall_chapel,my_lords_lodgings,1660,10,28,walk,
my_lords_lodgings,home_seething_lane,1660,10,28,boat,
home_seething_lane,great_wardrobe,1660,10,29,walk,
great_wardrobe,pauls_churchyard,1660,10,29,walk,
pauls_churchyard,cheapside,1660,10,29,walk,
cheapside,st_pauls,1660,10,29,walk,
st_pauls,blackfriars,1660,10,29,walk,
blackfriars,home_seething_lane,1660,10,29,walk,
home_seething_lane,cockpit_theatre,1660,10,30,walk,
cockpit_theatre,mr_crews_house,1660,10,30,walk,
mr_crews_house,hercules_pillars,1660,10,30,walk,Henry Moore
hercules_pillars,home_seething_lane,1660,10,30,walk,
home_seething_lane,navy_office,1660,10,31,walk,
navy_office,home_seething_lane,1660,10,31,walk,
home_seething_lane,westminster_hall,1660,10,31,walk,
westminster_hall,mrs_michells_shop,1660,10,31,walk,
mrs_michells_shop,home_seething_lane,1660,10,31,walk,
home_seething_lane,sir_w_batten_country,1660,11,1,horse,Sir W. Pen
sir_w_batten_country,alehouse_walthamstow,1660,11,1,walk,
alehouse_walthamstow,bow,1660,11,1,horse,Sir W. Batten; Sir W. Pen
bow,home_seething_lane,1660,11,1,horse,Sir W. Batten; Sir W. Pen
home_seething_lane,navy_office,1660,11,2,walk,
navy_office,home_seething_lane,1660,11,2,walk,
home_seething_lane,whitehall,1660,11,2,walk,
whitehall,lambeth,1660,11,2,boat,
lambeth,my_lords_lodgings,1660,11,2,walk,
my_lords_lodgings,ludgate,1660,11,2,coach,
ludgate,pauls_churchyard,1660,11,2,walk,
pauls_churchyard,home_seething_lane,1660,11,2,walk,
home_seething_lane,whitehall,1660,11,3,walk,
whitehall,westminster_hall,1660,11,3,walk,
westminster_hall,home_seething_lane,1660,11,3,walk,
home_seething_lane,parish_church,1660,11,4,walk,
parish_church,home_seething_lane,1660,11,4,walk,
home_seething_lane,westminster_hall,1660,11,4,walk,
westminster_hall,my_lords_lodgings,1660,11,4,walk,
my_lords_lodgings,westminster_abbey,1660,11,4,walk,
westminster_abbey,my_lords_lodgings,1660,11,4,walk,Mr. Pierce; Robert Shepley
my_lords_lodgings,bell_tavern_westminster,1660,11,4,walk,
bell_tavern_westminster,father_house,1660,11,4,walk,
father_house,home_seething_lane,1660,11,4,walk,
home_seething_lane,navy_office,1660,11,5,walk,
navy_office,home_seething_lane,1660,11,5,walk,
home_seething_lane,my_lords_lodgings,1660,11,6,boat,Sir W. Batten; Sir W. Pen
my_lords_lodgings,mr_de_cretz_house,1660,11,6,walk,John Creed
mr_de_cretz_house,westminster_hall,1660,11,6,walk,
westminster_hall,sun_tavern,1660,11,6,walk,Mr. Chetwind
sun_tavern,wilkinsons,1660,11,6,walk,John Creed
wilkinsons,navy_office,1660,11,6,walk,
navy_office,home_seething_lane,1660,11,6,walk,
home_seething_lane,my_lords_lodgings,1660,11,7,boat,
my_lords_lodgings,mr_de_cretz_house,1660,11,7,walk,
mr_de_cretz_house,mr_foxs_house,1660,11,7,walk,
mr_foxs_house,harpers,1660,11,7,walk,
harpers,home_seething_lane,1660,11,7,coach,
home_seething_lane,deptford,1660,11,8,boat,Sir W. Batten; Mr. Prin
deptford,mr_davis_house_deptford,1660,11,8,walk,
mr_davis_house_deptford,yacht_deptford,1660,11,8,walk,Commissioner Pett
yacht_deptford,ratcliffe,1660,11,8,boat,Commissioner Pett
ratcliffe,alehouse_ratcliffe,1660,11,8,walk,
alehouse_ratcliffe,deptford,1660,11,8,walk,
deptford,home_seething_lane,1660,11,8,boat,
home_seething_lane,navy_office,1660,11,9,walk,
navy_office,home_seething_lane,1660,11,9,walk,
home_seething_lane,hoop_tavern,1660,11,9,walk,
hoop_tavern,whitehall,1660,11,9,walk,
whitehall,sir_h_wrights_house,1660,11,9,walk,
sir_h_wrights_house,father_house,1660,11,9,walk,
father_house,uncle_fenner_house,1660,11,9,walk,
uncle_fenner_house,home_seething_lane,1660,11,9,walk,
home_seething_lane,navy_office,1660,11,10,walk,
navy_office,trinity_house,1660,11,10,walk,
trinity_house,whitehall,1660,11,10,walk,
whitehall,parliament_house,1660,11,10,walk,
parliament_house,coffee_house,1660,11,10,walk,
coffee_house,whitehall,1660,11,10,walk,
whitehall,mr_crews_house,1660,11,10,walk,
mr_crews_house,pauls_churchyard,1660,11,10,walk,
pauls_churchyard,home_seething_lane,1660,11,10,walk,
home_seething_lane,sir_w_batten_house,1660,11,11,walk,
sir_w_batten_house,parish_church,1660,11,11,walk,Sir W. Pen
parish_church,home_seething_lane,1660,11,11,walk,
home_seething_lane,whitehall,1660,11,11,walk,
whitehall,mr_foxs_house,1660,11,11,walk,
mr_foxs_house,my_lords_lodgings,1660,11,11,walk,
my_lords_lodgings,father_house,1660,11,11,walk,Elizabeth Pepys
father_house,home_seething_lane,1660,11,11,walk,Elizabeth Pepys
home_seething_lane,navy_office,1660,11,12,walk,
navy_office,comptrollers_house,1660,11,12,coach,
comptrollers_house,new_exchange,1660,11,12,coach,
new_exchange,mr_de_cretz_house,1660,11,12,walk,
mr_de_cretz_house,westminster_hall,1660,11,12,walk,
westminster_hall,heaven_tavern,1660,11,12,walk,
heaven_tavern,wills,1660,11,12,walk,
wills,mr_foxs_house,1660,11,12,walk,Mr. Spicer
mr_foxs_house,exchequer,1660,11,12,walk,
exchequer,father_house,1660,11,12,walk,
father_house,standings,1660,11,12,walk,John Pepys Sr.
standings,home_seething_lane,1660,11,12,coach,Elizabeth Pepys
home_seething_lane,great_wardrobe,1660,11,13,walk,Henry Moore
great_wardrobe,exchequer,1660,11,13,walk,
exchequer,dog_tavern,1660,11,13,walk,
dog_tavern,home_seething_lane,1660,11,13,walk,
home_seething_lane,cheapside,1660,11,14,walk,
cheapside,pauls_churchyard,1660,11,14,walk,
pauls_churchyard,home_seething_lane,1660,11,14,walk,
home_seething_lane,navy_office,1660,11,14,walk,
navy_office,dolphin_tavern,1660,11,14,walk,Sir W. Pen
dolphin_tavern,home_seething_lane,1660,11,14,walk,
home_seething_lane,sun_tavern,1660,11,15,boat,
sun_tavern,mr_de_cretz_house,1660,11,15,walk,Mr. Spicer
mr_de_cretz_house,my_lords_lodgings,1660,11,15,walk,
my_lords_lodgings,home_seething_lane,1660,11,15,walk,
home_seething_lane,fleet_street,1660,11,15,walk,
fleet_street,sir_w_batten_house,1660,11,15,coach,Sir W. Pen
sir_w_batten_house,mr_foxs_house,1660,11,15,boat,
mr_foxs_house,exchequer,1660,11,15,walk,
exchequer,wills,1660,11,15,walk,
wills,old_swan,1660,11,15,boat,
old_swan,sir_w_batten_house,1660,11,15,walk,
sir_w_batten_house,home_seething_lane,1660,11,15,walk,
home_seething_lane,father_house,1660,11,16,walk,
father_house,the_temple,1660,11,16,walk,Henry Moore
the_temple,westminster_hall,1660,11,16,walk,
westminster_hall,swan_westminster,1660,11,16,walk,
swan_westminster,home_seething_lane,1660,11,16,boat,
home_seething_lane,navy_office,1660,11,16,walk,
navy_office,sir_w_batten_house,1660,11,16,walk,
sir_w_batten_house,home_seething_lane,1660,11,16,walk,
home_seething_lane,whitehall,1660,11,17,walk,
whitehall,my_lords_lodgings,1660,11,17,walk,
my_lords_lodgings,mr_crews_house,1660,11,17,walk,
mr_crews_house,devils_tavern,1660,11,17,walk,Robert Shepley; Henry Moore
devils_tavern,home_seething_lane,1660,11,17,walk,
home_seething_lane,parish_church,1660,11,18,walk,
parish_church,sir_w_batten_house,1660,11,18,walk,Elizabeth Pepys
sir_w_batten_house,home_seething_lane,1660,11,18,walk,Elizabeth Pepys
home_seething_lane,parish_church,1660,11,18,walk,
parish_church,home_seething_lane,1660,11,18,walk,
home_seething_lane,navy_office,1660,11,19,walk,
navy_office,whitehall,1660,11,19,coach,
whitehall,sun_tavern,1660,11,19,walk,Robert Shepley
sun_tavern,mr_de_cretz_house,1660,11,19,walk,
mr_de_cretz_house,westminster_hall,1660,11,19,walk,
westminster_hall,leg_tavern,1660,11,19,walk,Sir W. Batten
leg_tavern,globe_cornhill,1660,11,19,walk,
globe_cornhill,navy_office,1660,11,19,walk,
navy_office,home_seething_lane,1660,11,19,walk,
home_seething_lane,my_lords_lodgings,1660,11,20,walk,
my_lords_lodgings,mr_foxs_house,1660,11,20,walk,
mr_foxs_house,my_lords_lodgings,1660,11,20,walk,
my_lords_lodgings,the_temple,1660,11,20,walk,
the_temple,lincolns_inn_playhouse,1660,11,20,walk,Robert Shepley
lincolns_inn_playhouse,father_house,1660,11,20,walk,
father_house,uncle_fenner_house,1660,11,20,walk,
uncle_fenner_house,home_seething_lane,1660,11,20,walk,
home_seething_lane,paternoster_row,1660,11,21,walk,Elizabeth Pepys
paternoster_row,mr_cades_shop,1660,11,21,walk,Elizabeth Pepys
mr_cades_shop,popes_head,1660,11,21,walk,
popes_head,home_seething_lane,1660,11,21,walk,
home_seething_lane,navy_office,1660,11,21,walk,
navy_office,home_seething_lane,1660,11,21,walk,
home_seething_lane,old_exchange,1660,11,22,walk,Elizabeth Pepys
old_exchange,mr_foxs_house,1660,11,22,coach,Elizabeth Pepys
mr_foxs_house,queens_presence_chamber,1660,11,22,walk,Elizabeth Pepys
queens_presence_chamber,mr_foxs_house,1660,11,22,walk,Elizabeth Pepys
mr_foxs_house,maypole_strand,1660,11,22,coach,Elizabeth Pepys
maypole_strand,lincolns_inn_playhouse,1660,11,22,walk,
lincolns_inn_playhouse,my_lords_lodgings,1660,11,22,walk,
my_lords_lodgings,whitehall,1660,11,22,walk,
whitehall,home_seething_lane,1660,11,22,walk,
home_seething_lane,dolphin_tavern,1660,11,23,walk,Captain Straughan
dolphin_tavern,home_seething_lane,1660,11,23,walk,
home_seething_lane,navy_office,1660,11,23,walk,
navy_office,dolphin_tavern,1660,11,23,walk,John Creed
dolphin_tavern,home_seething_lane,1660,11,24,walk,
home_seething_lane,my_lords_lodgings,1660,11,24,walk,
my_lords_lodgings,rhenish_wine_house,1660,11,24,walk,
rhenish_wine_house,westminster_hall,1660,11,24,walk,
westminster_hall,my_lords_lodgings,1660,11,24,walk,
my_lords_lodgings,mr_de_cretz_house,1660,11,24,walk,
mr_de_cretz_house,home_seething_lane,1660,11,24,boat,
home_seething_lane,parish_church,1660,11,25,walk,
parish_church,temple_church,1660,11,25,walk,
temple_church,father_house,1660,11,25,walk,
father_house,home_seething_lane,1660,11,25,walk,
home_seething_lane,navy_office,1660,11,26,coach,
navy_office,home_seething_lane,1660,11,26,walk,
home_seething_lane,navy_office,1660,11,26,walk,
navy_office,mitre_fleet_street,1660,11,26,walk,
mitre_fleet_street,home_seething_lane,1660,11,26,walk,
home_seething_lane,whitehall,1660,11,27,walk,
whitehall,great_wardrobe,1660,11,27,walk,
great_wardrobe,westminster_hall,1660,11,27,walk,
westminster_hall,hell_tavern,1660,11,27,walk,John Creed
hell_tavern,my_lords_lodgings,1660,11,27,walk,
my_lords_lodgings,lincolns_inn_playhouse,1660,11,27,walk,
lincolns_inn_playhouse,father_house,1660,11,27,walk,Henry Moore
father_house,standings,1660,11,27,walk,
standings,home_seething_lane,1660,11,27,walk,
home_seething_lane,whitehall,1660,11,28,walk,
whitehall,my_lords_lodgings,1660,11,28,walk,
my_lords_lodgings,sun_tavern,1660,11,28,walk,Robert Shepley; Mr. Pinkney
sun_tavern,home_seething_lane,1660,11,28,walk,
home_seething_lane,navy_office,1660,11,28,walk,
navy_office,home_seething_lane,1660,11,28,walk,
home_seething_lane,navy_office,1660,11,29,walk,
navy_office,home_seething_lane,1660,11,29,walk,
home_seething_lane,navy_office,1660,11,30,walk,
navy_office,home_seething_lane,1660,11,30,walk,
home_seething_lane,navy_office,1660,11,30,walk,
navy_office,home_seething_lane,1660,12,1,walk,
home_seething_lane,privy_seal,1660,12,1,walk,
privy_seal,lord_st_albans_lodgings,1660,12,1,walk,
lord_st_albans_lodgings,my_lords_lodgings,1660,12,1,walk,
my_lords_lodgings,mr_pinkneys_shop,1660,12,1,walk,Robert Shepley
mr_pinkneys_shop,pauls_churchyard,1660,12,1,walk,
pauls_churchyard,ringsteads_star,1660,12,1,walk,Robert Shepley
ringsteads_star,home_seething_lane,1660,12,1,walk,
home_seething_lane,parish_church,1660,12,2,walk,
parish_church,home_seething_lane,1660,12,2,walk,
home_seething_lane,navy_office,1660,12,3,walk,
navy_office,home_seething_lane,1660,12,3,walk,
home_seething_lane,navy_office,1660,12,3,walk,
navy_office,home_seething_lane,1660,12,4,walk,
home_seething_lane,sir_g_carterets_whitehall,1660,12,4,walk,
sir_g_carterets_whitehall,my_lords_lodgings,1660,12,4,walk,
my_lords_lodgings,home_seething_lane,1660,12,4,boat,
home_seething_lane,sir_w_batten_house,1660,12,4,walk,
sir_w_batten_house,home_seething_lane,1660,12,4,walk,
home_seething_lane,navy_office,1660,12,5,walk,
navy_office,home_seething_lane,1660,12,5,walk,
home_seething_lane,lincolns_inn_playhouse,1660,12,5,walk,
lincolns_inn_playhouse,mr_wm_montagus_chamber,1660,12,5,walk,
mr_wm_montagus_chamber,father_house,1660,12,5,walk,
father_house,home_seething_lane,1660,12,5,walk,
home_seething_lane,whitefriars,1660,12,6,boat,Elizabeth Pepys
whitefriars,privy_seal,1660,12,6,walk,
privy_seal,leg_tavern,1660,12,6,walk,Henry Moore
leg_tavern,mr_crews_house,1660,12,6,coach,
mr_crews_house,mr_greatorex_house,1660,12,6,walk,
mr_greatorex_house,five_bells,1660,12,6,walk,
five_bells,the_temple,1660,12,6,walk,
the_temple,parliament_stairs,1660,12,6,walk,
parliament_stairs,home_seething_lane,1660,12,6,boat,
home_seething_lane,navy_office,1660,12,7,walk,
navy_office,whitehall,1660,12,7,walk,
whitehall,my_lords_lodgings,1660,12,7,walk,
my_lords_lodgings,exchequer,1660,12,7,walk,
exchequer,privy_seal,1660,12,7,walk,
privy_seal,home_seething_lane,1660,12,7,boat,
home_seething_lane,privy_seal,1660,12,8,walk,
privy_seal,mr_pierce_surgeon_house,1660,12,8,walk,
mr_pierce_surgeon_house,westminster_hall,1660,12,8,walk,
westminster_hall,navy_office,1660,12,8,boat,Sir W. Pen
navy_office,mr_pierce_purser_house,1660,12,8,walk,Elizabeth Pepys; Mr. Pierce; Mrs. Pierce
mr_pierce_purser_house,home_seething_lane,1660,12,8,walk,
home_seething_lane,old_swan,1660,12,9,walk,
old_swan,whitehall,1660,12,9,boat,
whitehall,whitehall_chapel,1660,12,9,walk,
whitehall_chapel,my_lords_lodgings,1660,12,9,walk,
my_lords_lodgings,mr_denhams_house,1660,12,9,walk,
mr_denhams_house,my_lords_lodgings,1660,12,9,walk,
my_lords_lodgings,father_house,1660,12,9,walk,
father_house,home_seething_lane,1660,12,9,walk,
home_seething_lane,cornhill,1660,12,10,walk,
cornhill,home_seething_lane,1660,12,10,walk,
home_seething_lane,westminster_hall,1660,12,10,boat,Elizabeth Pepys
westminster_hall,navy_office,1660,12,10,coach,Col. Slingsby
navy_office,home_seething_lane,1660,12,10,walk,
home_seething_lane,coffee_house_cornhill,1660,12,10,walk,Col. Slingsby
coffee_house_cornhill,sir_w_batten_house,1660,12,10,walk,
sir_w_batten_house,home_seething_lane,1660,12,10,walk,
home_seething_lane,woolwich,1660,12,11,boat,Elizabeth Pepys; Lady Batten
woolwich,whitehall,1660,12,11,boat,
whitehall,privy_seal,1660,12,11,walk,
privy_seal,tavern_near_home,1660,12,11,walk,Henry Moore
tavern_near_home,home_seething_lane,1660,12,11,walk,
home_seething_lane,navy_office,1660,12,12,walk,
navy_office,whitehall,1660,12,12,walk,
whitehall,my_lords_lodgings,1660,12,12,walk,
my_lords_lodgings,privy_seal,1660,12,12,walk,
privy_seal,exchequer,1660,12,12,walk,
exchequer,father_house,1660,12,12,walk,
father_house,home_seething_lane,1660,12,12,coach,
home_seething_lane,sir_w_batten_house,1660,12,12,walk,
sir_w_batten_house,home_seething_lane,1660,12,12,walk,
home_seething_lane,sir_w_batten_house,1660,12,13,walk,
sir_w_batten_house,home_seething_lane,1660,12,13,walk,
home_seething_lane,navy_office,1660,12,14,walk,
navy_office,coffee_house_cornhill,1660,12,14,walk,
coffee_house_cornhill,home_seething_lane,1660,12,14,walk,
home_seething_lane,navy_office,1660,12,14,walk,
navy_office,home_seething_lane,1660,12,14,walk,
home_seething_lane,parish_church,1660,12,16,walk,
parish_church,home_seething_lane,1660,12,16,walk,
home_seething_lane,whitehall,1660,12,16,walk,
whitehall,my_lords_lodgings,1660,12,16,walk,
my_lords_lodgings,prices_tavern,1660,12,16,walk,
prices_tavern,my_lords_lodgings,1660,12,16,walk,
my_lords_lodgings,father_house,1660,12,16,walk,
father_house,home_seething_lane,1660,12,16,walk,Elizabeth Pepys
home_seething_lane,navy_office,1660,12,17,walk,
navy_office,home_seething_lane,1660,12,17,walk,
home_seething_lane,my_lords_lodgings,1660,12,19,walk,
my_lords_lodgings,navy_office,1660,12,19,walk,
navy_office,home_seething_lane,1660,12,19,walk,
home_seething_lane,whitefriars,1660,12,21,boat,Elizabeth Pepys
whitefriars,privy_seal,1660,12,21,walk,
privy_seal,exchequer,1660,12,21,walk,
exchequer,swan_westminster,1660,12,21,walk,
swan_westminster,my_lords_lodgings,1660,12,21,walk,
my_lords_lodgings,whitehall,1660,12,21,walk,
whitehall,my_lords_lodgings,1660,12,21,walk,
my_lords_lodgings,home_seething_lane,1660,12,21,walk,
home_seething_lane,sun_fish_street,1660,12,22,walk,
sun_fish_street,home_seething_lane,1660,12,22,walk,Sir W. Pen
home_seething_lane,parish_church,1660,12,23,walk,
parish_church,home_seething_lane,1660,12,23,walk,
home_seething_lane,navy_office,1660,12,24,walk,
navy_office,backwells,1660,12,24,walk,
backwells,navy_office,1660,12,24,walk,
navy_office,home_seething_lane,1660,12,24,walk,
home_seething_lane,parish_church,1660,12,25,walk,
parish_church,home_seething_lane,1660,12,25,walk,
home_seething_lane,backwells,1660,12,26,walk,
backwells,mr_crews_house,1660,12,26,coach,
mr_crews_house,my_lords_lodgings,1660,12,26,walk,
my_lords_lodgings,mr_coventrys_chamber,1660,12,26,walk,
mr_coventrys_chamber,navy_office,1660,12,26,boat,
navy_office,whitehall,1660,12,26,boat,
whitehall,my_lords_lodgings,1660,12,26,walk,
my_lords_lodgings,father_bowyers_house,1660,12,26,walk,
father_bowyers_house,home_seething_lane,1660,12,26,boat,Elizabeth Pepys
home_seething_lane,backwells,1660,12,27,walk,
backwells,my_lords_lodgings,1660,12,27,coach,
my_lords_lodgings,home_seething_lane,1660,12,27,walk,
home_seething_lane,sir_w_batten_house,1660,12,27,walk,Elizabeth Pepys
sir_w_batten_house,home_seething_lane,1660,12,27,walk,
home_seething_lane,navy_office,1660,12,28,walk,Elizabeth Pepys
navy_office,home_seething_lane,1660,12,28,walk,
home_seething_lane,sir_w_pen_house,1660,12,29,walk,
sir_w_pen_house,home_seething_lane,1660,12,29,walk,
home_seething_lane,backwells,1660,12,29,walk,
backwells,my_lords_lodgings,1660,12,29,coach,
my_lords_lodgings,father_house,1660,12,29,walk,
father_house,uncle_fenner_house,1660,12,29,walk,John Pepys Sr.
uncle_fenner_house,home_seething_lane,1660,12,29,walk,John Pepys Sr.
home_seething_lane,my_lords_lodgings,1660,12,30,walk,
my_lords_lodgings,westminster_abbey,1660,12,30,walk,
westminster_abbey,father_house,1660,12,30,walk,
father_house,home_seething_lane,1660,12,30,walk,
home_seething_lane,navy_office,1660,12,31,walk,
navy_office,home_seething_lane,1660,12,31,walk,
home_seething_lane,pauls_churchyard,1660,12,31,walk,
pauls_churchyard,mr_crews_house,1660,12,31,walk,
mr_crews_house,lincolns_inn_playhouse,1660,12,31,walk,
lincolns_inn_playhouse,my_lords_lodgings,1660,12,31,walk,
my_lords_lodgings,harpers,1660,12,31,walk,Robert Shepley
harpers,whitehall,1660,12,31,walk,
whitehall,home_seething_lane,1660,12,31,coach,
home_seething_lane,cousin_tom_pepys_house,1661,1,1,coach,Elizabeth Pepys
cousin_tom_pepys_house,whitehall,1661,1,1,walk,Elizabeth Pepys
whitehall,privy_seal,1661,1,1,walk,
privy_seal,mr_pierce_surgeon_house,1661,1,1,walk,Henry Moore
mr_pierce_surgeon_house,my_lords_lodgings,1661,1,1,walk,
my_lords_lodgings,mr_pierce_surgeon_house,1661,1,1,walk,
mr_pierce_surgeon_house,my_lords_lodgings,1661,1,2,walk,
my_lords_lodgings,whitehall,1661,1,2,walk,Edward Montagu
whitehall,lambeth,1661,1,2,boat,Edward Montagu
lambeth,navy_office,1661,1,2,boat,
navy_office,westminster_hall,1661,1,2,boat,
westminster_hall,leg_tavern,1661,1,2,walk,
leg_tavern,exchequer,1661,1,2,walk,
exchequer,wills,1661,1,2,walk,
wills,my_lords_lodgings,1661,1,2,walk,
my_lords_lodgings,backwells,1661,1,2,coach,
backwells,home_seething_lane,1661,1,2,coach,
home_seething_lane,exchequer,1661,1,3,walk,
exchequer,wills,1661,1,3,walk,Mr. Spicer
wills,lincolns_inn_playhouse,1661,1,3,walk,
lincolns_inn_playhouse,father_house,1661,1,3,walk,
father_house,home_seething_lane,1661,1,3,walk,
home_seething_lane,navy_office,1661,1,4,walk,Elizabeth Pepys
navy_office,whitehall,1661,1,4,walk,
whitehall,jewel_office,1661,1,4,walk,Henry Moore
jewel_office,home_seething_lane,1661,1,4,walk,
home_seething_lane,lincolns_inn_playhouse,1661,1,4,walk,Henry Moore
lincolns_inn_playhouse,hercules_pillars,1661,1,4,walk,Henry Moore
hercules_pillars,father_house,1661,1,4,walk,
father_house,home_seething_lane,1661,1,4,walk,
home_seething_lane,my_lords_lodgings,1661,1,5,walk,
my_lords_lodgings,westminster_hall,1661,1,5,walk,
westminster_hall,wills,1661,1,5,walk,Mr. Spicer
wills,pauls_churchyard,1661,1,5,coach,
pauls_churchyard,home_seething_lane,1661,1,5,walk,
home_seething_lane,parish_church,1661,1,6,walk,Elizabeth Pepys
parish_church,home_seething_lane,1661,1,6,walk,
home_seething_lane,navy_office,1661,1,7,walk,Sir W. Pen
navy_office,home_seething_lane,1661,1,7,walk,
home_seething_lane,lincolns_inn_playhouse,1661,1,7,walk,Elizabeth Pepys; Tom Pepys
lincolns_inn_playhouse,cousin_stradwicks_house,1661,1,7,walk,
cousin_stradwicks_house,home_seething_lane,1661,1,7,walk,
home_seething_lane,my_lords_lodgings,1661,1,8,walk,
my_lords_lodgings,lincolns_inn_playhouse,1661,1,8,coach,Lord Hinchingbroke; Mr. Sidney
lincolns_inn_playhouse,my_lords_lodgings,1661,1,8,coach,
my_lords_lodgings,cousin_stradwicks_house,1661,1,8,walk,
cousin_stradwicks_house,tom_pepys_shop,1661,1,8,walk,
tom_pepys_shop,home_seething_lane,1661,1,8,walk,
home_seething_lane,royal_exchange,1661,1,9,walk,
royal_exchange,home_seething_lane,1661,1,9,walk,
home_seething_lane,uncle_wight_house,1661,1,9,walk,
uncle_wight_house,home_seething_lane,1661,1,9,walk,
home_seething_lane,sir_w_pen_house,1661,1,9,walk,
sir_w_pen_house,home_seething_lane,1661,1,9,walk,
home_seething_lane,hoop_bridge,1661,1,10,walk,Mr. Hawly
hoop_bridge,whitehall,1661,1,10,boat,
whitehall,mrs_hunts_house,1661,1,10,walk,
mrs_hunts_house,my_lords_lodgings,1661,1,10,walk,
my_lords_lodgings,mrs_hunts_house,1661,1,10,walk,
mrs_hunts_house,uncle_wight_house,1661,1,10,coach,Elizabeth Pepys
uncle_wight_house,sir_w_pen_house,1661,1,10,walk,
sir_w_pen_house,home_seething_lane,1661,1,10,walk,
home_seething_lane,navy_office,1661,1,11,walk,
navy_office,home_seething_lane,1661,1,11,walk,
home_seething_lane,pauls_churchyard,1661,1,11,walk,
pauls_churchyard,coffee_house_cornhill,1661,1,11,walk,
coffee_house_cornhill,home_seething_lane,1661,1,11,walk,
home_seething_lane,redriffe,1661,1,12,boat,Col. Slingsby; Major Waters
redriffe,deptford,1661,1,12,walk,Col. Slingsby; Major Waters
deptford,globe_deptford,1661,1,12,walk,
globe_deptford,deptford,1661,1,12,walk,
deptford,mr_davis_house_deptford,1661,1,12,walk,
mr_davis_house_deptford,deptford_church,1661,1,13,walk,
deptford_church,globe_deptford,1661,1,13,walk,
globe_deptford,commissioner_petts_house,1661,1,13,walk,
commissioner_petts_house,greenwich_church,1661,1,13,coach,Commissioner Pett
greenwich_church,mr_davis_house_deptford,1661,1,13,walk,
mr_davis_house_deptford,deptford,1661,1,14,walk,
deptford,woolwich,1661,1,14,coach,
woolwich,mr_pett_shipwright,1661,1,14,walk,
mr_pett_shipwright,mr_ackworths_house,1661,1,14,walk,
mr_ackworths_house,woolwich,1661,1,15,walk,
woolwich,mr_ackworths_house,1661,1,15,walk,
mr_ackworths_house,woolwich_rope_yard,1661,1,15,walk,
woolwich_rope_yard,blackwall,1661,1,15,boat,
blackwall,dickshore,1661,1,15,walk,
dickshore,tower,1661,1,15,walk,
tower,home_seething_lane,1661,1,15,walk,
home_seething_lane,sir_w_pen_house,1661,1,15,walk,
sir_w_pen_house,home_seething_lane,1661,1,15,walk,
home_seething_lane,whitehall,1661,1,16,coach,
whitehall,my_lords_lodgings,1661,1,16,walk,
my_lords_lodgings,westminster_hall,1661,1,16,walk,
westminster_hall,home_seething_lane,1661,1,16,boat,
home_seething_lane,southwark,1661,1,16,walk,
southwark,dartford,1661,1,16,horse,
dartford,rochester,1661,1,16,horse,
rochester,ham_creek,1661,1,17,walk,Lady Sandwich; Captain Cuttance; Captain Blake
ham_creek,ship_sovereign,1661,1,17,boat,Lady Sandwich
ship_sovereign,ship_charles,1661,1,17,boat,Lady Sandwich
ship_charles,ship_newcastle,1661,1,17,boat,
ship_newcastle,chatham,1661,1,17,boat,
chatham,dartford,1661,1,17,coach,Lady Sandwich; Captain Cuttance; Captain Blake
dartford,home_seething_lane,1661,1,18,horse,
home_seething_lane,navy_office,1661,1,18,walk,
navy_office,father_house,1661,1,18,walk,
father_house,standings,1661,1,18,walk,John Pepys Sr.
standings,greyhound,1661,1,18,walk,
greyhound,home_seething_lane,1661,1,18,walk,
home_seething_lane,whitehall,1661,1,19,coach,
whitehall,my_lords_lodgings,1661,1,19,walk,
my_lords_lodgings,leg_tavern,1661,1,19,walk,
leg_tavern,lincolns_inn_playhouse,1661,1,19,walk,
lincolns_inn_playhouse,tom_pepys_shop,1661,1,19,walk,
tom_pepys_shop,home_seething_lane,1661,1,19,walk,
home_seething_lane,parish_church,1661,1,20,walk,Elizabeth Pepys
parish_church,home_seething_lane,1661,1,20,walk,
home_seething_lane,parish_church,1661,1,20,walk,
parish_church,uncle_wight_house,1661,1,20,walk,
uncle_wight_house,sir_w_pen_house,1661,1,20,walk,
sir_w_pen_house,home_seething_lane,1661,1,20,walk,
home_seething_lane,westminster_hall,1661,1,21,boat,Sir W. Batten
westminster_hall,exchequer,1661,1,21,walk,
exchequer,home_seething_lane,1661,1,21,walk,
home_seething_lane,navy_office,1661,1,21,walk,
navy_office,sir_w_pen_house,1661,1,21,walk,
sir_w_pen_house,home_seething_lane,1661,1,21,walk,
home_seething_lane,comptrollers_house,1661,1,22,walk,
comptrollers_house,mercers_chapel,1661,1,22,coach,
mercers_chapel,home_seething_lane,1661,1,22,walk,
home_seething_lane,whitehall,1661,1,22,coach,Elizabeth Pepys
whitehall,mr_foxs_house,1661,1,22,walk,
mr_foxs_house,father_bowyers_house,1661,1,22,walk,
father_bowyers_house,dog_tavern,1661,1,22,walk,
dog_tavern,mr_foxs_house,1661,1,22,walk,
mr_foxs_house,sir_w_pen_house,1661,1,22,coach,Elizabeth Pepys
sir_w_pen_house,home_seething_lane,1661,1,22,walk,
home_seething_lane,navy_office,1661,1,23,coach,
navy_office,gresham_college,1661,1,23,walk,Mr. Greatorex
gresham_college,home_seething_lane,1661,1,23,walk,
home_seething_lane,navy_office,1661,1,25,walk,
navy_office,home_seething_lane,1661,1,25,walk,
home_seething_lane,pauls_churchyard,1661,1,25,walk,
pauls_churchyard,home_seething_lane,1661,1,25,walk,
home_seething_lane,parish_church,1661,1,27,walk,
parish_church,sir_w_pen_house,1661,1,27,walk,
sir_w_pen_house,sir_w_batten_house,1661,1,27,walk,
sir_w_batten_house,home_seething_lane,1661,1,27,walk,Elizabeth Pepys
home_seething_lane,parish_church,1661,1,27,walk,
parish_church,home_seething_lane,1661,1,27,walk,
home_seething_lane,navy_office,1661,1,28,walk,Elizabeth Pepys
navy_office,home_seething_lane,1661,1,28,walk,
home_seething_lane,fleet_street,1661,1,28,walk,
fleet_street,mr_crews_house,1661,1,28,walk,
mr_crews_house,lincolns_inn_playhouse,1661,1,28,walk,
lincolns_inn_playhouse,mr_crews_house,1661,1,28,walk,
mr_crews_house,father_house,1661,1,28,walk,Henry Moore
father_house,standings,1661,1,28,walk,
standings,bear_tavern,1661,1,28,walk,
bear_tavern,mr_holdens_shop,1661,1,28,walk,
mr_holdens_shop,home_seething_lane,1661,1,28,walk,
home_seething_lane,southwark,1661,1,29,boat,Henry Moore; Lt. Lambert
southwark,lambeth,1661,1,29,walk,Henry Moore; Lt. Lambert
lambeth,my_lords_lodgings,1661,1,29,walk,
my_lords_lodgings,blackfriars_theatre,1661,1,29,walk,
blackfriars_theatre,home_seething_lane,1661,1,29,boat,
home_seething_lane,mrs_turner_house,1661,1,29,walk,
mrs_turner_house,home_seething_lane,1661,1,29,walk,
home_seething_lane,parish_church,1661,1,30,walk,
parish_church,home_seething_lane,1661,1,30,walk,
home_seething_lane,moorfields,1661,1,30,walk,Sir W. Pen
moorfields,old_james,1661,1,30,walk,Sir W. Pen
old_james,home_seething_lane,1661,1,30,walk,
home_seething_lane,whitehall,1661,1,31,walk,
whitehall,my_lords_lodgings,1661,1,31,walk,
my_lords_lodgings,lincolns_inn_playhouse,1661,1,31,walk,
lincolns_inn_playhouse,father_house,1661,1,31,walk,
father_house,home_seething_lane,1661,1,31,walk,
home_seething_lane,sir_g_carterets_whitehall,1661,2,2,walk,
sir_g_carterets_whitehall,home_seething_lane,1661,2,2,walk,
home_seething_lane,sir_w_pen_house,1661,2,2,walk,
sir_w_pen_house,home_seething_lane,1661,2,2,walk,
home_seething_lane,savoy_church,1661,2,3,walk,
savoy_church,whitehall,1661,2,3,walk,
whitehall,mr_foxs_house,1661,2,3,walk,
mr_foxs_house,my_lords_lodgings,1661,2,3,walk,
my_lords_lodgings,home_seething_lane,1661,2,3,boat,
home_seething_lane,whitehall,1661,2,4,walk,Sir W. Pen
whitehall,home_seething_lane,1661,2,4,walk,Sir W. Pen
home_seething_lane,dolphin_tavern,1661,2,4,walk,
dolphin_tavern,sir_w_batten_house,1661,2,4,walk,
sir_w_batten_house,home_seething_lane,1661,2,4,walk,
home_seething_lane,westminster_hall,1661,2,5,boat,Elizabeth Pepys
westminster_hall,wills,1661,2,5,walk,
wills,mrs_michells_shop,1661,2,5,walk,
mrs_michells_shop,dog_tavern,1661,2,5,walk,
dog_tavern,lincolns_inn_playhouse,1661,2,5,coach,Elizabeth Pepys
lincolns_inn_playhouse,home_seething_lane,1661,2,5,coach,Elizabeth Pepys
home_seething_lane,navy_office,1661,2,6,walk,
navy_office,home_seething_lane,1661,2,6,walk,
home_seething_lane,navy_office,1661,2,6,walk,
navy_office,sir_w_batten_house,1661,2,6,walk,
sir_w_batten_house,home_seething_lane,1661,2,6,walk,
home_seething_lane,whitehall,1661,2,7,boat,Sir W. Batten; Sir W. Pen
whitehall,westminster_hall,1661,2,7,walk,
westminster_hall,my_lords_lodgings,1661,2,7,walk,
my_lords_lodgings,navy_office,1661,2,7,walk,
navy_office,sir_w_batten_house,1661,2,7,walk,
sir_w_batten_house,home_seething_lane,1661,2,7,walk,
home_seething_lane,navy_office,1661,2,8,walk,
navy_office,royal_exchange,1661,2,8,walk,
royal_exchange,fleece_tavern,1661,2,8,walk,
fleece_tavern,mr_rawlinsons_house,1661,2,8,walk,
mr_rawlinsons_house,home_seething_lane,1661,2,8,walk,
home_seething_lane,my_lords_lodgings,1661,2,9,walk,John Creed
my_lords_lodgings,rhenish_wine_house,1661,2,9,walk,Mr. Blackburne
rhenish_wine_house,my_lords_lodgings,1661,2,9,walk,John Creed
my_lords_lodgings,ordinary_dinner,1661,2,9,walk,John Creed
ordinary_dinner,whitefriars_playhouse,1661,2,9,walk,John Creed
whitefriars_playhouse,home_seething_lane,1661,2,9,walk,
home_seething_lane,navy_office,1661,2,11,walk,
navy_office,exchequer,1661,2,11,walk,
exchequer,whitehall,1661,2,11,walk,Mr. Warren
whitehall,mr_reeves_house,1661,2,11,walk,
mr_reeves_house,mr_crews_house,1661,2,11,walk,
mr_crews_house,father_house,1661,2,11,walk,Henry Moore
father_house,home_seething_lane,1661,2,11,walk,
home_seething_lane,my_lords_lodgings,1661,2,12,walk,
my_lords_lodgings,leg_tavern,1661,2,12,walk,John Creed; Captain Ferrers
leg_tavern,salisbury_court_playhouse,1661,2,12,boat,John Creed
salisbury_court_playhouse,lincolns_inn_playhouse,1661,2,12,coach,John Creed
lincolns_inn_playhouse,temple_bar,1661,2,12,walk,John Creed
temple_bar,home_seething_lane,1661,2,12,walk,
home_seething_lane,navy_office,1661,2,13,walk,
navy_office,whitehall,1661,2,13,coach,Sir W. Pen
whitehall,mr_rawlinsons_house,1661,2,13,walk,
mr_rawlinsons_house,sir_w_batten_house,1661,2,13,walk,
sir_w_batten_house,home_seething_lane,1661,2,13,walk,
home_seething_lane,sir_w_batten_house,1661,2,14,walk,
sir_w_batten_house,deptford,1661,2,14,boat,Sir W. Batten; Sir W. Pen; Elizabeth Pepys
deptford,woolwich,1661,2,14,boat,
woolwich,ship_rose_bush,1661,2,14,boat,Elizabeth Pepys
ship_rose_bush,home_seething_lane,1661,2,14,boat,Elizabeth Pepys
home_seething_lane,navy_office,1661,2,15,walk,
navy_office,home_seething_lane,1661,2,15,walk,
home_seething_lane,my_lords_lodgings,1661,2,16,walk,
my_lords_lodgings,lincolns_inn_playhouse,1661,2,16,walk,
lincolns_inn_playhouse,home_seething_lane,1661,2,16,walk,
home_seething_lane,parish_church,1661,2,17,walk,
parish_church,my_lords_lodgings,1661,2,17,walk,
my_lords_lodgings,uncle_wight_house,1661,2,17,walk,Elizabeth Pepys
uncle_wight_house,home_seething_lane,1661,2,17,walk,
home_seething_lane,navy_office,1661,2,18,walk,Sir W. Pen
navy_office,home_seething_lane,1661,2,18,walk,
home_seething_lane,royal_exchange,1661,2,18,walk,Elizabeth Pepys; Mrs. Martha Batten
royal_exchange,lombard_street,1661,2,18,walk,Elizabeth Pepys
lombard_street,home_seething_lane,1661,2,18,walk,Elizabeth Pepys
home_seething_lane,sir_w_pen_house,1661,2,18,walk,
sir_w_pen_house,home_seething_lane,1661,2,18,walk,
home_seething_lane,whitehall,1661,2,19,coach,Col. Slingsby; Mrs. Turner
whitehall,my_lords_lodgings,1661,2,19,walk,
my_lords_lodgings,navy_office,1661,2,19,walk,
navy_office,home_seething_lane,1661,2,19,walk,
home_seething_lane,navy_office,1661,2,20,walk,
navy_office,home_seething_lane,1661,2,20,walk,
home_seething_lane,navy_office,1661,2,20,walk,
navy_office,sir_w_pen_house,1661,2,20,walk,
sir_w_pen_house,home_seething_lane,1661,2,20,walk,
home_seething_lane,my_lords_lodgings,1661,2,21,coach,Sir W. Pen
my_lords_lodgings,westminster_hall,1661,2,21,walk,
westminster_hall,wills,1661,2,21,walk,Mr. Hawly
wills,home_seething_lane,1661,2,21,coach,
home_seething_lane,navy_office,1661,2,22,walk,
navy_office,father_house,1661,2,22,walk,Elizabeth Pepys
father_house,mrs_turner_house,1661,2,22,walk,
mrs_turner_house,home_seething_lane,1661,2,22,coach,Elizabeth Pepys
home_seething_lane,sir_w_batten_house,1661,2,22,walk,
sir_w_batten_house,home_seething_lane,1661,2,22,walk,
home_seething_lane,navy_office,1661,2,23,walk,Elizabeth Pepys
navy_office,backwells,1661,2,23,walk,
backwells,steelyard,1661,2,23,walk,Mr. Hartlib
steelyard,whitehall,1661,2,23,boat,
whitehall,my_lords_lodgings,1661,2,23,walk,
my_lords_lodgings,whitehall_chapel,1661,2,23,walk,
whitehall_chapel,whitefriars_playhouse,1661,2,23,boat,
whitefriars_playhouse,home_seething_lane,1661,2,23,walk,
home_seething_lane,parish_church,1661,2,24,walk,
parish_church,sir_w_batten_house,1661,2,24,walk,
sir_w_batten_house,home_seething_lane,1661,2,24,walk,
home_seething_lane,parish_church,1661,2,24,walk,
parish_church,home_seething_lane,1661,2,24,walk,
home_seething_lane,my_lords_lodgings,1661,2,25,walk,Sir W. Pen
my_lords_lodgings,mr_mounts_chamber,1661,2,25,walk,
mr_mounts_chamber,mr_symons_house,1661,2,25,walk,
mr_symons_house,my_lords_lodgings,1661,2,25,walk,
my_lords_lodgings,navy_office,1661,2,25,boat,
navy_office,home_seething_lane,1661,2,25,walk,
home_seething_lane,mrs_turner_house,1661,2,26,walk,
mrs_turner_house,cousin_tom_pepys_house,1661,2,26,walk,Henry Moore
cousin_tom_pepys_house,mrs_turner_house,1661,2,26,walk,
mrs_turner_house,bishopsgate_street,1661,2,26,walk,
bishopsgate_street,home_seething_lane,1661,2,26,coach,Elizabeth Pepys
home_seething_lane,sir_w_batten_house,1661,2,26,walk,
sir_w_batten_house,dolphin_tavern,1661,2,26,walk,
dolphin_tavern,home_seething_lane,1661,2,26,walk,
home_seething_lane,navy_office,1661,2,27,walk,
navy_office,home_seething_lane,1661,2,27,walk,
home_seething_lane,mr_rawlinsons_house,1661,2,27,walk,John Pepys Sr.
mr_rawlinsons_house,pauls_churchyard,1661,2,27,walk,John Pepys Sr.
pauls_churchyard,home_seething_lane,1661,2,27,walk,
home_seething_lane,my_lords_lodgings,1661,2,28,walk,
my_lords_lodgings,queenhithe,1661,2,28,boat,Captain Cuttance
queenhithe,redriffe,1661,2,28,boat,Captain Cuttance
redriffe,deptford,1661,2,28,walk,Captain Cuttance
deptford,redriffe,1661,2,28,walk,Lady Batten
redriffe,halfway_house,1661,2,28,walk,
halfway_house,home_seething_lane,1661,2,28,boat,
home_seething_lane,navy_office,1661,3,1,walk,
navy_office,home_seething_lane,1661,3,1,walk,
home_seething_lane,whitefriars_playhouse,1661,3,1,walk,Robert Shepley
whitefriars_playhouse,father_house,1661,3,1,walk,
father_house,home_seething_lane,1661,3,1,walk,
home_seething_lane,mr_crews_house,1661,3,2,walk,Henry Moore
mr_crews_house,lincolns_inn_playhouse,1661,3,2,walk,
lincolns_inn_playhouse,salisbury_court_playhouse,1661,3,2,walk,
salisbury_court_playhouse,home_seething_lane,1661,3,2,walk,
home_seething_lane,parish_church,1661,3,3,walk,
parish_church,my_lords_lodgings,1661,3,3,walk,
my_lords_lodgings,westminster_abbey,1661,3,3,walk,
westminster_abbey,mr_pierce_surgeon_house,1661,3,3,walk,
mr_pierce_surgeon_house,my_lords_lodgings,1661,3,3,walk,
my_lords_lodgings,navy_office,1661,3,4,walk,
navy_office,whitehall,1661,3,4,walk,
whitehall,sir_w_batten_house,1661,3,4,walk,
sir_w_batten_house,home_seething_lane,1661,3,4,walk,
home_seething_lane,westminster_hall,1661,3,5,walk,Mr. Pierce
westminster_hall,swan_westminster,1661,3,5,walk,Captain Cuttance
swan_westminster,my_lords_lodgings,1661,3,5,walk,
my_lords_lodgings,father_bowyers_house,1661,3,5,walk,Elizabeth Pepys
father_bowyers_house,home_seething_lane,1661,3,5,coach,Elizabeth Pepys
home_seething_lane,navy_office,1661,3,5,walk,
navy_office,home_seething_lane,1661,3,5,walk,
home_seething_lane,navy_office,1661,3,6,walk,
navy_office,sir_w_batten_house,1661,3,6,walk,
sir_w_batten_house,whitehall,1661,3,6,walk,Captain Cuttle
whitehall,home_seething_lane,1661,3,6,walk,
home_seething_lane,whitehall,1661,3,7,walk,
whitehall,my_lords_lodgings,1661,3,7,walk,
my_lords_lodgings,mr_crews_house,1661,3,7,walk,
mr_crews_house,guildhall,1661,3,7,walk,Henry Moore
guildhall,fleece_tavern,1661,3,7,walk,
fleece_tavern,home_seething_lane,1661,3,7,walk,
home_seething_lane,navy_office,1661,3,8,coach,
navy_office,tower,1661,3,8,coach,Sir W. Batten; Col. Slingsby
tower,home_seething_lane,1661,3,8,coach,Sir W. Batten
home_seething_lane,whitehall,1661,3,9,walk,
whitehall,st_james_park,1661,3,9,walk,John Creed
st_james_park,my_lords_lodgings,1661,3,9,walk,
my_lords_lodgings,mrs_turner_house,1661,3,9,walk,
mrs_turner_house,father_house,1661,3,9,walk,
father_house,home_seething_lane,1661,3,9,walk,
home_seething_lane,parish_church,1661,3,10,walk,
parish_church,home_seething_lane,1661,3,10,walk,
home_seething_lane,navy_office,1661,3,11,walk,
navy_office,home_seething_lane,1661,3,11,walk,
home_seething_lane,lincolns_inn_playhouse,1661,3,11,walk,
lincolns_inn_playhouse,home_seething_lane,1661,3,11,walk,
home_seething_lane,navy_office,1661,3,12,walk,
navy_office,royal_exchange,1661,3,12,walk,
royal_exchange,fleece_tavern,1661,3,12,walk,
fleece_tavern,home_seething_lane,1661,3,12,walk,
home_seething_lane,guildhall,1661,3,12,walk,
guildhall,home_seething_lane,1661,3,12,walk,
home_seething_lane,navy_office,1661,3,13,walk,
navy_office,home_seething_lane,1661,3,13,walk,
home_seething_lane,whitehall,1661,3,14,walk,
whitehall,my_lords_lodgings,1661,3,14,walk,
my_lords_lodgings,lincolns_inn_playhouse,1661,3,14,walk,John Creed
lincolns_inn_playhouse,cock_alehouse,1661,3,14,walk,John Creed
cock_alehouse,home_seething_lane,1661,3,14,walk,
home_seething_lane,navy_office,1661,3,15,walk,
navy_office,dolphin_tavern,1661,3,15,walk,
dolphin_tavern,home_seething_lane,1661,3,15,walk,
home_seething_lane,sir_w_pen_house,1661,3,16,walk,
sir_w_pen_house,whitehall,1661,3,16,walk,
whitehall,my_lords_lodgings,1661,3,16,walk,
my_lords_lodgings,whitefriars_playhouse,1661,3,16,walk,
whitefriars_playhouse,home_seething_lane,1661,3,16,walk,
home_seething_lane,parish_church,1661,3,17,walk,Elizabeth Pepys
parish_church,sir_w_batten_house,1661,3,17,walk,Elizabeth Pepys
sir_w_batten_house,home_seething_lane,1661,3,17,walk,
home_seething_lane,navy_office,1661,3,18,walk,Sir W. Pen
navy_office,home_seething_lane,1661,3,18,walk,
home_seething_lane,westminster_hall,1661,3,18,walk,Elizabeth Pepys
westminster_hall,home_seething_lane,1661,3,18,walk,Elizabeth Pepys
home_seething_lane,sir_w_batten_house,1661,3,18,walk,
sir_w_batten_house,home_seething_lane,1661,3,18,walk,
home_seething_lane,navy_office,1661,3,19,walk,
navy_office,whitehall,1661,3,19,walk,
whitehall,my_lords_lodgings,1661,3,19,walk,
my_lords_lodgings,whitefriars_playhouse,1661,3,19,walk,John Creed
whitefriars_playhouse,penells,1661,3,19,walk,John Creed
penells,home_seething_lane,1661,3,19,walk,
home_seething_lane,navy_office,1661,3,20,walk,
navy_office,home_seething_lane,1661,3,20,walk,
home_seething_lane,whitehall,1661,3,20,walk,
whitehall,home_seething_lane,1661,3,20,boat,Sir W. Pen
home_seething_lane,sir_w_batten_house,1661,3,20,walk,
sir_w_batten_house,home_seething_lane,1661,3,20,walk,
home_seething_lane,whitehall,1661,3,21,walk,
whitehall,my_lords_lodgings,1661,3,21,walk,
my_lords_lodgings,home_seething_lane,1661,3,21,boat,Robert Shepley
home_seething_lane,dartford,1661,3,22,horse,Sir W. Pen; Lady Batten
dartford,deptford,1661,3,22,coach,Sir W. Batten; Sir W. Pen
deptford,sir_w_batten_house,1661,3,22,coach,
sir_w_batten_house,home_seething_lane,1661,3,22,walk,
home_seething_lane,charterhouse_yard,1661,3,23,walk,
charterhouse_yard,red_bull_playhouse,1661,3,23,walk,
red_bull_playhouse,mitre_tavern,1661,3,23,walk,
mitre_tavern,home_seething_lane,1661,3,23,walk,
home_seething_lane,parish_church,1661,3,24,walk,Elizabeth Pepys
parish_church,sir_w_batten_house,1661,3,24,walk,Elizabeth Pepys
sir_w_batten_house,parish_church,1661,3,24,walk,
parish_church,sir_w_batten_house,1661,3,24,walk,
sir_w_batten_house,home_seething_lane,1661,3,24,walk,
home_seething_lane,navy_office,1661,3,25,walk,
navy_office,home_seething_lane,1661,3,25,walk,
home_seething_lane,whitehall,1661,3,25,boat,Mr. Salisbury
whitehall,salisbury_court_playhouse,1661,3,25,boat,Captain Ferrers
salisbury_court_playhouse,mrs_turner_house,1661,3,25,walk,
mrs_turner_house,father_house,1661,3,25,walk,
father_house,home_seething_lane,1661,3,25,walk,
home_seething_lane,father_house,1661,3,26,coach,Elizabeth Pepys
father_house,salisbury_court_playhouse,1661,3,26,walk,Mr. Pierce; Elizabeth Pepys
salisbury_court_playhouse,home_seething_lane,1661,3,26,coach,Elizabeth Pepys
home_seething_lane,navy_office,1661,3,27,coach,
navy_office,home_seething_lane,1661,3,27,walk,
home_seething_lane,dolphin_tavern,1661,3,27,walk,
dolphin_tavern,home_seething_lane,1661,3,27,walk,
home_seething_lane,cousin_tom_pepys_house,1661,3,28,coach,John Creed
cousin_tom_pepys_house,my_lords_lodgings,1661,3,28,walk,
my_lords_lodgings,lincolns_inn_playhouse,1661,3,28,walk,Robert Shepley
lincolns_inn_playhouse,home_seething_lane,1661,3,28,coach,
home_seething_lane,navy_office,1661,3,29,walk,
navy_office,home_seething_lane,1661,3,29,walk,
home_seething_lane,sir_w_batten_house,1661,3,29,walk,
sir_w_batten_house,home_seething_lane,1661,3,29,walk,
home_seething_lane,navy_office,1661,3,30,walk,
navy_office,whitehall,1661,3,30,boat,
whitehall,cousin_tom_pepys_house,1661,3,30,walk,
cousin_tom_pepys_house,my_lords_lodgings,1661,3,30,walk,
my_lords_lodgings,home_seething_lane,1661,3,30,walk,John Creed
home_seething_lane,parish_church,1661,3,31,walk,
parish_church,father_house,1661,3,31,walk,
father_house,mrs_turner_house,1661,3,31,walk,
mrs_turner_house,home_seething_lane,1661,3,31,walk,
home_seething_lane,parish_church,1661,3,31,walk,
parish_church,home_seething_lane,1661,3,31,walk,
home_seething_lane,navy_office,1661,4,3,walk,Sir W. Batten
navy_office,sir_w_batten_house,1661,4,3,walk,
sir_w_batten_house,home_seething_lane,1661,4,3,walk,
home_seething_lane,my_lords_lodgings,1661,4,4,walk,
my_lords_lodgings,privy_seal,1661,4,4,walk,
privy_seal,father_house,1661,4,4,walk,Henry Moore
father_house,home_seething_lane,1661,4,4,walk,
home_seething_lane,navy_office,1661,4,5,walk,
navy_office,sir_w_pen_house,1661,4,5,walk,
sir_w_pen_house,mr_lucys_house,1661,4,5,walk,Sir W. Pen; Sir John Lawson
mr_lucys_house,sir_w_batten_house,1661,4,5,walk,
sir_w_batten_house,home_seething_lane,1661,4,5,walk,
home_seething_lane,whitehall,1661,4,6,walk,
whitehall,privy_seal,1661,4,6,walk,
privy_seal,leg_tavern,1661,4,6,walk,John Creed; Henry Moore
leg_tavern,salisbury_court_playhouse,1661,4,6,boat,John Creed
salisbury_court_playhouse,father_house,1661,4,6,walk,
father_house,home_seething_lane,1661,4,6,walk,
home_seething_lane,st_pauls,1661,4,7,walk,
st_pauls,whitehall,1661,4,7,walk,
whitehall,my_lords_lodgings,1661,4,7,walk,
my_lords_lodgings,father_house,1661,4,7,walk,
father_house,sir_w_batten_house,1661,4,7,walk,
sir_w_batten_house,home_seething_lane,1661,4,7,walk,
home_seething_lane,tower,1661,4,8,walk,
tower,gravesend,1661,4,8,boat,Sir W. Batten; Lady Batten; Mrs. Turner; Mr. Fowler
gravesend,rochester,1661,4,8,coach,Sir W. Batten; Lady Batten
rochester,hill_house_chatham,1661,4,8,walk,
hill_house_chatham,chatham_dock,1661,4,9,coach,Sir W. Batten
chatham_dock,hill_house_chatham,1661,4,9,coach,
hill_house_chatham,ship_sovereign,1661,4,9,boat,Mrs. Turner; Captain Pett
ship_sovereign,hill_house_chatham,1661,4,9,boat,
hill_house_chatham,mr_pett_builder,1661,4,10,walk,
mr_pett_builder,commissioner_petts_house,1661,4,10,walk,
commissioner_petts_house,ship_prince,1661,4,10,walk,
ship_prince,hill_house_chatham,1661,4,10,walk,
hill_house_chatham,rochester,1661,4,10,walk,
rochester,rochester_cathedral,1661,4,10,walk,
rochester_cathedral,salutation_tavern,1661,4,10,walk,
salutation_tavern,hempsons_house,1661,4,10,walk,
hempsons_house,captain_allens_house,1661,4,10,walk,
captain_allens_house,hill_house_chatham,1661,4,10,walk,
hill_house_chatham,rochester,1661,4,11,coach,Sir W. Batten; Lady Batten; Mrs. Turner
rochester,dartford,1661,4,11,coach,
dartford,home_seething_lane,1661,4,11,coach,
home_seething_lane,sir_w_batten_house,1661,4,11,walk,
sir_w_batten_house,home_seething_lane,1661,4,11,walk,
home_seething_lane,navy_office,1661,4,12,walk,
navy_office,sir_w_batten_house,1661,4,12,walk,
sir_w_batten_house,home_seething_lane,1661,4,12,walk,
home_seething_lane,tower_wharf,1661,4,13,walk,
tower_wharf,whitehall,1661,4,13,boat,Sir W. Pen
whitehall,my_lords_lodgings,1661,4,13,walk,
my_lords_lodgings,banqueting_house,1661,4,13,walk,
banqueting_house,my_lords_lodgings,1661,4,13,walk,
my_lords_lodgings,wapping,1661,4,13,coach,Sir W. Pen
wapping,dolphin_tavern,1661,4,13,walk,Sir W. Pen
dolphin_tavern,home_seething_lane,1661,4,13,walk,
home_seething_lane,ludgate_church,1661,4,14,walk,
ludgate_church,father_house,1661,4,14,walk,
father_house,temple_church,1661,4,14,walk,
temple_church,my_lords_lodgings,1661,4,14,walk,Henry Moore
my_lords_lodgings,goat_charing_cross,1661,4,14,walk,
goat_charing_cross,father_house,1661,4,14,walk,
father_house,navy_office,1661,4,15,walk,
navy_office,home_seething_lane,1661,4,15,walk,
home_seething_lane,sir_r_slingsbys_house,1661,4,15,coach,
sir_r_slingsbys_house,uncle_wight_house,1661,4,15,walk,
uncle_wight_house,mr_rawlinsons_house,1661,4,15,walk,
mr_rawlinsons_house,home_seething_lane,1661,4,15,walk,
home_seething_lane,tower,1661,4,16,walk,
tower,deptford,1661,4,16,boat,Mr. Coventry
deptford,commissioner_petts_house,1661,4,16,walk,
commissioner_petts_house,globe_deptford,1661,4,16,walk,
globe_deptford,sir_w_batten_house,1661,4,16,boat,
sir_w_batten_house,home_seething_lane,1661,4,16,walk,
home_seething_lane,father_house,1661,4,16,walk,
father_house,home_seething_lane,1661,4,17,walk,
home_seething_lane,navy_office,1661,4,17,walk,
navy_office,sir_w_batten_house,1661,4,17,walk,
sir_w_batten_house,mitre_tavern,1661,4,17,walk,
mitre_tavern,dolphin_tavern,1661,4,17,walk,
dolphin_tavern,home_seething_lane,1661,4,17,walk,
home_seething_lane,sir_w_batten_country,1661,4,18,horse,Sir W. Batten; Sir W. Pen
sir_w_batten_country,home_seething_lane,1661,4,18,horse,Sir W. Pen
home_seething_lane,navy_office,1661,4,19,walk,Sir W. Batten
navy_office,sir_w_batten_house,1661,4,19,walk,
sir_w_batten_house,mitre_tavern,1661,4,19,walk,
mitre_tavern,whitehall,1661,4,19,boat,
whitehall,father_house,1661,4,19,walk,
father_house,home_seething_lane,1661,4,20,boat,
home_seething_lane,whitehall,1661,4,20,walk,
whitehall,privy_seal,1661,4,20,walk,
privy_seal,my_lords_lodgings,1661,4,20,walk,
my_lords_lodgings,banqueting_house,1661,4,20,walk,
banqueting_house,my_lords_lodgings,1661,4,20,walk,
my_lords_lodgings,royal_exchange,1661,4,20,walk,John Creed
royal_exchange,cockpit_theatre,1661,4,20,walk,John Creed
cockpit_theatre,harpers,1661,4,20,walk,John Creed
harpers,mr_creeds_lodging,1661,4,20,walk,John Creed
mr_creeds_lodging,father_house,1661,4,21,walk,
father_house,home_seething_lane,1661,4,21,walk,
home_seething_lane,mr_youngs_house,1661,4,22,walk,Sir W. Batten; Sir W. Pen
mr_youngs_house,whitehall,1661,4,22,boat,
whitehall,my_lords_lodgings,1661,4,22,walk,
my_lords_lodgings,westminster_abbey,1661,4,23,walk,
westminster_abbey,westminster_hall,1661,4,23,walk,
westminster_hall,father_bowyers_house,1661,4,23,walk,Elizabeth Pepys
father_bowyers_house,king_street,1661,4,23,walk,
king_street,harpers,1661,4,23,walk,
harpers,father_bowyers_house,1661,4,23,walk,
father_bowyers_house,home_axe_yard,1661,4,23,walk,Elizabeth Pepys; Mrs. Frankleyn
home_axe_yard,mrs_hunts_house,1661,4,23,walk,Elizabeth Pepys
mrs_hunts_house,mr_thornburys_house,1661,4,23,walk,
mr_thornburys_house,my_lords_lodgings,1661,4,23,walk,
my_lords_lodgings,mrs_hunts_house,1661,4,24,walk,
mrs_hunts_house,st_pauls,1661,4,24,coach,Elizabeth Pepys; Mrs. Frankleyn
st_pauls,home_seething_lane,1661,4,24,coach,Elizabeth Pepys
home_seething_lane,sir_w_batten_house,1661,4,24,walk,
sir_w_batten_house,home_seething_lane,1661,4,24,walk,
home_seething_lane,kings_head_tower_st,1661,4,25,walk,Henry Moore
kings_head_tower_st,mitre_tavern,1661,4,25,walk,Robert Shepley; Mr. Pierce
mitre_tavern,home_seething_lane,1661,4,25,walk,
home_seething_lane,navy_office,1661,4,26,walk,
navy_office,home_seething_lane,1661,4,26,walk,
home_seething_lane,my_lords_lodgings,1661,4,27,walk,
my_lords_lodgings,lincolns_inn_playhouse,1661,4,27,walk,John Creed; Captain Ferrers
lincolns_inn_playhouse,cock_alehouse,1661,4,27,walk,
cock_alehouse,sir_w_batten_house,1661,4,27,coach,
sir_w_batten_house,home_seething_lane,1661,4,27,walk,
home_seething_lane,father_house,1661,4,28,walk,
father_house,father_church,1661,4,28,walk,
father_church,father_house,1661,4,28,walk,
father_house,dolphin_tavern,1661,4,29,walk,Lt. Lambert
dolphin_tavern,navy_office,1661,4,29,walk,
navy_office,whitehall,1661,4,29,walk,
whitehall,my_lords_lodgings,1661,4,29,walk,
my_lords_lodgings,whitehall,1661,4,29,walk,
whitehall,home_seething_lane,1661,4,29,walk,
home_seething_lane,mrs_turner_house,1661,4,29,walk,
mrs_turner_house,home_seething_lane,1661,4,29,walk,Elizabeth Pepys
home_seething_lane,leatherhead,1661,4,30,coach,Elizabeth Pepys; John Creed; Mr. Hater
leatherhead,godalming,1661,4,30,coach,Elizabeth Pepys; John Creed; Mr. Hater
godalming,petersfield,1661,5,1,coach,Elizabeth Pepys; John Creed; Mr. Hater
petersfield,portsmouth,1661,5,1,coach,Elizabeth Pepys; John Creed; Mr. Hater
portsmouth,red_lyon_portsmouth,1661,5,1,walk,
red_lyon_portsmouth,portsmouth_dock,1661,5,2,walk,
portsmouth_dock,ship_montagu,1661,5,2,boat,Elizabeth Pepys
ship_montagu,red_lyon_portsmouth,1661,5,2,boat,
red_lyon_portsmouth,portsmouth_dock,1661,5,2,walk,John Creed
portsmouth_dock,red_lyon_portsmouth,1661,5,2,walk,
red_lyon_portsmouth,portsmouth,1661,5,3,walk,John Creed
portsmouth,petersfield,1661,5,3,coach,Elizabeth Pepys; John Creed
petersfield,guildford,1661,5,4,coach,Elizabeth Pepys; John Creed
guildford,home_seething_lane,1661,5,6,coach,Elizabeth Pepys
home_seething_lane,sir_w_batten_house,1661,5,6,walk,
sir_w_batten_house,home_seething_lane,1661,5,6,walk,
home_seething_lane,whitehall,1661,5,7,walk,
whitehall,great_wardrobe,1661,5,7,walk,
great_wardrobe,royal_exchange,1661,5,7,walk,John Creed
royal_exchange,ordinary_old_exchange,1661,5,7,walk,John Creed
ordinary_old_exchange,home_seething_lane,1661,5,7,walk,
home_seething_lane,sir_w_batten_house,1661,5,7,walk,
sir_w_batten_house,home_seething_lane,1661,5,7,walk,
home_seething_lane,whitehall,1661,5,9,walk,
whitehall,swan_king_st,1661,5,9,walk,
swan_king_st,great_wardrobe,1661,5,9,walk,
great_wardrobe,home_seething_lane,1661,5,9,walk,
home_seething_lane,navy_office,1661,5,10,walk,
navy_office,dolphin_tavern,1661,5,10,walk,Mr. Blackburne; John Creed
dolphin_tavern,home_seething_lane,1661,5,10,walk,
home_seething_lane,sir_w_batten_house,1661,5,10,walk,
sir_w_batten_house,home_seething_lane,1661,5,10,walk,
home_seething_lane,whitehall,1661,5,11,boat,Henry Moore
whitehall,grays_inn,1661,5,11,walk,Henry Moore
grays_inn,father_house,1661,5,11,walk,
father_house,home_seething_lane,1661,5,11,walk,
home_seething_lane,savoy_church,1661,5,12,walk,
savoy_church,grays_inn,1661,5,12,walk,John Creed
grays_inn,islington,1661,5,12,walk,John Creed
islington,home_seething_lane,1661,5,12,walk,
home_seething_lane,ordinary_old_exchange,1661,5,13,walk,John Creed
ordinary_old_exchange,home_seething_lane,1661,5,13,walk,
home_seething_lane,navy_office,1661,5,13,walk,
navy_office,home_seething_lane,1661,5,13,walk,
home_seething_lane,whitehall,1661,5,14,boat,
whitehall,mitre_tavern,1661,5,14,walk,Robert Shepley
mitre_tavern,home_seething_lane,1661,5,14,walk,
home_seething_lane,navy_office,1661,5,15,walk,
navy_office,home_seething_lane,1661,5,15,walk,
home_seething_lane,savoy_lords,1661,5,16,boat,
savoy_lords,lincolns_inn_playhouse,1661,5,16,walk,
lincolns_inn_playhouse,great_wardrobe,1661,5,16,walk,John Creed
great_wardrobe,home_seething_lane,1661,5,16,walk,
home_seething_lane,royal_exchange,1661,5,17,walk,Lt. Lambert
royal_exchange,ordinary_old_exchange,1661,5,17,walk,Lt. Lambert
ordinary_old_exchange,navy_office,1661,5,17,walk,
navy_office,home_seething_lane,1661,5,17,walk,
home_seething_lane,tower,1661,5,18,walk,
tower,westminster_hall,1661,5,18,boat,
westminster_hall,home_seething_lane,1661,5,18,boat,John Creed
home_seething_lane,york_house,1661,5,19,walk,
york_house,my_lords_lodgings,1661,5,19,walk,
my_lords_lodgings,crown_wilkinsons,1661,5,19,walk,Captain Ferrers; William Howe
crown_wilkinsons,my_lords_lodgings,1661,5,19,walk,
my_lords_lodgings,father_house,1661,5,19,walk,
father_house,home_seething_lane,1661,5,19,walk,
home_seething_lane,royal_exchange,1661,5,20,walk,John Creed
royal_exchange,ordinary_old_exchange,1661,5,20,walk,John Creed
ordinary_old_exchange,mitre_tavern,1661,5,20,walk,John Creed
mitre_tavern,navy_office,1661,5,20,walk,
navy_office,home_seething_lane,1661,5,20,walk,
home_seething_lane,woolwich,1661,5,21,boat,Sir R. Slingsby
woolwich,deptford,1661,5,21,boat,
deptford,the_temple,1661,5,21,boat,
the_temple,father_house,1661,5,21,walk,
father_house,mr_holdens_shop,1661,5,21,walk,
mr_holdens_shop,home_seething_lane,1661,5,21,walk,
home_seething_lane,westminster_hall,1661,5,22,boat,William Howe
westminster_hall,great_wardrobe,1661,5,22,boat,
great_wardrobe,navy_office,1661,5,22,boat,
navy_office,home_seething_lane,1661,5,22,walk,
home_seething_lane,whitehall,1661,5,23,walk,
whitehall,rhenish_wine_house,1661,5,23,walk,Robert Shepley; Henry Moore
rhenish_wine_house,lord_mayors_house,1661,5,23,coach,
lord_mayors_house,navy_office,1661,5,23,coach,
navy_office,home_seething_lane,1661,5,23,walk,
home_seething_lane,navy_office,1661,5,24,walk,
navy_office,great_wardrobe,1661,5,24,walk,
great_wardrobe,home_seething_lane,1661,5,24,walk,
home_seething_lane,the_temple,1661,5,25,walk,
the_temple,lincolns_inn_playhouse,1661,5,25,walk,
lincolns_inn_playhouse,pauls_churchyard,1661,5,25,walk,
pauls_churchyard,home_seething_lane,1661,5,25,walk,
home_seething_lane,parish_church,1661,5,26,walk,
parish_church,mitre_tavern,1661,5,26,walk,
mitre_tavern,sir_w_batten_house,1661,5,26,walk,
sir_w_batten_house,home_seething_lane,1661,5,26,walk,
home_seething_lane,parish_church,1661,5,26,walk,
parish_church,home_seething_lane,1661,5,26,walk,
home_seething_lane,great_wardrobe,1661,5,27,walk,
great_wardrobe,westminster_hall,1661,5,27,boat,Edward Montagu; Lord Hinchingbroke
westminster_hall,leg_tavern,1661,5,27,walk,
leg_tavern,navy_office,1661,5,27,boat,
navy_office,coffee_house_cornhill,1661,5,27,walk,
coffee_house_cornhill,home_seething_lane,1661,5,27,walk,
home_seething_lane,great_wardrobe,1661,5,28,walk,
great_wardrobe,royal_exchange,1661,5,28,walk,Robert Shepley
royal_exchange,mitre_tavern,1661,5,28,walk,Robert Shepley
mitre_tavern,cheapside,1661,5,28,walk,
cheapside,star_cheapside,1661,5,28,walk,
star_cheapside,home_seething_lane,1661,5,28,walk,
home_seething_lane,sir_w_pen_house,1661,5,28,walk,
sir_w_pen_house,home_seething_lane,1661,5,28,walk,
home_seething_lane,sir_w_batten_country,1661,5,29,coach,Sir W. Pen
sir_w_batten_country,mrs_brownes_house,1661,5,29,walk,
mrs_brownes_house,mrs_shipmans_house,1661,5,29,walk,
mrs_shipmans_house,home_seething_lane,1661,5,29,coach,Sir W. Pen
home_seething_lane,great_wardrobe,1661,5,30,walk,
great_wardrobe,the_temple,1661,5,30,walk,Henry Moore
the_temple,mr_greatorex_house,1661,5,30,walk,
mr_greatorex_house,arundel_house,1661,5,30,walk,Mr. Greatorex
arundel_house,milford_stairs,1661,5,30,walk,
milford_stairs,home_seething_lane,1661,5,30,boat,
home_seething_lane,navy_office,1661,5,30,walk,
navy_office,coffee_house_cornhill,1661,5,30,walk,
coffee_house_cornhill,home_seething_lane,1661,5,30,walk,
home_seething_lane,father_house,1661,5,31,walk,
father_house,navy_office,1661,5,31,walk,
navy_office,home_seething_lane,1661,5,31,walk,
home_seething_lane,woolwich,1661,6,1,boat,Sir W. Pen; Mr. Gawden
woolwich,deptford,1661,6,1,boat,
deptford,redriffe,1661,6,1,walk,
redriffe,halfway_house,1661,6,1,walk,
halfway_house,home_seething_lane,1661,6,1,boat,
home_seething_lane,parish_church,1661,6,2,walk,
parish_church,home_seething_lane,1661,6,2,walk,
home_seething_lane,great_wardrobe,1661,6,3,walk,
great_wardrobe,whitehall,1661,6,3,boat,Edward Montagu
whitehall,home_seething_lane,1661,6,3,walk,John Creed
home_seething_lane,navy_office,1661,6,3,walk,
navy_office,tower,1661,6,3,walk,John Creed
tower,bear_bridge_foot,1661,6,3,walk,
bear_bridge_foot,great_wardrobe,1661,6,3,walk,
great_wardrobe,home_seething_lane,1661,6,3,walk,
home_seething_lane,bankside,1661,6,4,boat,
bankside,the_temple,1661,6,4,walk,
the_temple,father_house,1661,6,4,walk,
father_house,bear_tavern,1661,6,4,walk,
bear_tavern,lord_crews_house,1661,6,4,walk,
lord_crews_house,lincolns_inn_playhouse,1661,6,4,walk,
lincolns_inn_playhouse,southwark,1661,6,4,walk,
southwark,home_seething_lane,1661,6,4,walk,
home_seething_lane,great_wardrobe,1661,6,5,walk,
great_wardrobe,whitehall,1661,6,5,walk,
whitehall,navy_office,1661,6,5,walk,
navy_office,sir_r_slingsbys_house,1661,6,5,walk,Sir W. Pen
sir_r_slingsbys_house,home_seething_lane,1661,6,5,walk,Sir W. Pen
home_seething_lane,greenwich,1661,6,6,boat,Captain Lambert
greenwich,globe_greenwich,1661,6,6,walk,
globe_greenwich,captain_lamberts_house,1661,6,6,walk,
captain_lamberts_house,bridewell,1661,6,6,walk,Captain Lambert
bridewell,mr_hollands_house,1661,6,6,walk,
mr_hollands_house,home_seething_lane,1661,6,6,walk,
home_seething_lane,whitehall,1661,6,7,walk,
whitehall,great_wardrobe,1661,6,7,walk,
great_wardrobe,navy_office,1661,6,7,walk,
navy_office,sir_w_batten_house,1661,6,7,walk,
sir_w_batten_house,home_seething_lane,1661,6,7,walk,
home_seething_lane,whitehall,1661,6,8,walk,
whitehall,cooks_shop,1661,6,8,walk,Robert Shepley; John Creed
cooks_shop,lincolns_inn_playhouse,1661,6,8,walk,
lincolns_inn_playhouse,temple_bar,1661,6,8,walk,John Creed
temple_bar,mr_rawlinsons_house,1661,6,8,walk,
mr_rawlinsons_house,home_seething_lane,1661,6,8,walk,
home_seething_lane,great_wardrobe,1661,6,9,walk,Elizabeth Pepys
great_wardrobe,mr_pierce_surgeon_house,1661,6,9,walk,
mr_pierce_surgeon_house,swan_westminster,1661,6,9,walk,
swan_westminster,whitehall,1661,6,9,walk,
whitehall,worcester_house,1661,6,9,boat,William Howe
worcester_house,great_wardrobe,1661,6,9,walk,
great_wardrobe,home_seething_lane,1661,6,9,walk,Elizabeth Pepys
home_seething_lane,my_lords_lodgings,1661,6,10,walk,
my_lords_lodgings,great_wardrobe,1661,6,10,walk,
great_wardrobe,navy_office,1661,6,10,walk,
navy_office,home_seething_lane,1661,6,10,walk,
home_seething_lane,navy_office,1661,6,11,walk,
navy_office,home_seething_lane,1661,6,11,walk,
home_seething_lane,whitehall,1661,6,12,walk,
whitehall,sir_r_slingsbys_house,1661,6,12,walk,
sir_r_slingsbys_house,great_wardrobe,1661,6,12,walk,
great_wardrobe,home_seething_lane,1661,6,12,walk,
home_seething_lane,whitehall,1661,6,12,walk,
whitehall,lambeth,1661,6,12,boat,Captain Ferrers
lambeth,three_mariners,1661,6,12,walk,
three_mariners,home_seething_lane,1661,6,12,boat,
home_seething_lane,backwells,1661,6,13,walk,
backwells,great_wardrobe,1661,6,13,walk,
great_wardrobe,whitehall,1661,6,13,walk,Edward Montagu
whitehall,deptford,1661,6,13,boat,Edward Montagu
deptford,erith,1661,6,13,boat,Edward Montagu; William Howe; Captain Ferrers
erith,greenwich,1661,6,13,boat,Captain Ferrers
greenwich,woolwich,1661,6,13,walk,
woolwich,mr_falconers_house,1661,6,13,walk,
mr_falconers_house,ship_charity,1661,6,13,boat,
ship_charity,home_seething_lane,1661,6,13,boat,
home_seething_lane,whitehall,1661,6,14,walk,
whitehall,father_house,1661,6,14,walk,
father_house,home_seething_lane,1661,6,14,coach,
home_seething_lane,great_wardrobe,1661,6,15,walk,
great_wardrobe,father_house,1661,6,15,walk,
father_house,home_seething_lane,1661,6,15,walk,
home_seething_lane,great_wardrobe,1661,6,17,walk,
great_wardrobe,home_seething_lane,1661,6,17,walk,
home_seething_lane,sir_w_pen_house,1661,6,17,walk,
sir_w_pen_house,home_seething_lane,1661,6,17,walk,
home_seething_lane,captain_lamberts_house,1661,6,18,boat,Elizabeth Pepys
captain_lamberts_house,home_seething_lane,1661,6,18,boat,Elizabeth Pepys
home_seething_lane,westminster_hall,1661,6,19,walk,Henry Moore
westminster_hall,great_wardrobe,1661,6,19,boat,
great_wardrobe,navy_office,1661,6,19,walk,
navy_office,royal_exchange,1661,6,19,walk,
royal_exchange,home_seething_lane,1661,6,19,walk,
home_seething_lane,samson_tavern,1661,6,21,walk,John Pepys Sr.
samson_tavern,home_seething_lane,1661,6,21,walk,
home_seething_lane,exchequer,1661,6,21,walk,
exchequer,uncle_wight_house,1661,6,21,walk,
uncle_wight_house,home_seething_lane,1661,6,21,walk,
home_seething_lane,navy_office,1661,6,21,walk,
navy_office,home_seething_lane,1661,6,21,walk,
home_seething_lane,lord_crews_house,1661,6,22,walk,
lord_crews_house,lincolns_inn_playhouse,1661,6,22,walk,
lincolns_inn_playhouse,mr_hodges_house,1661,6,22,walk,
mr_hodges_house,home_seething_lane,1661,6,22,walk,
home_seething_lane,parish_church,1661,6,23,walk,
parish_church,sir_w_batten_house,1661,6,23,walk,
sir_w_batten_house,parish_church,1661,6,23,walk,
parish_church,grays_inn,1661,6,23,walk,
grays_inn,islington,1661,6,23,walk,
islington,home_seething_lane,1661,6,23,walk,
home_seething_lane,ordinary_old_exchange,1661,6,24,walk,John Pepys Sr.
ordinary_old_exchange,home_seething_lane,1661,6,24,walk,
home_seething_lane,sir_w_batten_house,1661,6,24,walk,
sir_w_batten_house,home_seething_lane,1661,6,24,walk,
home_seething_lane,westminster_hall,1661,6,26,walk,
westminster_hall,great_wardrobe,1661,6,26,walk,
great_wardrobe,father_house,1661,6,26,coach,
father_house,navy_office,1661,6,26,walk,
navy_office,home_seething_lane,1661,6,26,walk,
home_seething_lane,father_house,1661,6,27,walk,
father_house,mr_starlings,1661,6,27,walk,John Pepys Sr.
mr_starlings,home_seething_lane,1661,6,27,walk,
home_seething_lane,lincolns_inn_playhouse,1661,6,27,coach,Lady Batten; Mrs. Rebecca Allen
lincolns_inn_playhouse,sir_w_batten_house,1661,6,27,coach,
sir_w_batten_house,home_seething_lane,1661,6,27,walk,
home_seething_lane,great_wardrobe,1661,6,28,walk,
great_wardrobe,navy_office,1661,6,28,walk,
navy_office,moorfields,1661,6,28,coach,Sir W. Pen
moorfields,home_seething_lane,1661,6,28,coach,Sir W. Pen
home_seething_lane,deptford,1661,6,29,boat,Sir W. Batten; Sir W. Pen
deptford,home_seething_lane,1661,6,29,boat,
home_seething_lane,bell_maypole_strand,1661,6,29,walk,
bell_maypole_strand,home_seething_lane,1661,6,29,walk,
home_seething_lane,parish_church,1661,6,30,walk,
parish_church,sir_w_batten_house,1661,6,30,walk,
sir_w_batten_house,parish_church,1661,6,30,walk,
parish_church,whitehall,1661,6,30,boat,Sir W. Batten; Sir W. Pen
whitehall,grays_inn,1661,6,30,walk,
grays_inn,home_seething_lane,1661,6,30,walk,
home_seething_lane,navy_office,1661,7,1,walk,
navy_office,home_seething_lane,1661,7,1,walk,
home_seething_lane,westminster_hall,1661,7,2,walk,
westminster_hall,davenants_opera,1661,7,2,coach,
davenants_opera,home_seething_lane,1661,7,2,walk,
home_seething_lane,great_wardrobe,1661,7,3,walk,
great_wardrobe,westminster_hall,1661,7,3,walk,
westminster_hall,great_wardrobe,1661,7,3,walk,
great_wardrobe,duck_lane,1661,7,3,walk,
duck_lane,navy_office,1661,7,3,walk,
navy_office,sir_w_batten_house,1661,7,3,walk,
sir_w_batten_house,home_seething_lane,1661,7,3,walk,
home_seething_lane,lincolns_inn_playhouse,1661,7,4,walk,
lincolns_inn_playhouse,father_house,1661,7,4,walk,
father_house,royal_exchange,1661,7,4,walk,
royal_exchange,mitre_tavern,1661,7,4,walk,
mitre_tavern,home_seething_lane,1661,7,4,walk,
home_seething_lane,navy_office,1661,7,5,walk,
navy_office,sir_w_batten_house,1661,7,5,walk,
sir_w_batten_house,home_seething_lane,1661,7,5,walk,
home_seething_lane,uncle_wight_house,1661,7,6,walk,
uncle_wight_house,st_martins,1661,7,6,walk,
st_martins,brampton,1661,7,6,horse,
brampton,portholme,1661,7,14,walk,John Pepys Sr.
portholme,hinchingbroke,1661,7,14,walk,
hinchingbroke,brampton,1661,7,14,walk,
brampton,cambridge,1661,7,15,horse,
cambridge,christ_college,1661,7,15,walk,
christ_college,kings_college_chapel,1661,7,15,walk,
kings_college_chapel,rose_tavern,1661,7,15,walk,Dr. Fairbrother
rose_tavern,impington,1661,7,15,horse,
impington,graveley,1661,7,15,horse,
graveley,brampton,1661,7,15,horse,
brampton,huntingdon,1661,7,20,walk,
huntingdon,brampton,1661,7,20,walk,
brampton,biggleswade,1661,7,22,horse,
biggleswade,hatfield,1661,7,22,horse,
hatfield,smithfield,1661,7,22,horse,
smithfield,uncle_fenner_house,1661,7,22,walk,
uncle_fenner_house,father_house,1661,7,22,walk,
father_house,great_wardrobe,1661,7,22,walk,
great_wardrobe,home_seething_lane,1661,7,22,walk,
home_seething_lane,sir_w_pen_house,1661,7,23,walk,
sir_w_pen_house,sir_w_batten_house,1661,7,23,walk,
sir_w_batten_house,westminster_hall,1661,7,23,walk,
westminster_hall,lincolns_inn_playhouse,1661,7,23,walk,
lincolns_inn_playhouse,father_house,1661,7,23,walk,
father_house,uncle_wight_house,1661,7,23,walk,
uncle_wight_house,home_seething_lane,1661,7,23,walk,
home_seething_lane,whitehall,1661,7,24,boat,Elizabeth Pepys
whitehall,cousin_tom_pepys_house,1661,7,24,walk,
cousin_tom_pepys_house,great_wardrobe,1661,7,24,walk,
great_wardrobe,navy_office,1661,7,24,walk,
navy_office,home_seething_lane,1661,7,24,walk,
home_seething_lane,royal_exchange,1661,7,25,walk,
royal_exchange,father_house,1661,7,25,walk,
father_house,home_seething_lane,1661,7,25,walk,
home_seething_lane,lincolns_inn_playhouse,1661,7,25,walk,Henry Moore
lincolns_inn_playhouse,home_seething_lane,1661,7,25,walk,
home_seething_lane,popes_head,1661,7,26,walk,
popes_head,navy_office,1661,7,26,walk,
navy_office,home_seething_lane,1661,7,26,walk,
home_seething_lane,whitehall,1661,7,27,walk,
whitehall,westminster_hall,1661,7,27,walk,
westminster_hall,great_wardrobe,1661,7,27,walk,
great_wardrobe,home_seething_lane,1661,7,27,boat,Elizabeth Pepys; Lady Jemimah; Pall Pepys
home_seething_lane,parish_church,1661,7,28,walk,Elizabeth Pepys
parish_church,home_seething_lane,1661,7,28,walk,
home_seething_lane,parish_church,1661,7,28,walk,
parish_church,sir_w_pen_house,1661,7,28,walk,
sir_w_pen_house,home_seething_lane,1661,7,28,walk,
home_seething_lane,navy_office,1661,7,29,walk,
navy_office,home_seething_lane,1661,7,29,walk,
home_seething_lane,sir_r_fords_house,1661,7,29,walk,Sir R. Slingsby
sir_r_fords_house,navy_office,1661,7,29,walk,
navy_office,father_house,1661,7,29,walk,
father_house,home_seething_lane,1661,7,29,walk,
home_seething_lane,westminster_hall,1661,7,30,walk,
westminster_hall,great_wardrobe,1661,7,30,boat,
great_wardrobe,navy_office,1661,7,30,walk,
navy_office,hercules_pillars,1661,7,30,walk,
hercules_pillars,home_seething_lane,1661,7,30,walk,
home_seething_lane,navy_office,1661,7,31,walk,
navy_office,lincolns_inn_playhouse,1661,7,31,walk,
lincolns_inn_playhouse,home_seething_lane,1661,7,31,walk,
home_seething_lane,sir_w_batten_country,1661,8,1,coach,Sir W. Batten; Sir W. Pen; Elizabeth Pepys; Mrs. Margaret Pen
sir_w_batten_country,mrs_brownes_house,1661,8,1,walk,
mrs_brownes_house,home_seething_lane,1661,8,1,coach,
home_seething_lane,ware,1661,8,2,horse,
ware,barkway,1661,8,3,horse,
barkway,cambridge,1661,8,3,horse,
cambridge,trinity_hall,1661,8,3,walk,Roger Pepys
trinity_hall,rose_tavern,1661,8,3,walk,
rose_tavern,impington,1661,8,3,horse,Roger Pepys
impington,stanton,1661,8,5,horse,
stanton,huntingdon,1661,8,5,horse,
huntingdon,brampton,1661,8,5,horse,
brampton,yelling,1661,8,5,horse,
yelling,graveley,1661,8,5,horse,
graveley,brampton,1661,8,5,horse,
brampton,huntingdon,1661,8,6,walk,
huntingdon,brampton,1661,8,6,walk,
brampton,baldock,1661,8,6,horse,
baldock,hatfield,1661,8,7,horse,
hatfield,smithfield,1661,8,7,horse,
smithfield,uncle_fenner_house,1661,8,7,walk,
uncle_fenner_house,father_house,1661,8,7,walk,
father_house,great_wardrobe,1661,8,7,walk,
great_wardrobe,home_seething_lane,1661,8,7,walk,
home_seething_lane,whitehall,1661,8,8,walk,
whitehall,great_wardrobe,1661,8,8,walk,Henry Moore
great_wardrobe,whitehall,1661,8,8,walk,
whitehall,tavern_savoy,1661,8,8,walk,
tavern_savoy,home_seething_lane,1661,8,8,walk,
home_seething_lane,navy_office,1661,8,9,walk,
navy_office,mr_pierce_purser_house,1661,8,9,walk,
mr_pierce_purser_house,navy_office,1661,8,9,walk,
navy_office,home_seething_lane,1661,8,9,walk,
home_seething_lane,whitehall,1661,8,9,walk,
whitehall,mrs_pierce_house,1661,8,9,walk,
mrs_pierce_house,father_house,1661,8,9,coach,
father_house,home_seething_lane,1661,8,9,coach,
home_seething_lane,coffee_house_cornhill,1661,8,10,walk,John Pepys Sr.
coffee_house_cornhill,great_wardrobe,1661,8,10,walk,
great_wardrobe,lincolns_inn_playhouse,1661,8,10,walk,Captain Ferrers
lincolns_inn_playhouse,home_seething_lane,1661,8,10,boat,
home_seething_lane,parish_church,1661,8,11,walk,
parish_church,clerkenwell_church,1661,8,11,walk,
clerkenwell_church,grays_inn,1661,8,11,walk,
grays_inn,father_house,1661,8,11,walk,
father_house,home_seething_lane,1661,8,11,walk,
home_seething_lane,navy_office,1661,8,12,walk,
navy_office,lord_crews_house,1661,8,12,walk,
lord_crews_house,great_wardrobe,1661,8,12,walk,
great_wardrobe,home_seething_lane,1661,8,12,walk,
home_seething_lane,privy_seal,1661,8,13,walk,
privy_seal,great_wardrobe,1661,8,13,walk,
great_wardrobe,father_house,1661,8,13,walk,
father_house,mr_rawlinsons_house,1661,8,13,walk,
mr_rawlinsons_house,home_seething_lane,1661,8,13,walk,
home_seething_lane,whitehall,1661,8,14,walk,Sir W. Batten; Sir W. Pen
whitehall,great_wardrobe,1661,8,14,walk,
great_wardrobe,lincolns_inn_playhouse,1661,8,14,walk,Captain Ferrers
lincolns_inn_playhouse,st_pauls,1661,8,14,coach,Sir W. Pen
st_pauls,dolphin_tavern,1661,8,14,walk,Sir W. Pen
dolphin_tavern,sir_w_batten_house,1661,8,14,walk,
sir_w_batten_house,home_seething_lane,1661,8,14,walk,
home_seething_lane,privy_seal,1661,8,15,walk,
privy_seal,st_pauls,1661,8,15,walk,Sir W. Pen
st_pauls,great_wardrobe,1661,8,15,walk,
great_wardrobe,davenants_opera,1661,8,15,walk,Captain Ferrers
davenants_opera,dolphin_tavern,1661,8,15,walk,Sir W. Pen
dolphin_tavern,home_seething_lane,1661,8,15,walk,
home_seething_lane,navy_office,1661,8,16,walk,
navy_office,home_seething_lane,1661,8,16,walk,
home_seething_lane,shoe_lane,1661,8,16,walk,John Pepys Sr.
shoe_lane,home_seething_lane,1661,8,16,walk,
home_seething_lane,privy_seal,1661,8,17,walk,
privy_seal,st_james_park,1661,8,17,walk,
st_james_park,great_wardrobe,1661,8,17,walk,
great_wardrobe,davenants_opera,1661,8,17,walk,Captain Ferrers
davenants_opera,devils_tavern,1661,8,17,walk,
devils_tavern,home_seething_lane,1661,8,17,coach,
home_seething_lane,parish_church,1661,8,18,walk,
parish_church,home_seething_lane,1661,8,18,walk,
home_seething_lane,great_wardrobe,1661,8,18,walk,
great_wardrobe,whitehall,1661,8,18,walk,
whitehall,mrs_pierce_house,1661,8,18,walk,
mrs_pierce_house,st_james_park,1661,8,18,walk,
st_james_park,home_seething_lane,1661,8,18,walk,
home_seething_lane,navy_office,1661,8,19,walk,
navy_office,home_seething_lane,1661,8,19,walk,
home_seething_lane,privy_seal,1661,8,19,walk,
privy_seal,worcester_house,1661,8,19,walk,
worcester_house,chelsea,1661,8,19,coach,Henry Moore
chelsea,westminster_hall,1661,8,19,walk,Henry Moore
westminster_hall,home_seething_lane,1661,8,19,walk,
home_seething_lane,navy_office,1661,8,20,walk,
navy_office,home_seething_lane,1661,8,20,walk,
home_seething_lane,father_house,1661,8,21,walk,
father_house,mrs_terrys_house,1661,8,21,walk,John Pepys Sr.
mrs_terrys_house,will_joyces_house,1661,8,21,walk,
will_joyces_house,mrs_whatelys_house,1661,8,21,walk,John Pepys Sr.
mrs_whatelys_house,whitehall,1661,8,21,walk,
whitehall,mrs_whatelys_house,1661,8,21,walk,
mrs_whatelys_house,father_house,1661,8,21,walk,
father_house,great_wardrobe,1661,8,21,walk,
great_wardrobe,home_seething_lane,1661,8,21,walk,
home_seething_lane,privy_seal,1661,8,22,walk,
privy_seal,uncle_fenner_house,1661,8,22,coach,Elizabeth Pepys
uncle_fenner_house,parish_church_fenner,1661,8,22,walk,
parish_church_fenner,uncle_wight_house,1661,8,22,walk,Elizabeth Pepys
uncle_wight_house,home_seething_lane,1661,8,22,walk,
home_seething_lane,father_house,1661,8,23,walk,
father_house,dr_williams_house,1661,8,23,walk,John Pepys Sr.
dr_williams_house,will_joyces_house,1661,8,23,walk,
will_joyces_house,davenants_opera,1661,8,23,walk,Elizabeth Pepys
davenants_opera,great_wardrobe,1661,8,23,walk,
great_wardrobe,home_seething_lane,1661,8,23,walk,
home_seething_lane,navy_office,1661,8,24,walk,
navy_office,sir_w_batten_house,1661,8,24,walk,
sir_w_batten_house,sir_r_fords_house,1661,8,24,walk,
sir_r_fords_house,mitre_tavern,1661,8,24,walk,Captain Isham
mitre_tavern,davenants_opera,1661,8,24,walk,
davenants_opera,sampson_pauls,1661,8,24,walk,Mr. Spong
sampson_pauls,home_seething_lane,1661,8,24,walk,
home_seething_lane,parish_church,1661,8,25,walk,
parish_church,home_seething_lane,1661,8,25,walk,
home_seething_lane,uncle_wight_house,1661,8,25,walk,John Pepys Sr.
uncle_wight_house,home_seething_lane,1661,8,25,walk,
home_seething_lane,father_house,1661,8,26,walk,
father_house,great_wardrobe,1661,8,26,walk,
great_wardrobe,lincolns_inn_playhouse,1661,8,26,walk,
lincolns_inn_playhouse,devils_tavern,1661,8,26,walk,
devils_tavern,uncle_fenner_house,1661,8,26,walk,
uncle_fenner_house,crane_tavern,1661,8,26,walk,
crane_tavern,home_seething_lane,1661,8,26,walk,
home_seething_lane,great_wardrobe,1661,8,27,walk,
great_wardrobe,navy_office,1661,8,27,walk,
navy_office,cousin_tom_pepys_house,1661,8,27,coach,Elizabeth Pepys
cousin_tom_pepys_house,lincolns_inn_playhouse,1661,8,27,walk,Elizabeth Pepys
lincolns_inn_playhouse,father_house,1661,8,27,walk,
father_house,home_seething_lane,1661,8,27,walk,
home_seething_lane,royal_exchange,1661,8,28,walk,
royal_exchange,home_seething_lane,1661,8,28,walk,
home_seething_lane,navy_office,1661,8,29,walk,
navy_office,home_seething_lane,1661,8,29,walk,
home_seething_lane,uncle_fenner_house,1661,8,29,walk,
uncle_fenner_house,father_house,1661,8,29,walk,John Pepys Sr.
father_house,home_seething_lane,1661,8,29,walk,
home_seething_lane,great_wardrobe,1661,8,30,walk,Elizabeth Pepys
great_wardrobe,drury_lane_theatre,1661,8,30,walk,Elizabeth Pepys
drury_lane_theatre,home_seething_lane,1661,8,30,walk,Elizabeth Pepys
home_seething_lane,navy_office,1661,8,31,walk,
navy_office,home_seething_lane,1661,8,31,walk,
home_seething_lane,bartholomew_fair,1661,8,31,walk,
bartholomew_fair,christs_hospital,1661,8,31,walk,
christs_hospital,great_wardrobe,1661,8,31,coach,
great_wardrobe,mitre_tavern,1661,8,31,walk,Henry Moore
mitre_tavern,home_seething_lane,1661,8,31,walk,
home_seething_lane,cousin_tom_pepys_house,1661,9,2,walk,
cousin_tom_pepys_house,whitehall,1661,9,2,walk,
whitehall,blackfriars,1661,9,2,boat,
blackfriars,great_wardrobe,1661,9,2,walk,
great_wardrobe,whitehall,1661,9,2,walk,Captain Ferrers
whitehall,westminster_hall,1661,9,2,walk,
westminster_hall,priors,1661,9,2,walk,Mr. Pickering
priors,westminster_hall,1661,9,2,walk,
westminster_hall,mitre_tavern,1661,9,2,boat,
mitre_tavern,home_seething_lane,1661,9,2,walk,
home_seething_lane,great_wardrobe,1661,9,3,walk,Elizabeth Pepys
great_wardrobe,father_house,1661,9,3,walk,Elizabeth Pepys
father_house,home_seething_lane,1661,9,3,coach,
home_seething_lane,privy_seal,1661,9,4,walk,
privy_seal,st_james_park,1661,9,4,walk,Elizabeth Pepys
st_james_park,wilkinsons,1661,9,4,walk,
wilkinsons,mrs_pierce_house,1661,9,4,walk,
mrs_pierce_house,father_house,1661,9,4,walk,Elizabeth Pepys
father_house,home_seething_lane,1661,9,4,walk,
home_seething_lane,privy_seal,1661,9,5,walk,
privy_seal,uncle_fenner_house,1661,9,5,walk,
uncle_fenner_house,beards,1661,9,5,walk,Elizabeth Pepys
beards,uncle_fenner_house,1661,9,5,walk,
uncle_fenner_house,bartholomew_fair,1661,9,5,walk,Elizabeth Pepys
bartholomew_fair,home_seething_lane,1661,9,5,walk,Elizabeth Pepys
home_seething_lane,aunt_kites_house,1661,9,6,walk,
aunt_kites_house,home_seething_lane,1661,9,6,walk,
home_seething_lane,lincolns_inn_playhouse,1661,9,6,walk,
lincolns_inn_playhouse,ship_tavern,1661,9,6,walk,Sir W. Pen
ship_tavern,home_seething_lane,1661,9,6,coach,Sir W. Pen
home_seething_lane,navy_office,1661,9,7,walk,
navy_office,great_wardrobe,1661,9,7,walk,
great_wardrobe,lincolns_inn_playhouse,1661,9,7,walk,Elizabeth Pepys
lincolns_inn_playhouse,great_wardrobe,1661,9,7,coach,
great_wardrobe,home_seething_lane,1661,9,7,coach,Elizabeth Pepys
home_seething_lane,parish_church,1661,9,8,walk,
parish_church,home_seething_lane,1661,9,8,walk,
home_seething_lane,whitehall,1661,9,9,walk,
whitehall,westminster_hall,1661,9,9,walk,
westminster_hall,salisbury_court_playhouse,1661,9,9,walk,
salisbury_court_playhouse,dolphin_tavern,1661,9,9,walk,
dolphin_tavern,home_seething_lane,1661,9,9,walk,
home_seething_lane,navy_office,1661,9,10,walk,
navy_office,home_seething_lane,1661,9,10,walk,
home_seething_lane,wood_street,1661,9,10,walk,Elizabeth Pepys
wood_street,uncle_fenner_house,1661,9,10,walk,
uncle_fenner_house,tom_pepys_shop,1661,9,10,walk,
tom_pepys_shop,great_wardrobe,1661,9,10,walk,
great_wardrobe,home_seething_lane,1661,9,10,walk,
home_seething_lane,dr_williams_house,1661,9,11,walk,
dr_williams_house,davenants_opera,1661,9,11,walk,
davenants_opera,home_seething_lane,1661,9,11,walk,
home_seething_lane,dr_williams_house,1661,9,11,walk,
dr_williams_house,great_wardrobe,1661,9,11,walk,
great_wardrobe,home_seething_lane,1661,9,11,walk,Henry Moore
home_seething_lane,privy_seal,1661,9,12,walk,
privy_seal,great_wardrobe,1661,9,12,boat,
great_wardrobe,shoe_lane,1661,9,12,walk,
shoe_lane,home_seething_lane,1661,9,12,walk,
home_seething_lane,sir_w_batten_house,1661,9,12,walk,
sir_w_batten_house,home_seething_lane,1661,9,12,walk,
home_seething_lane,anchor_doctors_commons,1661,9,13,walk,
anchor_doctors_commons,great_wardrobe,1661,9,13,walk,
great_wardrobe,old_georges,1661,9,13,boat,Elizabeth Pepys
old_georges,home_seething_lane,1661,9,13,walk,Elizabeth Pepys
home_seething_lane,navy_office,1661,9,14,walk,
navy_office,royal_exchange,1661,9,14,walk,
royal_exchange,home_seething_lane,1661,9,14,walk,
home_seething_lane,parish_church,1661,9,15,walk,Elizabeth Pepys
parish_church,aunt_kites_house,1661,9,15,walk,Elizabeth Pepys
aunt_kites_house,home_seething_lane,1661,9,15,walk,
home_seething_lane,standings,1661,9,16,walk,
standings,tom_pepys_shop,1661,9,16,walk,
tom_pepys_shop,home_seething_lane,1661,9,16,walk,
home_seething_lane,great_wardrobe,1661,9,17,walk,
great_wardrobe,kingsland,1661,9,17,coach,Elizabeth Pepys
kingsland,ware,1661,9,17,horse,Elizabeth Pepys
ware,cambridge,1661,9,18,horse,Elizabeth Pepys
cambridge,christ_college,1661,9,18,walk,
christ_college,impington,1661,9,18,horse,Elizabeth Pepys
impington,cambridge,1661,9,19,horse,John Pepys Sr.; Elizabeth Pepys
cambridge,stourbridge_fair,1661,9,19,horse,
stourbridge_fair,cambridge,1661,9,19,horse,
cambridge,brampton,1661,9,19,horse,Elizabeth Pepys
brampton,graveley,1661,9,20,horse,Will Stankes
graveley,offord,1661,9,20,horse,
offord,brampton,1661,9,20,horse,
brampton,huntingdon,1661,9,21,horse,
huntingdon,hinchingbroke,1661,9,21,walk,
hinchingbroke,brampton,1661,9,21,walk,
brampton,baldock,1661,9,23,horse,Elizabeth Pepys
baldock,stevenage,1661,9,23,horse,Elizabeth Pepys
stevenage,welwyn,1661,9,23,horse,Elizabeth Pepys
welwyn,holloway,1661,9,24,horse,Elizabeth Pepys
holloway,home_seething_lane,1661,9,24,horse,Elizabeth Pepys
home_seething_lane,great_wardrobe,1661,9,24,walk,
great_wardrobe,home_seething_lane,1661,9,24,walk,
home_seething_lane,covent_garden,1661,9,25,coach,Sir W. Pen
covent_garden,whitehall,1661,9,25,coach,Sir R. Slingsby
whitehall,lord_crews_house,1661,9,25,walk,
lord_crews_house,lincolns_inn_playhouse,1661,9,25,walk,
lincolns_inn_playhouse,home_seething_lane,1661,9,25,coach,Sir W. Pen
home_seething_lane,navy_office,1661,9,26,coach,Elizabeth Pepys
navy_office,home_seething_lane,1661,9,26,walk,
home_seething_lane,lincolns_inn_playhouse,1661,9,26,coach,Elizabeth Pepys
lincolns_inn_playhouse,home_seething_lane,1661,9,26,coach,Elizabeth Pepys
home_seething_lane,whitehall,1661,9,27,coach,Elizabeth Pepys
whitehall,great_wardrobe,1661,9,27,walk,
great_wardrobe,home_seething_lane,1661,9,27,walk,Elizabeth Pepys
home_seething_lane,navy_office,1661,9,28,walk,
navy_office,home_seething_lane,1661,9,28,walk,
home_seething_lane,lincolns_inn_playhouse,1661,9,28,walk,Sir W. Pen; Elizabeth Pepys
lincolns_inn_playhouse,sir_w_pen_house,1661,9,28,walk,
sir_w_pen_house,home_seething_lane,1661,9,28,walk,
home_seething_lane,parish_church,1661,9,29,walk,
parish_church,sir_w_pen_house,1661,9,29,walk,
sir_w_pen_house,home_seething_lane,1661,9,29,walk,
home_seething_lane,parish_church,1661,9,29,walk,
parish_church,home_seething_lane,1661,9,29,walk,
home_seething_lane,red_lyon_king_st,1661,9,30,walk,
red_lyon_king_st,privy_seal,1661,9,30,walk,
privy_seal,chelsea,1661,9,30,coach,Henry Moore
chelsea,whitehall,1661,9,30,walk,Henry Moore
whitehall,spanish_embassy,1661,9,30,walk,
spanish_embassy,french_embassy,1661,9,30,walk,
french_embassy,great_wardrobe,1661,9,30,walk,
great_wardrobe,cheapside,1661,9,30,walk,
cheapside,westminster_palace,1661,9,30,boat,
westminster_palace,the_mews,1661,9,30,walk,
the_mews,york_house,1661,9,30,walk,
york_house,french_embassy,1661,9,30,walk,
french_embassy,home_seething_lane,1661,9,30,coach,
home_seething_lane,navy_office,1661,10,1,walk,
navy_office,home_seething_lane,1661,10,1,walk,
home_seething_lane,aunt_kites_house,1661,10,2,walk,
aunt_kites_house,bishopsgate_street,1661,10,2,walk,
bishopsgate_street,home_seething_lane,1661,10,2,walk,
home_seething_lane,lincolns_inn_playhouse,1661,10,2,coach,Elizabeth Pepys
lincolns_inn_playhouse,home_seething_lane,1661,10,2,coach,Elizabeth Pepys
home_seething_lane,navy_office,1661,10,3,walk,
navy_office,home_seething_lane,1661,10,3,walk,
home_seething_lane,tower_hill,1661,10,3,walk,Henry Moore
tower_hill,mitre_tavern,1661,10,3,walk,Henry Moore
mitre_tavern,sir_w_batten_house,1661,10,3,walk,
sir_w_batten_house,home_seething_lane,1661,10,3,walk,
home_seething_lane,whitehall,1661,10,4,coach,Sir W. Pen
whitehall,paternoster_row,1661,10,4,walk,
paternoster_row,great_wardrobe,1661,10,4,walk,
great_wardrobe,lincolns_inn_playhouse,1661,10,4,walk,Captain Ferrers
lincolns_inn_playhouse,home_seething_lane,1661,10,4,walk,
home_seething_lane,navy_office,1661,10,5,walk,
navy_office,home_seething_lane,1661,10,5,walk,
home_seething_lane,dolphin_tavern,1661,10,5,walk,Sir W. Pen
dolphin_tavern,home_seething_lane,1661,10,5,walk,
home_seething_lane,parish_church,1661,10,6,walk,
parish_church,home_seething_lane,1661,10,6,walk,
home_seething_lane,st_gregorys,1661,10,6,walk,
st_gregorys,home_seething_lane,1661,10,6,walk,
home_seething_lane,uncle_fenner_house,1661,10,7,walk,
uncle_fenner_house,dr_williams_house,1661,10,7,walk,
dr_williams_house,home_seething_lane,1661,10,7,walk,
home_seething_lane,navy_office,1661,10,8,walk,Sir W. Batten
navy_office,sir_w_batten_house,1661,10,8,walk,
sir_w_batten_house,lincolns_inn_playhouse,1661,10,8,coach,Mrs. Martha Batten
lincolns_inn_playhouse,home_seething_lane,1661,10,8,coach,
home_seething_lane,lincolns_inn_playhouse,1661,10,9,walk,Mrs. Pierce; Mrs. Clifford
lincolns_inn_playhouse,fleece_covent_garden,1661,10,9,walk,
fleece_covent_garden,home_seething_lane,1661,10,9,coach,
home_seething_lane,covent_garden,1661,10,10,coach,Sir W. Pen; Elizabeth Pepys
covent_garden,will_joyces_house,1661,10,10,walk,
will_joyces_house,lincolns_inn_playhouse,1661,10,10,walk,Sir W. Pen; Elizabeth Pepys
lincolns_inn_playhouse,home_seething_lane,1661,10,10,coach,
home_seething_lane,great_wardrobe,1661,10,14,boat,
great_wardrobe,mr_pims_house,1661,10,14,walk,Captain Ferrers
mr_pims_house,fountain_tavern,1661,10,14,walk,
fountain_tavern,home_seething_lane,1661,10,14,walk,
home_seething_lane,navy_office,1661,10,15,walk,
navy_office,pauls_churchyard,1661,10,15,walk,
pauls_churchyard,home_seething_lane,1661,10,15,walk,
home_seething_lane,navy_office,1661,10,17,walk,
navy_office,exchequer,1661,10,17,walk,Captain Lambert
exchequer,sun_tavern,1661,10,17,walk,
sun_tavern,home_seething_lane,1661,10,17,walk,
home_seething_lane,whitehall,1661,10,18,walk,
whitehall,great_wardrobe,1661,10,18,walk,
great_wardrobe,home_seething_lane,1661,10,18,walk,Henry Moore
home_seething_lane,great_wardrobe,1661,10,18,walk,
great_wardrobe,navy_office,1661,10,19,coach,
navy_office,limehouse,1661,10,19,coach,Mr. Coventry; Sir G. Carteret; Sir W. Pen
limehouse,home_seething_lane,1661,10,19,coach,
home_seething_lane,parish_church,1661,10,20,walk,
parish_church,sir_w_batten_house,1661,10,20,walk,
sir_w_batten_house,home_seething_lane,1661,10,20,walk,
home_seething_lane,chelsea,1661,10,21,coach,Henry Moore
chelsea,whitehall,1661,10,21,coach,
whitehall,great_wardrobe,1661,10,21,walk,
great_wardrobe,davenants_opera,1661,10,21,walk,
davenants_opera,home_seething_lane,1661,10,21,walk,
home_seething_lane,navy_office,1661,10,22,walk,
navy_office,uncle_wight_house,1661,10,22,walk,
uncle_wight_house,home_seething_lane,1661,10,22,walk,
home_seething_lane,whitehall,1661,10,23,walk,Sir W. Pen
whitehall,leg_tavern,1661,10,23,walk,Sir W. Pen
leg_tavern,chelsea,1661,10,23,coach,
chelsea,davenants_opera,1661,10,23,coach,
davenants_opera,sir_r_slingsbys_house,1661,10,23,walk,
sir_r_slingsbys_house,home_seething_lane,1661,10,23,walk,
home_seething_lane,navy_office,1661,10,24,walk,
navy_office,fleet_street,1661,10,24,walk,
fleet_street,tom_pepys_shop,1661,10,24,walk,
tom_pepys_shop,sir_r_slingsbys_house,1661,10,24,walk,
sir_r_slingsbys_house,home_seething_lane,1661,10,24,walk,
home_seething_lane,whitehall,1661,10,25,walk,
whitehall,great_wardrobe,1661,10,25,walk,Elizabeth Pepys
great_wardrobe,davenants_opera,1661,10,25,walk,Elizabeth Pepys
davenants_opera,hunts_instrument,1661,10,25,walk,
hunts_instrument,home_seething_lane,1661,10,25,walk,
home_seething_lane,navy_office,1661,10,26,walk,
navy_office,lincolns_inn_playhouse,1661,10,26,walk,Sir W. Pen; Elizabeth Pepys
lincolns_inn_playhouse,mr_rawlinsons_house,1661,10,26,walk,
mr_rawlinsons_house,home_seething_lane,1661,10,26,walk,
home_seething_lane,parish_church,1661,10,27,walk,
parish_church,uncle_wight_house,1661,10,27,walk,
uncle_wight_house,home_seething_lane,1661,10,27,walk,
home_seething_lane,parish_church,1661,10,27,walk,
parish_church,home_seething_lane,1661,10,27,walk,
home_seething_lane,navy_office,1661,10,28,walk,
navy_office,hunts_instrument,1661,10,28,walk,
hunts_instrument,lincolns_inn_playhouse,1661,10,28,walk,Captain Ferrers
lincolns_inn_playhouse,ringo_alehouse,1661,10,28,walk,
ringo_alehouse,home_seething_lane,1661,10,28,walk,
home_seething_lane,navy_office,1661,10,29,walk,
navy_office,dolphin_tavern,1661,10,29,walk,
dolphin_tavern,home_seething_lane,1661,10,29,walk,
home_seething_lane,navy_office,1661,10,30,walk,
navy_office,deptford,1661,10,30,walk,Captain Lambert
deptford,home_seething_lane,1661,10,30,walk,
home_seething_lane,sir_w_batten_house,1661,10,30,walk,
sir_w_batten_house,home_seething_lane,1661,10,30,walk,
home_seething_lane,navy_office,1661,10,31,walk,
navy_office,home_seething_lane,1661,10,31,walk,
home_seething_lane,tom_pepys_shop,1661,10,31,walk,
tom_pepys_shop,uncle_fenner_house,1661,10,31,walk,
uncle_fenner_house,home_seething_lane,1661,10,31,walk,
home_seething_lane,whitehall,1661,11,1,coach,Sir W. Pen
whitehall,three_tuns_charing_cross,1661,11,1,walk,Sir W. Pen
three_tuns_charing_cross,lincolns_inn_playhouse,1661,11,1,walk,
lincolns_inn_playhouse,home_seething_lane,1661,11,1,walk,Sir W. Pen
home_seething_lane,navy_office,1661,11,2,walk,
navy_office,great_wardrobe,1661,11,2,walk,
great_wardrobe,home_seething_lane,1661,11,2,coach,Captain Ferrers
home_seething_lane,navy_office,1661,11,4,coach,Sir W. Pen
navy_office,sun_fish_street,1661,11,4,walk,
sun_fish_street,the_temple,1661,11,4,walk,
the_temple,salisbury_court_playhouse,1661,11,4,walk,
salisbury_court_playhouse,great_wardrobe,1661,11,4,walk,
great_wardrobe,home_seething_lane,1661,11,4,walk,
home_seething_lane,navy_office,1661,11,5,walk,
navy_office,home_seething_lane,1661,11,5,walk,
home_seething_lane,sir_w_batten_house,1661,11,5,walk,
sir_w_batten_house,dolphin_tavern,1661,11,5,walk,Sir W. Pen; Captain Cocke
dolphin_tavern,sir_w_batten_house,1661,11,5,walk,
sir_w_batten_house,home_seething_lane,1661,11,5,walk,
home_seething_lane,sun_fish_street,1661,11,6,walk,
sun_fish_street,victualling_office,1661,11,6,walk,
victualling_office,whitehall,1661,11,6,walk,Henry Moore
whitehall,home_seething_lane,1661,11,6,walk,
home_seething_lane,navy_office,1661,11,7,walk,
navy_office,home_seething_lane,1661,11,7,walk,
home_seething_lane,dr_williams_house,1661,11,7,walk,
dr_williams_house,uncle_fenner_house,1661,11,7,walk,
uncle_fenner_house,home_seething_lane,1661,11,7,walk,
home_seething_lane,lord_chancellors,1661,11,8,walk,
lord_chancellors,westminster_hall,1661,11,8,walk,
westminster_hall,sun_fish_street,1661,11,8,walk,
sun_fish_street,great_wardrobe,1661,11,8,walk,
great_wardrobe,dr_williams_house,1661,11,8,walk,
dr_williams_house,six_clerks_office,1661,11,8,walk,
six_clerks_office,tom_pepys_shop,1661,11,8,walk,
tom_pepys_shop,the_temple,1661,11,8,walk,
the_temple,home_seething_lane,1661,11,8,walk,
home_seething_lane,navy_office,1661,11,9,walk,
navy_office,great_wardrobe,1661,11,9,walk,
great_wardrobe,home_seething_lane,1661,11,9,walk,
home_seething_lane,parish_church,1661,11,10,walk,
parish_church,great_wardrobe,1661,11,10,walk,
great_wardrobe,st_gregorys,1661,11,10,walk,
st_gregorys,uncle_wight_house,1661,11,10,walk,Elizabeth Pepys
uncle_wight_house,sir_w_batten_house,1661,11,10,walk,
sir_w_batten_house,home_seething_lane,1661,11,10,walk,
home_seething_lane,great_wardrobe,1661,11,11,walk,
great_wardrobe,saracens_head,1661,11,11,walk,Mr. Townsend; Henry Moore
saracens_head,great_wardrobe,1661,11,11,walk,
great_wardrobe,gaming_house,1661,11,11,walk,Captain Ferrers
gaming_house,dancing_school,1661,11,11,walk,
dancing_school,great_wardrobe,1661,11,11,walk,
great_wardrobe,home_seething_lane,1661,11,11,coach,
home_seething_lane,navy_office,1661,11,12,walk,Sir W. Pen
navy_office,home_seething_lane,1661,11,12,walk,
home_seething_lane,lincolns_inn_playhouse,1661,11,12,walk,Sir W. Pen; Elizabeth Pepys
lincolns_inn_playhouse,greyhound_fleet_st,1661,11,12,walk,
greyhound_fleet_st,home_seething_lane,1661,11,12,walk,
home_seething_lane,whitehall,1661,11,13,walk,
whitehall,mrs_pierce_house,1661,11,13,walk,
mrs_pierce_house,lord_crews_house,1661,11,13,walk,
lord_crews_house,lincolns_inn_playhouse,1661,11,13,walk,
lincolns_inn_playhouse,home_seething_lane,1661,11,13,coach,
home_seething_lane,great_wardrobe,1661,11,15,walk,Elizabeth Pepys
great_wardrobe,whitehall,1661,11,15,walk,
whitehall,davenants_opera,1661,11,15,walk,Captain Ferrers; Elizabeth Pepys
davenants_opera,home_seething_lane,1661,11,15,coach,Elizabeth Pepys
home_seething_lane,navy_office,1661,11,16,walk,
navy_office,the_temple,1661,11,16,walk,
the_temple,home_seething_lane,1661,11,16,walk,
home_seething_lane,parish_church,1661,11,17,walk,
parish_church,sir_w_pen_house,1661,11,17,walk,
sir_w_pen_house,home_seething_lane,1661,11,17,walk,
home_seething_lane,parish_church,1661,11,17,walk,
parish_church,home_seething_lane,1661,11,17,walk,
home_seething_lane,westminster_hall,1661,11,18,coach,Sir W. Pen; Elizabeth Pepys
westminster_hall,st_pauls,1661,11,18,walk,Henry Moore
st_pauls,mr_battersbys_house,1661,11,18,walk,
mr_battersbys_house,father_bowyers_house,1661,11,18,walk,
father_bowyers_house,lincolns_inn_playhouse,1661,11,18,walk,Elizabeth Pepys
lincolns_inn_playhouse,home_seething_lane,1661,11,18,coach,Elizabeth Pepys
home_seething_lane,navy_office,1661,11,19,walk,Elizabeth Pepys
navy_office,cousin_scotts_house,1661,11,19,coach,Elizabeth Pepys
cousin_scotts_house,the_temple,1661,11,19,walk,
the_temple,doctors_commons,1661,11,19,walk,
doctors_commons,home_seething_lane,1661,11,19,walk,
home_seething_lane,westminster_hall,1661,11,20,boat,
westminster_hall,great_wardrobe,1661,11,20,walk,
great_wardrobe,the_temple,1661,11,20,walk,Henry Moore
the_temple,home_seething_lane,1661,11,20,walk,
home_seething_lane,the_temple,1661,11,21,walk,Henry Moore
the_temple,grays_inn,1661,11,21,walk,Henry Moore
grays_inn,pauls_churchyard,1661,11,21,walk,
pauls_churchyard,navy_office,1661,11,21,walk,
navy_office,dolphin_tavern,1661,11,21,walk,Sir W. Batten
dolphin_tavern,the_temple,1661,11,21,walk,
the_temple,home_seething_lane,1661,11,21,walk,
home_seething_lane,dolphin_tavern,1661,11,22,walk,Elizabeth Pepys
dolphin_tavern,the_temple,1661,11,22,walk,
the_temple,home_seething_lane,1661,11,22,walk,
home_seething_lane,cheapside,1661,11,23,coach,Commissioner Pett
cheapside,great_wardrobe,1661,11,23,walk,
great_wardrobe,navy_office,1661,11,23,walk,
navy_office,home_seething_lane,1661,11,23,walk,
home_seething_lane,st_clement_danes,1661,11,24,walk,
st_clement_danes,sun_behind_exchange,1661,11,24,walk,Captain Cocke
sun_behind_exchange,great_wardrobe,1661,11,24,walk,
great_wardrobe,mrs_turner_house,1661,11,24,walk,
mrs_turner_house,mitre_tavern,1661,11,24,walk,
mitre_tavern,sir_w_batten_house,1661,11,24,walk,
sir_w_batten_house,home_seething_lane,1661,11,24,walk,
home_seething_lane,westminster_hall,1661,11,25,walk,Captain Lambert
westminster_hall,dog_tavern,1661,11,25,walk,
dog_tavern,swan_westminster,1661,11,25,walk,Sir W. Pen
swan_westminster,lincolns_inn_playhouse,1661,11,25,walk,Sir W. Pen
lincolns_inn_playhouse,davenants_opera,1661,11,25,walk,
davenants_opera,fleece_covent_garden,1661,11,25,walk,
fleece_covent_garden,mitre_cheapside,1661,11,25,coach,Mr. Sanchy
mitre_cheapside,old_jewry,1661,11,25,walk,
old_jewry,home_seething_lane,1661,11,25,walk,
home_seething_lane,savills_painter,1661,11,27,walk,
savills_painter,great_wardrobe,1661,11,27,walk,
great_wardrobe,lincolns_inn_playhouse,1661,11,27,walk,Captain Ferrers; Henry Moore
lincolns_inn_playhouse,home_seething_lane,1661,11,27,walk,
home_seething_lane,navy_office,1661,11,28,walk,
navy_office,mark_lane_tavern,1661,11,28,walk,Mr. Gawden
mark_lane_tavern,lord_chancellors,1661,11,28,coach,Mr. Gawden
lord_chancellors,fountain_tavern,1661,11,28,walk,
fountain_tavern,home_seething_lane,1661,11,28,walk,Mr. Gawden
home_seething_lane,westminster_hall,1661,11,29,walk,
westminster_hall,mr_coventrys_lodgings,1661,11,29,walk,
mr_coventrys_lodgings,whitehall,1661,11,29,boat,
whitehall,lincolns_inn_playhouse,1661,11,29,walk,Sir W. Pen
lincolns_inn_playhouse,pauls_churchyard,1661,11,29,walk,
pauls_churchyard,home_seething_lane,1661,11,29,walk,
home_seething_lane,the_temple,1661,11,30,walk,
the_temple,great_wardrobe,1661,11,30,walk,
great_wardrobe,navy_office,1661,11,30,walk,
navy_office,home_seething_lane,1661,11,30,walk,
home_seething_lane,savills_painter,1661,12,2,walk,
savills_painter,home_seething_lane,1661,12,2,walk,Henry Moore
home_seething_lane,privy_seal,1661,12,2,walk,
privy_seal,davenants_opera,1661,12,2,coach,Mr. Sanchy
davenants_opera,home_seething_lane,1661,12,2,walk,
home_seething_lane,savills_painter,1661,12,3,walk,
savills_painter,the_temple,1661,12,3,walk,Henry Moore
the_temple,great_wardrobe,1661,12,3,walk,
great_wardrobe,navy_office,1661,12,3,boat,
navy_office,home_seething_lane,1661,12,3,walk,
home_seething_lane,whitehall,1661,12,4,boat,Sir W. Batten; Sir W. Pen
whitehall,the_temple,1661,12,4,walk,
the_temple,three_tuns_charing_cross,1661,12,4,walk,
three_tuns_charing_cross,savills_painter,1661,12,4,boat,Elizabeth Pepys
savills_painter,home_seething_lane,1661,12,4,coach,Elizabeth Pepys
home_seething_lane,savills_painter,1661,12,5,walk,
savills_painter,treasury_office,1661,12,5,walk,
treasury_office,home_seething_lane,1661,12,5,walk,
home_seething_lane,davenants_opera,1661,12,5,coach,Elizabeth Pepys; Sir W. Pen
davenants_opera,mrs_turner_house,1661,12,5,walk,
mrs_turner_house,home_seething_lane,1661,12,5,walk,
home_seething_lane,westminster_hall,1661,12,6,walk,
westminster_hall,dog_tavern,1661,12,6,walk,
dog_tavern,whitehall,1661,12,6,walk,
whitehall,three_tuns_charing_cross,1661,12,6,walk,
three_tuns_charing_cross,whitehall,1661,12,6,walk,
whitehall,home_seething_lane,1661,12,6,coach,
home_seething_lane,tower_stairs,1661,12,7,walk,
tower_stairs,worcester_house,1661,12,7,walk,Henry Moore
worcester_house,whitehall,1661,12,7,walk,
whitehall,wilkinsons,1661,12,7,walk,
wilkinsons,privy_seal,1661,12,7,walk,
privy_seal,navy_office,1661,12,7,boat,
navy_office,home_seething_lane,1661,12,7,walk,
home_seething_lane,great_wardrobe,1661,12,8,walk,
great_wardrobe,home_seething_lane,1661,12,8,walk,
home_seething_lane,whitehall,1661,12,9,walk,
whitehall,rhenish_wine_house,1661,12,9,walk,
rhenish_wine_house,great_wardrobe,1661,12,9,walk,
great_wardrobe,the_temple,1661,12,9,walk,Henry Moore
the_temple,home_seething_lane,1661,12,9,coach,
home_seething_lane,whitehall,1661,12,10,walk,
whitehall,lord_crews_house,1661,12,10,coach,
lord_crews_house,navy_office,1661,12,10,walk,
navy_office,home_seething_lane,1661,12,10,walk,
home_seething_lane,old_bailey,1661,12,11,walk,
old_bailey,mitre_tavern,1661,12,11,walk,
mitre_tavern,exchequer,1661,12,11,walk,
exchequer,home_seething_lane,1661,12,11,walk,
home_seething_lane,moorfields,1661,12,11,coach,Sir W. Pen
moorfields,sir_w_batten_house,1661,12,11,coach,
sir_w_batten_house,home_seething_lane,1661,12,11,walk,
home_seething_lane,dolphin_tavern,1661,12,12,walk,
dolphin_tavern,great_wardrobe,1661,12,12,walk,
great_wardrobe,my_lords_lodgings,1661,12,12,walk,
my_lords_lodgings,sir_w_pen_house,1661,12,12,walk,
sir_w_pen_house,home_seething_lane,1661,12,12,walk,
home_seething_lane,savills_painter,1661,12,13,walk,Elizabeth Pepys
savills_painter,navy_office,1661,12,13,walk,
navy_office,steelyard,1661,12,13,walk,
steelyard,home_seething_lane,1661,12,13,coach,
home_seething_lane,navy_office,1661,12,14,walk,
navy_office,home_seething_lane,1661,12,14,walk,
home_seething_lane,parish_church,1661,12,15,walk,
parish_church,sir_w_pen_house,1661,12,15,walk,
sir_w_pen_house,home_seething_lane,1661,12,15,walk,
home_seething_lane,parish_church,1661,12,15,walk,
parish_church,home_seething_lane,1661,12,15,walk,
home_seething_lane,great_wardrobe,1661,12,16,coach,
great_wardrobe,chelsea,1661,12,16,coach,Henry Moore
chelsea,westminster_hall,1661,12,16,coach,
westminster_hall,my_lords_lodgings,1661,12,16,walk,
my_lords_lodgings,davenants_opera,1661,12,16,walk,Elizabeth Pepys
davenants_opera,home_seething_lane,1661,12,16,coach,Elizabeth Pepys
home_seething_lane,savills_painter,1661,12,17,walk,
savills_painter,home_seething_lane,1661,12,17,walk,
home_seething_lane,privy_seal,1661,12,17,walk,
privy_seal,navy_office,1661,12,17,walk,
navy_office,home_seething_lane,1661,12,17,walk,
home_seething_lane,navy_office,1661,12,18,walk,
navy_office,great_wardrobe,1661,12,18,walk,Elizabeth Pepys
great_wardrobe,the_temple,1661,12,18,walk,
the_temple,great_wardrobe,1661,12,18,walk,
great_wardrobe,home_seething_lane,1661,12,18,walk,
home_seething_lane,savills_painter,1661,12,19,walk,Elizabeth Pepys
savills_painter,home_seething_lane,1661,12,19,coach,Elizabeth Pepys
home_seething_lane,dolphin_tavern,1661,12,19,walk,
dolphin_tavern,navy_office,1661,12,19,walk,
navy_office,home_seething_lane,1661,12,19,walk,
home_seething_lane,great_wardrobe,1661,12,20,walk,
great_wardrobe,cornhill,1661,12,20,walk,Henry Moore
cornhill,home_seething_lane,1661,12,20,walk,
home_seething_lane,whitehall,1661,12,21,walk,
whitehall,westminster_hall,1661,12,21,walk,
westminster_hall,dog_tavern,1661,12,21,walk,
dog_tavern,tom_pepys_shop,1661,12,21,walk,
tom_pepys_shop,navy_office,1661,12,21,coach,
navy_office,home_seething_lane,1661,12,21,walk,
home_seething_lane,parish_church,1661,12,22,walk,
parish_church,home_seething_lane,1661,12,22,walk,
home_seething_lane,great_wardrobe,1661,12,23,coach,Henry Moore
great_wardrobe,chelsea,1661,12,23,coach,
chelsea,westminster_hall,1661,12,23,coach,
westminster_hall,treasury_office,1661,12,23,walk,
treasury_office,tom_pepys_shop,1661,12,23,walk,
tom_pepys_shop,pauls_churchyard,1661,12,23,walk,
pauls_churchyard,star_cheapside,1661,12,23,walk,
star_cheapside,home_seething_lane,1661,12,23,coach,
home_seething_lane,navy_office,1661,12,24,walk,
navy_office,home_seething_lane,1661,12,24,walk,
home_seething_lane,parish_church,1661,12,25,walk,
parish_church,home_seething_lane,1661,12,25,walk,
home_seething_lane,sir_w_pen_house,1661,12,25,walk,
sir_w_pen_house,home_seething_lane,1661,12,25,walk,
home_seething_lane,treasury_office,1661,12,26,walk,Sir W. Pen
treasury_office,home_seething_lane,1661,12,26,walk,
home_seething_lane,moorfields,1661,12,26,coach,Sir W. Pen; Elizabeth Pepys
moorfields,home_seething_lane,1661,12,26,coach,Sir W. Pen
home_seething_lane,st_pauls,1661,12,27,walk,
st_pauls,home_seething_lane,1661,12,27,walk,
home_seething_lane,mr_knightlys_house,1661,12,27,walk,
mr_knightlys_house,sir_w_pen_house,1661,12,27,walk,
sir_w_pen_house,home_seething_lane,1661,12,27,walk,
home_seething_lane,navy_office,1661,12,28,walk,
navy_office,home_seething_lane,1661,12,28,walk,
home_seething_lane,westminster_hall,1661,12,29,coach,Elizabeth Pepys
westminster_hall,westminster_abbey,1661,12,29,walk,
westminster_abbey,whitehall,1661,12,29,walk,
whitehall,great_wardrobe,1661,12,29,walk,
great_wardrobe,home_seething_lane,1661,12,29,walk,
home_seething_lane,savills_painter,1661,12,30,walk,Elizabeth Pepys; Sir W. Pen
savills_painter,mitre_tavern,1661,12,30,walk,
mitre_tavern,sir_w_pen_house,1661,12,30,walk,
sir_w_pen_house,home_seething_lane,1661,12,30,walk,
home_seething_lane,savills_painter,1661,12,31,walk,Elizabeth Pepys
savills_painter,home_seething_lane,1661,12,31,walk,Elizabeth Pepys
home_seething_lane,navy_office,1661,12,31,walk,
navy_office,home_seething_lane,1661,12,31,walk,
home_seething_lane,lincolns_inn_playhouse,1662,1,1,coach,Elizabeth Pepys; Mr. W. Pen; Mrs. Margaret Pen
lincolns_inn_playhouse,home_seething_lane,1662,1,1,coach,
home_seething_lane,navy_office,1662,1,2,walk,Elizabeth Pepys
navy_office,great_wardrobe,1662,1,2,boat,
great_wardrobe,navy_office,1662,1,2,boat,
navy_office,coffee_house_cornhill,1662,1,2,walk,
coffee_house_cornhill,home_seething_lane,1662,1,2,walk,
home_seething_lane,tom_pepys_shop,1662,1,3,walk,
tom_pepys_shop,lord_crews_house,1662,1,3,walk,
lord_crews_house,faithornes,1662,1,3,walk,
faithornes,home_seething_lane,1662,1,3,walk,
home_seething_lane,westminster_hall,1662,1,4,boat,Elizabeth Pepys
westminster_hall,my_lords_lodgings,1662,1,4,walk,
my_lords_lodgings,wilkinsons,1662,1,4,walk,Elizabeth Pepys
wilkinsons,home_seething_lane,1662,1,4,coach,Elizabeth Pepys
home_seething_lane,sir_w_pen_house,1662,1,4,walk,Elizabeth Pepys
sir_w_pen_house,home_seething_lane,1662,1,4,walk,
home_seething_lane,parish_church,1662,1,5,walk,
parish_church,sir_w_batten_house,1662,1,5,walk,
sir_w_batten_house,home_seething_lane,1662,1,5,walk,
home_seething_lane,parish_church,1662,1,5,walk,
parish_church,home_seething_lane,1662,1,5,walk,
home_seething_lane,savills_painter,1662,1,6,walk,
savills_painter,sir_w_pen_house,1662,1,6,walk,
sir_w_pen_house,home_seething_lane,1662,1,6,walk,
home_seething_lane,sir_w_pen_house,1662,1,6,walk,
sir_w_pen_house,home_seething_lane,1662,1,7,walk,
home_seething_lane,stepney,1662,1,7,walk,Sir W. Pen
stepney,home_seething_lane,1662,1,7,coach,Elizabeth Pepys; Sir W. Pen
home_seething_lane,navy_office,1662,1,7,walk,
navy_office,sir_w_pen_house,1662,1,7,walk,
sir_w_pen_house,home_seething_lane,1662,1,7,walk,
home_seething_lane,westminster_hall,1662,1,8,walk,
westminster_hall,great_wardrobe,1662,1,8,boat,
great_wardrobe,navy_office,1662,1,8,walk,
navy_office,sir_w_batten_house,1662,1,8,walk,
sir_w_batten_house,home_seething_lane,1662,1,8,walk,
home_seething_lane,navy_office,1662,1,9,walk,
navy_office,home_seething_lane,1662,1,9,walk,
home_seething_lane,whitehall,1662,1,10,walk,Henry Moore
whitehall,westminster_hall,1662,1,10,walk,
westminster_hall,great_wardrobe,1662,1,10,walk,
great_wardrobe,mrs_hunts_house,1662,1,10,walk,Elizabeth Pepys
mrs_hunts_house,home_seething_lane,1662,1,10,coach,Elizabeth Pepys
home_seething_lane,royal_exchange,1662,1,11,walk,Tom Pepys
royal_exchange,home_seething_lane,1662,1,11,walk,
home_seething_lane,navy_office,1662,1,11,walk,
navy_office,sir_w_batten_house,1662,1,11,walk,
sir_w_batten_house,home_seething_lane,1662,1,11,walk,
home_seething_lane,parish_church,1662,1,12,walk,
parish_church,home_seething_lane,1662,1,12,walk,
home_seething_lane,whitehall,1662,1,12,coach,Elizabeth Pepys
whitehall,mrs_pierce_house,1662,1,12,walk,Elizabeth Pepys
mrs_pierce_house,mrs_turner_house,1662,1,12,walk,
mrs_turner_house,home_seething_lane,1662,1,12,coach,Elizabeth Pepys
home_seething_lane,navy_office,1662,1,14,walk,
navy_office,home_seething_lane,1662,1,14,walk,
home_seething_lane,pauls_churchyard,1662,1,16,walk,
pauls_churchyard,savills_painter,1662,1,16,walk,
savills_painter,home_seething_lane,1662,1,16,walk,
home_seething_lane,navy_office,1662,1,16,walk,
navy_office,sir_w_batten_house,1662,1,16,walk,
sir_w_batten_house,home_seething_lane,1662,1,16,walk,
home_seething_lane,westminster_hall,1662,1,17,walk,Henry Moore
westminster_hall,lord_crews_house,1662,1,17,walk,
lord_crews_house,mr_george_montagus_house,1662,1,17,walk,
mr_george_montagus_house,lord_crews_house,1662,1,17,walk,
lord_crews_house,great_wardrobe,1662,1,17,walk,
great_wardrobe,home_seething_lane,1662,1,17,walk,Elizabeth Pepys
home_seething_lane,dr_williams_house,1662,1,18,walk,
dr_williams_house,pauls_churchyard,1662,1,18,walk,
pauls_churchyard,great_wardrobe,1662,1,18,walk,
great_wardrobe,navy_office,1662,1,18,walk,
navy_office,home_seething_lane,1662,1,18,walk,
home_seething_lane,parish_church,1662,1,19,walk,
parish_church,home_seething_lane,1662,1,19,walk,
home_seething_lane,mrs_turner_house,1662,1,19,walk,Elizabeth Pepys
mrs_turner_house,old_bailey,1662,1,19,walk,Elizabeth Pepys
old_bailey,uncle_wight_house,1662,1,19,walk,
uncle_wight_house,sir_w_batten_house,1662,1,19,walk,
sir_w_batten_house,home_seething_lane,1662,1,19,walk,
home_seething_lane,navy_office,1662,1,20,walk,
navy_office,sir_w_batten_house,1662,1,20,walk,
sir_w_batten_house,navy_office,1662,1,20,walk,
navy_office,home_seething_lane,1662,1,20,walk,
home_seething_lane,navy_office,1662,1,21,walk,
navy_office,sir_w_batten_house,1662,1,21,walk,
sir_w_batten_house,navy_office,1662,1,21,walk,
navy_office,home_seething_lane,1662,1,21,walk,
home_seething_lane,whitehall,1662,1,22,walk,
whitehall,westminster_hall,1662,1,22,walk,
westminster_hall,mr_george_montagus_house,1662,1,22,walk,
mr_george_montagus_house,great_wardrobe,1662,1,22,walk,Elizabeth Pepys
great_wardrobe,home_seething_lane,1662,1,22,walk,
home_seething_lane,uncle_fenner_house,1662,1,23,coach,Elizabeth Pepys
uncle_fenner_house,three_crane_tavern,1662,1,23,walk,
three_crane_tavern,uncle_wight_house,1662,1,23,coach,Elizabeth Pepys
uncle_wight_house,navy_office,1662,1,23,walk,
navy_office,uncle_wight_house,1662,1,23,walk,
uncle_wight_house,home_seething_lane,1662,1,23,walk,
home_seething_lane,savills_painter,1662,1,24,walk,
savills_painter,great_wardrobe,1662,1,24,walk,
great_wardrobe,popes_head,1662,1,24,walk,
popes_head,home_seething_lane,1662,1,24,walk,
home_seething_lane,trinity_house,1662,1,25,walk,Sir W. Pen
trinity_house,navy_office,1662,1,25,walk,
navy_office,sir_w_pen_house,1662,1,25,walk,
sir_w_pen_house,home_seething_lane,1662,1,25,walk,
home_seething_lane,parish_church,1662,1,26,walk,
parish_church,home_seething_lane,1662,1,26,walk,
home_seething_lane,deptford,1662,1,27,boat,Sir W. Batten; Sir W. Pen
deptford,woolwich,1662,1,27,boat,
woolwich,home_seething_lane,1662,1,27,boat,
home_seething_lane,savills_painter,1662,1,28,walk,Elizabeth Pepys
savills_painter,home_seething_lane,1662,1,28,walk,
home_seething_lane,navy_office,1662,1,28,walk,
navy_office,home_seething_lane,1662,1,28,walk,
home_seething_lane,westminster_hall,1662,1,29,walk,
westminster_hall,great_wardrobe,1662,1,29,walk,
great_wardrobe,home_seething_lane,1662,1,29,walk,
home_seething_lane,parish_church,1662,1,30,walk,
parish_church,home_seething_lane,1662,1,30,walk,
home_seething_lane,navy_office,1662,2,1,walk,
navy_office,savills_painter,1662,2,1,walk,Commissioner Pett
savills_painter,great_wardrobe,1662,2,1,walk,
great_wardrobe,navy_office,1662,2,1,walk,
navy_office,home_seething_lane,1662,2,1,walk,
home_seething_lane,parish_church,1662,2,2,walk,
parish_church,home_seething_lane,1662,2,2,walk,
home_seething_lane,sir_w_batten_house,1662,2,3,walk,
sir_w_batten_house,navy_office,1662,2,3,walk,
navy_office,sir_w_batten_house,1662,2,3,walk,
sir_w_batten_house,trinity_house,1662,2,3,walk,
trinity_house,home_seething_lane,1662,2,3,walk,
home_seething_lane,westminster_hall,1662,2,4,walk,
westminster_hall,lord_crews_house,1662,2,4,walk,
lord_crews_house,navy_office,1662,2,4,walk,
navy_office,home_seething_lane,1662,2,4,walk,
home_seething_lane,navy_office,1662,2,5,walk,
navy_office,lincolns_inn_playhouse,1662,2,5,walk,Sir W. Pen; Elizabeth Pepys
lincolns_inn_playhouse,sir_w_pen_house,1662,2,5,walk,Sir W. Pen
sir_w_pen_house,home_seething_lane,1662,2,5,walk,
home_seething_lane,navy_office,1662,2,6,walk,
navy_office,home_seething_lane,1662,2,6,walk,
home_seething_lane,blackfriars,1662,2,7,boat,Elizabeth Pepys; Commissioner Pett
blackfriars,westminster_hall,1662,2,7,boat,Commissioner Pett
westminster_hall,great_wardrobe,1662,2,7,walk,
great_wardrobe,savills_painter,1662,2,7,walk,
savills_painter,home_seething_lane,1662,2,7,coach,
home_seething_lane,navy_office,1662,2,8,walk,
navy_office,home_seething_lane,1662,2,8,walk,
home_seething_lane,pauls_churchyard,1662,2,10,walk,
pauls_churchyard,home_seething_lane,1662,2,10,walk,
home_seething_lane,navy_office,1662,2,11,walk,
navy_office,home_seething_lane,1662,2,11,walk,
home_seething_lane,westminster_hall,1662,2,12,walk,
westminster_hall,lord_crews_house,1662,2,12,walk,
lord_crews_house,great_wardrobe,1662,2,12,walk,
great_wardrobe,home_seething_lane,1662,2,12,walk,
home_seething_lane,westminster_hall,1662,2,14,coach,Elizabeth Pepys
westminster_hall,great_wardrobe,1662,2,14,walk,
great_wardrobe,home_seething_lane,1662,2,14,coach,Elizabeth Pepys
home_seething_lane,trinity_house,1662,2,15,walk,Sir W. Batten; Sir W. Pen
trinity_house,navy_office,1662,2,15,walk,
navy_office,sir_w_batten_house,1662,2,15,walk,
sir_w_batten_house,home_seething_lane,1662,2,15,walk,
home_seething_lane,parish_church,1662,2,16,walk,
parish_church,st_brides,1662,2,16,walk,
st_brides,mrs_turner_house,1662,2,16,walk,
mrs_turner_house,uncle_wight_house,1662,2,16,walk,
uncle_wight_house,home_seething_lane,1662,2,16,walk,
home_seething_lane,deptford,1662,2,17,boat,Sir W. Batten; Sir W. Pen; Captain Cocke
deptford,woolwich,1662,2,17,boat,
woolwich,dolphin_tavern,1662,2,17,boat,
dolphin_tavern,home_seething_lane,1662,2,17,walk,
home_seething_lane,navy_office,1662,2,18,walk,
navy_office,great_wardrobe,1662,2,18,walk,
great_wardrobe,davenants_opera,1662,2,18,walk,Elizabeth Pepys; Sir W. Pen
davenants_opera,home_seething_lane,1662,2,18,walk,
home_seething_lane,trinity_house,1662,2,19,walk,
trinity_house,great_wardrobe,1662,2,19,walk,
great_wardrobe,home_seething_lane,1662,2,19,walk,
home_seething_lane,great_wardrobe,1662,2,20,walk,
great_wardrobe,savills_painter,1662,2,20,walk,
savills_painter,navy_office,1662,2,20,walk,
navy_office,home_seething_lane,1662,2,20,walk,
home_seething_lane,lord_crews_house,1662,2,21,walk,
lord_crews_house,home_seething_lane,1662,2,21,walk,
home_seething_lane,navy_office,1662,2,22,walk,
navy_office,great_wardrobe,1662,2,22,walk,
great_wardrobe,home_seething_lane,1662,2,22,walk,
home_seething_lane,savills_painter,1662,2,24,walk,
savills_painter,southwark,1662,2,24,boat,
southwark,home_seething_lane,1662,2,24,walk,
home_seething_lane,navy_office,1662,2,25,walk,
navy_office,coffee_house_cornhill,1662,2,25,walk,Henry Moore
coffee_house_cornhill,home_seething_lane,1662,2,25,walk,
home_seething_lane,navy_office,1662,2,25,walk,
navy_office,home_seething_lane,1662,2,25,walk,
home_seething_lane,navy_office,1662,2,27,walk,
navy_office,home_seething_lane,1662,2,27,walk,
home_seething_lane,whitehall,1662,2,28,coach,Sir W. Pen
whitehall,savills_painter,1662,2,28,boat,
savills_painter,home_seething_lane,1662,2,28,walk,
home_seething_lane,navy_office,1662,2,28,walk,
navy_office,home_seething_lane,1662,2,28,walk,
home_seething_lane,navy_office,1662,3,1,walk,
navy_office,home_seething_lane,1662,3,1,walk,
home_seething_lane,savills_painter,1662,3,1,coach,Elizabeth Pepys
savills_painter,davenants_opera,1662,3,1,coach,Elizabeth Pepys
davenants_opera,home_seething_lane,1662,3,1,coach,Elizabeth Pepys
home_seething_lane,parish_church,1662,3,2,walk,
parish_church,home_seething_lane,1662,3,2,walk,
home_seething_lane,navy_office,1662,3,3,walk,
navy_office,sir_w_pen_house,1662,3,3,walk,
sir_w_pen_house,home_seething_lane,1662,3,3,walk,
home_seething_lane,navy_office,1662,3,4,walk,Elizabeth Pepys
navy_office,home_seething_lane,1662,3,4,walk,
home_seething_lane,moorfields,1662,3,4,coach,Sir W. Pen; Elizabeth Pepys
moorfields,popes_head,1662,3,4,walk,
popes_head,home_seething_lane,1662,3,4,walk,
home_seething_lane,savills_painter,1662,3,5,walk,
savills_painter,tom_pepys_shop,1662,3,5,walk,
tom_pepys_shop,great_wardrobe,1662,3,5,walk,
great_wardrobe,navy_office,1662,3,5,walk,
navy_office,home_seething_lane,1662,3,5,walk,
home_seething_lane,navy_office,1662,3,6,coach,Sir J. Minnes
navy_office,dolphin_tavern,1662,3,6,walk,
dolphin_tavern,navy_office,1662,3,6,walk,
navy_office,sir_w_batten_house,1662,3,6,walk,
sir_w_batten_house,home_seething_lane,1662,3,6,walk,
home_seething_lane,whitehall_chapel,1662,3,7,walk,
whitehall_chapel,great_wardrobe,1662,3,7,walk,
great_wardrobe,navy_office,1662,3,7,walk,
navy_office,home_seething_lane,1662,3,7,walk,
home_seething_lane,westminster_hall,1662,3,8,boat,Sir W. Batten
westminster_hall,swan_westminster,1662,3,8,walk,
swan_westminster,trinity_house,1662,3,8,walk,
trinity_house,navy_office,1662,3,8,walk,
navy_office,home_seething_lane,1662,3,8,walk,
home_seething_lane,parish_church,1662,3,9,walk,
parish_church,sir_w_batten_house,1662,3,9,walk,
sir_w_batten_house,sir_w_pen_house,1662,3,9,walk,
sir_w_pen_house,home_seething_lane,1662,3,9,walk,
home_seething_lane,navy_office,1662,3,10,walk,
navy_office,sir_w_batten_house,1662,3,10,walk,
sir_w_batten_house,treasury_office,1662,3,10,walk,
treasury_office,sir_w_batten_house,1662,3,10,walk,
sir_w_batten_house,home_seething_lane,1662,3,10,walk,
home_seething_lane,navy_office,1662,3,11,walk,Sir W. Batten
navy_office,home_seething_lane,1662,3,11,walk,
home_seething_lane,navy_office,1662,3,12,walk,
navy_office,home_seething_lane,1662,3,12,walk,
home_seething_lane,navy_office,1662,3,13,walk,
navy_office,home_seething_lane,1662,3,13,walk,
home_seething_lane,navy_office,1662,3,14,walk,
navy_office,uncle_wight_house,1662,3,14,walk,
uncle_wight_house,home_seething_lane,1662,3,14,walk,
home_seething_lane,whitehall,1662,3,15,coach,Sir W. Batten; Sir W. Pen
whitehall,royal_exchange,1662,3,15,walk,
royal_exchange,navy_office,1662,3,15,walk,
navy_office,home_seething_lane,1662,3,15,walk,
home_seething_lane,great_wardrobe,1662,3,16,walk,
great_wardrobe,whitehall,1662,3,16,walk,
whitehall,st_james_park,1662,3,16,walk,
st_james_park,tom_pepys_shop,1662,3,16,walk,
tom_pepys_shop,sir_w_pen_house,1662,3,16,walk,
sir_w_pen_house,home_seething_lane,1662,3,16,walk,
home_seething_lane,navy_office,1662,3,17,coach,
navy_office,royal_exchange,1662,3,17,walk,
royal_exchange,navy_office,1662,3,17,walk,
navy_office,home_seething_lane,1662,3,17,walk,
home_seething_lane,navy_office,1662,3,18,walk,Elizabeth Pepys
navy_office,home_seething_lane,1662,3,18,walk,
home_seething_lane,navy_office,1662,3,19,boat,
navy_office,home_seething_lane,1662,3,19,walk,
home_seething_lane,navy_office,1662,3,20,walk,
navy_office,royal_exchange,1662,3,20,walk,
royal_exchange,navy_office,1662,3,20,walk,
navy_office,home_seething_lane,1662,3,20,walk,
home_seething_lane,whitehall,1662,3,21,boat,Sir W. Batten
whitehall,westminster_hall,1662,3,21,walk,
westminster_hall,great_wardrobe,1662,3,21,walk,
great_wardrobe,savills_painter,1662,3,21,walk,
savills_painter,navy_office,1662,3,21,walk,
navy_office,home_seething_lane,1662,3,21,walk,
home_seething_lane,navy_office,1662,3,22,walk,
navy_office,ship_lewes,1662,3,22,boat,Sir W. Batten; Sir W. Pen
ship_lewes,home_seething_lane,1662,3,22,boat,
home_seething_lane,parish_church,1662,3,23,walk,
parish_church,sir_w_batten_house,1662,3,23,walk,
sir_w_batten_house,westminster_hall,1662,3,23,coach,Elizabeth Pepys
westminster_hall,mrs_hunts_house,1662,3,23,walk,
mrs_hunts_house,whitehall,1662,3,23,walk,
whitehall,great_wardrobe,1662,3,23,walk,Elizabeth Pepys
great_wardrobe,sir_w_batten_house,1662,3,23,walk,
sir_w_batten_house,home_seething_lane,1662,3,23,walk,
home_seething_lane,navy_office,1662,3,24,walk,Sir G. Carteret
navy_office,bear_bridge_foot,1662,3,24,walk,Mrs. Pierce
bear_bridge_foot,navy_office,1662,3,24,boat,
navy_office,old_swan,1662,3,24,walk,
old_swan,new_exchange,1662,3,24,boat,
new_exchange,tom_pepys_shop,1662,3,24,coach,Elizabeth Pepys
tom_pepys_shop,sir_w_batten_house,1662,3,24,walk,
sir_w_batten_house,home_seething_lane,1662,3,24,walk,
home_seething_lane,deptford,1662,3,27,coach,Sir G. Carteret; Sir W. Batten; Sir W. Pen
deptford,navy_office,1662,3,27,coach,
navy_office,home_seething_lane,1662,3,27,walk,
home_seething_lane,navy_office,1662,3,28,walk,
navy_office,home_seething_lane,1662,3,28,walk,
home_seething_lane,navy_office,1662,3,29,walk,
navy_office,great_wardrobe,1662,3,29,walk,
great_wardrobe,home_seething_lane,1662,3,29,walk,
home_seething_lane,parish_church,1662,3,30,walk,
parish_church,home_seething_lane,1662,3,30,walk,
home_seething_lane,navy_office,1662,3,31,walk,Elizabeth Pepys
navy_office,tom_pepys_shop,1662,3,31,walk,
tom_pepys_shop,lord_crews_house,1662,3,31,walk,
lord_crews_house,lincolns_inn_playhouse,1662,3,31,walk,Sir W. Pen
lincolns_inn_playhouse,home_seething_lane,1662,3,31,walk,
home_seething_lane,navy_office,1662,4,1,walk,
navy_office,great_wardrobe,1662,4,1,walk,Elizabeth Pepys
great_wardrobe,davenants_opera,1662,4,1,walk,Elizabeth Pepys; Lady Paulina; Lady Jemimah
davenants_opera,the_grange,1662,4,1,walk,Lady Paulina
the_grange,davenants_opera,1662,4,1,walk,
davenants_opera,islington,1662,4,1,coach,Elizabeth Pepys; Lady Paulina; Lady Jemimah
islington,home_seething_lane,1662,4,1,coach,Elizabeth Pepys
home_seething_lane,spital,1662,4,2,walk,Henry Moore
spital,home_seething_lane,1662,4,2,walk,
home_seething_lane,davenants_opera,1662,4,2,boat,Elizabeth Pepys
davenants_opera,home_seething_lane,1662,4,2,walk,Elizabeth Pepys
home_seething_lane,navy_office,1662,4,3,walk,
navy_office,home_seething_lane,1662,4,3,walk,
home_seething_lane,deptford,1662,4,4,boat,Sir G. Carteret; Sir W. Batten; Sir W. Pen
deptford,woolwich,1662,4,4,boat,Sir W. Pen
woolwich,deptford,1662,4,4,boat,
deptford,home_seething_lane,1662,4,4,boat,
home_seething_lane,navy_office,1662,4,5,walk,
navy_office,royal_exchange,1662,4,5,walk,
royal_exchange,great_wardrobe,1662,4,5,walk,
great_wardrobe,uncle_wight_house,1662,4,5,walk,Elizabeth Pepys
uncle_wight_house,moorfields,1662,4,5,coach,Elizabeth Pepys
moorfields,islington,1662,4,5,coach,
islington,home_seething_lane,1662,4,5,coach,Elizabeth Pepys
home_seething_lane,whitehall,1662,4,6,boat,
whitehall,whitehall_chapel,1662,4,6,walk,
whitehall_chapel,sir_g_carterets_house,1662,4,6,walk,
sir_g_carterets_house,st_james_park,1662,4,6,walk,
st_james_park,milford_stairs,1662,4,6,walk,
milford_stairs,grays_inn,1662,4,6,boat,
grays_inn,great_wardrobe,1662,4,6,walk,
great_wardrobe,pauls_wharf,1662,4,6,walk,
pauls_wharf,home_seething_lane,1662,4,6,boat,
home_seething_lane,sir_w_pen_house,1662,4,6,walk,
sir_w_pen_house,home_seething_lane,1662,4,6,walk,
home_seething_lane,westminster_hall,1662,4,7,boat,
westminster_hall,tom_pepys_shop,1662,4,7,walk,
tom_pepys_shop,old_exchange,1662,4,7,walk,Elizabeth Pepys
old_exchange,mr_rawlinsons_house,1662,4,7,walk,
mr_rawlinsons_house,navy_office,1662,4,7,walk,
navy_office,home_seething_lane,1662,4,7,walk,
home_seething_lane,navy_office,1662,4,8,walk,
navy_office,home_seething_lane,1662,4,8,walk,
home_seething_lane,whitehall,1662,4,8,coach,
whitehall,home_seething_lane,1662,4,8,coach,Elizabeth Pepys
home_seething_lane,navy_office,1662,4,9,walk,
navy_office,dolphin_tavern,1662,4,9,walk,
dolphin_tavern,royal_exchange,1662,4,9,walk,
royal_exchange,mrs_turner_house,1662,4,9,walk,
mrs_turner_house,home_seething_lane,1662,4,9,walk,
home_seething_lane,westminster_hall,1662,4,10,boat,
westminster_hall,great_wardrobe,1662,4,10,walk,
great_wardrobe,navy_office,1662,4,10,walk,
navy_office,home_seething_lane,1662,4,10,walk,
home_seething_lane,deptford,1662,4,11,boat,Sir W. Pen
deptford,greenwich,1662,4,11,walk,
greenwich,woolwich,1662,4,11,walk,Sir W. Pen
woolwich,greenwich,1662,4,11,boat,
greenwich,globe_greenwich,1662,4,11,walk,
globe_greenwich,home_seething_lane,1662,4,11,boat,
home_seething_lane,royal_exchange,1662,4,11,walk,
royal_exchange,home_seething_lane,1662,4,11,walk,
home_seething_lane,navy_office,1662,4,12,walk,
navy_office,home_seething_lane,1662,4,12,walk,
home_seething_lane,st_pauls,1662,4,13,walk,
st_pauls,great_wardrobe,1662,4,13,walk,
great_wardrobe,temple_church,1662,4,13,walk,
temple_church,grays_inn,1662,4,13,walk,Mr. Pickering
grays_inn,home_seething_lane,1662,4,13,walk,
home_seething_lane,sir_w_pen_house,1662,4,13,walk,
sir_w_pen_house,home_seething_lane,1662,4,13,walk,
home_seething_lane,savills_painter,1662,4,14,walk,Elizabeth Pepys
savills_painter,paternoster_row,1662,4,14,walk,
paternoster_row,home_seething_lane,1662,4,14,walk,
home_seething_lane,navy_office,1662,4,15,coach,Elizabeth Pepys
navy_office,home_seething_lane,1662,4,15,walk,
home_seething_lane,new_exchange,1662,4,15,coach,Elizabeth Pepys
new_exchange,home_seething_lane,1662,4,15,coach,Elizabeth Pepys
home_seething_lane,whitehall,1662,4,17,walk,
whitehall,home_seething_lane,1662,4,17,walk,
home_seething_lane,navy_office,1662,4,18,walk,
navy_office,home_seething_lane,1662,4,18,walk,
home_seething_lane,aldgate,1662,4,19,walk,
aldgate,navy_office,1662,4,19,walk,
navy_office,whitehall,1662,4,19,coach,
whitehall,home_seething_lane,1662,4,19,coach,Elizabeth Pepys
home_seething_lane,st_pauls,1662,4,20,walk,
st_pauls,great_wardrobe,1662,4,20,walk,
great_wardrobe,whitehall,1662,4,20,walk,
whitehall,whitehall_chapel,1662,4,20,walk,
whitehall_chapel,mr_blagraves_house,1662,4,20,walk,
mr_blagraves_house,home_seething_lane,1662,4,20,boat,
home_seething_lane,westminster_hall,1662,4,21,walk,
westminster_hall,lord_crews_house,1662,4,21,walk,
lord_crews_house,anthony_joyces_house,1662,4,21,walk,
anthony_joyces_house,home_seething_lane,1662,4,21,walk,
home_seething_lane,lambeth,1662,4,22,coach,Sir W. Pen; Sir G. Carteret; Dr. Clerke
lambeth,guildford,1662,4,22,coach,Sir W. Pen; Sir G. Carteret; Dr. Clerke
guildford,petersfield,1662,4,23,coach,Sir G. Carteret; Dr. Clerke
petersfield,portsmouth,1662,4,23,coach,
portsmouth,portsmouth_dock,1662,4,24,walk,Sir W. Pen
portsmouth_dock,mr_tippets_house,1662,4,24,walk,
mr_tippets_house,portsmouth,1662,4,25,walk,
portsmouth,mr_tippets_house,1662,4,25,walk,
mr_tippets_house,portsmouth,1662,4,26,walk,
portsmouth,gosport,1662,4,26,boat,Sir G. Carteret
gosport,southampton,1662,4,26,horse,Sir G. Carteret
southampton,portsmouth,1662,4,26,horse,
portsmouth,portsmouth_dock,1662,4,26,walk,
portsmouth_dock,portsmouth,1662,4,27,coach,
portsmouth,portsmouth_dock,1662,4,27,coach,
portsmouth_dock,ship_swallow,1662,4,27,walk,Sir W. Batten
ship_swallow,portsmouth,1662,4,27,walk,
portsmouth,portsmouth_dock,1662,4,29,walk,
portsmouth_dock,portsmouth,1662,4,29,walk,
portsmouth,mrs_pierces_lodging_portsmouth,1662,4,29,walk,Mrs. Pierce
mrs_pierces_lodging_portsmouth,portsmouth_dock,1662,4,29,walk,Dr. Clerke
portsmouth_dock,portsmouth,1662,4,30,walk,
portsmouth,mrs_pierces_lodging_portsmouth,1662,4,30,walk,Mrs. Pierce; Dr. Clerke
mrs_pierces_lodging_portsmouth,portsmouth_dock,1662,4,30,walk,Dr. Clerke
portsmouth_dock,portsmouth,1662,5,1,walk,
portsmouth,petersfield,1662,5,1,coach,Sir G. Carteret; Sir W. Pen
petersfield,guildford,1662,5,1,coach,Sir G. Carteret; Sir W. Pen
guildford,kingston,1662,5,2,coach,
kingston,home_seething_lane,1662,5,2,coach,
home_seething_lane,dr_clerkes_house,1662,5,2,coach,
dr_clerkes_house,my_lords_lodgings,1662,5,2,walk,
my_lords_lodgings,mrs_hunts_house,1662,5,2,walk,
mrs_hunts_house,home_seething_lane,1662,5,2,walk,Elizabeth Pepys
home_seething_lane,st_james_palace,1662,5,3,coach,Sir W. Pen
st_james_palace,westminster_hall,1662,5,3,walk,
westminster_hall,great_wardrobe,1662,5,3,walk,
great_wardrobe,tower,1662,5,3,walk,
tower,home_seething_lane,1662,5,3,walk,
home_seething_lane,great_wardrobe,1662,5,3,walk,
great_wardrobe,home_seething_lane,1662,5,3,walk,
home_seething_lane,parish_church,1662,5,4,walk,
parish_church,tom_pepys_shop,1662,5,4,walk,Elizabeth Pepys
tom_pepys_shop,mrs_turner_house,1662,5,4,walk,
mrs_turner_house,grays_inn,1662,5,4,walk,Elizabeth Pepys
grays_inn,anthony_joyces_house,1662,5,4,walk,
anthony_joyces_house,sir_w_pen_house,1662,5,4,walk,
sir_w_pen_house,home_seething_lane,1662,5,4,walk,
home_seething_lane,navy_office,1662,5,6,walk,
navy_office,royal_exchange,1662,5,6,walk,
royal_exchange,home_seething_lane,1662,5,6,walk,
home_seething_lane,westminster_hall,1662,5,7,walk,
westminster_hall,lord_crews_house,1662,5,7,walk,
lord_crews_house,pauls_churchyard,1662,5,7,walk,
pauls_churchyard,hyde_park,1662,5,7,coach,Mrs. Turner
hyde_park,mrs_turner_house,1662,5,7,coach,
mrs_turner_house,home_seething_lane,1662,5,7,walk,Elizabeth Pepys
home_seething_lane,navy_office,1662,5,8,walk,
navy_office,great_wardrobe,1662,5,8,walk,
great_wardrobe,royal_exchange,1662,5,8,coach,Sir G. Carteret
royal_exchange,home_seething_lane,1662,5,8,walk,
home_seething_lane,navy_office,1662,5,8,walk,
navy_office,home_seething_lane,1662,5,8,walk,
home_seething_lane,navy_office,1662,5,9,walk,
navy_office,westminster_hall,1662,5,9,walk,
westminster_hall,mr_de_cretz_house,1662,5,9,walk,
mr_de_cretz_house,covent_garden,1662,5,9,walk,Mr. Salisbury
covent_garden,the_temple,1662,5,9,walk,
the_temple,home_seething_lane,1662,5,9,boat,
home_seething_lane,navy_office,1662,5,10,walk,
navy_office,home_seething_lane,1662,5,10,walk,
home_seething_lane,davenants_opera,1662,5,10,coach,Elizabeth Pepys
davenants_opera,tower_wharf,1662,5,10,walk,
tower_wharf,halfway_house,1662,5,10,boat,Elizabeth Pepys
halfway_house,home_seething_lane,1662,5,10,walk,Elizabeth Pepys
home_seething_lane,mortlake,1662,5,12,boat,Elizabeth Pepys; Mr. Townsend
mortlake,richmond,1662,5,12,walk,
richmond,teddington,1662,5,12,boat,
teddington,hampton_court,1662,5,12,walk,Mr. Townsend
hampton_court,home_seething_lane,1662,5,12,boat,Elizabeth Pepys
home_seething_lane,westminster_hall,1662,5,14,walk,
westminster_hall,great_wardrobe,1662,5,14,walk,
great_wardrobe,tom_pepys_shop,1662,5,14,walk,
tom_pepys_shop,pauls_churchyard,1662,5,14,walk,
pauls_churchyard,home_seething_lane,1662,5,14,walk,
home_seething_lane,navy_office,1662,5,15,walk,
navy_office,home_seething_lane,1662,5,15,walk,
home_seething_lane,navy_office,1662,5,16,walk,
navy_office,home_seething_lane,1662,5,16,walk,
home_seething_lane,the_temple,1662,5,17,walk,
the_temple,westminster_hall,1662,5,17,walk,Henry Moore
westminster_hall,great_wardrobe,1662,5,17,walk,
great_wardrobe,paternoster_row,1662,5,17,walk,
paternoster_row,navy_office,1662,5,17,walk,
navy_office,tom_pepys_shop,1662,5,17,walk,
tom_pepys_shop,home_seething_lane,1662,5,17,walk,
home_seething_lane,whitehall,1662,5,18,boat,
whitehall,whitehall_chapel,1662,5,18,walk,
whitehall_chapel,sir_g_carterets_house,1662,5,18,walk,
sir_g_carterets_house,whitehall_chapel,1662,5,18,walk,
whitehall_chapel,whitehall,1662,5,18,walk,
whitehall,home_seething_lane,1662,5,18,coach,
home_seething_lane,the_temple,1662,5,19,walk,
the_temple,tom_pepys_shop,1662,5,19,walk,
tom_pepys_shop,home_seething_lane,1662,5,19,walk,
home_seething_lane,lincolns_inn_playhouse,1662,5,19,coach,Sir W. Pen; Elizabeth Pepys
lincolns_inn_playhouse,moorfields,1662,5,19,coach,
moorfields,home_seething_lane,1662,5,19,walk,
home_seething_lane,westminster_hall,1662,5,21,boat,Elizabeth Pepys
westminster_hall,wilkinsons,1662,5,21,walk,
wilkinsons,lincolns_inn_playhouse,1662,5,21,walk,Elizabeth Pepys
lincolns_inn_playhouse,tom_pepys_shop,1662,5,21,walk,
tom_pepys_shop,mrs_turner_house,1662,5,21,walk,
mrs_turner_house,tom_pepys_shop,1662,5,21,walk,
tom_pepys_shop,home_seething_lane,1662,5,21,walk,Elizabeth Pepys
home_seething_lane,lincolns_inn_playhouse,1662,5,22,coach,Elizabeth Pepys; Sir W. Pen
lincolns_inn_playhouse,sir_w_pen_house,1662,5,22,walk,
sir_w_pen_house,home_seething_lane,1662,5,22,walk,
home_seething_lane,navy_office,1662,5,23,walk,Elizabeth Pepys
navy_office,great_wardrobe,1662,5,23,walk,Elizabeth Pepys
great_wardrobe,davenants_opera,1662,5,23,walk,Elizabeth Pepys
davenants_opera,covent_garden,1662,5,23,walk,Elizabeth Pepys
covent_garden,home_seething_lane,1662,5,23,boat,
home_seething_lane,sir_w_pen_house,1662,5,23,walk,
sir_w_pen_house,home_seething_lane,1662,5,23,walk,
home_seething_lane,great_wardrobe,1662,5,24,walk,
great_wardrobe,star_cheapside,1662,5,24,walk,John Creed
star_cheapside,royal_exchange,1662,5,24,walk,
royal_exchange,fish_street,1662,5,24,walk,John Creed
fish_street,deptford,1662,5,24,boat,Sir W. Pen
deptford,halfway_house,1662,5,24,walk,
halfway_house,home_seething_lane,1662,5,24,walk,
home_seething_lane,parish_church,1662,5,25,walk,
parish_church,blackfriars,1662,5,25,walk,John Creed
blackfriars,great_wardrobe,1662,5,25,walk,
great_wardrobe,triumph_tavern,1662,5,25,coach,Captain Ferrers
triumph_tavern,great_wardrobe,1662,5,25,walk,
great_wardrobe,home_seething_lane,1662,5,25,walk,
home_seething_lane,my_lords_lodgings,1662,5,26,walk,
my_lords_lodgings,trinity_house,1662,5,26,walk,
trinity_house,tom_pepys_shop,1662,5,26,walk,
tom_pepys_shop,red_bull_playhouse,1662,5,26,walk,Elizabeth Pepys
red_bull_playhouse,moorfields,1662,5,26,coach,
moorfields,home_seething_lane,1662,5,26,walk,
home_seething_lane,my_lords_lodgings,1662,5,27,walk,
my_lords_lodgings,tom_pepys_shop,1662,5,27,walk,
tom_pepys_shop,home_seething_lane,1662,5,27,walk,
home_seething_lane,navy_office,1662,5,27,walk,
navy_office,home_seething_lane,1662,5,27,walk,
home_seething_lane,my_lords_lodgings,1662,5,28,walk,
my_lords_lodgings,mr_wottons_shop,1662,5,28,walk,John Creed
mr_wottons_shop,home_seething_lane,1662,5,28,walk,
home_seething_lane,mum_house,1662,5,28,walk,John Pepys Sr.
mum_house,great_wardrobe,1662,5,28,walk,
great_wardrobe,home_seething_lane,1662,5,28,walk,
home_seething_lane,great_wardrobe,1662,5,29,walk,
great_wardrobe,lombard_street,1662,5,29,walk,
lombard_street,vauxhall,1662,5,29,boat,Elizabeth Pepys
vauxhall,old_spring_garden,1662,5,29,walk,Elizabeth Pepys
old_spring_garden,new_spring_garden,1662,5,29,walk,
new_spring_garden,home_seething_lane,1662,5,29,boat,Elizabeth Pepys
home_seething_lane,gravesend,1662,5,30,boat,Elizabeth Pepys
gravesend,great_wardrobe,1662,5,30,boat,Robert Shepley
great_wardrobe,home_seething_lane,1662,5,30,walk,
home_seething_lane,whitehall,1662,5,31,walk,
whitehall,tom_pepys_shop,1662,5,31,walk,
tom_pepys_shop,home_seething_lane,1662,5,31,walk,John Pepys Sr.
home_seething_lane,navy_office,1662,5,31,walk,
navy_office,tom_pepys_shop,1662,5,31,walk,
tom_pepys_shop,great_wardrobe,1662,5,31,walk,
great_wardrobe,home_seething_lane,1662,5,31,walk,
home_seething_lane,great_wardrobe,1662,6,2,walk,Henry Moore
great_wardrobe,tom_pepys_shop,1662,6,2,walk,
tom_pepys_shop,home_seething_lane,1662,6,2,walk,John Pepys Sr.
home_seething_lane,mrs_clarkes_house,1662,6,2,coach,Elizabeth Pepys
mrs_clarkes_house,salisbury_court_playhouse,1662,6,2,boat,
salisbury_court_playhouse,home_seething_lane,1662,6,2,coach,
home_seething_lane,navy_office,1662,6,3,walk,
navy_office,tower_wharf,1662,6,3,walk,
tower_wharf,old_bailey,1662,6,3,walk,
old_bailey,great_wardrobe,1662,6,3,walk,
great_wardrobe,navy_office,1662,6,3,walk,
navy_office,home_seething_lane,1662,6,3,walk,
home_seething_lane,woolwich,1662,6,4,boat,Sir W. Batten
woolwich,great_wardrobe,1662,6,4,boat,
great_wardrobe,whitehall,1662,6,4,walk,
whitehall,great_wardrobe,1662,6,4,walk,
great_wardrobe,home_seething_lane,1662,6,4,walk,
home_seething_lane,great_wardrobe,1662,6,5,walk,
great_wardrobe,navy_office,1662,6,5,walk,
navy_office,home_seething_lane,1662,6,5,walk,
home_seething_lane,backwells,1662,6,5,walk,Henry Moore
backwells,home_seething_lane,1662,6,5,walk,
home_seething_lane,navy_office,1662,6,6,walk,
navy_office,great_wardrobe,1662,6,6,walk,John Pepys Sr.
great_wardrobe,tom_pepys_shop,1662,6,6,walk,
tom_pepys_shop,home_seething_lane,1662,6,6,walk,
home_seething_lane,navy_office,1662,6,6,walk,
navy_office,home_seething_lane,1662,6,6,walk,
home_seething_lane,navy_office,1662,6,7,walk,
navy_office,trinity_house,1662,6,7,walk,
trinity_house,sir_g_carterets_house,1662,6,7,walk,
sir_g_carterets_house,navy_office,1662,6,7,walk,
navy_office,home_seething_lane,1662,6,7,walk,
home_seething_lane,parish_church,1662,6,8,walk,
parish_church,great_wardrobe,1662,6,8,walk,
great_wardrobe,home_seething_lane,1662,6,8,walk,
home_seething_lane,navy_office,1662,6,9,walk,
navy_office,home_seething_lane,1662,6,9,walk,
home_seething_lane,greatorexs,1662,6,9,walk,
greatorexs,navy_office,1662,6,9,walk,
navy_office,tom_pepys_shop,1662,6,10,walk,
tom_pepys_shop,home_seething_lane,1662,6,10,walk,
home_seething_lane,navy_office,1662,6,11,walk,
navy_office,home_seething_lane,1662,6,11,walk,
home_seething_lane,navy_office,1662,6,12,walk,
navy_office,dolphin_tavern,1662,6,12,walk,
dolphin_tavern,navy_office,1662,6,12,walk,
navy_office,home_seething_lane,1662,6,12,walk,
home_seething_lane,sir_g_carterets_house,1662,6,13,walk,
sir_g_carterets_house,tom_pepys_shop,1662,6,13,walk,
tom_pepys_shop,great_wardrobe,1662,6,13,walk,
great_wardrobe,halfway_house,1662,6,13,walk,Elizabeth Pepys
halfway_house,home_seething_lane,1662,6,13,walk,Elizabeth Pepys
home_seething_lane,navy_office,1662,6,14,walk,
navy_office,tower_hill,1662,6,14,walk,
tower_hill,trinity_house,1662,6,14,walk,
trinity_house,navy_office,1662,6,14,walk,
navy_office,home_seething_lane,1662,6,14,walk,
home_seething_lane,parish_church,1662,6,15,walk,
parish_church,home_seething_lane,1662,6,15,walk,
home_seething_lane,st_catharines,1662,6,16,walk,
st_catharines,ratcliffe,1662,6,16,walk,
ratcliffe,deptford,1662,6,16,boat,
deptford,home_seething_lane,1662,6,16,walk,
home_seething_lane,great_wardrobe,1662,6,16,boat,Elizabeth Pepys
great_wardrobe,greenwich,1662,6,16,boat,Elizabeth Pepys
greenwich,great_wardrobe,1662,6,16,boat,
great_wardrobe,home_seething_lane,1662,6,16,walk,
home_seething_lane,navy_office,1662,6,17,walk,
navy_office,sir_w_batten_house,1662,6,17,walk,
sir_w_batten_house,home_seething_lane,1662,6,17,walk,
home_seething_lane,navy_office,1662,6,18,walk,
navy_office,lincolns_inn_fields,1662,6,18,walk,John Creed
lincolns_inn_fields,lord_crews_house,1662,6,18,walk,
lord_crews_house,somerset_house,1662,6,18,walk,
somerset_house,lillys_studio,1662,6,18,walk,Commissioner Pett
lillys_studio,wrights_studio,1662,6,18,walk,
wrights_studio,the_temple,1662,6,18,walk,
the_temple,old_exchange,1662,6,18,coach,Commissioner Pett
old_exchange,home_seething_lane,1662,6,18,walk,
home_seething_lane,navy_office,1662,6,19,walk,
navy_office,home_seething_lane,1662,6,19,walk,
home_seething_lane,backwells,1662,6,19,walk,
backwells,navy_office,1662,6,19,walk,
navy_office,backwells,1662,6,20,walk,Henry Moore
backwells,royal_exchange,1662,6,20,walk,
royal_exchange,popes_head,1662,6,20,walk,
popes_head,home_seething_lane,1662,6,20,walk,
home_seething_lane,halfway_house,1662,6,20,boat,Elizabeth Pepys
halfway_house,home_seething_lane,1662,6,20,walk,Elizabeth Pepys
home_seething_lane,navy_office,1662,6,21,walk,
navy_office,trinity_house,1662,6,21,walk,Sir W. Pen
trinity_house,navy_office,1662,6,21,walk,
navy_office,home_seething_lane,1662,6,21,walk,
home_seething_lane,great_wardrobe,1662,6,22,walk,Robert Shepley
great_wardrobe,tom_pepys_shop,1662,6,22,walk,
tom_pepys_shop,great_wardrobe,1662,6,22,walk,
great_wardrobe,home_seething_lane,1662,6,22,walk,
home_seething_lane,sir_w_pen_house,1662,6,22,walk,
sir_w_pen_house,home_seething_lane,1662,6,22,walk,
home_seething_lane,navy_office,1662,6,23,walk,
navy_office,royal_exchange,1662,6,23,walk,
royal_exchange,navy_office,1662,6,23,walk,
navy_office,sir_w_warrens_yard,1662,6,23,walk,Sir W. Warren
sir_w_warrens_yard,home_seething_lane,1662,6,23,boat,
home_seething_lane,navy_office,1662,6,24,walk,
navy_office,royal_exchange,1662,6,24,walk,
royal_exchange,home_seething_lane,1662,6,24,walk,
home_seething_lane,great_wardrobe,1662,6,25,walk,
great_wardrobe,thames_street,1662,6,25,walk,
thames_street,home_seething_lane,1662,6,25,walk,
home_seething_lane,royal_exchange,1662,6,25,walk,
royal_exchange,home_seething_lane,1662,6,25,walk,
home_seething_lane,navy_office,1662,6,26,walk,
navy_office,home_seething_lane,1662,6,26,walk,
home_seething_lane,great_wardrobe,1662,6,27,walk,
great_wardrobe,navy_office,1662,6,27,walk,
navy_office,deptford,1662,6,27,boat,
deptford,redriffe,1662,6,27,walk,
redriffe,home_seething_lane,1662,6,27,walk,
home_seething_lane,navy_office,1662,6,28,walk,
navy_office,mitre_tavern,1662,6,28,walk,Robert Shepley; John Creed
mitre_tavern,navy_office,1662,6,28,walk,
navy_office,home_seething_lane,1662,6,28,walk,
home_seething_lane,sir_w_pen_house,1662,6,29,walk,
sir_w_pen_house,home_seething_lane,1662,6,29,walk,
home_seething_lane,parish_church,1662,6,29,walk,Elizabeth Pepys
parish_church,sir_w_pen_house,1662,6,29,walk,
sir_w_pen_house,parish_church,1662,6,29,walk,
parish_church,navy_office,1662,6,30,walk,
navy_office,great_wardrobe,1662,6,30,walk,
great_wardrobe,lady_carterets_deptford,1662,6,30,coach,Elizabeth Pepys; Lady Sandwich
lady_carterets_deptford,home_seething_lane,1662,6,30,coach,
home_seething_lane,kings_pleasure_boat,1662,6,30,walk,Lady Sandwich; Elizabeth Pepys
kings_pleasure_boat,greenwich_park,1662,6,30,boat,Lady Sandwich
greenwich_park,blackfriars,1662,6,30,boat,
blackfriars,great_wardrobe,1662,6,30,walk,
great_wardrobe,home_seething_lane,1662,6,30,walk,
home_seething_lane,navy_office,1662,7,1,walk,
navy_office,deptford,1662,7,1,boat,Captain Cuttance
deptford,redriffe,1662,7,1,walk,
redriffe,home_seething_lane,1662,7,1,boat,
home_seething_lane,tower,1662,7,2,walk,Commissioner Pett
tower,deptford,1662,7,2,boat,Mr. Coventry; Commissioner Pett
deptford,home_seething_lane,1662,7,2,boat,
home_seething_lane,navy_office,1662,7,3,walk,
navy_office,dolphin_tavern,1662,7,3,walk,
dolphin_tavern,navy_office,1662,7,3,walk,
navy_office,home_seething_lane,1662,7,3,walk,
home_seething_lane,navy_office,1662,7,4,walk,
navy_office,home_seething_lane,1662,7,4,walk,
home_seething_lane,navy_office,1662,7,5,walk,
navy_office,home_seething_lane,1662,7,5,walk,
home_seething_lane,navy_office,1662,7,5,walk,
navy_office,home_seething_lane,1662,7,6,walk,
home_seething_lane,parish_church,1662,7,6,walk,
parish_church,great_wardrobe,1662,7,6,walk,
great_wardrobe,home_seething_lane,1662,7,6,walk,
home_seething_lane,navy_office,1662,7,7,walk,Elizabeth Pepys
navy_office,home_seething_lane,1662,7,7,walk,
home_seething_lane,westminster_hall,1662,7,7,boat,Elizabeth Pepys
westminster_hall,home_seething_lane,1662,7,7,boat,Elizabeth Pepys
home_seething_lane,navy_office,1662,7,8,walk,
navy_office,home_seething_lane,1662,7,8,walk,
home_seething_lane,great_wardrobe,1662,7,8,walk,
great_wardrobe,home_seething_lane,1662,7,8,boat,Henry Moore
home_seething_lane,navy_office,1662,7,9,walk,
navy_office,home_seething_lane,1662,7,9,walk,
home_seething_lane,navy_office,1662,7,10,walk,
navy_office,victualling_office,1662,7,10,walk,
victualling_office,navy_office,1662,7,10,walk,
navy_office,home_seething_lane,1662,7,10,walk,
home_seething_lane,navy_office,1662,7,11,walk,
navy_office,tower,1662,7,11,walk,Commissioner Pett
tower,deptford,1662,7,11,boat,Mr. Coventry
deptford,woolwich,1662,7,11,boat,
woolwich,whitehall,1662,7,11,boat,
whitehall,mr_coventrys_lodgings,1662,7,11,walk,
mr_coventrys_lodgings,home_seething_lane,1662,7,11,boat,
home_seething_lane,navy_office,1662,7,12,walk,
navy_office,home_seething_lane,1662,7,12,walk,
home_seething_lane,deptford,1662,7,13,boat,
deptford,home_seething_lane,1662,7,13,boat,
home_seething_lane,thames_street,1662,7,14,walk,
thames_street,exchequer,1662,7,14,walk,
exchequer,home_seething_lane,1662,7,14,walk,
home_seething_lane,navy_office,1662,7,14,walk,
navy_office,home_seething_lane,1662,7,14,walk,
home_seething_lane,navy_office,1662,7,15,walk,
navy_office,home_seething_lane,1662,7,15,walk,
home_seething_lane,navy_office,1662,7,16,walk,
navy_office,great_wardrobe,1662,7,16,walk,
great_wardrobe,home_seething_lane,1662,7,16,boat,
home_seething_lane,navy_office,1662,7,17,walk,
navy_office,great_wardrobe,1662,7,17,walk,
great_wardrobe,navy_office,1662,7,17,walk,
navy_office,home_seething_lane,1662,7,17,walk,
home_seething_lane,deptford,1662,7,18,boat,
deptford,navy_office,1662,7,18,boat,
navy_office,home_seething_lane,1662,7,18,walk,
home_seething_lane,navy_office,1662,7,19,walk,
navy_office,home_seething_lane,1662,7,19,walk,
home_seething_lane,sir_w_pen_house,1662,7,19,walk,
sir_w_pen_house,home_seething_lane,1662,7,20,walk,
home_seething_lane,navy_office,1662,7,20,walk,
navy_office,sir_w_pen_house,1662,7,20,walk,
sir_w_pen_house,captain_cockes_house,1662,7,21,boat,
captain_cockes_house,woolwich,1662,7,21,walk,
woolwich,greenwich,1662,7,21,boat,
greenwich,captain_cockes_house,1662,7,21,walk,
captain_cockes_house,great_wardrobe,1662,7,21,boat,
great_wardrobe,home_seething_lane,1662,7,21,walk,
home_seething_lane,navy_office,1662,7,22,walk,
navy_office,home_seething_lane,1662,7,22,walk,
home_seething_lane,navy_office,1662,7,23,walk,
navy_office,home_seething_lane,1662,7,23,walk,
home_seething_lane,navy_office,1662,7,24,walk,
navy_office,sir_w_pen_house,1662,7,24,walk,
sir_w_pen_house,navy_office,1662,7,25,walk,
navy_office,home_seething_lane,1662,7,25,walk,
home_seething_lane,navy_office,1662,7,26,walk,
navy_office,westminster_hall,1662,7,26,walk,
westminster_hall,great_wardrobe,1662,7,26,walk,
great_wardrobe,home_seething_lane,1662,7,26,boat,
home_seething_lane,parish_church,1662,7,27,walk,
parish_church,westminster_hall,1662,7,27,boat,Elizabeth Pepys
westminster_hall,st_james_park,1662,7,27,walk,
st_james_park,my_lords_lodgings,1662,7,27,walk,
my_lords_lodgings,home_seething_lane,1662,7,27,boat,Elizabeth Pepys
home_seething_lane,sir_w_pen_house,1662,7,27,walk,
sir_w_pen_house,home_seething_lane,1662,7,27,walk,
home_seething_lane,george_holborn,1662,7,28,walk,Elizabeth Pepys
george_holborn,tower,1662,7,28,boat,
tower,navy_office,1662,7,28,walk,
navy_office,sir_w_pen_house,1662,7,28,walk,
sir_w_pen_house,navy_office,1662,7,29,walk,
navy_office,sir_w_batten_house,1662,7,29,walk,
sir_w_batten_house,deptford,1662,7,29,walk,
deptford,redriffe,1662,7,29,walk,
redriffe,home_seething_lane,1662,7,29,boat,
home_seething_lane,whitehall,1662,7,30,boat,
whitehall,woolwich,1662,7,30,boat,Captain Fletcher
woolwich,home_seething_lane,1662,7,30,boat,Sir W. Warren
home_seething_lane,navy_office,1662,7,31,walk,
navy_office,royal_exchange,1662,7,31,coach,Mr. Coventry
royal_exchange,ship_behind_exchange,1662,7,31,walk,
ship_behind_exchange,billingsgate,1662,7,31,walk,
billingsgate,woolwich,1662,7,31,boat,Mr. Coventry
woolwich,home_seething_lane,1662,7,31,boat,
home_seething_lane,navy_office,1662,8,1,walk,
navy_office,royal_exchange,1662,8,1,walk,
royal_exchange,home_seething_lane,1662,8,1,coach,John Creed; Henry Moore
home_seething_lane,captain_cockes_house,1662,8,2,boat,
captain_cockes_house,gravesend,1662,8,2,boat,Captain Cocke
gravesend,rochester,1662,8,2,horse,
rochester,hill_house_chatham,1662,8,2,boat,
hill_house_chatham,chatham_dock,1662,8,3,walk,Captain Cocke
chatham_dock,commissioner_petts_house,1662,8,3,walk,
commissioner_petts_house,chatham_church,1662,8,3,coach,Commissioner Pett
chatham_church,hill_house_chatham,1662,8,3,walk,
hill_house_chatham,chatham_church,1662,8,3,walk,
chatham_church,commissioner_petts_house,1662,8,3,walk,
commissioner_petts_house,hill_house_chatham,1662,8,3,walk,
hill_house_chatham,chatham_dock,1662,8,4,boat,Commissioner Pett
chatham_dock,upnor_castle,1662,8,4,boat,
upnor_castle,chatham_dock,1662,8,4,boat,
chatham_dock,hill_house_chatham,1662,8,4,walk,
hill_house_chatham,rochester,1662,8,4,coach,Captain Cocke
rochester,gravesend,1662,8,4,coach,
gravesend,greenwich,1662,8,4,boat,
greenwich,home_seething_lane,1662,8,4,boat,
home_seething_lane,navy_office,1662,8,5,walk,
navy_office,home_seething_lane,1662,8,5,walk,
home_seething_lane,whitehall,1662,8,6,boat,
whitehall,st_james_palace,1662,8,6,walk,
st_james_palace,my_lords_lodgings,1662,8,6,walk,
my_lords_lodgings,home_seething_lane,1662,8,6,walk,
home_seething_lane,navy_office,1662,8,6,walk,
navy_office,home_seething_lane,1662,8,6,walk,
home_seething_lane,navy_office,1662,8,7,walk,
navy_office,home_seething_lane,1662,8,7,walk,
home_seething_lane,woolwich,1662,8,8,boat,
woolwich,greenwich,1662,8,8,walk,Mr. Coventry
greenwich,deptford,1662,8,8,boat,
deptford,redriffe,1662,8,8,walk,
redriffe,home_seething_lane,1662,8,8,walk,
home_seething_lane,navy_office,1662,8,9,walk,
navy_office,trinity_house,1662,8,9,walk,Mr. Coventry
trinity_house,whitehall,1662,8,9,coach,Mr. Coventry
whitehall,home_seething_lane,1662,8,9,boat,
home_seething_lane,st_dunstans,1662,8,10,walk,
st_dunstans,tom_pepys_shop,1662,8,10,walk,
tom_pepys_shop,st_brides,1662,8,10,walk,
st_brides,home_seething_lane,1662,8,10,walk,
home_seething_lane,navy_office,1662,8,11,walk,
navy_office,hermitage,1662,8,11,walk,Dean Fuller
hermitage,custom_house,1662,8,11,walk,
custom_house,dolphin_tavern,1662,8,11,walk,
dolphin_tavern,navy_office,1662,8,11,walk,
navy_office,home_seething_lane,1662,8,11,walk,
home_seething_lane,navy_office,1662,8,12,walk,
navy_office,home_seething_lane,1662,8,12,walk,
home_seething_lane,navy_office,1662,8,13,walk,
navy_office,greenwich,1662,8,13,boat,Commissioner Pett
greenwich,lambeth,1662,8,13,boat,
lambeth,home_seething_lane,1662,8,13,boat,
home_seething_lane,navy_office,1662,8,14,walk,
navy_office,mitre_tavern,1662,8,14,coach,Commissioner Pett
mitre_tavern,navy_office,1662,8,14,walk,
navy_office,home_seething_lane,1662,8,14,walk,
home_seething_lane,navy_office,1662,8,15,walk,
navy_office,royal_exchange,1662,8,15,walk,
royal_exchange,swan_old_fish_st,1662,8,15,walk,
swan_old_fish_st,pauls_churchyard,1662,8,15,walk,
pauls_churchyard,home_seething_lane,1662,8,15,walk,
home_seething_lane,tom_pepys_shop,1662,8,17,walk,
tom_pepys_shop,st_dunstans,1662,8,17,walk,
st_dunstans,mrs_turner_house,1662,8,17,walk,
mrs_turner_house,st_dunstans,1662,8,17,walk,
st_dunstans,home_seething_lane,1662,8,17,coach,
home_seething_lane,bow,1662,8,18,horse,
bow,waltham_forest,1662,8,18,horse,Mr. Deane
waltham_forest,ilford,1662,8,18,horse,
ilford,barking,1662,8,18,horse,
barking,home_seething_lane,1662,8,18,horse,
home_seething_lane,navy_office,1662,8,19,walk,
navy_office,home_seething_lane,1662,8,19,walk,
home_seething_lane,great_wardrobe,1662,8,20,walk,
great_wardrobe,westminster_hall,1662,8,20,walk,
westminster_hall,fleet_street,1662,8,20,walk,
fleet_street,home_seething_lane,1662,8,20,boat,
home_seething_lane,navy_office,1662,8,21,walk,
navy_office,mr_rawlinsons_house,1662,8,21,walk,
mr_rawlinsons_house,navy_office,1662,8,21,walk,
navy_office,home_seething_lane,1662,8,21,walk,
home_seething_lane,deptford,1662,8,22,boat,
deptford,home_seething_lane,1662,8,22,boat,
home_seething_lane,westminster_hall,1662,8,22,boat,
westminster_hall,great_wardrobe,1662,8,22,walk,
great_wardrobe,home_seething_lane,1662,8,22,boat,
home_seething_lane,navy_office,1662,8,23,walk,
navy_office,lombard_street,1662,8,23,walk,John Creed
lombard_street,steelyard,1662,8,23,walk,
steelyard,whitehall,1662,8,23,walk,
whitehall,banqueting_house,1662,8,23,walk,
banqueting_house,great_wardrobe,1662,8,23,walk,
great_wardrobe,palace_yard,1662,8,23,walk,
palace_yard,old_swan,1662,8,23,boat,
old_swan,home_seething_lane,1662,8,23,walk,
home_seething_lane,parish_church,1662,8,24,walk,
parish_church,tom_pepys_shop,1662,8,24,walk,
tom_pepys_shop,great_wardrobe,1662,8,24,walk,
great_wardrobe,uncle_wight_house,1662,8,24,walk,
uncle_wight_house,home_seething_lane,1662,8,24,walk,
home_seething_lane,ham_creek,1662,8,25,boat,
ham_creek,woolwich,1662,8,25,boat,
woolwich,deptford,1662,8,25,boat,
deptford,home_seething_lane,1662,8,25,boat,
home_seething_lane,sir_w_batten_house,1662,8,25,walk,
sir_w_batten_house,home_seething_lane,1662,8,25,walk,
home_seething_lane,navy_office,1662,8,26,walk,
navy_office,sir_w_batten_house,1662,8,26,walk,
sir_w_batten_house,deptford,1662,8,26,boat,Sir W. Batten
deptford,custom_house,1662,8,26,boat,
custom_house,home_seething_lane,1662,8,26,walk,
home_seething_lane,navy_office,1662,8,27,walk,Sir W. Batten
navy_office,sir_w_batten_house,1662,8,27,walk,
sir_w_batten_house,home_seething_lane,1662,8,27,walk,
home_seething_lane,navy_office,1662,8,28,walk,
navy_office,sir_w_batten_house,1662,8,28,walk,Mr. Coventry
sir_w_batten_house,navy_office,1662,8,28,walk,
navy_office,home_seething_lane,1662,8,28,walk,
home_seething_lane,navy_office,1662,8,29,walk,
navy_office,home_seething_lane,1662,8,29,walk,
home_seething_lane,navy_office,1662,8,30,walk,
navy_office,tower_hill_lodging,1662,8,30,walk,
tower_hill_lodging,parish_church,1662,8,31,walk,
parish_church,tom_pepys_shop,1662,8,31,walk,
tom_pepys_shop,mr_rawlinsons_house,1662,8,31,walk,
mr_rawlinsons_house,sir_w_pen_house,1662,8,31,walk,
sir_w_pen_house,tower_hill_lodging,1662,8,31,walk,
tower_hill_lodging,navy_office,1662,9,1,walk,
navy_office,st_james_palace,1662,9,1,coach,Sir W. Batten; Sir W. Pen
st_james_palace,my_lords_lodgings,1662,9,1,walk,
my_lords_lodgings,home_seething_lane,1662,9,1,boat,
home_seething_lane,navy_office,1662,9,1,walk,
navy_office,tower_hill_lodging,1662,9,1,walk,
tower_hill_lodging,navy_office,1662,9,2,walk,
navy_office,sir_w_batten_house,1662,9,2,walk,
sir_w_batten_house,navy_office,1662,9,2,walk,
navy_office,tower_hill_lodging,1662,9,2,walk,
tower_hill_lodging,navy_office,1662,9,3,walk,
navy_office,redriffe,1662,9,3,walk,
redriffe,deptford,1662,9,3,walk,
deptford,navy_office,1662,9,3,boat,
navy_office,tom_pepys_shop,1662,9,3,walk,
tom_pepys_shop,puddle_dock,1662,9,3,walk,
puddle_dock,tom_pepys_shop,1662,9,3,walk,
tom_pepys_shop,great_wardrobe,1662,9,3,walk,
great_wardrobe,my_lords_lodgings,1662,9,3,walk,
my_lords_lodgings,tower,1662,9,4,boat,
tower,navy_office,1662,9,4,walk,
navy_office,trinity_house,1662,9,4,walk,
trinity_house,navy_office,1662,9,4,walk,
navy_office,tower_hill_lodging,1662,9,4,walk,
tower_hill_lodging,woolwich,1662,9,5,boat,
woolwich,greenwich,1662,9,5,walk,
greenwich,deptford,1662,9,5,boat,
deptford,redriffe,1662,9,5,walk,
redriffe,mr_blands_house,1662,9,5,boat,
mr_blands_house,navy_office,1662,9,5,walk,
navy_office,tower_hill_lodging,1662,9,5,walk,
tower_hill_lodging,navy_office,1662,9,6,walk,
navy_office,trinity_house,1662,9,6,walk,
trinity_house,navy_office,1662,9,6,walk,
navy_office,tower_hill_lodging,1662,9,6,walk,
tower_hill_lodging,whitehall,1662,9,7,coach,Sir J. Minnes
whitehall,whitehall_chapel,1662,9,7,walk,
whitehall_chapel,mr_foxs_house,1662,9,7,walk,
mr_foxs_house,my_lords_lodgings,1662,9,7,walk,
my_lords_lodgings,somerset_house,1662,9,7,walk,Mr. Pierce
somerset_house,home_seething_lane,1662,9,7,walk,
home_seething_lane,tower_hill_lodging,1662,9,7,walk,
tower_hill_lodging,old_swan,1662,9,8,walk,
old_swan,whitehall,1662,9,8,boat,
whitehall,st_james_palace,1662,9,8,walk,
st_james_palace,exchequer,1662,9,8,walk,
exchequer,sun_tavern,1662,9,8,walk,
sun_tavern,falcon_bankside,1662,9,8,boat,
falcon_bankside,royal_exchange,1662,9,8,walk,
royal_exchange,redriffe,1662,9,8,walk,
redriffe,deptford,1662,9,8,walk,
deptford,home_seething_lane,1662,9,8,boat,
home_seething_lane,tower_hill_lodging,1662,9,8,walk,
tower_hill_lodging,navy_office,1662,9,9,boat,
navy_office,deptford,1662,9,9,boat,
deptford,navy_office,1662,9,9,boat,
navy_office,tower_hill_lodging,1662,9,9,walk,
tower_hill_lodging,home_seething_lane,1662,9,10,walk,
home_seething_lane,great_wardrobe,1662,9,10,walk,
great_wardrobe,tom_pepys_shop,1662,9,10,walk,
tom_pepys_shop,royal_exchange,1662,9,10,walk,
royal_exchange,navy_office,1662,9,10,walk,
navy_office,tower_hill_lodging,1662,9,10,walk,
tower_hill_lodging,navy_office,1662,9,11,walk,
navy_office,sir_w_pen_house,1662,9,11,walk,
sir_w_pen_house,navy_office,1662,9,11,walk,
navy_office,tower_hill_lodging,1662,9,11,walk,
tower_hill_lodging,navy_office,1662,9,12,walk,
navy_office,home_seething_lane,1662,9,12,walk,
home_seething_lane,tower_hill_lodging,1662,9,12,walk,
tower_hill_lodging,navy_office,1662,9,13,walk,
navy_office,tower_hill_lodging,1662,9,13,walk,
tower_hill_lodging,whitehall,1662,9,14,coach,Sir J. Minnes
whitehall,whitehall_chapel,1662,9,14,walk,
whitehall_chapel,sir_g_carterets_house,1662,9,14,walk,
sir_g_carterets_house,parish_church,1662,9,14,walk,
parish_church,sir_w_batten_house,1662,9,14,walk,
sir_w_batten_house,navy_office,1662,9,14,walk,
navy_office,tower_hill_lodging,1662,9,14,walk,
tower_hill_lodging,whitehall,1662,9,15,boat,Sir W. Pen
whitehall,deptford,1662,9,15,walk,
deptford,home_seething_lane,1662,9,15,boat,
home_seething_lane,tower_hill_lodging,1662,9,15,walk,
tower_hill_lodging,navy_office,1662,9,16,walk,
navy_office,royal_exchange,1662,9,16,walk,
royal_exchange,navy_office,1662,9,16,walk,
navy_office,tower_hill_lodging,1662,9,16,walk,
tower_hill_lodging,navy_office,1662,9,17,walk,
navy_office,royal_exchange,1662,9,17,walk,
royal_exchange,pauls_school,1662,9,17,walk,Henry Moore
pauls_school,home_seething_lane,1662,9,17,walk,Henry Moore
home_seething_lane,tower_hill_lodging,1662,9,17,walk,
tower_hill_lodging,navy_office,1662,9,18,walk,
navy_office,sheriff_maynells,1662,9,18,walk,Sir G. Carteret; Mr. Coventry
sheriff_maynells,navy_office,1662,9,18,walk,
navy_office,tower_hill_lodging,1662,9,18,walk,
tower_hill_lodging,navy_office,1662,9,19,walk,
navy_office,deptford,1662,9,19,boat,
deptford,redriffe,1662,9,19,walk,
redriffe,home_seething_lane,1662,9,19,boat,
home_seething_lane,tower_hill_lodging,1662,9,19,walk,
tower_hill_lodging,navy_office,1662,9,20,walk,
navy_office,home_seething_lane,1662,9,20,walk,
home_seething_lane,st_james_palace,1662,9,21,boat,
st_james_palace,st_james_park,1662,9,21,walk,
st_james_park,queens_chapel_whitehall,1662,9,21,walk,
queens_chapel_whitehall,whitehall_chapel,1662,9,21,walk,
whitehall_chapel,whitehall,1662,9,21,walk,
whitehall,tom_pepys_shop,1662,9,21,walk,
tom_pepys_shop,uncle_wight_house,1662,9,21,walk,
uncle_wight_house,home_seething_lane,1662,9,21,walk,
home_seething_lane,st_james_palace,1662,9,22,coach,Sir J. Minnes; Sir W. Batten; Sir W. Pen
st_james_palace,greatorexs,1662,9,22,walk,
greatorexs,lord_crews_house,1662,9,22,walk,
lord_crews_house,tom_pepys_shop,1662,9,22,walk,
tom_pepys_shop,blackfriars,1662,9,22,walk,
blackfriars,home_seething_lane,1662,9,22,walk,
home_seething_lane,navy_office,1662,9,23,walk,
navy_office,deptford,1662,9,23,boat,
deptford,home_seething_lane,1662,9,23,coach,Sir G. Carteret; Sir W. Batten
home_seething_lane,lord_crews_house,1662,9,24,walk,
lord_crews_house,mr_wottons_shop,1662,9,24,walk,
mr_wottons_shop,tom_pepys_shop,1662,9,24,walk,
tom_pepys_shop,home_seething_lane,1662,9,24,walk,
home_seething_lane,navy_office,1662,9,25,walk,
navy_office,sir_w_batten_house,1662,9,25,walk,
sir_w_batten_house,home_seething_lane,1662,9,25,walk,
home_seething_lane,navy_office,1662,9,26,walk,
navy_office,home_seething_lane,1662,9,26,walk,
home_seething_lane,navy_office,1662,9,27,walk,
navy_office,home_seething_lane,1662,9,27,walk,
home_seething_lane,tom_pepys_shop,1662,9,27,walk,
tom_pepys_shop,home_seething_lane,1662,9,27,walk,Elizabeth Pepys
home_seething_lane,tom_pepys_shop,1662,9,28,walk,Elizabeth Pepys
tom_pepys_shop,french_church_savoy,1662,9,28,walk,
french_church_savoy,tom_pepys_shop,1662,9,28,walk,
tom_pepys_shop,home_seething_lane,1662,9,28,walk,Elizabeth Pepys
home_seething_lane,parish_church,1662,9,28,walk,
parish_church,home_seething_lane,1662,9,28,walk,
home_seething_lane,whitehall,1662,9,29,coach,
whitehall,st_james_park,1662,9,29,walk,
st_james_park,tom_pepys_shop,1662,9,29,walk,
tom_pepys_shop,home_seething_lane,1662,9,29,coach,Elizabeth Pepys
home_seething_lane,kings_theatre,1662,9,29,walk,Elizabeth Pepys; Mrs. Margaret Pen
kings_theatre,mrs_turner_house,1662,9,29,walk,Elizabeth Pepys
mrs_turner_house,home_seething_lane,1662,9,29,walk,
home_seething_lane,sir_w_pen_house,1662,9,30,walk,
sir_w_pen_house,dukes_theatre,1662,9,30,coach,Elizabeth Pepys
dukes_theatre,home_seething_lane,1662,9,30,coach,Elizabeth Pepys
home_seething_lane,tower_hill_lodging,1662,9,30,walk,
tower_hill_lodging,home_seething_lane,1662,10,1,walk,
home_seething_lane,deptford,1662,10,1,boat,
deptford,home_seething_lane,1662,10,1,boat,
home_seething_lane,navy_office,1662,10,2,walk,
navy_office,home_seething_lane,1662,10,2,walk,
home_seething_lane,whitehall,1662,10,2,coach,
whitehall,cockpit,1662,10,2,walk,
cockpit,my_lords_lodgings,1662,10,2,walk,
my_lords_lodgings,tom_pepys_shop,1662,10,3,walk,
tom_pepys_shop,pauls_churchyard,1662,10,3,walk,
pauls_churchyard,home_seething_lane,1662,10,3,walk,
home_seething_lane,navy_office,1662,10,4,walk,
navy_office,home_seething_lane,1662,10,4,walk,
home_seething_lane,parish_church,1662,10,5,walk,
parish_church,tom_pepys_shop,1662,10,5,walk,
tom_pepys_shop,home_seething_lane,1662,10,5,walk,
home_seething_lane,parish_church,1662,10,5,walk,
parish_church,home_seething_lane,1662,10,5,walk,
home_seething_lane,st_james_palace,1662,10,6,boat,Sir W. Pen
st_james_palace,whitehall,1662,10,6,walk,
whitehall,woolwich,1662,10,6,boat,Mr. Coventry; Sir W. Pen
woolwich,deptford,1662,10,6,walk,
deptford,redriffe,1662,10,6,walk,
redriffe,whitehall,1662,10,6,boat,Mr. Coventry
whitehall,my_lords_lodgings,1662,10,6,walk,
my_lords_lodgings,great_wardrobe,1662,10,6,walk,
great_wardrobe,home_seething_lane,1662,10,6,boat,
home_seething_lane,navy_office,1662,10,7,coach,Elizabeth Pepys
navy_office,home_seething_lane,1662,10,7,walk,
home_seething_lane,great_wardrobe,1662,10,7,coach,Elizabeth Pepys
great_wardrobe,westminster_hall,1662,10,7,boat,
westminster_hall,new_exchange,1662,10,7,coach,Elizabeth Pepys
new_exchange,tom_pepys_shop,1662,10,7,walk,
tom_pepys_shop,home_seething_lane,1662,10,7,coach,Elizabeth Pepys
home_seething_lane,my_lords_lodgings,1662,10,8,boat,
my_lords_lodgings,home_seething_lane,1662,10,8,walk,
home_seething_lane,navy_office,1662,10,9,walk,
navy_office,home_seething_lane,1662,10,9,walk,
home_seething_lane,puckeridge,1662,10,9,horse,
puckeridge,cambridge,1662,10,10,horse,
cambridge,regent_house,1662,10,10,walk,
regent_house,trinity_hall,1662,10,10,walk,
trinity_hall,impington,1662,10,10,horse,
impington,huntingdon,1662,10,11,horse,
huntingdon,brampton,1662,10,11,horse,
brampton,hinchingbroke,1662,10,11,horse,
hinchingbroke,brampton,1662,10,11,horse,
brampton,hinchingbroke,1662,10,13,walk,
hinchingbroke,huntingdon,1662,10,13,walk,
huntingdon,brampton,1662,10,13,walk,
brampton,portholme,1662,10,13,walk,
portholme,brampton,1662,10,13,walk,
brampton,hinchingbroke,1662,10,14,horse,
hinchingbroke,cambridge,1662,10,14,horse,Tom Pepys
cambridge,ware,1662,10,15,horse,
ware,home_seething_lane,1662,10,15,horse,
home_seething_lane,navy_office,1662,10,16,walk,
navy_office,home_seething_lane,1662,10,16,walk,
home_seething_lane,treasury_office,1662,10,16,walk,
treasury_office,home_seething_lane,1662,10,16,walk,
home_seething_lane,my_lords_lodgings,1662,10,17,boat,
my_lords_lodgings,westminster_hall,1662,10,17,walk,
westminster_hall,great_wardrobe,1662,10,17,walk,
great_wardrobe,deptford,1662,10,17,boat,Commissioner Pett
deptford,home_seething_lane,1662,10,17,boat,
home_seething_lane,sir_w_pen_house,1662,10,17,walk,
sir_w_pen_house,home_seething_lane,1662,10,17,walk,
home_seething_lane,navy_office,1662,10,18,walk,
navy_office,home_seething_lane,1662,10,18,walk,
home_seething_lane,tom_pepys_shop,1662,10,19,walk,
tom_pepys_shop,great_wardrobe,1662,10,19,walk,
great_wardrobe,uncle_wight_house,1662,10,19,walk,
uncle_wight_house,home_seething_lane,1662,10,19,walk,
home_seething_lane,whitehall,1662,10,20,coach,Sir J. Minnes; Sir W. Batten
whitehall,lillys_studio,1662,10,20,walk,Commissioner Pett
lillys_studio,tom_pepys_shop,1662,10,20,walk,
tom_pepys_shop,dukes_theatre,1662,10,20,coach,Elizabeth Pepys
dukes_theatre,home_seething_lane,1662,10,20,coach,Elizabeth Pepys
home_seething_lane,navy_office,1662,10,21,walk,
navy_office,home_seething_lane,1662,10,21,walk,
home_seething_lane,the_temple,1662,10,21,boat,
the_temple,home_seething_lane,1662,10,21,walk,
home_seething_lane,covent_garden,1662,10,22,coach,Elizabeth Pepys
covent_garden,my_lords_lodgings,1662,10,22,walk,
my_lords_lodgings,tom_pepys_shop,1662,10,22,walk,
tom_pepys_shop,great_wardrobe,1662,10,22,walk,
great_wardrobe,home_seething_lane,1662,10,22,coach,Elizabeth Pepys
home_seething_lane,navy_office,1662,10,23,walk,
navy_office,home_seething_lane,1662,10,23,walk,
home_seething_lane,deptford,1662,10,24,boat,
deptford,home_seething_lane,1662,10,24,walk,
home_seething_lane,sir_w_pen_house,1662,10,24,walk,
sir_w_pen_house,treasury_office,1662,10,24,walk,
treasury_office,home_seething_lane,1662,10,24,walk,
home_seething_lane,navy_office,1662,10,25,walk,Elizabeth Pepys
navy_office,home_seething_lane,1662,10,25,walk,
home_seething_lane,parish_church,1662,10,26,walk,
parish_church,uncle_wight_house,1662,10,26,walk,
uncle_wight_house,home_seething_lane,1662,10,26,walk,
home_seething_lane,parish_church,1662,10,26,walk,
parish_church,home_seething_lane,1662,10,26,walk,
home_seething_lane,whitehall,1662,10,27,boat,
whitehall,my_lords_lodgings,1662,10,27,walk,
my_lords_lodgings,westminster_hall,1662,10,27,walk,John Creed
westminster_hall,kings_head_charing_cross,1662,10,27,walk,
kings_head_charing_cross,whitehall,1662,10,27,walk,
whitehall,royal_exchange,1662,10,27,walk,
royal_exchange,home_seething_lane,1662,10,27,coach,
home_seething_lane,sir_w_batten_house,1662,10,27,walk,
sir_w_batten_house,sir_w_pen_house,1662,10,27,walk,
sir_w_pen_house,home_seething_lane,1662,10,27,walk,
home_seething_lane,navy_office,1662,10,28,walk,Elizabeth Pepys
navy_office,home_seething_lane,1662,10,28,walk,
home_seething_lane,navy_office,1662,10,29,walk,
navy_office,sir_w_batten_house,1662,10,29,walk,
sir_w_batten_house,home_seething_lane,1662,10,29,walk,
home_seething_lane,whitehall,1662,10,30,boat,
whitehall,my_lords_lodgings,1662,10,30,walk,
my_lords_lodgings,navy_office,1662,10,30,walk,
navy_office,minchen_lane,1662,10,30,walk,
minchen_lane,tower,1662,10,30,walk,
tower,whitehall,1662,10,30,coach,
whitehall,home_seething_lane,1662,10,30,coach,
home_seething_lane,navy_office,1662,10,31,walk,
navy_office,home_seething_lane,1662,10,31,walk,
home_seething_lane,navy_office,1662,10,31,walk,
navy_office,trinity_house,1662,11,1,walk,
trinity_house,navy_office,1662,11,1,walk,
navy_office,tower,1662,11,1,walk,
tower,dolphin_tavern,1662,11,1,walk,
dolphin_tavern,home_seething_lane,1662,11,1,walk,
home_seething_lane,parish_church,1662,11,2,walk,
parish_church,sir_w_batten_house,1662,11,2,walk,
sir_w_batten_house,sir_w_pen_house,1662,11,2,walk,
sir_w_pen_house,home_seething_lane,1662,11,2,walk,
home_seething_lane,parish_church,1662,11,2,walk,
parish_church,home_seething_lane,1662,11,2,walk,
home_seething_lane,whitehall,1662,11,3,coach,Sir J. Minnes
whitehall,my_lords_lodgings,1662,11,3,walk,
my_lords_lodgings,wilkinsons,1662,11,3,walk,John Creed; Henry Moore
wilkinsons,st_pauls,1662,11,3,coach,Henry Moore
st_pauls,home_seething_lane,1662,11,3,walk,
home_seething_lane,navy_office,1662,11,4,walk,Elizabeth Pepys
navy_office,home_seething_lane,1662,11,4,walk,
home_seething_lane,sir_w_pen_house,1662,11,4,walk,
sir_w_pen_house,home_seething_lane,1662,11,4,walk,
home_seething_lane,sir_w_pen_house,1662,11,5,walk,
sir_w_pen_house,home_seething_lane,1662,11,5,walk,
home_seething_lane,navy_office,1662,11,6,walk,Sir J. Minnes
navy_office,home_seething_lane,1662,11,6,walk,
home_seething_lane,tower,1662,11,7,walk,
tower,whitehall,1662,11,7,coach,
whitehall,my_lords_lodgings,1662,11,7,walk,
my_lords_lodgings,tom_pepys_shop,1662,11,7,walk,
tom_pepys_shop,home_seething_lane,1662,11,7,walk,
home_seething_lane,navy_office,1662,11,8,walk,
navy_office,home_seething_lane,1662,11,8,walk,
home_seething_lane,tom_pepys_shop,1662,11,9,walk,
tom_pepys_shop,the_temple,1662,11,9,walk,
the_temple,st_gregorys,1662,11,9,walk,
st_gregorys,sir_w_batten_house,1662,11,9,walk,
sir_w_batten_house,home_seething_lane,1662,11,9,walk,
home_seething_lane,whitehall,1662,11,10,coach,Sir J. Minnes; Sir W. Batten
whitehall,westminster_hall,1662,11,10,walk,
westminster_hall,lord_crews_house,1662,11,10,walk,
lord_crews_house,tom_pepys_shop,1662,11,10,walk,
tom_pepys_shop,charing_cross,1662,11,10,coach,Elizabeth Pepys
charing_cross,my_lords_lodgings,1662,11,10,walk,
my_lords_lodgings,tom_pepys_shop,1662,11,10,walk,
tom_pepys_shop,home_seething_lane,1662,11,10,walk,Elizabeth Pepys
home_seething_lane,navy_office,1662,11,11,walk,Elizabeth Pepys
navy_office,home_seething_lane,1662,11,11,walk,
home_seething_lane,navy_office,1662,11,12,walk,
navy_office,home_seething_lane,1662,11,12,walk,
home_seething_lane,lincolns_inn_fields,1662,11,12,coach,
lincolns_inn_fields,the_temple,1662,11,12,walk,
the_temple,pauls_churchyard,1662,11,12,walk,
pauls_churchyard,dolphin_tavern,1662,11,12,walk,
dolphin_tavern,home_seething_lane,1662,11,12,walk,
home_seething_lane,navy_office,1662,11,13,walk,
navy_office,home_seething_lane,1662,11,13,walk,
home_seething_lane,navy_office,1662,11,13,walk,
navy_office,sir_w_pen_house,1662,11,13,walk,
sir_w_pen_house,home_seething_lane,1662,11,13,walk,
home_seething_lane,navy_office,1662,11,14,walk,
navy_office,home_seething_lane,1662,11,14,walk,
home_seething_lane,navy_office,1662,11,15,walk,Elizabeth Pepys
navy_office,home_seething_lane,1662,11,15,walk,
home_seething_lane,parish_church,1662,11,16,walk,
parish_church,tom_pepys_shop,1662,11,16,walk,
tom_pepys_shop,home_seething_lane,1662,11,16,walk,
home_seething_lane,parish_church,1662,11,16,walk,
parish_church,home_seething_lane,1662,11,16,walk,
home_seething_lane,my_lords_lodgings,1662,11,17,walk,
my_lords_lodgings,westminster_hall,1662,11,17,walk,
westminster_hall,home_seething_lane,1662,11,17,walk,
home_seething_lane,cockpit,1662,11,17,boat,Elizabeth Pepys
cockpit,home_seething_lane,1662,11,17,coach,Elizabeth Pepys
home_seething_lane,navy_office,1662,11,18,walk,
navy_office,sir_w_batten_house,1662,11,18,walk,
sir_w_batten_house,home_seething_lane,1662,11,18,walk,
home_seething_lane,great_wardrobe,1662,11,18,walk,
great_wardrobe,the_temple,1662,11,18,walk,
the_temple,home_seething_lane,1662,11,18,walk,
home_seething_lane,navy_office,1662,11,20,walk,
navy_office,the_temple,1662,11,20,coach,Mr. Coventry
the_temple,mr_coventrys_lodgings,1662,11,20,walk,
mr_coventrys_lodgings,the_temple,1662,11,20,walk,
the_temple,home_seething_lane,1662,11,20,coach,
home_seething_lane,navy_office,1662,11,22,walk,
navy_office,home_seething_lane,1662,11,22,walk,
home_seething_lane,the_temple,1662,11,22,walk,
the_temple,great_wardrobe,1662,11,22,walk,
great_wardrobe,home_seething_lane,1662,11,22,walk,
home_seething_lane,parish_church,1662,11,23,walk,
parish_church,sir_w_pen_house,1662,11,23,walk,
sir_w_pen_house,sir_w_batten_house,1662,11,23,walk,
sir_w_batten_house,home_seething_lane,1662,11,23,walk,
home_seething_lane,parish_church,1662,11,23,walk,
parish_church,home_seething_lane,1662,11,23,walk,
home_seething_lane,tower,1662,11,24,coach,Sir J. Minnes; Sir W. Batten
tower,whitehall,1662,11,24,coach,
whitehall,lord_crews_house,1662,11,24,walk,
lord_crews_house,the_temple,1662,11,24,walk,
the_temple,home_seething_lane,1662,11,24,coach,
home_seething_lane,navy_office,1662,11,25,walk,
navy_office,dolphin_tavern,1662,11,25,walk,
dolphin_tavern,the_temple,1662,11,25,coach,Mr. Coventry
the_temple,greatorexs,1662,11,25,walk,
greatorexs,my_lords_lodgings,1662,11,25,walk,
my_lords_lodgings,the_temple,1662,11,25,walk,
the_temple,home_seething_lane,1662,11,25,walk,
home_seething_lane,the_temple,1662,11,26,walk,
the_temple,home_seething_lane,1662,11,26,walk,
home_seething_lane,navy_office,1662,11,27,walk,
navy_office,home_seething_lane,1662,11,27,walk,
home_seething_lane,cornhill,1662,11,27,walk,
cornhill,navy_office,1662,11,27,walk,
navy_office,the_temple,1662,11,27,coach,Mr. Coventry
the_temple,home_seething_lane,1662,11,27,walk,
home_seething_lane,ironmongers_hall,1662,11,28,coach,
ironmongers_hall,home_seething_lane,1662,11,28,walk,
home_seething_lane,navy_office,1662,11,29,walk,
navy_office,mrs_turner_house,1662,11,29,coach,Mr. Coventry
mrs_turner_house,the_temple,1662,11,29,walk,
the_temple,my_lords_lodgings,1662,11,29,walk,
my_lords_lodgings,wilkinsons,1662,11,29,walk,
wilkinsons,my_lords_lodgings,1662,11,29,walk,
my_lords_lodgings,home_seething_lane,1662,11,29,walk,
home_seething_lane,parish_church,1662,11,30,walk,
parish_church,home_seething_lane,1662,11,30,walk,
home_seething_lane,french_church_city,1662,11,30,walk,
french_church_city,sir_w_pen_house,1662,11,30,walk,
sir_w_pen_house,sir_w_batten_house,1662,11,30,walk,
sir_w_batten_house,home_seething_lane,1662,11,30,walk,
home_seething_lane,whitehall,1662,12,1,coach,Sir J. Minnes; Sir W. Batten
whitehall,my_lords_lodgings,1662,12,1,walk,
my_lords_lodgings,st_james_park,1662,12,1,walk,
st_james_park,mr_coventrys_lodgings,1662,12,1,walk,
mr_coventrys_lodgings,whitehall,1662,12,1,walk,
whitehall,cockpit,1662,12,1,walk,
cockpit,my_lords_lodgings,1662,12,1,walk,
my_lords_lodgings,home_seething_lane,1662,12,1,walk,
home_seething_lane,navy_office,1662,12,2,walk,
navy_office,home_seething_lane,1662,12,2,walk,
home_seething_lane,deptford,1662,12,3,boat,Commissioner Pett
deptford,globe_deptford,1662,12,3,walk,
globe_deptford,limehouse,1662,12,3,boat,
limehouse,the_temple,1662,12,3,walk,Commissioner Pett
the_temple,home_seething_lane,1662,12,3,walk,
home_seething_lane,navy_office,1662,12,4,walk,
navy_office,home_seething_lane,1662,12,4,walk,
home_seething_lane,guildhall,1662,12,5,walk,
guildhall,grays_inn,1662,12,5,walk,
grays_inn,tom_pepys_shop,1662,12,5,walk,
tom_pepys_shop,temple_church,1662,12,5,walk,
temple_church,the_temple,1662,12,5,walk,
the_temple,home_seething_lane,1662,12,5,coach,
home_seething_lane,navy_office,1662,12,6,walk,Elizabeth Pepys
navy_office,home_seething_lane,1662,12,6,walk,
home_seething_lane,parish_church,1662,12,7,walk,Elizabeth Pepys
parish_church,home_seething_lane,1662,12,7,walk,
home_seething_lane,uncle_wight_house,1662,12,7,walk,
uncle_wight_house,sir_w_pen_house,1662,12,7,walk,
sir_w_pen_house,home_seething_lane,1662,12,7,walk,
home_seething_lane,temple_bar,1662,12,8,coach,
temple_bar,whitehall,1662,12,8,walk,
whitehall,my_lords_lodgings,1662,12,8,walk,
my_lords_lodgings,st_james_park,1662,12,8,walk,
st_james_park,whitehall,1662,12,8,walk,
whitehall,home_seething_lane,1662,12,8,coach,
home_seething_lane,navy_office,1662,12,9,walk,Elizabeth Pepys
navy_office,home_seething_lane,1662,12,9,walk,
home_seething_lane,navy_office,1662,12,10,coach,Sir J. Minnes
navy_office,dolphin_tavern,1662,12,10,walk,
dolphin_tavern,home_seething_lane,1662,12,10,walk,
home_seething_lane,navy_office,1662,12,11,walk,
navy_office,home_seething_lane,1662,12,11,walk,
home_seething_lane,navy_office,1662,12,12,walk,Elizabeth Pepys
navy_office,home_seething_lane,1662,12,12,walk,
home_seething_lane,navy_office,1662,12,13,walk,
navy_office,home_seething_lane,1662,12,13,walk,
home_seething_lane,parish_church,1662,12,14,walk,Elizabeth Pepys
parish_church,whitehall,1662,12,14,walk,
whitehall,whitehall_chapel,1662,12,14,walk,
whitehall_chapel,my_lords_lodgings,1662,12,14,walk,
my_lords_lodgings,mr_creeds_lodging,1662,12,14,walk,
mr_creeds_lodging,my_lords_lodgings,1662,12,15,walk,
my_lords_lodgings,st_james_park,1662,12,15,walk,
st_james_park,whitehall,1662,12,15,walk,
whitehall,crown_tavern,1662,12,15,walk,John Creed; Henry Moore
crown_tavern,whitehall,1662,12,15,walk,
whitehall,home_seething_lane,1662,12,15,coach,
home_seething_lane,navy_office,1662,12,16,walk,
navy_office,home_seething_lane,1662,12,16,walk,
home_seething_lane,whitehall,1662,12,16,coach,
whitehall,cannon_row,1662,12,16,walk,
cannon_row,my_lords_lodgings,1662,12,16,walk,
my_lords_lodgings,tom_pepys_shop,1662,12,16,coach,
tom_pepys_shop,home_seething_lane,1662,12,16,walk,
home_seething_lane,navy_office,1662,12,17,walk,
navy_office,home_seething_lane,1662,12,17,walk,
home_seething_lane,navy_office,1662,12,18,walk,
navy_office,home_seething_lane,1662,12,18,walk,Mr. Coventry
home_seething_lane,navy_office,1662,12,18,walk,
navy_office,home_seething_lane,1662,12,19,walk,
home_seething_lane,tower,1662,12,19,walk,
tower,home_seething_lane,1662,12,19,walk,
home_seething_lane,navy_office,1662,12,20,walk,
navy_office,mr_coventrys_lodgings,1662,12,20,coach,Mr. Coventry
mr_coventrys_lodgings,whitehall,1662,12,20,walk,
whitehall,home_seething_lane,1662,12,20,coach,
home_seething_lane,parish_church,1662,12,21,walk,Elizabeth Pepys
parish_church,tom_pepys_shop,1662,12,21,walk,
tom_pepys_shop,whitehall,1662,12,21,walk,
whitehall,whitehall_chapel,1662,12,21,walk,
whitehall_chapel,my_lords_lodgings,1662,12,21,walk,
my_lords_lodgings,mr_creeds_lodging,1662,12,21,walk,
mr_creeds_lodging,my_lords_lodgings,1662,12,22,walk,
my_lords_lodgings,mr_coventrys_lodgings,1662,12,22,walk,
mr_coventrys_lodgings,hyde_park,1662,12,22,horse,Mr. Coventry
hyde_park,lambeth,1662,12,22,horse,Mr. Coventry
lambeth,woolwich,1662,12,22,boat,Mr. Coventry
woolwich,whitehall,1662,12,22,boat,
whitehall,home_seething_lane,1662,12,22,coach,
home_seething_lane,navy_office,1662,12,23,walk,
navy_office,home_seething_lane,1662,12,23,walk,
home_seething_lane,sir_w_batten_house,1662,12,24,walk,
sir_w_batten_house,pauls_churchyard,1662,12,24,walk,
pauls_churchyard,tom_pepys_shop,1662,12,24,walk,
tom_pepys_shop,lord_crews_house,1662,12,24,walk,
lord_crews_house,pauls_churchyard,1662,12,24,walk,
pauls_churchyard,home_seething_lane,1662,12,24,walk,
home_seething_lane,whitehall,1662,12,25,walk,
whitehall,whitehall_chapel,1662,12,25,walk,
whitehall_chapel,my_lords_lodgings,1662,12,25,walk,
my_lords_lodgings,home_seething_lane,1662,12,25,walk,
home_seething_lane,sir_w_pen_house,1662,12,25,walk,
sir_w_pen_house,home_seething_lane,1662,12,25,walk,
home_seething_lane,newgate_market,1662,12,26,walk,
newgate_market,great_wardrobe,1662,12,26,walk,
great_wardrobe,the_temple,1662,12,26,walk,
the_temple,great_wardrobe,1662,12,26,walk,
great_wardrobe,dukes_theatre,1662,12,26,walk,
dukes_theatre,home_seething_lane,1662,12,26,walk,
home_seething_lane,navy_office,1662,12,27,walk,
navy_office,royal_exchange,1662,12,27,walk,
royal_exchange,dukes_theatre,1662,12,27,walk,Elizabeth Pepys
dukes_theatre,home_seething_lane,1662,12,27,coach,Elizabeth Pepys
home_seething_lane,parish_church,1662,12,28,walk,Elizabeth Pepys
parish_church,home_seething_lane,1662,12,28,walk,
home_seething_lane,french_church_city,1662,12,28,walk,
french_church_city,uncle_wight_house,1662,12,28,walk,
uncle_wight_house,home_seething_lane,1662,12,28,walk,
home_seething_lane,westminster_hall,1662,12,29,walk,
westminster_hall,swan_westminster,1662,12,29,walk,
swan_westminster,whitehall,1662,12,29,walk,
whitehall,banqueting_house,1662,12,29,walk,
banqueting_house,harp_and_ball,1662,12,29,walk,
harp_and_ball,home_seething_lane,1662,12,29,coach,
home_seething_lane,navy_office,1662,12,30,walk,
navy_office,royal_exchange,1662,12,30,walk,
royal_exchange,home_seething_lane,1662,12,30,walk,
home_seething_lane,mrs_ferrers_house,1662,12,30,coach,Elizabeth Pepys
mrs_ferrers_house,whitehall,1662,12,30,walk,
whitehall,my_lords_lodgings,1662,12,30,walk,
my_lords_lodgings,westminster_hall,1662,12,31,walk,
westminster_hall,swan_westminster,1662,12,31,walk,
swan_westminster,mrs_pierce_house,1662,12,31,walk,Elizabeth Pepys
mrs_pierce_house,whitehall,1662,12,31,walk,
whitehall,mr_blands_house,1662,12,31,coach,Mr. Povy
mr_blands_house,whitehall,1662,12,31,coach,Mr. Povy
whitehall,mrs_pierce_house,1662,12,31,walk,
mrs_pierce_house,my_lords_lodgings,1662,12,31,walk,Elizabeth Pepys
my_lords_lodgings,navy_office,1663,1,2,walk,
navy_office,home_seething_lane,1663,1,2,walk,
home_seething_lane,sir_w_pen_house,1663,1,2,walk,
sir_w_pen_house,home_seething_lane,1663,1,2,walk,
home_seething_lane,navy_office,1663,1,3,coach,Elizabeth Pepys
navy_office,home_seething_lane,1663,1,3,walk,
home_seething_lane,parish_church,1663,1,4,walk,
parish_church,home_seething_lane,1663,1,4,walk,
home_seething_lane,great_wardrobe,1663,1,4,walk,Elizabeth Pepys
great_wardrobe,whitehall,1663,1,4,walk,
whitehall,mrs_hunts_house,1663,1,4,walk,Elizabeth Pepys
mrs_hunts_house,my_lords_lodgings,1663,1,4,walk,
my_lords_lodgings,whitehall,1663,1,5,walk,
whitehall,cockpit,1663,1,5,walk,
cockpit,my_lords_lodgings,1663,1,6,walk,
my_lords_lodgings,tom_pepys_shop,1663,1,6,walk,
tom_pepys_shop,pauls_churchyard,1663,1,6,walk,John Creed
pauls_churchyard,st_pauls,1663,1,6,walk,
st_pauls,royal_exchange,1663,1,6,walk,
royal_exchange,tom_pepys_shop,1663,1,6,walk,
tom_pepys_shop,dukes_theatre,1663,1,6,walk,Elizabeth Pepys; John Creed
dukes_theatre,home_seething_lane,1663,1,6,coach,Elizabeth Pepys
home_seething_lane,navy_office,1663,1,7,walk,
navy_office,deptford,1663,1,7,boat,
deptford,home_seething_lane,1663,1,7,boat,
home_seething_lane,navy_office,1663,1,8,walk,Sir J. Minnes
navy_office,home_seething_lane,1663,1,8,walk,
home_seething_lane,mitre_tavern,1663,1,9,walk,
mitre_tavern,home_seething_lane,1663,1,9,walk,
home_seething_lane,navy_office,1663,1,9,walk,
navy_office,home_seething_lane,1663,1,9,walk,
home_seething_lane,navy_office,1663,1,10,coach,
navy_office,home_seething_lane,1663,1,10,walk,
home_seething_lane,parish_church,1663,1,11,walk,
parish_church,sir_w_pen_house,1663,1,11,walk,
sir_w_pen_house,sir_w_batten_house,1663,1,11,walk,
sir_w_batten_house,home_seething_lane,1663,1,11,walk,
home_seething_lane,parish_church,1663,1,11,walk,
parish_church,home_seething_lane,1663,1,11,walk,
home_seething_lane,sir_w_pen_house,1663,1,12,walk,
sir_w_pen_house,whitehall,1663,1,12,coach,Sir G. Carteret
whitehall,my_lords_lodgings,1663,1,12,walk,
my_lords_lodgings,kings_head_charing_cross,1663,1,12,walk,John Creed
kings_head_charing_cross,my_lords_lodgings,1663,1,12,walk,
my_lords_lodgings,whitehall,1663,1,12,walk,
whitehall,mr_blands_house,1663,1,12,walk,
mr_blands_house,sir_w_batten_house,1663,1,12,walk,
sir_w_batten_house,home_seething_lane,1663,1,12,walk,
home_seething_lane,navy_office,1663,1,13,walk,
navy_office,home_seething_lane,1663,1,13,walk,
home_seething_lane,navy_office,1663,1,14,walk,
navy_office,home_seething_lane,1663,1,14,walk,
home_seething_lane,navy_office,1663,1,15,walk,
navy_office,home_seething_lane,1663,1,15,walk,Mr. Coventry
home_seething_lane,deptford,1663,1,15,horse,Mr. Coventry
deptford,home_seething_lane,1663,1,15,horse,
home_seething_lane,navy_office,1663,1,16,walk,
navy_office,home_seething_lane,1663,1,16,walk,
home_seething_lane,navy_office,1663,1,17,walk,Elizabeth Pepys
navy_office,home_seething_lane,1663,1,17,walk,
home_seething_lane,dukes_theatre,1663,1,17,coach,John Creed
dukes_theatre,china_alehouse,1663,1,17,walk,
china_alehouse,home_seething_lane,1663,1,17,walk,
home_seething_lane,parish_church,1663,1,18,walk,
parish_church,home_seething_lane,1663,1,18,walk,
home_seething_lane,sir_w_pen_house,1663,1,18,walk,
sir_w_pen_house,home_seething_lane,1663,1,18,walk,
home_seething_lane,whitehall,1663,1,19,walk,
whitehall,my_lords_lodgings,1663,1,19,walk,
my_lords_lodgings,mr_povys_house,1663,1,19,walk,
mr_povys_house,lord_chancellors,1663,1,19,walk,
lord_chancellors,tom_pepys_shop,1663,1,19,walk,
tom_pepys_shop,great_wardrobe,1663,1,19,walk,
great_wardrobe,home_seething_lane,1663,1,19,walk,
home_seething_lane,navy_office,1663,1,20,coach,
navy_office,home_seething_lane,1663,1,20,walk,
home_seething_lane,navy_office,1663,1,21,walk,
navy_office,deptford,1663,1,21,boat,Commissioner Pett
deptford,greenwich,1663,1,21,boat,
greenwich,woolwich,1663,1,21,boat,
woolwich,globe_eastcheap,1663,1,21,boat,
globe_eastcheap,home_seething_lane,1663,1,21,walk,
home_seething_lane,navy_office,1663,1,22,walk,
navy_office,home_seething_lane,1663,1,22,walk,
home_seething_lane,st_dunstans,1663,1,22,walk,
st_dunstans,mr_povys_house,1663,1,22,coach,
mr_povys_house,my_lords_lodgings,1663,1,22,walk,
my_lords_lodgings,mr_creeds_lodging,1663,1,22,walk,
mr_creeds_lodging,tom_pepys_shop,1663,1,23,walk,
tom_pepys_shop,royal_exchange,1663,1,23,walk,
royal_exchange,sir_w_batten_house,1663,1,23,coach,Sir W. Batten
sir_w_batten_house,sir_w_pen_house,1663,1,23,walk,
sir_w_pen_house,home_seething_lane,1663,1,23,walk,
home_seething_lane,navy_office,1663,1,24,boat,
navy_office,royal_exchange,1663,1,24,walk,
royal_exchange,home_seething_lane,1663,1,24,walk,
home_seething_lane,redriffe,1663,1,24,walk,
redriffe,home_seething_lane,1663,1,24,walk,
home_seething_lane,mr_povys_house,1663,1,24,coach,
mr_povys_house,home_seething_lane,1663,1,24,coach,
home_seething_lane,kings_head_charing_cross,1663,1,25,walk,John Creed
kings_head_charing_cross,st_james_park,1663,1,25,walk,
st_james_park,my_lords_lodgings,1663,1,25,walk,
my_lords_lodgings,tom_pepys_shop,1663,1,25,walk,
tom_pepys_shop,home_seething_lane,1663,1,25,walk,
home_seething_lane,steelyard,1663,1,26,boat,Sir W. Batten
steelyard,whitehall,1663,1,26,boat,
whitehall,my_lords_lodgings,1663,1,26,walk,
my_lords_lodgings,westminster_hall,1663,1,26,walk,
westminster_hall,mr_povys_house,1663,1,26,walk,
mr_povys_house,whitehall,1663,1,26,walk,
whitehall,home_seething_lane,1663,1,26,coach,
home_seething_lane,navy_office,1663,1,27,walk,
navy_office,home_seething_lane,1663,1,27,walk,
home_seething_lane,navy_office,1663,1,28,walk,
navy_office,home_seething_lane,1663,1,28,walk,
home_seething_lane,my_lords_lodgings,1663,1,28,walk,Elizabeth Pepys
my_lords_lodgings,the_temple,1663,1,28,walk,
the_temple,mr_wottons_shop,1663,1,28,walk,
mr_wottons_shop,home_seething_lane,1663,1,28,walk,
home_seething_lane,navy_office,1663,1,29,walk,
navy_office,home_seething_lane,1663,1,29,walk,Mr. Coventry
home_seething_lane,sir_w_pen_house,1663,1,29,walk,
sir_w_pen_house,navy_office,1663,1,29,walk,
navy_office,home_seething_lane,1663,1,30,walk,
home_seething_lane,parish_church,1663,1,30,walk,
parish_church,home_seething_lane,1663,1,30,walk,
home_seething_lane,navy_office,1663,1,30,walk,
navy_office,home_seething_lane,1663,1,30,walk,
home_seething_lane,navy_office,1663,1,31,walk,
navy_office,home_seething_lane,1663,1,31,walk,
home_seething_lane,whitehall,1663,2,2,coach,Sir J. Minnes; Sir W. Batten
whitehall,my_lords_lodgings,1663,2,2,walk,
my_lords_lodgings,mr_povys_house,1663,2,2,walk,
mr_povys_house,whitehall,1663,2,2,walk,Mr. Povy
whitehall,mr_coventrys_lodgings,1663,2,2,walk,
mr_coventrys_lodgings,the_temple,1663,2,2,walk,John Creed
the_temple,mrs_turner_house,1663,2,2,walk,
mrs_turner_house,tom_pepys_shop,1663,2,2,walk,
tom_pepys_shop,home_seething_lane,1663,2,2,walk,
home_seething_lane,navy_office,1663,2,3,coach,Elizabeth Pepys
navy_office,home_seething_lane,1663,2,3,walk,
home_seething_lane,pauls_school,1663,2,4,walk,
pauls_school,bow_church,1663,2,4,walk,
bow_church,pauls_school,1663,2,4,walk,
pauls_school,the_temple,1663,2,4,walk,
the_temple,home_seething_lane,1663,2,4,walk,
home_seething_lane,navy_office,1663,2,5,boat,Sir W. Batten
navy_office,home_seething_lane,1663,2,5,walk,
home_seething_lane,the_temple,1663,2,5,walk,
the_temple,home_seething_lane,1663,2,5,walk,
home_seething_lane,navy_office,1663,2,6,walk,
navy_office,lincolns_inn_fields,1663,2,6,walk,
lincolns_inn_fields,mr_povys_house,1663,2,6,walk,
mr_povys_house,the_temple,1663,2,6,walk,
the_temple,my_lords_lodgings,1663,2,6,walk,
my_lords_lodgings,home_seething_lane,1663,2,6,coach,
home_seething_lane,navy_office,1663,2,7,walk,
navy_office,home_seething_lane,1663,2,7,walk,
home_seething_lane,whitehall,1663,2,8,walk,
whitehall,my_lords_lodgings,1663,2,8,walk,
my_lords_lodgings,kings_head_charing_cross,1663,2,8,walk,John Creed
kings_head_charing_cross,st_james_park,1663,2,8,walk,Captain Ferrers; John Creed
st_james_park,great_wardrobe,1663,2,8,walk,
great_wardrobe,home_seething_lane,1663,2,8,walk,
home_seething_lane,navy_office,1663,2,12,walk,
navy_office,home_seething_lane,1663,2,12,walk,
home_seething_lane,tom_pepys_shop,1663,2,13,coach,Elizabeth Pepys
tom_pepys_shop,the_temple,1663,2,13,walk,
the_temple,home_seething_lane,1663,2,13,walk,
home_seething_lane,navy_office,1663,2,14,walk,
navy_office,home_seething_lane,1663,2,14,walk,
home_seething_lane,the_temple,1663,2,14,coach,Elizabeth Pepys
the_temple,home_seething_lane,1663,2,14,coach,
home_seething_lane,parish_church,1663,2,15,walk,
parish_church,home_seething_lane,1663,2,15,walk,
home_seething_lane,whitehall,1663,2,16,coach,Sir W. Batten; Sir J. Minnes
whitehall,westminster_hall,1663,2,16,walk,
westminster_hall,lord_crews_house,1663,2,16,walk,
lord_crews_house,the_temple,1663,2,16,walk,
the_temple,sir_w_pen_house,1663,2,16,walk,
sir_w_pen_house,home_seething_lane,1663,2,16,walk,
home_seething_lane,navy_office,1663,2,17,walk,Elizabeth Pepys
navy_office,home_seething_lane,1663,2,17,walk,
home_seething_lane,the_temple,1663,2,17,boat,
the_temple,westminster_hall,1663,2,17,boat,
westminster_hall,my_lords_lodgings,1663,2,17,walk,
my_lords_lodgings,home_seething_lane,1663,2,17,coach,
home_seething_lane,navy_office,1663,2,18,walk,
navy_office,home_seething_lane,1663,2,18,walk,
home_seething_lane,navy_office,1663,2,19,walk,
navy_office,home_seething_lane,1663,2,19,walk,
home_seething_lane,deptford,1663,2,20,boat,Commissioner Pett
deptford,woolwich,1663,2,20,boat,
woolwich,cuckolds_point,1663,2,20,boat,
cuckolds_point,the_temple,1663,2,20,boat,
the_temple,home_seething_lane,1663,2,20,walk,
home_seething_lane,navy_office,1663,2,21,walk,
navy_office,home_seething_lane,1663,2,21,walk,
home_seething_lane,sir_w_batten_house,1663,2,21,walk,
sir_w_batten_house,cornhill,1663,2,21,walk,
cornhill,sir_w_batten_house,1663,2,21,walk,
sir_w_batten_house,home_seething_lane,1663,2,21,walk,
home_seething_lane,sir_w_batten_house,1663,2,22,walk,
sir_w_batten_house,sir_w_pen_house,1663,2,22,walk,
sir_w_pen_house,home_seething_lane,1663,2,22,walk,
home_seething_lane,whitehall,1663,2,23,boat,
whitehall,my_lords_lodgings,1663,2,23,walk,
my_lords_lodgings,home_seething_lane,1663,2,23,boat,
home_seething_lane,dukes_theatre,1663,2,23,coach,Elizabeth Pepys; John Creed
dukes_theatre,cockpit,1663,2,23,coach,
cockpit,home_seething_lane,1663,2,23,coach,Elizabeth Pepys
home_seething_lane,westminster_hall,1663,2,24,boat,
westminster_hall,my_lords_lodgings,1663,2,24,walk,
my_lords_lodgings,home_seething_lane,1663,2,24,boat,
home_seething_lane,navy_office,1663,2,24,walk,
navy_office,home_seething_lane,1663,2,24,walk,
home_seething_lane,navy_office,1663,2,25,coach,
navy_office,home_seething_lane,1663,2,25,walk,
home_seething_lane,the_temple,1663,2,25,walk,
the_temple,tom_pepys_shop,1663,2,25,walk,
tom_pepys_shop,great_wardrobe,1663,2,25,walk,
great_wardrobe,home_seething_lane,1663,2,25,walk,
home_seething_lane,steelyard,1663,2,26,walk,Sir W. Batten
steelyard,westminster_hall,1663,2,26,boat,
westminster_hall,my_lords_lodgings,1663,2,26,walk,
my_lords_lodgings,kings_head_charing_cross,1663,2,26,walk,John Creed
kings_head_charing_cross,new_exchange,1663,2,26,walk,
new_exchange,home_seething_lane,1663,2,26,boat,
home_seething_lane,navy_office,1663,2,27,walk,
navy_office,chirurgeons_hall,1663,2,27,walk,Commissioner Pett
chirurgeons_hall,navy_office,1663,2,27,walk,
navy_office,sir_w_batten_house,1663,2,27,walk,
sir_w_batten_house,home_seething_lane,1663,2,27,walk,
home_seething_lane,navy_office,1663,2,28,walk,
navy_office,sir_w_batten_house,1663,2,28,walk,
sir_w_batten_house,the_temple,1663,2,28,walk,
the_temple,westminster_hall,1663,2,28,boat,
westminster_hall,my_lords_lodgings,1663,2,28,walk,
my_lords_lodgings,the_temple,1663,2,28,walk,
the_temple,whitehall,1663,2,28,walk,
whitehall,home_seething_lane,1663,2,28,walk,
home_seething_lane,deptford,1663,3,2,boat,Commissioner Pett
deptford,woolwich,1663,3,2,boat,
woolwich,home_seething_lane,1663,3,2,boat,
home_seething_lane,the_temple,1663,3,3,walk,Commissioner Pett
the_temple,whitehall,1663,3,3,walk,
whitehall,home_seething_lane,1663,3,3,boat,
home_seething_lane,navy_office,1663,3,4,coach,
navy_office,home_seething_lane,1663,3,4,walk,
home_seething_lane,whitehall,1663,3,5,coach,Sir J. Minnes; Sir W. Batten
whitehall,westminster_hall,1663,3,5,walk,
westminster_hall,home_seething_lane,1663,3,5,coach,
home_seething_lane,woolwich,1663,3,6,coach,Sir J. Minnes; Sir W. Batten
woolwich,deptford,1663,3,6,coach,
deptford,home_seething_lane,1663,3,6,coach,
home_seething_lane,sir_w_batten_house,1663,3,6,walk,
sir_w_batten_house,home_seething_lane,1663,3,6,walk,
home_seething_lane,navy_office,1663,3,7,walk,
navy_office,home_seething_lane,1663,3,7,walk,
home_seething_lane,sir_w_wheelers,1663,3,7,coach,
sir_w_wheelers,westminster_hall,1663,3,7,walk,John Creed
westminster_hall,home_seething_lane,1663,3,7,boat,
home_seething_lane,whitehall,1663,3,8,walk,
whitehall,whitehall_chapel,1663,3,8,walk,
whitehall_chapel,sir_w_wheelers,1663,3,8,walk,
sir_w_wheelers,pauls_churchyard,1663,3,8,walk,Henry Moore
pauls_churchyard,home_seething_lane,1663,3,8,walk,
home_seething_lane,navy_office,1663,3,9,walk,
navy_office,lord_mayors_house,1663,3,9,coach,
lord_mayors_house,whitehall,1663,3,9,coach,
whitehall,st_james_park,1663,3,9,walk,
st_james_park,home_seething_lane,1663,3,9,coach,
home_seething_lane,navy_office,1663,3,10,walk,Elizabeth Pepys
navy_office,home_seething_lane,1663,3,10,walk,
home_seething_lane,navy_office,1663,3,11,coach,
navy_office,trinity_house,1663,3,11,walk,
trinity_house,home_seething_lane,1663,3,11,walk,
home_seething_lane,navy_office,1663,3,11,walk,
navy_office,home_seething_lane,1663,3,11,walk,
home_seething_lane,navy_office,1663,3,12,walk,Elizabeth Pepys
navy_office,home_seething_lane,1663,3,12,walk,
home_seething_lane,navy_office,1663,3,13,walk,
navy_office,home_seething_lane,1663,3,13,walk,
home_seething_lane,mrs_pierce_house,1663,3,13,boat,Elizabeth Pepys; Mary Ashwell
mrs_pierce_house,whitehall,1663,3,13,walk,
whitehall,st_james_park,1663,3,13,walk,
st_james_park,mrs_hunts_house,1663,3,13,walk,
mrs_hunts_house,hyde_park,1663,3,13,coach,Elizabeth Pepys; Mary Ashwell
hyde_park,home_seething_lane,1663,3,13,coach,
home_seething_lane,navy_office,1663,3,14,walk,
navy_office,home_seething_lane,1663,3,14,walk,
home_seething_lane,parish_church,1663,3,15,walk,Elizabeth Pepys; Mary Ashwell
parish_church,home_seething_lane,1663,3,15,walk,
home_seething_lane,navy_office,1663,3,16,walk,
navy_office,home_seething_lane,1663,3,16,walk,
home_seething_lane,my_lords_lodgings,1663,3,16,coach,Elizabeth Pepys; Mary Ashwell
my_lords_lodgings,whitehall,1663,3,16,walk,
whitehall,my_lords_lodgings,1663,3,16,walk,
my_lords_lodgings,home_seething_lane,1663,3,16,coach,Elizabeth Pepys; Mary Ashwell
home_seething_lane,st_margarets_hill,1663,3,17,coach,Sir W. Batten
st_margarets_hill,home_seething_lane,1663,3,17,boat,
home_seething_lane,lord_mayors_house,1663,3,17,walk,Sir W. Batten
lord_mayors_house,home_seething_lane,1663,3,17,walk,
home_seething_lane,navy_office,1663,3,18,walk,
navy_office,home_seething_lane,1663,3,18,walk,
home_seething_lane,redriffe,1663,3,18,boat,Elizabeth Pepys; Mary Ashwell
redriffe,halfway_house,1663,3,18,walk,
halfway_house,deptford,1663,3,18,walk,
deptford,home_seething_lane,1663,3,18,walk,Elizabeth Pepys; Mary Ashwell
home_seething_lane,woolwich,1663,3,19,boat,
woolwich,greenwich,1663,3,19,walk,
greenwich,deptford,1663,3,19,walk,
deptford,redriffe,1663,3,19,walk,
redriffe,home_seething_lane,1663,3,19,boat,
home_seething_lane,deptford,1663,3,20,walk,
deptford,home_seething_lane,1663,3,20,walk,
home_seething_lane,the_temple,1663,3,20,boat,
the_temple,pauls_churchyard,1663,3,20,walk,
pauls_churchyard,tom_pepys_shop,1663,3,20,walk,
tom_pepys_shop,home_seething_lane,1663,3,20,walk,
home_seething_lane,navy_office,1663,3,21,walk,
navy_office,home_seething_lane,1663,3,21,walk,
home_seething_lane,parish_church,1663,3,22,walk,
parish_church,home_seething_lane,1663,3,22,walk,
home_seething_lane,chelsea,1663,3,22,coach,Elizabeth Pepys; Mary Ashwell; John Creed
chelsea,captain_ferrers_house,1663,3,22,coach,
captain_ferrers_house,home_seething_lane,1663,3,22,coach,Elizabeth Pepys
home_seething_lane,navy_office,1663,3,23,walk,
navy_office,home_seething_lane,1663,3,23,walk,
home_seething_lane,whitehall,1663,3,23,coach,
whitehall,my_lords_lodgings,1663,3,23,walk,
my_lords_lodgings,home_seething_lane,1663,3,23,coach,
home_seething_lane,victualling_office,1663,3,24,walk,Sir J. Minnes
victualling_office,brownes_minories,1663,3,24,walk,
brownes_minories,home_seething_lane,1663,3,24,walk,
home_seething_lane,navy_office,1663,3,24,walk,
navy_office,home_seething_lane,1663,3,24,walk,
home_seething_lane,navy_office,1663,3,25,coach,Sir W. Pen
navy_office,royal_exchange,1663,3,25,walk,
royal_exchange,sun_tavern,1663,3,25,walk,
sun_tavern,home_seething_lane,1663,3,25,walk,
home_seething_lane,navy_office,1663,3,25,walk,
navy_office,home_seething_lane,1663,3,25,walk,
home_seething_lane,navy_office,1663,3,26,walk,
navy_office,royal_exchange,1663,3,26,walk,
royal_exchange,home_seething_lane,1663,3,26,walk,
home_seething_lane,navy_office,1663,3,27,walk,
navy_office,royal_exchange,1663,3,27,walk,
royal_exchange,exchequer,1663,3,27,walk,
exchequer,hercules_pillars,1663,3,27,walk,John Creed
hercules_pillars,pauls_churchyard,1663,3,27,walk,
pauls_churchyard,home_seething_lane,1663,3,27,walk,
home_seething_lane,navy_office,1663,3,28,walk,
navy_office,home_seething_lane,1663,3,28,walk,
home_seething_lane,deptford,1663,3,28,walk,John Creed
deptford,home_seething_lane,1663,3,28,walk,
home_seething_lane,parish_church,1663,3,29,walk,
parish_church,home_seething_lane,1663,3,29,walk,
home_seething_lane,glass_house,1663,3,30,walk,
glass_house,whitehall,1663,3,30,coach,Sir W. Pen; Elizabeth Pepys; Mary Ashwell
whitehall,my_lords_lodgings,1663,3,30,walk,
my_lords_lodgings,home_seething_lane,1663,3,30,coach,Elizabeth Pepys
home_seething_lane,navy_office,1663,3,31,walk,
navy_office,sir_w_batten_house,1663,3,31,walk,
sir_w_batten_house,home_seething_lane,1663,3,31,walk,
home_seething_lane,tom_pepys_shop,1663,4,1,walk,
tom_pepys_shop,the_temple,1663,4,1,walk,
the_temple,tom_pepys_shop,1663,4,1,walk,
tom_pepys_shop,home_seething_lane,1663,4,1,walk,
home_seething_lane,navy_office,1663,4,2,coach,Sir W. Pen
navy_office,westminster_hall,1663,4,2,coach,Sir W. Pen
westminster_hall,home_seething_lane,1663,4,2,coach,Sir W. Pen
home_seething_lane,navy_office,1663,4,2,walk,
navy_office,home_seething_lane,1663,4,2,walk,
home_seething_lane,old_swan,1663,4,3,walk,
old_swan,whitehall,1663,4,3,boat,
whitehall,whitehall_chapel,1663,4,3,walk,
whitehall_chapel,whitehall,1663,4,3,walk,
whitehall,my_lords_lodgings,1663,4,3,walk,
my_lords_lodgings,home_seething_lane,1663,4,3,coach,
home_seething_lane,navy_office,1663,4,4,walk,
navy_office,lombard_street,1663,4,4,walk,
lombard_street,navy_office,1663,4,4,walk,
navy_office,home_seething_lane,1663,4,4,walk,
home_seething_lane,hyde_park,1663,4,4,coach,Elizabeth Pepys
hyde_park,home_seething_lane,1663,4,4,coach,
home_seething_lane,parish_church,1663,4,5,walk,Elizabeth Pepys; Mary Ashwell
parish_church,home_seething_lane,1663,4,5,walk,
home_seething_lane,navy_office,1663,4,6,walk,
navy_office,home_seething_lane,1663,4,6,walk,
home_seething_lane,whitehall,1663,4,6,coach,
whitehall,my_lords_lodgings,1663,4,6,walk,
my_lords_lodgings,mrs_clarkes_house,1663,4,6,walk,
mrs_clarkes_house,home_seething_lane,1663,4,6,coach,Elizabeth Pepys
home_seething_lane,navy_office,1663,4,7,walk,
navy_office,royal_exchange,1663,4,7,walk,
royal_exchange,home_seething_lane,1663,4,7,walk,
home_seething_lane,navy_office,1663,4,7,walk,
navy_office,home_seething_lane,1663,4,7,walk,
home_seething_lane,navy_office,1663,4,8,walk,
navy_office,the_temple,1663,4,8,walk,
the_temple,whitehall,1663,4,8,walk,
whitehall,whitehall_chapel,1663,4,8,walk,
whitehall_chapel,home_seething_lane,1663,4,8,boat,
home_seething_lane,woolwich,1663,4,8,boat,Elizabeth Pepys; Mary Ashwell; John Pepys Sr.
woolwich,greenwich,1663,4,8,walk,
greenwich,deptford,1663,4,8,walk,
deptford,halfway_house,1663,4,8,walk,
halfway_house,home_seething_lane,1663,4,8,walk,
home_seething_lane,navy_office,1663,4,9,walk,
navy_office,home_seething_lane,1663,4,9,walk,
home_seething_lane,navy_office,1663,4,10,walk,
navy_office,royal_exchange,1663,4,10,walk,
royal_exchange,royal_oak,1663,4,10,walk,
royal_oak,home_seething_lane,1663,4,10,walk,
home_seething_lane,whitehall,1663,4,10,boat,Elizabeth Pepys
whitehall,st_james_park,1663,4,10,walk,
st_james_park,my_lords_lodgings,1663,4,10,walk,
my_lords_lodgings,new_exchange,1663,4,10,walk,
new_exchange,home_seething_lane,1663,4,10,coach,Elizabeth Pepys
home_seething_lane,navy_office,1663,4,11,walk,
navy_office,home_seething_lane,1663,4,11,walk,
home_seething_lane,parish_church,1663,4,12,walk,
parish_church,home_seething_lane,1663,4,12,walk,
home_seething_lane,whitehall,1663,4,12,coach,Elizabeth Pepys; Mary Ashwell
whitehall,grays_inn,1663,4,12,coach,
grays_inn,home_seething_lane,1663,4,12,coach,
home_seething_lane,navy_office,1663,4,13,walk,
navy_office,steelyard,1663,4,13,walk,Sir W. Batten
steelyard,whitehall,1663,4,13,boat,
whitehall,great_wardrobe,1663,4,13,walk,
great_wardrobe,home_seething_lane,1663,4,13,walk,
home_seething_lane,navy_office,1663,4,14,walk,
navy_office,woolwich,1663,4,14,boat,Sir J. Minnes; Sir W. Batten; Sir W. Pen
woolwich,greenwich,1663,4,14,walk,
greenwich,deptford,1663,4,14,walk,
deptford,redriffe,1663,4,14,walk,
redriffe,home_seething_lane,1663,4,14,walk,
home_seething_lane,navy_office,1663,4,14,walk,
navy_office,home_seething_lane,1663,4,14,walk,
home_seething_lane,navy_office,1663,4,15,walk,
navy_office,home_seething_lane,1663,4,15,walk,
home_seething_lane,deptford,1663,4,15,walk,
deptford,home_seething_lane,1663,4,15,boat,
home_seething_lane,navy_office,1663,4,16,walk,
navy_office,home_seething_lane,1663,4,16,walk,
home_seething_lane,navy_office,1663,4,17,walk,
navy_office,pauls_churchyard,1663,4,17,walk,John Pepys Sr.
pauls_churchyard,home_seething_lane,1663,4,17,walk,
home_seething_lane,navy_office,1663,4,18,walk,
navy_office,home_seething_lane,1663,4,18,walk,
home_seething_lane,parish_church,1663,4,19,walk,
parish_church,uncle_wight_house,1663,4,19,walk,John Pepys Sr.
uncle_wight_house,home_seething_lane,1663,4,19,walk,
home_seething_lane,parish_church,1663,4,19,walk,
parish_church,home_seething_lane,1663,4,19,walk,
home_seething_lane,whitehall,1663,4,20,coach,
whitehall,home_seething_lane,1663,4,20,coach,Sir J. Minnes
home_seething_lane,navy_office,1663,4,21,walk,
navy_office,home_seething_lane,1663,4,21,walk,
home_seething_lane,navy_office,1663,4,22,walk,
navy_office,royal_exchange,1663,4,22,walk,
royal_exchange,uncle_wight_house,1663,4,22,walk,
uncle_wight_house,kings_playhouse,1663,4,22,coach,Elizabeth Pepys; Mary Ashwell; John Pepys Sr.
kings_playhouse,home_seething_lane,1663,4,22,coach,
home_seething_lane,navy_office,1663,4,23,walk,
navy_office,home_seething_lane,1663,4,23,walk,
home_seething_lane,navy_office,1663,4,24,walk,
navy_office,royal_exchange,1663,4,24,walk,
royal_exchange,home_seething_lane,1663,4,24,walk,
home_seething_lane,halfway_house,1663,4,24,walk,Elizabeth Pepys; Mary Ashwell
halfway_house,home_seething_lane,1663,4,24,walk,
home_seething_lane,navy_office,1663,4,25,walk,
navy_office,old_exchange,1663,4,25,walk,
old_exchange,westminster_hall,1663,4,25,walk,
westminster_hall,whitehall,1663,4,25,walk,
whitehall,my_lords_lodgings,1663,4,25,walk,
my_lords_lodgings,new_exchange,1663,4,25,walk,
new_exchange,home_seething_lane,1663,4,25,walk,
home_seething_lane,parish_church,1663,4,26,walk,
parish_church,home_seething_lane,1663,4,26,walk,
home_seething_lane,halfway_house,1663,4,26,walk,Elizabeth Pepys; Mary Ashwell
halfway_house,home_seething_lane,1663,4,26,walk,
home_seething_lane,navy_office,1663,4,27,walk,
navy_office,whitehall,1663,4,27,boat,
whitehall,st_james_palace,1663,4,27,walk,Mr. Coventry; Sir W. Pen
st_james_palace,my_lords_lodgings,1663,4,27,walk,
my_lords_lodgings,westminster_hall,1663,4,27,walk,John Creed
westminster_hall,home_seething_lane,1663,4,27,coach,
home_seething_lane,navy_office,1663,4,28,walk,
navy_office,home_seething_lane,1663,4,28,walk,
home_seething_lane,tom_pepys_shop,1663,4,29,coach,
tom_pepys_shop,chelsea,1663,4,29,coach,John Pepys Sr.
chelsea,home_seething_lane,1663,4,29,coach,John Pepys Sr.
home_seething_lane,navy_office,1663,4,30,walk,
navy_office,royal_exchange,1663,4,30,walk,
royal_exchange,home_seething_lane,1663,4,30,walk,
home_seething_lane,navy_office,1663,4,30,walk,
navy_office,home_seething_lane,1663,4,30,walk,
home_seething_lane,tom_pepys_shop,1663,5,1,walk,John Pepys Sr.
tom_pepys_shop,bishopsgate,1663,5,1,walk,
bishopsgate,chequer_charing_cross,1663,5,1,horse,
chequer_charing_cross,hyde_park,1663,5,1,horse,
hyde_park,home_seething_lane,1663,5,1,horse,
home_seething_lane,navy_office,1663,5,2,walk,Elizabeth Pepys
navy_office,royal_exchange,1663,5,2,walk,
royal_exchange,home_seething_lane,1663,5,2,walk,
home_seething_lane,sir_w_pen_house,1663,5,2,walk,
sir_w_pen_house,home_seething_lane,1663,5,2,walk,
home_seething_lane,parish_church,1663,5,3,walk,
parish_church,home_seething_lane,1663,5,3,walk,
home_seething_lane,st_james_palace,1663,5,4,walk,
st_james_palace,whitehall,1663,5,4,walk,
whitehall,st_james_park,1663,5,4,walk,
st_james_park,whitehall,1663,5,4,walk,
whitehall,my_lords_lodgings,1663,5,4,walk,
my_lords_lodgings,mrs_pierce_house,1663,5,4,walk,
mrs_pierce_house,new_exchange,1663,5,4,walk,
new_exchange,tom_pepys_shop,1663,5,4,walk,
tom_pepys_shop,home_seething_lane,1663,5,4,coach,Elizabeth Pepys
home_seething_lane,navy_office,1663,5,5,walk,Sir J. Minnes
navy_office,home_seething_lane,1663,5,5,walk,
home_seething_lane,navy_office,1663,5,6,walk,Sir J. Minnes
navy_office,royal_exchange,1663,5,6,walk,
royal_exchange,pauls_churchyard,1663,5,6,walk,
pauls_churchyard,trinity_house,1663,5,6,walk,
trinity_house,home_seething_lane,1663,5,6,walk,
home_seething_lane,new_exchange,1663,5,7,boat,Elizabeth Pepys
new_exchange,tom_pepys_shop,1663,5,7,walk,
tom_pepys_shop,westminster_hall,1663,5,7,walk,
westminster_hall,lord_crews_house,1663,5,7,walk,
lord_crews_house,home_seething_lane,1663,5,7,coach,Elizabeth Pepys
home_seething_lane,somerset_house,1663,5,8,walk,
somerset_house,tom_pepys_shop,1663,5,8,walk,
tom_pepys_shop,theatre_royal,1663,5,8,walk,Elizabeth Pepys; Mary Ashwell
theatre_royal,home_seething_lane,1663,5,8,boat,Elizabeth Pepys
home_seething_lane,navy_office,1663,5,9,walk,
navy_office,westminster_hall,1663,5,9,walk,
westminster_hall,home_seething_lane,1663,5,9,walk,
home_seething_lane,st_james_palace,1663,5,10,walk,
st_james_palace,whitehall,1663,5,10,walk,
whitehall,kings_head_charing_cross,1663,5,10,walk,
kings_head_charing_cross,st_james_park,1663,5,10,walk,
st_james_park,home_seething_lane,1663,5,10,walk,
home_seething_lane,woolwich,1663,5,11,boat,
woolwich,greenwich,1663,5,11,walk,
greenwich,home_seething_lane,1663,5,11,boat,
home_seething_lane,st_james_palace,1663,5,11,coach,Sir W. Pen
st_james_palace,tom_pepys_shop,1663,5,11,walk,
tom_pepys_shop,home_seething_lane,1663,5,11,walk,
home_seething_lane,navy_office,1663,5,12,walk,
navy_office,home_seething_lane,1663,5,12,walk,
home_seething_lane,navy_office,1663,5,13,walk,
navy_office,home_seething_lane,1663,5,13,walk,
home_seething_lane,the_temple,1663,5,13,boat,
the_temple,home_seething_lane,1663,5,13,walk,
home_seething_lane,the_temple,1663,5,14,walk,
the_temple,home_seething_lane,1663,5,14,walk,
home_seething_lane,navy_office,1663,5,14,walk,
navy_office,home_seething_lane,1663,5,14,walk,
home_seething_lane,st_james_palace,1663,5,15,walk,
st_james_palace,westminster_hall,1663,5,15,walk,
westminster_hall,lord_crews_house,1663,5,15,walk,
lord_crews_house,st_james_palace,1663,5,15,coach,
st_james_palace,home_seething_lane,1663,5,15,walk,
home_seething_lane,navy_office,1663,5,16,walk,
navy_office,home_seething_lane,1663,5,16,walk,
home_seething_lane,navy_office,1663,5,17,walk,
navy_office,home_seething_lane,1663,5,17,walk,
home_seething_lane,st_james_palace,1663,5,18,coach,
st_james_palace,my_lords_lodgings,1663,5,18,walk,
my_lords_lodgings,mrs_clarkes_house,1663,5,18,walk,
mrs_clarkes_house,whitehall,1663,5,18,walk,
whitehall,st_james_park,1663,5,18,walk,
st_james_park,mrs_clarkes_house,1663,5,18,coach,
mrs_clarkes_house,hyde_park,1663,5,18,coach,Elizabeth Pepys; Mary Ashwell
hyde_park,home_seething_lane,1663,5,18,coach,Elizabeth Pepys
home_seething_lane,tower_mint,1663,5,19,boat,Sir J. Minnes
tower_mint,navy_office,1663,5,19,walk,
navy_office,halfway_house,1663,5,19,boat,Elizabeth Pepys; Mary Ashwell
halfway_house,home_seething_lane,1663,5,19,boat,
home_seething_lane,trinity_house,1663,5,20,walk,
trinity_house,home_seething_lane,1663,5,20,walk,
home_seething_lane,greenwich,1663,5,20,boat,Elizabeth Pepys; Mary Ashwell; William Howe
greenwich,woolwich,1663,5,20,walk,
woolwich,home_seething_lane,1663,5,20,boat,
home_seething_lane,navy_office,1663,5,21,walk,
navy_office,home_seething_lane,1663,5,21,walk,
home_seething_lane,navy_office,1663,5,22,walk,
navy_office,royal_exchange,1663,5,22,walk,John Creed
royal_exchange,home_seething_lane,1663,5,22,walk,
home_seething_lane,greenwich,1663,5,22,boat,John Creed
greenwich,woolwich,1663,5,22,walk,
woolwich,deptford,1663,5,22,boat,
deptford,redriffe,1663,5,22,walk,
redriffe,halfway_house,1663,5,22,walk,
halfway_house,whitehall,1663,5,22,boat,
whitehall,home_seething_lane,1663,5,22,walk,
home_seething_lane,navy_office,1663,5,23,walk,
navy_office,home_seething_lane,1663,5,23,walk,
home_seething_lane,the_temple,1663,5,23,boat,
the_temple,greatorexs,1663,5,23,walk,
greatorexs,whitehall,1663,5,23,coach,Sir J. Minnes; Sir W. Pen
whitehall,greatorexs,1663,5,23,walk,
greatorexs,home_seething_lane,1663,5,23,boat,
home_seething_lane,parish_church,1663,5,24,walk,
parish_church,sir_w_pen_house,1663,5,24,walk,
sir_w_pen_house,home_seething_lane,1663,5,24,walk,
home_seething_lane,st_james_palace,1663,5,25,coach,Elizabeth Pepys; Mary Ashwell
st_james_palace,home_seething_lane,1663,5,25,coach,
home_seething_lane,navy_office,1663,5,26,walk,Elizabeth Pepys
navy_office,home_seething_lane,1663,5,26,walk,
home_seething_lane,the_temple,1663,5,27,walk,
the_temple,st_james_palace,1663,5,27,walk,Commissioner Pett
st_james_palace,lord_ashlys_house,1663,5,27,walk,
lord_ashlys_house,westminster_hall,1663,5,27,walk,
westminster_hall,chelsea,1663,5,27,boat,
chelsea,home_seething_lane,1663,5,27,boat,
home_seething_lane,royal_exchange,1663,5,28,walk,
royal_exchange,dukes_theatre,1663,5,28,walk,Elizabeth Pepys; Mary Ashwell; John Creed
dukes_theatre,the_temple,1663,5,28,walk,
the_temple,halfway_house,1663,5,28,boat,
halfway_house,home_seething_lane,1663,5,28,walk,
home_seething_lane,dukes_theatre,1663,5,29,coach,Elizabeth Pepys; Mary Ashwell; John Creed
dukes_theatre,tom_pepys_shop,1663,5,29,walk,
tom_pepys_shop,home_seething_lane,1663,5,29,walk,
home_seething_lane,new_exchange,1663,5,30,boat,John Creed
new_exchange,tom_pepys_shop,1663,5,30,walk,
tom_pepys_shop,navy_office,1663,5,30,walk,
navy_office,home_seething_lane,1663,5,30,walk,
home_seething_lane,parish_church,1663,5,31,walk,
parish_church,home_seething_lane,1663,5,31,walk,
home_seething_lane,tom_pepys_shop,1663,6,1,walk,
tom_pepys_shop,st_james_palace,1663,6,1,walk,
st_james_palace,whitehall,1663,6,1,walk,
whitehall,new_theatre_fencing,1663,6,1,coach,Sir J. Minnes
new_theatre_fencing,home_seething_lane,1663,6,1,walk,
home_seething_lane,sir_w_pen_house,1663,6,1,walk,
sir_w_pen_house,home_seething_lane,1663,6,1,walk,
home_seething_lane,whitehall,1663,6,2,boat,
whitehall,st_james_palace,1663,6,2,walk,
st_james_palace,westminster_hall,1663,6,2,walk,
westminster_hall,royal_exchange,1663,6,2,walk,
royal_exchange,sir_w_batten_house,1663,6,2,walk,
sir_w_batten_house,navy_office,1663,6,2,walk,
navy_office,sir_w_pen_house,1663,6,2,walk,
sir_w_pen_house,home_seething_lane,1663,6,2,walk,
home_seething_lane,navy_office,1663,6,3,walk,Sir W. Batten
navy_office,sun_exchange,1663,6,3,walk,
sun_exchange,royal_exchange,1663,6,3,walk,
royal_exchange,home_seething_lane,1663,6,3,walk,
home_seething_lane,navy_office,1663,6,3,walk,
navy_office,home_seething_lane,1663,6,3,walk,
home_seething_lane,westminster_hall,1663,6,4,coach,Elizabeth Pepys; Mary Ashwell
westminster_hall,home_seething_lane,1663,6,4,boat,
home_seething_lane,navy_office,1663,6,4,walk,
navy_office,home_seething_lane,1663,6,4,walk,
home_seething_lane,tom_pepys_shop,1663,6,5,walk,
tom_pepys_shop,pauls_churchyard,1663,6,5,walk,
pauls_churchyard,deptford,1663,6,5,boat,
deptford,redriffe,1663,6,5,walk,
redriffe,whitehall,1663,6,5,walk,
whitehall,my_lords_lodgings,1663,6,5,walk,
my_lords_lodgings,mrs_turner_house,1663,6,5,walk,
mrs_turner_house,home_seething_lane,1663,6,5,walk,
home_seething_lane,whitehall,1663,6,6,walk,
whitehall,york_house,1663,6,6,walk,
york_house,whitehall,1663,6,6,coach,
whitehall,home_seething_lane,1663,6,6,walk,
home_seething_lane,the_temple,1663,6,6,boat,
the_temple,home_seething_lane,1663,6,6,boat,
home_seething_lane,parish_church,1663,6,7,walk,Sir J. Minnes
parish_church,sir_w_batten_house,1663,6,7,walk,
sir_w_batten_house,sir_w_pen_house,1663,6,7,walk,
sir_w_pen_house,home_seething_lane,1663,6,7,walk,
home_seething_lane,parish_church,1663,6,7,walk,
parish_church,home_seething_lane,1663,6,7,walk,
home_seething_lane,st_james_palace,1663,6,8,coach,Sir J. Minnes
st_james_palace,home_seething_lane,1663,6,8,coach,
home_seething_lane,navy_office,1663,6,8,walk,
navy_office,home_seething_lane,1663,6,8,walk,
home_seething_lane,navy_office,1663,6,9,walk,
navy_office,home_seething_lane,1663,6,9,walk,
home_seething_lane,navy_office,1663,6,10,walk,
navy_office,royal_exchange,1663,6,10,walk,
royal_exchange,home_seething_lane,1663,6,10,walk,
home_seething_lane,theatre_royal,1663,6,10,boat,Elizabeth Pepys; Mary Ashwell; John Creed
theatre_royal,half_moon,1663,6,10,walk,
half_moon,sir_w_pen_house,1663,6,10,walk,
sir_w_pen_house,home_seething_lane,1663,6,10,walk,
home_seething_lane,navy_office,1663,6,11,walk,
navy_office,home_seething_lane,1663,6,11,walk,
home_seething_lane,navy_office,1663,6,12,walk,Elizabeth Pepys
navy_office,royal_exchange,1663,6,12,walk,
royal_exchange,home_seething_lane,1663,6,12,walk,
home_seething_lane,sir_w_pen_house,1663,6,12,walk,
sir_w_pen_house,home_seething_lane,1663,6,12,walk,
home_seething_lane,theatre_royal,1663,6,12,boat,Elizabeth Pepys
theatre_royal,royal_exchange,1663,6,12,walk,
royal_exchange,home_seething_lane,1663,6,13,boat,
home_seething_lane,thames_street,1663,6,13,walk,
thames_street,whitehall,1663,6,13,boat,
whitehall,westminster_hall,1663,6,13,walk,
westminster_hall,theatre_royal,1663,6,13,boat,Elizabeth Pepys
theatre_royal,mrs_hunts_house,1663,6,13,coach,
mrs_hunts_house,home_seething_lane,1663,6,13,coach,Elizabeth Pepys
home_seething_lane,parish_church,1663,6,14,walk,
parish_church,sir_w_batten_house,1663,6,14,walk,
sir_w_batten_house,sir_w_pen_house,1663,6,14,walk,
sir_w_pen_house,home_seething_lane,1663,6,14,walk,
home_seething_lane,parish_church,1663,6,14,walk,
parish_church,home_seething_lane,1663,6,14,walk,
home_seething_lane,thames_street,1663,6,15,walk,
thames_street,home_seething_lane,1663,6,15,walk,Elizabeth Pepys; Mary Ashwell
home_seething_lane,deptford,1663,6,15,boat,
deptford,trinity_house,1663,6,15,boat,
trinity_house,blackfriars,1663,6,15,boat,
blackfriars,home_seething_lane,1663,6,15,walk,
home_seething_lane,navy_office,1663,6,16,walk,Sir W. Batten
navy_office,sir_w_batten_house,1663,6,16,walk,
sir_w_batten_house,navy_office,1663,6,16,walk,
navy_office,home_seething_lane,1663,6,16,walk,
home_seething_lane,whitehall,1663,6,17,boat,
whitehall,my_lords_lodgings,1663,6,17,walk,
my_lords_lodgings,home_seething_lane,1663,6,17,boat,
home_seething_lane,navy_office,1663,6,17,walk,
navy_office,home_seething_lane,1663,6,17,walk,
home_seething_lane,navy_office,1663,6,18,walk,
navy_office,home_seething_lane,1663,6,18,walk,
home_seething_lane,sir_w_batten_house,1663,6,18,walk,
sir_w_batten_house,home_seething_lane,1663,6,18,walk,
home_seething_lane,navy_office,1663,6,19,walk,
navy_office,royal_exchange,1663,6,19,walk,
royal_exchange,home_seething_lane,1663,6,19,walk,
home_seething_lane,lambeth,1663,6,19,boat,John Creed; Henry Moore
lambeth,whitehall,1663,6,19,boat,
whitehall,wilkinsons,1663,6,19,walk,
wilkinsons,rhenish_wine_house,1663,6,19,walk,
rhenish_wine_house,home_seething_lane,1663,6,19,boat,
home_seething_lane,navy_office,1663,6,20,boat,
navy_office,home_seething_lane,1663,6,20,walk,
home_seething_lane,whitehall,1663,6,21,boat,
whitehall,mr_coventrys_lodgings,1663,6,21,walk,
mr_coventrys_lodgings,whitehall,1663,6,21,walk,
whitehall,home_seething_lane,1663,6,21,boat,
home_seething_lane,parish_church,1663,6,21,walk,
parish_church,home_seething_lane,1663,6,21,walk,
home_seething_lane,navy_office,1663,6,22,walk,
navy_office,westminster_hall,1663,6,22,coach,Sir W. Batten
westminster_hall,royal_exchange,1663,6,22,walk,John Creed
royal_exchange,st_james_park,1663,6,22,walk,
st_james_park,the_temple,1663,6,22,walk,
the_temple,home_seething_lane,1663,6,22,walk,
home_seething_lane,sir_w_batten_house,1663,6,22,walk,
sir_w_batten_house,home_seething_lane,1663,6,22,walk,
home_seething_lane,the_temple,1663,6,23,walk,
the_temple,royal_exchange,1663,6,23,walk,
royal_exchange,home_seething_lane,1663,6,23,walk,
home_seething_lane,navy_office,1663,6,23,walk,
navy_office,home_seething_lane,1663,6,23,walk,
home_seething_lane,thames_street,1663,6,24,walk,
thames_street,the_temple,1663,6,24,boat,
the_temple,st_james_palace,1663,6,24,walk,
st_james_palace,my_lords_lodgings,1663,6,24,walk,
my_lords_lodgings,kings_head_charing_cross,1663,6,24,walk,John Creed
kings_head_charing_cross,st_james_park,1663,6,24,walk,
st_james_park,greenwich,1663,6,24,boat,John Creed
greenwich,home_seething_lane,1663,6,24,boat,
home_seething_lane,navy_office,1663,6,25,walk,
navy_office,home_seething_lane,1663,6,25,walk,
home_seething_lane,paternoster_row,1663,6,25,walk,
paternoster_row,navy_office,1663,6,25,walk,
navy_office,home_seething_lane,1663,6,26,walk,
home_seething_lane,the_temple,1663,6,26,walk,
the_temple,westminster_hall,1663,6,26,boat,
westminster_hall,home_seething_lane,1663,6,26,boat,
home_seething_lane,bednall_green,1663,6,26,coach,Sir W. Batten; Sir J. Minnes
bednall_green,home_seething_lane,1663,6,26,coach,
home_seething_lane,sir_w_warrens_yard,1663,6,27,boat,Sir W. Warren
sir_w_warrens_yard,navy_office,1663,6,27,walk,
navy_office,lincolns_inn,1663,6,27,boat,
lincolns_inn,home_seething_lane,1663,6,27,walk,
home_seething_lane,the_temple,1663,6,29,walk,
the_temple,westminster_hall,1663,6,29,boat,
westminster_hall,rhenish_wine_house,1663,6,29,walk,
rhenish_wine_house,whitehall,1663,6,29,walk,
whitehall,the_temple,1663,6,29,boat,
the_temple,grays_inn,1663,6,29,walk,
grays_inn,home_seething_lane,1663,6,29,boat,
home_seething_lane,sir_w_batten_house,1663,6,29,walk,
sir_w_batten_house,home_seething_lane,1663,6,29,walk,
home_seething_lane,whitehall,1663,6,30,boat,
whitehall,st_james_park,1663,6,30,walk,John Creed
st_james_park,my_lords_lodgings,1663,6,30,walk,
my_lords_lodgings,home_seething_lane,1663,6,30,boat,
home_seething_lane,deptford,1663,6,30,boat,
deptford,home_seething_lane,1663,6,30,walk,John Creed
home_seething_lane,whitehall,1663,7,1,boat,
whitehall,st_james_palace,1663,7,1,walk,
st_james_palace,westminster_hall,1663,7,1,walk,
westminster_hall,trinity_house,1663,7,1,boat,Sir W. Batten
trinity_house,the_temple,1663,7,1,walk,
the_temple,tom_pepys_shop,1663,7,1,walk,
tom_pepys_shop,home_seething_lane,1663,7,1,walk,
home_seething_lane,navy_office,1663,7,2,coach,Sir J. Minnes
navy_office,royal_exchange,1663,7,2,walk,
royal_exchange,home_seething_lane,1663,7,2,walk,
home_seething_lane,st_james_palace,1663,7,3,coach,Sir J. Minnes; Sir W. Batten
st_james_palace,westminster_hall,1663,7,3,walk,
westminster_hall,lambeth,1663,7,3,boat,John Creed
lambeth,southwark,1663,7,3,walk,
southwark,royal_exchange,1663,7,3,walk,
royal_exchange,home_seething_lane,1663,7,3,walk,
home_seething_lane,deptford,1663,7,3,boat,
deptford,sir_w_pen_house,1663,7,3,walk,
sir_w_pen_house,home_seething_lane,1663,7,3,walk,
home_seething_lane,st_james_palace,1663,7,4,boat,Sir J. Minnes; Sir W. Batten
st_james_palace,kings_head_charing_cross,1663,7,4,walk,John Creed
kings_head_charing_cross,hyde_park,1663,7,4,coach,
hyde_park,lambeth,1663,7,4,walk,
lambeth,home_seething_lane,1663,7,4,walk,
home_seething_lane,walthamstow,1663,7,5,horse,
walthamstow,home_seething_lane,1663,7,5,coach,Sir J. Minnes
home_seething_lane,navy_office,1663,7,6,walk,
navy_office,home_seething_lane,1663,7,6,walk,
home_seething_lane,navy_office,1663,7,7,walk,Sir J. Minnes
navy_office,woolwich,1663,7,7,boat,Sir J. Minnes
woolwich,greenwich,1663,7,7,walk,
greenwich,deptford,1663,7,7,boat,Mr. Coventry
deptford,home_seething_lane,1663,7,7,boat,Mr. Coventry
home_seething_lane,navy_office,1663,7,8,walk,
navy_office,home_seething_lane,1663,7,8,walk,
home_seething_lane,blackfriars,1663,7,9,walk,
blackfriars,home_seething_lane,1663,7,9,walk,
home_seething_lane,deptford,1663,7,9,boat,
deptford,sir_w_pen_house,1663,7,9,walk,
sir_w_pen_house,home_seething_lane,1663,7,9,walk,
home_seething_lane,westminster_hall,1663,7,10,boat,
westminster_hall,home_seething_lane,1663,7,10,walk,
home_seething_lane,gravesend,1663,7,10,boat,
gravesend,hill_house_chatham,1663,7,10,coach,
hill_house_chatham,chatham_dock,1663,7,11,walk,
chatham_dock,st_mary_creek,1663,7,11,boat,Commissioner Pett
st_mary_creek,hill_house_chatham,1663,7,11,walk,
hill_house_chatham,chatham_dock,1663,7,11,walk,
chatham_dock,hill_house_chatham,1663,7,11,walk,
hill_house_chatham,chatham_church,1663,7,12,walk,Sir J. Minnes
chatham_church,hill_house_chatham,1663,7,12,walk,
hill_house_chatham,commissioner_petts_house,1663,7,12,walk,
commissioner_petts_house,hill_house_chatham,1663,7,12,walk,
hill_house_chatham,chatham_dock,1663,7,13,walk,
chatham_dock,rochester,1663,7,13,walk,
rochester,home_seething_lane,1663,7,13,coach,
home_seething_lane,the_temple,1663,7,13,walk,
the_temple,whitehall,1663,7,13,walk,
whitehall,st_james_palace,1663,7,13,walk,
st_james_palace,st_james_park,1663,7,13,walk,
st_james_park,whitehall,1663,7,13,walk,
whitehall,home_seething_lane,1663,7,13,boat,
home_seething_lane,navy_office,1663,7,14,walk,
navy_office,royal_exchange,1663,7,14,walk,
royal_exchange,home_seething_lane,1663,7,14,walk,
home_seething_lane,navy_office,1663,7,15,walk,
navy_office,westminster_hall,1663,7,15,walk,
westminster_hall,the_temple,1663,7,15,walk,
the_temple,home_seething_lane,1663,7,15,walk,
home_seething_lane,wapping,1663,7,16,boat,
wapping,royal_exchange,1663,7,16,walk,
royal_exchange,navy_office,1663,7,16,walk,
navy_office,sir_w_batten_house,1663,7,16,walk,
sir_w_batten_house,home_seething_lane,1663,7,16,walk,
home_seething_lane,royal_exchange,1663,7,17,walk,John Creed
royal_exchange,home_seething_lane,1663,7,17,walk,
home_seething_lane,redriffe,1663,7,17,boat,
redriffe,sir_w_pen_house,1663,7,17,walk,
sir_w_pen_house,bagwells_house,1663,7,17,walk,
bagwells_house,home_seething_lane,1663,7,17,boat,
home_seething_lane,navy_office,1663,7,18,walk,
navy_office,the_temple,1663,7,18,walk,
the_temple,westminster_hall,1663,7,18,walk,
westminster_hall,crown_palace_yard,1663,7,18,walk,
crown_palace_yard,the_temple,1663,7,18,walk,
the_temple,home_seething_lane,1663,7,18,walk,
home_seething_lane,parish_church,1663,7,19,walk,
parish_church,home_seething_lane,1663,7,19,walk,
home_seething_lane,woolwich,1663,7,20,walk,
woolwich,captain_cockes_house,1663,7,20,walk,
captain_cockes_house,whitehall,1663,7,20,boat,
whitehall,st_james_palace,1663,7,20,walk,
st_james_palace,greenwich,1663,7,20,boat,
greenwich,home_seething_lane,1663,7,20,boat,
home_seething_lane,deptford,1663,7,21,boat,
deptford,navy_office,1663,7,21,boat,Sir J. Minnes; Sir W. Batten
navy_office,the_temple,1663,7,21,boat,
the_temple,home_seething_lane,1663,7,21,walk,
home_seething_lane,lord_crews_house,1663,7,22,walk,
lord_crews_house,mr_wottons_shop,1663,7,22,walk,
mr_wottons_shop,ratcliffe,1663,7,22,boat,
ratcliffe,deptford,1663,7,22,walk,
deptford,sir_w_pen_house,1663,7,22,walk,
sir_w_pen_house,home_seething_lane,1663,7,22,walk,
home_seething_lane,woolwich,1663,7,23,boat,
woolwich,home_seething_lane,1663,7,23,boat,
home_seething_lane,navy_office,1663,7,23,walk,
navy_office,sir_w_batten_house,1663,7,23,walk,
sir_w_batten_house,home_seething_lane,1663,7,23,walk,
home_seething_lane,the_temple,1663,7,24,walk,
the_temple,westminster_hall,1663,7,24,walk,
westminster_hall,mr_blands_house,1663,7,24,walk,
mr_blands_house,navy_office,1663,7,24,walk,
navy_office,home_seething_lane,1663,7,24,walk,
home_seething_lane,navy_office,1663,7,25,walk,
navy_office,whitehall,1663,7,25,boat,
whitehall,fox_hall,1663,7,25,walk,
fox_hall,clapham,1663,7,25,coach,John Creed
clapham,epsom,1663,7,25,horse,John Creed
epsom,ashtead,1663,7,25,horse,
ashtead,epsom_wells,1663,7,26,walk,John Creed
epsom_wells,durdans,1663,7,26,walk,
durdans,ashtead,1663,7,26,walk,
ashtead,nonsuch,1663,7,26,horse,
nonsuch,epsom,1663,7,26,horse,
epsom,ewell,1663,7,26,horse,
ewell,nonsuch,1663,7,26,walk,John Creed
nonsuch,ewell,1663,7,27,walk,
ewell,epsom_wells,1663,7,27,horse,John Creed
epsom_wells,ewell,1663,7,27,horse,
ewell,fox_hall,1663,7,27,horse,John Creed
fox_hall,westminster_hall,1663,7,27,boat,
westminster_hall,whitehall,1663,7,27,walk,
whitehall,new_spring_garden,1663,7,27,boat,John Creed
new_spring_garden,st_james_park,1663,7,27,walk,
st_james_park,whitehall,1663,7,27,walk,
whitehall,home_seething_lane,1663,7,27,boat,
home_seething_lane,navy_office,1663,7,28,walk,
navy_office,home_seething_lane,1663,7,28,walk,
home_seething_lane,wapping,1663,7,29,boat,
wapping,sir_w_batten_house,1663,7,29,walk,
sir_w_batten_house,deptford,1663,7,29,walk,
deptford,sir_w_pen_house,1663,7,29,walk,
sir_w_pen_house,home_seething_lane,1663,7,29,walk,
home_seething_lane,navy_office,1663,7,30,walk,
navy_office,woolwich,1663,7,30,boat,Mr. Coventry
woolwich,deptford,1663,7,30,boat,
deptford,whitehall,1663,7,30,boat,Mr. Coventry
whitehall,home_seething_lane,1663,7,30,walk,
home_seething_lane,royal_exchange,1663,7,31,walk,
royal_exchange,great_wardrobe,1663,7,31,walk,
great_wardrobe,home_seething_lane,1663,7,31,walk,
home_seething_lane,navy_office,1663,7,31,walk,
navy_office,home_seething_lane,1663,7,31,walk,
home_seething_lane,chatham_dock,1663,8,3,walk,
chatham_dock,hill_house_chatham,1663,8,3,walk,Mr. Coventry
hill_house_chatham,gravesend,1663,8,3,horse,Mr. Coventry
gravesend,home_seething_lane,1663,8,4,boat,Mr. Coventry
home_seething_lane,navy_office,1663,8,4,walk,
navy_office,home_seething_lane,1663,8,4,walk,
home_seething_lane,westminster_hall,1663,8,4,boat,
westminster_hall,home_seething_lane,1663,8,4,boat,
home_seething_lane,navy_office,1663,8,5,walk,
navy_office,royal_exchange,1663,8,5,walk,
royal_exchange,home_seething_lane,1663,8,5,walk,
home_seething_lane,westminster_hall,1663,8,5,walk,
westminster_hall,kings_head_lambeth,1663,8,5,boat,
kings_head_lambeth,home_seething_lane,1663,8,5,coach,
home_seething_lane,navy_office,1663,8,6,walk,
navy_office,royal_exchange,1663,8,6,walk,
royal_exchange,mary_joyces_house,1663,8,6,walk,
mary_joyces_house,lincolns_inn_fields,1663,8,6,walk,
lincolns_inn_fields,home_seething_lane,1663,8,6,walk,
home_seething_lane,brownes_minories,1663,8,7,walk,
brownes_minories,home_seething_lane,1663,8,7,walk,
home_seething_lane,deptford,1663,8,7,walk,
deptford,home_seething_lane,1663,8,7,walk,
home_seething_lane,navy_office,1663,8,8,walk,
navy_office,royal_exchange,1663,8,8,walk,
royal_exchange,home_seething_lane,1663,8,8,walk,
home_seething_lane,woolwich,1663,8,8,boat,
woolwich,greenwich,1663,8,8,boat,
greenwich,wapping,1663,8,8,boat,
wapping,home_seething_lane,1663,8,8,walk,
home_seething_lane,parish_church,1663,8,9,walk,
parish_church,sir_w_batten_house,1663,8,9,walk,
sir_w_batten_house,st_dunstans,1663,8,9,walk,Lady Batten
st_dunstans,mrs_russells,1663,8,9,walk,
mrs_russells,uncle_wight_house,1663,8,9,walk,
uncle_wight_house,home_seething_lane,1663,8,9,walk,
home_seething_lane,whitehall,1663,8,10,boat,
whitehall,st_james_palace,1663,8,10,walk,
st_james_palace,lord_peterboroughs,1663,8,10,coach,Lord Sandwich; Lord Peterborough
lord_peterboroughs,greatorexs,1663,8,10,walk,
greatorexs,home_seething_lane,1663,8,10,walk,
home_seething_lane,navy_office,1663,8,11,walk,
navy_office,royal_exchange,1663,8,11,walk,
royal_exchange,home_seething_lane,1663,8,11,walk,
home_seething_lane,mr_povys_house,1663,8,11,coach,Mrs. Turner; Mrs. Morrice
mr_povys_house,the_temple,1663,8,11,walk,
the_temple,westminster_hall,1663,8,11,boat,
westminster_hall,greenwich,1663,8,11,boat,
greenwich,mrs_turner_house,1663,8,11,coach,
mrs_turner_house,home_seething_lane,1663,8,11,walk,
home_seething_lane,mrs_turner_house,1663,8,12,walk,
mrs_turner_house,whitehall,1663,8,12,walk,
whitehall,tom_pepys_shop,1663,8,12,boat,
tom_pepys_shop,home_seething_lane,1663,8,12,walk,
home_seething_lane,navy_office,1663,8,13,walk,Elizabeth Pepys
navy_office,home_seething_lane,1663,8,13,walk,
home_seething_lane,whitehall,1663,8,13,boat,Elizabeth Pepys
whitehall,my_lords_lodgings,1663,8,13,walk,
my_lords_lodgings,mrs_hunts_house,1663,8,13,walk,
mrs_hunts_house,st_james_park,1663,8,13,walk,
st_james_park,mrs_hunts_house,1663,8,13,walk,
mrs_hunts_house,mrs_turner_house,1663,8,13,boat,
mrs_turner_house,home_seething_lane,1663,8,13,coach,Elizabeth Pepys
home_seething_lane,navy_office,1663,8,14,walk,
navy_office,home_seething_lane,1663,8,14,walk,
home_seething_lane,tom_pepys_shop,1663,8,14,walk,
tom_pepys_shop,home_seething_lane,1663,8,14,walk,
home_seething_lane,sir_w_pen_house,1663,8,14,walk,Elizabeth Pepys
sir_w_pen_house,home_seething_lane,1663,8,14,walk,
home_seething_lane,navy_office,1663,8,15,walk,
navy_office,home_seething_lane,1663,8,15,walk,
home_seething_lane,deptford,1663,8,15,boat,
deptford,home_seething_lane,1663,8,15,boat,
home_seething_lane,parish_church,1663,8,16,walk,Elizabeth Pepys
parish_church,home_seething_lane,1663,8,16,walk,
home_seething_lane,sir_w_pen_house,1663,8,16,walk,Elizabeth Pepys
sir_w_pen_house,uncle_wight_house,1663,8,16,walk,
uncle_wight_house,home_seething_lane,1663,8,16,walk,
home_seething_lane,st_james_palace,1663,8,17,coach,Sir J. Minnes; Sir W. Batten
st_james_palace,whitehall,1663,8,17,walk,
whitehall,home_seething_lane,1663,8,17,walk,
home_seething_lane,tom_pepys_shop,1663,8,17,walk,
tom_pepys_shop,home_seething_lane,1663,8,17,walk,
home_seething_lane,navy_office,1663,8,18,walk,
navy_office,home_seething_lane,1663,8,18,walk,
home_seething_lane,whitehall,1663,8,19,walk,
whitehall,home_seething_lane,1663,8,19,walk,
home_seething_lane,navy_office,1663,8,20,walk,
navy_office,home_seething_lane,1663,8,20,walk,
home_seething_lane,whitehall,1663,8,21,boat,
whitehall,tom_pepys_shop,1663,8,21,walk,
tom_pepys_shop,home_seething_lane,1663,8,21,walk,
home_seething_lane,deptford,1663,8,21,boat,
deptford,greenwich,1663,8,21,walk,
greenwich,home_seething_lane,1663,8,21,boat,
home_seething_lane,woolwich,1663,8,22,boat,Sir W. Batten; Sir J. Minnes
woolwich,greenwich,1663,8,22,walk,
greenwich,deptford,1663,8,22,walk,
deptford,home_seething_lane,1663,8,22,boat,
home_seething_lane,parish_church,1663,8,23,walk,
parish_church,home_seething_lane,1663,8,23,walk,
home_seething_lane,my_lords_lodgings,1663,8,24,walk,
my_lords_lodgings,st_james_palace,1663,8,24,walk,John Creed
st_james_palace,new_exchange,1663,8,24,walk,
new_exchange,home_seething_lane,1663,8,24,boat,
home_seething_lane,limehouse,1663,8,25,walk,
limehouse,navy_office,1663,8,25,walk,
navy_office,royal_exchange,1663,8,25,walk,
royal_exchange,home_seething_lane,1663,8,25,walk,
home_seething_lane,whitehall,1663,8,26,boat,
whitehall,st_james_palace,1663,8,26,walk,
st_james_palace,home_seething_lane,1663,8,26,walk,
home_seething_lane,deptford,1663,8,26,walk,Henry Moore
deptford,home_seething_lane,1663,8,26,walk,
home_seething_lane,navy_office,1663,8,27,walk,Elizabeth Pepys
navy_office,home_seething_lane,1663,8,27,walk,
home_seething_lane,navy_office,1663,8,28,walk,
navy_office,home_seething_lane,1663,8,28,walk,
home_seething_lane,westminster_hall,1663,8,29,boat,Elizabeth Pepys
westminster_hall,my_lords_lodgings,1663,8,29,walk,
my_lords_lodgings,new_exchange,1663,8,29,walk,Elizabeth Pepys
new_exchange,leadenhall,1663,8,29,walk,
leadenhall,home_seething_lane,1663,8,29,walk,Elizabeth Pepys
home_seething_lane,navy_office,1663,8,31,walk,
navy_office,home_seething_lane,1663,8,31,walk,
home_seething_lane,whitehall,1663,9,2,coach,Sir J. Minnes; Sir W. Batten
whitehall,old_bailey,1663,9,2,coach,
old_bailey,home_seething_lane,1663,9,2,boat,
home_seething_lane,navy_office,1663,9,3,walk,
navy_office,greenwich,1663,9,3,coach,Lady Batten
greenwich,deptford,1663,9,3,walk,
deptford,redriffe,1663,9,3,walk,
redriffe,home_seething_lane,1663,9,3,walk,
home_seething_lane,whitehall,1663,9,4,boat,
whitehall,westminster_hall,1663,9,4,walk,
westminster_hall,mr_povys_house,1663,9,4,walk,John Creed
mr_povys_house,lincolns_inn,1663,9,4,walk,
lincolns_inn,mr_povys_house,1663,9,4,walk,
mr_povys_house,home_seething_lane,1663,9,4,coach,
home_seething_lane,bartholomew_fair,1663,9,4,coach,Elizabeth Pepys
bartholomew_fair,home_seething_lane,1663,9,4,coach,Elizabeth Pepys
home_seething_lane,navy_office,1663,9,5,walk,
navy_office,royal_exchange,1663,9,5,walk,
royal_exchange,home_seething_lane,1663,9,5,walk,John Creed
home_seething_lane,paternoster_row,1663,9,7,walk,
paternoster_row,lord_crews_house,1663,9,7,walk,
lord_crews_house,tom_pepys_shop,1663,9,7,walk,
tom_pepys_shop,black_spread_eagle,1663,9,7,walk,
black_spread_eagle,bartholomew_fair,1663,9,7,walk,
bartholomew_fair,home_seething_lane,1663,9,7,walk,
home_seething_lane,navy_office,1663,9,8,walk,
navy_office,royal_exchange,1663,9,8,walk,
royal_exchange,moxons,1663,9,8,walk,
moxons,home_seething_lane,1663,9,8,walk,
home_seething_lane,sir_w_warrens_yard,1663,9,9,walk,Sir W. Warren
sir_w_warrens_yard,woolwich,1663,9,9,boat,
woolwich,greenwich,1663,9,9,walk,
greenwich,home_seething_lane,1663,9,9,walk,
home_seething_lane,whitehall,1663,9,9,boat,
whitehall,westminster_hall,1663,9,9,walk,
westminster_hall,home_seething_lane,1663,9,9,walk,
home_seething_lane,navy_office,1663,9,10,walk,
navy_office,home_seething_lane,1663,9,10,walk,
home_seething_lane,navy_office,1663,9,11,walk,
navy_office,dolphin_tavern,1663,9,11,walk,
dolphin_tavern,home_seething_lane,1663,9,11,walk,
home_seething_lane,whitehall,1663,9,12,boat,
whitehall,westminster_hall,1663,9,12,walk,
westminster_hall,home_seething_lane,1663,9,12,boat,
home_seething_lane,whitehall,1663,9,12,boat,
whitehall,home_seething_lane,1663,9,12,boat,
home_seething_lane,royal_exchange,1663,9,12,walk,
royal_exchange,home_seething_lane,1663,9,12,walk,
home_seething_lane,bishopsgate,1663,9,14,coach,
bishopsgate,ware,1663,9,14,horse,Elizabeth Pepys; Henry Moore
ware,buntingford,1663,9,14,horse,Elizabeth Pepys
buntingford,godmanchester,1663,9,15,horse,Elizabeth Pepys
godmanchester,brampton,1663,9,15,horse,
brampton,hinchingbroke,1663,9,15,horse,
hinchingbroke,brampton,1663,9,15,horse,
brampton,hinchingbroke,1663,9,16,walk,Elizabeth Pepys
hinchingbroke,brampton,1663,9,16,walk,
brampton,parsons_drove,1663,9,17,horse,
parsons_drove,wisbech,1663,9,18,horse,
wisbech,chatteris,1663,9,18,horse,
chatteris,st_ives,1663,9,19,horse,
st_ives,brampton,1663,9,19,horse,
brampton,huntingdon,1663,9,19,horse,Elizabeth Pepys
huntingdon,hinchingbroke,1663,9,19,walk,
hinchingbroke,brampton,1663,9,19,horse,
brampton,huntingdon,1663,9,20,walk,
huntingdon,hinchingbroke,1663,9,20,walk,
hinchingbroke,brampton,1663,9,20,walk,
brampton,bigglesworth,1663,9,20,horse,Elizabeth Pepys
bigglesworth,hatfield,1663,9,21,horse,Elizabeth Pepys
hatfield,home_seething_lane,1663,9,21,horse,
home_seething_lane,navy_office,1663,9,22,walk,Elizabeth Pepys
navy_office,home_seething_lane,1663,9,22,walk,
home_seething_lane,westminster_hall,1663,9,22,boat,Elizabeth Pepys
westminster_hall,my_lords_lodgings,1663,9,22,walk,
my_lords_lodgings,home_seething_lane,1663,9,22,boat,
home_seething_lane,sir_w_pen_house,1663,9,22,walk,
sir_w_pen_house,home_seething_lane,1663,9,22,walk,
home_seething_lane,navy_office,1663,9,23,boat,
navy_office,lord_crews_house,1663,9,23,walk,
lord_crews_house,westminster_hall,1663,9,23,walk,
westminster_hall,home_seething_lane,1663,9,23,walk,
home_seething_lane,navy_office,1663,9,24,boat,
navy_office,home_seething_lane,1663,9,24,walk,
home_seething_lane,kings_head_lambeth,1663,9,24,boat,
kings_head_lambeth,whitehall,1663,9,24,boat,
whitehall,home_seething_lane,1663,9,24,walk,
home_seething_lane,navy_office,1663,9,25,boat,
navy_office,deptford,1663,9,25,boat,Sir J. Minnes; Sir W. Batten
deptford,home_seething_lane,1663,9,25,boat,
home_seething_lane,navy_office,1663,9,26,walk,
navy_office,royal_exchange,1663,9,26,walk,
royal_exchange,home_seething_lane,1663,9,26,walk,
home_seething_lane,navy_office,1663,9,26,walk,
navy_office,home_seething_lane,1663,9,26,walk,
home_seething_lane,parish_church,1663,9,27,walk,
parish_church,home_seething_lane,1663,9,27,walk,
home_seething_lane,whitehall,1663,9,28,coach,Sir J. Minnes
whitehall,home_seething_lane,1663,9,28,boat,
home_seething_lane,deptford,1663,9,28,boat,Sir J. Minnes; Sir W. Batten
deptford,home_seething_lane,1663,9,28,boat,
home_seething_lane,sir_w_pen_house,1663,9,28,walk,
sir_w_pen_house,home_seething_lane,1663,9,28,walk,
home_seething_lane,navy_office,1663,9,30,walk,
navy_office,home_seething_lane,1663,9,30,walk,
home_seething_lane,whitehall,1663,9,30,boat,
whitehall,home_seething_lane,1663,9,30,boat,Sir W. Rider
home_seething_lane,navy_office,1663,10,1,walk,
navy_office,home_seething_lane,1663,10,1,walk,
home_seething_lane,deptford,1663,10,1,boat,
deptford,home_seething_lane,1663,10,1,boat,
home_seething_lane,st_james_palace,1663,10,2,boat,
st_james_palace,royal_exchange,1663,10,2,walk,
royal_exchange,home_seething_lane,1663,10,2,walk,
home_seething_lane,navy_office,1663,10,2,walk,
navy_office,home_seething_lane,1663,10,2,walk,
home_seething_lane,navy_office,1663,10,3,walk,
navy_office,home_seething_lane,1663,10,3,walk,
home_seething_lane,parish_church,1663,10,4,walk,
parish_church,home_seething_lane,1663,10,4,walk,
home_seething_lane,the_temple,1663,10,5,coach,Sir J. Minnes
the_temple,tom_pepys_shop,1663,10,5,walk,
tom_pepys_shop,new_exchange,1663,10,5,walk,John Creed
new_exchange,home_seething_lane,1663,10,5,walk,
home_seething_lane,sir_w_pen_house,1663,10,5,walk,
sir_w_pen_house,home_seething_lane,1663,10,5,walk,
home_seething_lane,navy_office,1663,10,6,walk,
navy_office,home_seething_lane,1663,10,6,walk,
home_seething_lane,navy_office,1663,10,8,walk,
navy_office,home_seething_lane,1663,10,8,walk,
home_seething_lane,navy_office,1663,10,10,walk,
navy_office,home_seething_lane,1663,10,10,walk,
home_seething_lane,st_james_palace,1663,10,12,coach,Sir J. Minnes; Sir W. Batten; Sir G. Carteret
st_james_palace,royal_exchange,1663,10,12,coach,
royal_exchange,cheapside,1663,10,12,walk,
cheapside,new_exchange,1663,10,12,walk,
new_exchange,my_lords_lodgings,1663,10,12,walk,
my_lords_lodgings,whitehall,1663,10,12,walk,
whitehall,home_seething_lane,1663,10,12,coach,Elizabeth Pepys
home_seething_lane,navy_office,1663,10,13,walk,
navy_office,royal_exchange,1663,10,13,walk,John Creed
royal_exchange,home_seething_lane,1663,10,13,walk,
home_seething_lane,navy_office,1663,10,14,walk,
navy_office,royal_exchange,1663,10,14,walk,
royal_exchange,jewish_synagogue,1663,10,14,coach,Elizabeth Pepys
jewish_synagogue,whitehall,1663,10,14,coach,
whitehall,new_exchange,1663,10,14,walk,Elizabeth Pepys
new_exchange,home_seething_lane,1663,10,14,coach,
home_seething_lane,sir_w_pen_house,1663,10,14,walk,
sir_w_pen_house,home_seething_lane,1663,10,14,walk,
home_seething_lane,navy_office,1663,10,15,walk,
navy_office,home_seething_lane,1663,10,15,walk,
home_seething_lane,navy_office,1663,10,16,walk,
navy_office,home_seething_lane,1663,10,16,walk,
home_seething_lane,whitehall,1663,10,16,coach,Elizabeth Pepys
whitehall,my_lords_lodgings,1663,10,16,walk,
my_lords_lodgings,new_exchange,1663,10,16,walk,
new_exchange,home_seething_lane,1663,10,16,coach,Elizabeth Pepys
home_seething_lane,navy_office,1663,10,17,walk,
navy_office,dolphin_tavern,1663,10,17,walk,
dolphin_tavern,home_seething_lane,1663,10,17,walk,
home_seething_lane,parish_church,1663,10,18,walk,Elizabeth Pepys
parish_church,home_seething_lane,1663,10,18,walk,
home_seething_lane,parish_church,1663,10,18,walk,
parish_church,sir_w_pen_house,1663,10,18,walk,
sir_w_pen_house,home_seething_lane,1663,10,18,walk,
home_seething_lane,st_james_palace,1663,10,19,coach,Sir W. Batten; Sir J. Minnes
st_james_palace,cornhill,1663,10,19,coach,Sir W. Batten
cornhill,st_james_palace,1663,10,19,coach,
st_james_palace,lord_barkeleys,1663,10,19,walk,
lord_barkeleys,axe_yard,1663,10,19,walk,
axe_yard,whitehall,1663,10,19,walk,
whitehall,new_exchange,1663,10,19,walk,
new_exchange,tom_pepys_shop,1663,10,19,walk,
tom_pepys_shop,home_seething_lane,1663,10,19,walk,
home_seething_lane,navy_office,1663,10,20,walk,
navy_office,lord_mayors_house,1663,10,20,coach,Sir G. Carteret; Sir J. Minnes
lord_mayors_house,home_seething_lane,1663,10,20,coach,
home_seething_lane,whitehall,1663,10,20,coach,Elizabeth Pepys
whitehall,pauls_churchyard,1663,10,20,coach,
pauls_churchyard,home_seething_lane,1663,10,20,coach,Elizabeth Pepys
home_seething_lane,royal_exchange,1663,10,21,walk,
royal_exchange,trinity_house,1663,10,21,walk,
trinity_house,steelyard,1663,10,21,walk,
steelyard,tom_pepys_shop,1663,10,21,walk,
tom_pepys_shop,new_exchange,1663,10,21,walk,Elizabeth Pepys
new_exchange,home_seething_lane,1663,10,21,walk,
home_seething_lane,navy_office,1663,10,22,walk,Elizabeth Pepys
navy_office,home_seething_lane,1663,10,22,walk,
home_seething_lane,tom_pepys_shop,1663,10,23,walk,
tom_pepys_shop,kings_head_charing_cross,1663,10,23,walk,
kings_head_charing_cross,the_temple,1663,10,23,walk,
the_temple,home_seething_lane,1663,10,23,walk,
home_seething_lane,navy_office,1663,10,24,walk,
navy_office,dolphin_tavern,1663,10,24,walk,
dolphin_tavern,whitehall,1663,10,24,coach,Mr. Coventry
whitehall,the_temple,1663,10,24,walk,
the_temple,home_seething_lane,1663,10,24,walk,
home_seething_lane,parish_church,1663,10,25,walk,Elizabeth Pepys
parish_church,home_seething_lane,1663,10,25,walk,
home_seething_lane,parish_church,1663,10,25,walk,
parish_church,sir_w_pen_house,1663,10,25,walk,
sir_w_pen_house,home_seething_lane,1663,10,25,walk,
home_seething_lane,westminster_hall,1663,10,26,walk,
westminster_hall,my_lords_lodgings,1663,10,26,walk,
my_lords_lodgings,kings_head_charing_cross,1663,10,26,walk,John Creed
kings_head_charing_cross,the_temple,1663,10,26,walk,
the_temple,globe_fleet_st,1663,10,26,walk,Sir W. Batten
globe_fleet_st,home_seething_lane,1663,10,26,coach,Sir W. Batten
home_seething_lane,navy_office,1663,10,27,walk,
navy_office,home_seething_lane,1663,10,27,walk,
home_seething_lane,the_temple,1663,10,27,walk,
the_temple,popes_head,1663,10,27,walk,
popes_head,home_seething_lane,1663,10,27,coach,
home_seething_lane,navy_office,1663,10,28,walk,
navy_office,royal_exchange,1663,10,28,walk,John Creed
royal_exchange,home_seething_lane,1663,10,28,walk,
home_seething_lane,guildhall,1663,10,29,coach,
guildhall,hercules_pillars,1663,10,29,coach,John Creed
hercules_pillars,home_seething_lane,1663,10,29,coach,
home_seething_lane,tom_pepys_shop,1663,10,29,walk,
tom_pepys_shop,new_exchange,1663,10,29,coach,Elizabeth Pepys
new_exchange,home_seething_lane,1663,10,29,coach,
home_seething_lane,royal_exchange,1663,10,30,walk,
royal_exchange,home_seething_lane,1663,10,30,walk,
home_seething_lane,new_exchange,1663,10,30,coach,Elizabeth Pepys
new_exchange,tom_pepys_shop,1663,10,30,walk,
tom_pepys_shop,home_seething_lane,1663,10,30,walk,
home_seething_lane,navy_office,1663,10,31,walk,
navy_office,home_seething_lane,1663,10,31,walk,John Creed
home_seething_lane,navy_office,1663,11,3,walk,
navy_office,home_seething_lane,1663,11,3,walk,
home_seething_lane,sir_w_pen_house,1663,11,3,walk,
sir_w_pen_house,home_seething_lane,1663,11,3,walk,
home_seething_lane,navy_office,1663,11,4,walk,
navy_office,new_exchange,1663,11,4,coach,
new_exchange,home_seething_lane,1663,11,4,coach,
home_seething_lane,navy_office,1663,11,5,walk,
navy_office,mitre_tavern,1663,11,5,walk,
mitre_tavern,home_seething_lane,1663,11,5,walk,
home_seething_lane,navy_office,1663,11,6,walk,
navy_office,royal_exchange,1663,11,6,walk,
royal_exchange,home_seething_lane,1663,11,6,walk,
home_seething_lane,whitehall,1663,11,6,coach,
whitehall,my_lords_lodgings,1663,11,6,walk,
my_lords_lodgings,home_seething_lane,1663,11,6,coach,Elizabeth Pepys
home_seething_lane,navy_office,1663,11,7,walk,
navy_office,westminster_hall,1663,11,7,coach,
westminster_hall,home_seething_lane,1663,11,7,coach,
home_seething_lane,parish_church,1663,11,8,walk,
parish_church,home_seething_lane,1663,11,8,walk,
home_seething_lane,whitehall,1663,11,9,coach,
whitehall,westminster_hall,1663,11,9,walk,
westminster_hall,kings_head_charing_cross,1663,11,9,walk,John Creed
kings_head_charing_cross,my_lords_lodgings,1663,11,9,walk,
my_lords_lodgings,home_seething_lane,1663,11,9,coach,
home_seething_lane,navy_office,1663,11,10,walk,
navy_office,royal_exchange,1663,11,10,walk,
royal_exchange,home_seething_lane,1663,11,10,walk,
home_seething_lane,navy_office,1663,11,11,walk,
navy_office,royal_exchange,1663,11,11,walk,
royal_exchange,home_seething_lane,1663,11,11,coach,Elizabeth Pepys
home_seething_lane,navy_office,1663,11,12,walk,
navy_office,royal_exchange,1663,11,12,walk,
royal_exchange,home_seething_lane,1663,11,12,walk,
home_seething_lane,my_lords_lodgings,1663,11,12,coach,
my_lords_lodgings,home_seething_lane,1663,11,12,walk,
home_seething_lane,navy_office,1663,11,13,walk,
navy_office,royal_exchange,1663,11,13,walk,
royal_exchange,home_seething_lane,1663,11,13,walk,
home_seething_lane,navy_office,1663,11,14,walk,
navy_office,home_seething_lane,1663,11,14,walk,
home_seething_lane,parish_church,1663,11,15,walk,
parish_church,home_seething_lane,1663,11,15,walk,
home_seething_lane,whitehall,1663,11,16,coach,
whitehall,my_lords_lodgings,1663,11,16,walk,
my_lords_lodgings,whitehall,1663,11,16,walk,
whitehall,new_exchange,1663,11,16,walk,
new_exchange,the_temple,1663,11,16,walk,
the_temple,home_seething_lane,1663,11,16,walk,
home_seething_lane,navy_office,1663,11,17,walk,
navy_office,royal_exchange,1663,11,17,walk,
royal_exchange,home_seething_lane,1663,11,17,walk,
home_seething_lane,deptford,1663,11,18,boat,
deptford,globe_deptford,1663,11,18,walk,
globe_deptford,home_seething_lane,1663,11,18,walk,
home_seething_lane,navy_office,1663,11,19,walk,
navy_office,whitehall,1663,11,19,coach,Sir G. Carteret
whitehall,lord_treasurers,1663,11,19,coach,
lord_treasurers,new_exchange,1663,11,19,coach,
new_exchange,the_temple,1663,11,19,walk,
the_temple,home_seething_lane,1663,11,19,walk,
home_seething_lane,my_lords_lodgings,1663,11,20,coach,
my_lords_lodgings,great_wardrobe,1663,11,20,walk,
great_wardrobe,royal_exchange,1663,11,20,walk,
royal_exchange,home_seething_lane,1663,11,20,walk,
home_seething_lane,covent_garden,1663,11,20,coach,Elizabeth Pepys
covent_garden,my_lords_lodgings,1663,11,20,walk,
my_lords_lodgings,whitehall,1663,11,20,walk,
whitehall,home_seething_lane,1663,11,20,coach,Elizabeth Pepys
home_seething_lane,navy_office,1663,11,21,walk,
navy_office,home_seething_lane,1663,11,21,walk,
home_seething_lane,my_lords_lodgings,1663,11,22,coach,
my_lords_lodgings,whitehall_chapel,1663,11,22,walk,
whitehall_chapel,kings_head_charing_cross,1663,11,22,walk,
kings_head_charing_cross,parish_church,1663,11,22,coach,
parish_church,home_seething_lane,1663,11,22,walk,
home_seething_lane,royal_exchange,1663,11,23,walk,
royal_exchange,pauls_churchyard,1663,11,23,walk,
pauls_churchyard,the_temple,1663,11,23,walk,
the_temple,whitehall,1663,11,23,coach,
whitehall,the_temple,1663,11,23,walk,
the_temple,home_seething_lane,1663,11,23,walk,
home_seething_lane,navy_office,1663,11,24,walk,
navy_office,royal_exchange,1663,11,24,walk,
royal_exchange,home_seething_lane,1663,11,24,walk,
home_seething_lane,whitehall,1663,11,24,coach,
whitehall,home_seething_lane,1663,11,24,coach,
home_seething_lane,whitehall,1663,11,25,coach,Sir G. Carteret
whitehall,my_lords_lodgings,1663,11,25,coach,
my_lords_lodgings,whitehall,1663,11,25,walk,
whitehall,royal_exchange,1663,11,25,walk,
royal_exchange,home_seething_lane,1663,11,25,walk,
home_seething_lane,navy_office,1663,11,26,walk,
navy_office,royal_exchange,1663,11,26,walk,
royal_exchange,home_seething_lane,1663,11,26,walk,
home_seething_lane,navy_office,1663,11,27,walk,
navy_office,royal_exchange,1663,11,27,walk,
royal_exchange,home_seething_lane,1663,11,27,walk,
home_seething_lane,navy_office,1663,11,28,walk,
navy_office,royal_exchange,1663,11,28,walk,Mr. Coventry
royal_exchange,pauls_churchyard,1663,11,28,walk,
pauls_churchyard,home_seething_lane,1663,11,28,walk,
home_seething_lane,parish_church,1663,11,29,walk,
parish_church,home_seething_lane,1663,11,29,walk,
home_seething_lane,st_dunstans,1663,11,29,walk,
st_dunstans,home_seething_lane,1663,11,29,walk,
home_seething_lane,whitehall,1663,11,30,coach,Sir W. Pen
whitehall,royal_exchange,1663,11,30,walk,
royal_exchange,home_seething_lane,1663,11,30,walk,
home_seething_lane,the_temple,1663,11,30,walk,
the_temple,home_seething_lane,1663,11,30,coach,
home_seething_lane,navy_office,1663,12,1,walk,
navy_office,guildhall,1663,12,1,walk,
guildhall,home_seething_lane,1663,12,1,walk,
home_seething_lane,navy_office,1663,12,2,walk,Elizabeth Pepys
navy_office,home_seething_lane,1663,12,2,walk,
home_seething_lane,navy_office,1663,12,3,walk,
navy_office,royal_exchange,1663,12,3,coach,Mr. Coventry
royal_exchange,home_seething_lane,1663,12,3,walk,
home_seething_lane,woolwich,1663,12,4,boat,
woolwich,home_seething_lane,1663,12,4,boat,
home_seething_lane,navy_office,1663,12,5,walk,
navy_office,captain_allens,1663,12,5,walk,Mr. Coventry; Sir J. Minnes; Sir W. Batten
captain_allens,home_seething_lane,1663,12,5,walk,
home_seething_lane,parish_church,1663,12,6,walk,
parish_church,home_seething_lane,1663,12,6,walk,
home_seething_lane,whitehall,1663,12,7,walk,
whitehall,the_temple,1663,12,7,coach,Sir W. Batten
the_temple,whitehall,1663,12,7,coach,
whitehall,kings_head_charing_cross,1663,12,7,walk,
kings_head_charing_cross,home_seething_lane,1663,12,7,coach,
home_seething_lane,navy_office,1663,12,8,walk,
navy_office,royal_exchange,1663,12,8,walk,
royal_exchange,whitehall,1663,12,8,coach,
whitehall,home_seething_lane,1663,12,8,coach,
home_seething_lane,navy_office,1663,12,9,walk,
navy_office,home_seething_lane,1663,12,9,walk,
home_seething_lane,navy_office,1663,12,10,walk,
navy_office,pauls_churchyard,1663,12,10,walk,
pauls_churchyard,home_seething_lane,1663,12,10,walk,
home_seething_lane,great_wardrobe,1663,12,11,walk,
great_wardrobe,pauls_churchyard,1663,12,11,walk,
pauls_churchyard,home_seething_lane,1663,12,11,walk,
home_seething_lane,navy_office,1663,12,12,walk,
navy_office,royal_exchange,1663,12,12,walk,
royal_exchange,home_seething_lane,1663,12,12,walk,
home_seething_lane,parish_church,1663,12,13,walk,
parish_church,home_seething_lane,1663,12,13,walk,
home_seething_lane,whitehall,1663,12,14,coach,
whitehall,my_lords_lodgings,1663,12,14,walk,
my_lords_lodgings,kings_head_charing_cross,1663,12,14,walk,
kings_head_charing_cross,shoe_lane_cockpit,1663,12,14,coach,
shoe_lane_cockpit,my_lords_lodgings,1663,12,14,coach,
my_lords_lodgings,whitehall,1663,12,14,walk,
whitehall,tom_pepys_shop,1663,12,14,coach,
tom_pepys_shop,home_seething_lane,1663,12,14,coach,Elizabeth Pepys
home_seething_lane,navy_office,1663,12,15,walk,
navy_office,royal_exchange,1663,12,15,walk,
royal_exchange,dolphin_tavern,1663,12,15,walk,
dolphin_tavern,whitehall,1663,12,15,walk,
whitehall,home_seething_lane,1663,12,15,coach,
home_seething_lane,navy_office,1663,12,16,walk,
navy_office,royal_exchange,1663,12,16,walk,
royal_exchange,star_tavern,1663,12,16,walk,
star_tavern,home_seething_lane,1663,12,16,walk,
home_seething_lane,navy_office,1663,12,17,coach,
navy_office,mrs_turner_house,1663,12,17,coach,
mrs_turner_house,the_temple,1663,12,17,walk,
the_temple,home_seething_lane,1663,12,17,coach,
home_seething_lane,ham_creek,1663,12,18,boat,
ham_creek,woolwich,1663,12,18,boat,
woolwich,deptford,1663,12,18,boat,
deptford,home_seething_lane,1663,12,18,boat,
home_seething_lane,navy_office,1663,12,19,walk,
navy_office,home_seething_lane,1663,12,19,walk,
home_seething_lane,parish_church,1663,12,20,walk,
parish_church,home_seething_lane,1663,12,20,walk,
home_seething_lane,my_lords_lodgings,1663,12,21,coach,
my_lords_lodgings,whitehall,1663,12,21,walk,
whitehall,home_seething_lane,1663,12,21,coach,Elizabeth Pepys
home_seething_lane,whitehall,1663,12,21,coach,
whitehall,salisbury_court,1663,12,21,walk,
salisbury_court,charing_cross,1663,12,21,walk,
charing_cross,my_lords_lodgings,1663,12,21,walk,
my_lords_lodgings,shoe_lane_cockpit,1663,12,21,coach,
shoe_lane_cockpit,navy_office,1663,12,22,walk,
navy_office,home_seething_lane,1663,12,22,walk,
home_seething_lane,westminster_hall,1663,12,22,coach,Elizabeth Pepys
westminster_hall,mrs_hunts_house,1663,12,22,walk,
mrs_hunts_house,home_seething_lane,1663,12,22,coach,Elizabeth Pepys
home_seething_lane,salisbury_court,1663,12,23,coach,Elizabeth Pepys
salisbury_court,royal_exchange,1663,12,23,coach,
royal_exchange,navy_office,1663,12,23,walk,
navy_office,home_seething_lane,1663,12,23,walk,
home_seething_lane,erith,1663,12,24,boat,
erith,woolwich,1663,12,24,boat,
woolwich,home_seething_lane,1663,12,24,boat,
home_seething_lane,parish_church,1663,12,25,walk,
parish_church,home_seething_lane,1663,12,25,walk,
home_seething_lane,brownes_minories,1663,12,26,walk,
brownes_minories,cornhill,1663,12,26,walk,
cornhill,home_seething_lane,1663,12,26,walk,
home_seething_lane,parish_church,1663,12,27,walk,
parish_church,home_seething_lane,1663,12,27,walk,
home_seething_lane,french_church,1663,12,27,walk,
french_church,parish_church,1663,12,27,walk,
parish_church,sir_w_pen_house,1663,12,27,walk,
sir_w_pen_house,home_seething_lane,1663,12,27,walk,
home_seething_lane,my_lords_lodgings,1663,12,28,coach,
my_lords_lodgings,whitehall,1663,12,28,walk,
whitehall,tennis_court,1663,12,28,walk,
tennis_court,kings_head_charing_cross,1663,12,28,walk,
kings_head_charing_cross,home_seething_lane,1663,12,28,coach,
home_seething_lane,navy_office,1663,12,29,walk,
navy_office,royal_exchange,1663,12,29,walk,
royal_exchange,home_seething_lane,1663,12,29,walk,
home_seething_lane,my_lords_lodgings,1663,12,30,coach,
my_lords_lodgings,whitehall,1663,12,30,coach,Mr. Coventry
whitehall,royal_exchange,1663,12,30,walk,
royal_exchange,home_seething_lane,1663,12,30,walk,
home_seething_lane,navy_office,1663,12,31,walk,
navy_office,royal_exchange,1663,12,31,walk,
royal_exchange,tom_pepys_shop,1663,12,31,coach,
tom_pepys_shop,home_seething_lane,1663,12,31,coach,
home_seething_lane,navy_office,1664,1,2,walk,Sir W. Pen
navy_office,royal_exchange,1664,1,2,walk,
royal_exchange,home_seething_lane,1664,1,2,walk,
home_seething_lane,kings_playhouse,1664,1,2,coach,Elizabeth Pepys
kings_playhouse,home_seething_lane,1664,1,2,coach,
home_seething_lane,my_lords_lodgings,1664,1,4,coach,
my_lords_lodgings,whitehall,1664,1,4,walk,
whitehall,tennis_court,1664,1,4,walk,
tennis_court,st_james_park,1664,1,4,walk,
st_james_park,whitehall,1664,1,4,walk,
whitehall,home_seething_lane,1664,1,4,coach,Elizabeth Pepys
home_seething_lane,navy_office,1664,1,5,walk,
navy_office,royal_exchange,1664,1,5,walk,
royal_exchange,home_seething_lane,1664,1,5,walk,
home_seething_lane,navy_office,1664,1,6,walk,Elizabeth Pepys
navy_office,royal_exchange,1664,1,6,walk,
royal_exchange,home_seething_lane,1664,1,6,walk,
home_seething_lane,navy_office,1664,1,7,walk,
navy_office,sir_w_pen_house,1664,1,7,walk,
sir_w_pen_house,salisbury_court,1664,1,7,coach,Sir G. Carteret; Sir J. Minnes
salisbury_court,home_seething_lane,1664,1,7,coach,
home_seething_lane,navy_office,1664,1,8,coach,
navy_office,royal_exchange,1664,1,8,walk,
royal_exchange,home_seething_lane,1664,1,8,walk,
home_seething_lane,navy_office,1664,1,9,walk,
navy_office,royal_exchange,1664,1,9,walk,
royal_exchange,home_seething_lane,1664,1,9,walk,
home_seething_lane,westminster_hall,1664,1,9,coach,Elizabeth Pepys
westminster_hall,bell_tavern_westminster,1664,1,9,walk,
bell_tavern_westminster,westminster_hall,1664,1,9,walk,
westminster_hall,new_exchange,1664,1,9,walk,
new_exchange,tom_pepys_shop,1664,1,9,walk,
tom_pepys_shop,home_seething_lane,1664,1,9,coach,Elizabeth Pepys
home_seething_lane,uncle_wight_house,1664,1,10,walk,Elizabeth Pepys
uncle_wight_house,home_seething_lane,1664,1,10,walk,
home_seething_lane,whitehall,1664,1,11,coach,
whitehall,tennis_court,1664,1,11,walk,
tennis_court,st_james_palace,1664,1,11,walk,
st_james_palace,whitehall,1664,1,11,walk,
whitehall,cornhill,1664,1,11,coach,
cornhill,home_seething_lane,1664,1,11,walk,
home_seething_lane,navy_office,1664,1,12,walk,
navy_office,royal_exchange,1664,1,12,walk,
royal_exchange,home_seething_lane,1664,1,12,walk,
home_seething_lane,navy_office,1664,1,12,walk,
navy_office,home_seething_lane,1664,1,12,walk,
home_seething_lane,african_house,1664,1,13,walk,
african_house,royal_exchange,1664,1,13,walk,
royal_exchange,trinity_house,1664,1,13,walk,
trinity_house,home_seething_lane,1664,1,13,walk,
home_seething_lane,navy_office,1664,1,14,walk,
navy_office,home_seething_lane,1664,1,14,walk,
home_seething_lane,sir_w_pen_house,1664,1,14,walk,
sir_w_pen_house,home_seething_lane,1664,1,14,walk,
home_seething_lane,navy_office,1664,1,15,walk,
navy_office,royal_exchange,1664,1,15,walk,
royal_exchange,home_seething_lane,1664,1,15,walk,
home_seething_lane,deptford,1664,1,15,boat,
deptford,home_seething_lane,1664,1,15,walk,
home_seething_lane,navy_office,1664,1,16,walk,Sir W. Batten
navy_office,royal_exchange,1664,1,16,walk,
royal_exchange,westminster_hall,1664,1,16,walk,
westminster_hall,home_seething_lane,1664,1,16,walk,
home_seething_lane,parish_church,1664,1,17,walk,Elizabeth Pepys
parish_church,home_seething_lane,1664,1,17,walk,
home_seething_lane,french_church,1664,1,17,walk,Elizabeth Pepys
french_church,sir_w_pen_house,1664,1,17,walk,
sir_w_pen_house,home_seething_lane,1664,1,17,walk,
home_seething_lane,whitehall,1664,1,18,walk,
whitehall,my_lords_lodgings,1664,1,18,walk,
my_lords_lodgings,royal_exchange,1664,1,18,walk,
royal_exchange,uncle_wight_house,1664,1,18,walk,
uncle_wight_house,home_seething_lane,1664,1,18,walk,Elizabeth Pepys
home_seething_lane,navy_office,1664,1,19,walk,
navy_office,royal_exchange,1664,1,19,walk,
royal_exchange,home_seething_lane,1664,1,19,walk,
home_seething_lane,my_lords_lodgings,1664,1,20,coach,
my_lords_lodgings,tennis_court,1664,1,20,walk,
tennis_court,tom_pepys_shop,1664,1,20,walk,
tom_pepys_shop,royal_exchange,1664,1,20,walk,
royal_exchange,home_seething_lane,1664,1,20,walk,
home_seething_lane,whitehall,1664,1,20,boat,Elizabeth Pepys
whitehall,my_lords_lodgings,1664,1,20,walk,
my_lords_lodgings,home_seething_lane,1664,1,20,coach,Elizabeth Pepys
home_seething_lane,navy_office,1664,1,21,walk,
navy_office,royal_exchange,1664,1,21,walk,
royal_exchange,lyme_street,1664,1,21,walk,
lyme_street,home_seething_lane,1664,1,21,walk,
home_seething_lane,uncle_wight_house,1664,1,21,walk,
uncle_wight_house,home_seething_lane,1664,1,21,walk,Elizabeth Pepys
home_seething_lane,woolwich,1664,1,22,boat,
woolwich,greenwich,1664,1,22,boat,
greenwich,deptford,1664,1,22,boat,
deptford,home_seething_lane,1664,1,22,boat,
home_seething_lane,navy_office,1664,1,23,walk,Sir W. Batten
navy_office,home_seething_lane,1664,1,23,walk,
home_seething_lane,my_lords_lodgings,1664,1,25,coach,
my_lords_lodgings,whitehall,1664,1,25,walk,
whitehall,royal_exchange,1664,1,25,coach,Sir W. Batten
royal_exchange,home_seething_lane,1664,1,25,walk,
home_seething_lane,navy_office,1664,1,26,walk,
navy_office,royal_exchange,1664,1,26,walk,
royal_exchange,home_seething_lane,1664,1,26,walk,
home_seething_lane,uncle_wight_house,1664,1,26,walk,
uncle_wight_house,home_seething_lane,1664,1,26,walk,
home_seething_lane,navy_office,1664,1,27,walk,
navy_office,royal_exchange,1664,1,27,walk,
royal_exchange,home_seething_lane,1664,1,27,walk,
home_seething_lane,covent_garden,1664,1,27,coach,Elizabeth Pepys
covent_garden,tom_pepys_shop,1664,1,27,walk,
tom_pepys_shop,home_seething_lane,1664,1,27,walk,
home_seething_lane,navy_office,1664,1,28,walk,
navy_office,royal_exchange,1664,1,28,walk,
royal_exchange,deptford,1664,1,28,boat,
deptford,redriffe,1664,1,28,walk,
redriffe,home_seething_lane,1664,1,28,boat,
home_seething_lane,wapping,1664,1,29,boat,Elizabeth Pepys
wapping,fleece_cornhill,1664,1,29,walk,
fleece_cornhill,uncle_wight_house,1664,1,29,walk,
uncle_wight_house,home_seething_lane,1664,1,29,walk,
home_seething_lane,parish_church,1664,1,30,walk,
parish_church,home_seething_lane,1664,1,30,walk,
home_seething_lane,my_lords_lodgings,1664,2,1,coach,
my_lords_lodgings,whitehall,1664,2,1,walk,
whitehall,westminster_hall,1664,2,1,walk,
westminster_hall,royal_exchange,1664,2,1,walk,
royal_exchange,kings_playhouse,1664,2,1,coach,Elizabeth Pepys
kings_playhouse,home_seething_lane,1664,2,1,coach,
home_seething_lane,navy_office,1664,2,2,walk,
navy_office,royal_exchange,1664,2,2,walk,Mr. Coventry
royal_exchange,sun_tavern,1664,2,2,walk,Sir W. Warren
sun_tavern,home_seething_lane,1664,2,2,walk,
home_seething_lane,the_temple,1664,2,3,coach,
the_temple,royal_exchange,1664,2,3,walk,
royal_exchange,mitre_tavern,1664,2,3,walk,
mitre_tavern,home_seething_lane,1664,2,3,walk,
home_seething_lane,covent_garden,1664,2,3,coach,
covent_garden,home_seething_lane,1664,2,3,coach,Elizabeth Pepys
home_seething_lane,navy_office,1664,2,4,walk,Elizabeth Pepys
navy_office,pauls_school,1664,2,4,walk,
pauls_school,home_seething_lane,1664,2,4,walk,
home_seething_lane,woolwich,1664,2,5,boat,
woolwich,greenwich,1664,2,5,walk,
greenwich,deptford,1664,2,5,walk,
deptford,home_seething_lane,1664,2,5,boat,
home_seething_lane,navy_office,1664,2,6,walk,Sir J. Minnes
navy_office,royal_exchange,1664,2,6,walk,
royal_exchange,tom_pepys_shop,1664,2,6,walk,
tom_pepys_shop,home_seething_lane,1664,2,6,walk,
home_seething_lane,parish_church,1664,2,7,walk,
parish_church,home_seething_lane,1664,2,7,walk,
home_seething_lane,my_lords_lodgings,1664,2,8,walk,
my_lords_lodgings,westminster_hall,1664,2,8,walk,
westminster_hall,royal_exchange,1664,2,8,walk,
royal_exchange,home_seething_lane,1664,2,8,walk,
home_seething_lane,navy_office,1664,2,9,walk,
navy_office,royal_exchange,1664,2,9,walk,Mr. Coventry
royal_exchange,home_seething_lane,1664,2,9,walk,
home_seething_lane,lord_sandwich_lincolns_inn,1664,2,10,coach,
lord_sandwich_lincolns_inn,royal_exchange,1664,2,10,walk,
royal_exchange,mr_povys_house,1664,2,10,walk,
mr_povys_house,whitehall,1664,2,10,walk,
whitehall,the_temple,1664,2,10,walk,
the_temple,home_seething_lane,1664,2,10,walk,
home_seething_lane,navy_office,1664,2,11,coach,
navy_office,home_seething_lane,1664,2,11,walk,
home_seething_lane,navy_office,1664,2,12,walk,
navy_office,royal_exchange,1664,2,12,walk,
royal_exchange,home_seething_lane,1664,2,12,walk,John Creed
home_seething_lane,deptford,1664,2,12,walk,John Creed
deptford,redriffe,1664,2,12,walk,
redriffe,home_seething_lane,1664,2,12,boat,
home_seething_lane,tom_pepys_shop,1664,2,12,coach,Elizabeth Pepys
tom_pepys_shop,mitre_tavern,1664,2,12,walk,
mitre_tavern,home_seething_lane,1664,2,12,walk,
home_seething_lane,navy_office,1664,2,13,boat,
navy_office,african_house,1664,2,13,coach,Mr. Coventry
african_house,reeves,1664,2,13,walk,John Creed
reeves,new_exchange,1664,2,13,walk,
new_exchange,home_seething_lane,1664,2,13,coach,
home_seething_lane,parish_church,1664,2,14,walk,
parish_church,home_seething_lane,1664,2,14,walk,
home_seething_lane,uncle_wight_house,1664,2,14,walk,Elizabeth Pepys
uncle_wight_house,home_seething_lane,1664,2,14,walk,
home_seething_lane,my_lords_lodgings,1664,2,15,coach,Elizabeth Pepys
my_lords_lodgings,whitehall,1664,2,15,walk,
whitehall,royal_exchange,1664,2,15,walk,
royal_exchange,home_seething_lane,1664,2,15,walk,
home_seething_lane,navy_office,1664,2,16,walk,
navy_office,royal_exchange,1664,2,16,walk,
royal_exchange,home_seething_lane,1664,2,16,walk,
home_seething_lane,whitehall,1664,2,17,walk,
whitehall,st_james_park,1664,2,17,walk,
st_james_park,royal_exchange,1664,2,17,walk,
royal_exchange,home_seething_lane,1664,2,17,walk,
home_seething_lane,whitehall,1664,2,17,coach,
whitehall,mrs_hunts_house,1664,2,17,walk,
mrs_hunts_house,home_seething_lane,1664,2,17,coach,
home_seething_lane,navy_office,1664,2,18,walk,
navy_office,african_house,1664,2,18,coach,Mr. Coventry
african_house,home_seething_lane,1664,2,18,walk,
home_seething_lane,navy_office,1664,2,19,walk,Elizabeth Pepys
navy_office,royal_exchange,1664,2,19,walk,
royal_exchange,mr_jaggards,1664,2,19,walk,
mr_jaggards,uncle_wight_house,1664,2,19,coach,
uncle_wight_house,home_seething_lane,1664,2,19,coach,
home_seething_lane,navy_office,1664,2,20,walk,Sir J. Minnes
navy_office,royal_exchange,1664,2,20,walk,Mr. Coventry
royal_exchange,woolwich,1664,2,20,boat,
woolwich,greenwich,1664,2,20,walk,
greenwich,home_seething_lane,1664,2,20,boat,
home_seething_lane,uncle_wight_house,1664,2,21,walk,Elizabeth Pepys
uncle_wight_house,home_seething_lane,1664,2,21,walk,
home_seething_lane,st_james_park,1664,2,22,walk,
st_james_park,royal_exchange,1664,2,22,walk,
royal_exchange,home_seething_lane,1664,2,22,walk,
home_seething_lane,uncle_wight_house,1664,2,22,walk,
uncle_wight_house,home_seething_lane,1664,2,22,walk,
home_seething_lane,navy_office,1664,2,23,walk,
navy_office,royal_exchange,1664,2,23,walk,
royal_exchange,home_seething_lane,1664,2,23,walk,
home_seething_lane,whitehall,1664,2,24,boat,
whitehall,st_james_park,1664,2,24,walk,
st_james_park,somerset_house,1664,2,24,walk,
somerset_house,royal_exchange,1664,2,24,boat,
royal_exchange,home_seething_lane,1664,2,24,walk,
home_seething_lane,navy_office,1664,2,25,walk,
navy_office,african_house,1664,2,25,coach,Mr. Coventry
african_house,home_seething_lane,1664,2,25,walk,
home_seething_lane,lord_sandwich_lincolns_inn,1664,2,25,coach,Elizabeth Pepys; John Creed
lord_sandwich_lincolns_inn,whitehall,1664,2,25,walk,
whitehall,home_seething_lane,1664,2,25,coach,Elizabeth Pepys
home_seething_lane,highgate,1664,2,26,horse,John Creed
highgate,barnett,1664,2,26,horse,
barnett,lord_sandwich_lincolns_inn,1664,2,26,horse,
lord_sandwich_lincolns_inn,uncle_wight_house,1664,2,26,walk,
uncle_wight_house,home_seething_lane,1664,2,26,walk,
home_seething_lane,navy_office,1664,2,27,walk,
navy_office,african_house,1664,2,27,coach,Mr. Coventry
african_house,home_seething_lane,1664,2,27,walk,
home_seething_lane,sir_w_pen_house,1664,2,27,walk,
sir_w_pen_house,home_seething_lane,1664,2,27,walk,
home_seething_lane,st_pauls,1664,2,28,walk,
st_pauls,tower,1664,2,28,coach,
tower,home_seething_lane,1664,2,28,walk,
home_seething_lane,sir_w_pen_house,1664,2,28,walk,
sir_w_pen_house,home_seething_lane,1664,2,28,walk,
home_seething_lane,whitehall,1664,2,29,coach,Sir W. Pen
whitehall,royal_exchange,1664,2,29,walk,
royal_exchange,home_seething_lane,1664,2,29,walk,
home_seething_lane,westminster_hall,1664,2,29,walk,
westminster_hall,salisbury_court,1664,2,29,boat,
salisbury_court,home_seething_lane,1664,2,29,coach,Elizabeth Pepys
home_seething_lane,navy_office,1664,3,1,walk,
navy_office,royal_exchange,1664,3,1,walk,
royal_exchange,home_seething_lane,1664,3,1,walk,John Creed
home_seething_lane,deptford,1664,3,1,coach,Elizabeth Pepys; John Creed
deptford,home_seething_lane,1664,3,1,walk,
home_seething_lane,pauls_churchyard,1664,3,2,walk,
pauls_churchyard,navy_office,1664,3,2,walk,
navy_office,home_seething_lane,1664,3,2,walk,
home_seething_lane,navy_office,1664,3,3,walk,
navy_office,home_seething_lane,1664,3,3,walk,
home_seething_lane,lord_sandwich_lincolns_inn,1664,3,4,walk,
lord_sandwich_lincolns_inn,royal_exchange,1664,3,4,walk,
royal_exchange,home_seething_lane,1664,3,4,walk,
home_seething_lane,lord_sandwich_lincolns_inn,1664,3,4,coach,
lord_sandwich_lincolns_inn,whitehall,1664,3,4,walk,
whitehall,lord_sandwich_lincolns_inn,1664,3,4,walk,
lord_sandwich_lincolns_inn,the_temple,1664,3,4,walk,
the_temple,woolwich,1664,3,4,boat,
woolwich,greenwich,1664,3,4,walk,
greenwich,home_seething_lane,1664,3,4,walk,
home_seething_lane,navy_office,1664,3,5,walk,
navy_office,royal_exchange,1664,3,5,walk,
royal_exchange,home_seething_lane,1664,3,5,walk,
home_seething_lane,navy_office,1664,3,7,walk,
navy_office,dukes_theatre,1664,3,7,coach,Elizabeth Pepys
dukes_theatre,home_seething_lane,1664,3,7,walk,
home_seething_lane,navy_office,1664,3,8,walk,
navy_office,royal_exchange,1664,3,8,walk,Mr. Coventry
royal_exchange,dukes_theatre,1664,3,8,walk,Elizabeth Pepys
dukes_theatre,tom_pepys_shop,1664,3,8,walk,
tom_pepys_shop,home_seething_lane,1664,3,8,walk,
home_seething_lane,navy_office,1664,3,9,walk,Elizabeth Pepys
navy_office,home_seething_lane,1664,3,9,walk,
home_seething_lane,navy_office,1664,3,10,walk,
navy_office,royal_exchange,1664,3,10,walk,
royal_exchange,home_seething_lane,1664,3,10,walk,
home_seething_lane,whitehall,1664,3,10,coach,
whitehall,mrs_hunts_house,1664,3,10,walk,
mrs_hunts_house,home_seething_lane,1664,3,10,coach,Elizabeth Pepys
home_seething_lane,lord_sandwich_lincolns_inn,1664,3,11,walk,
lord_sandwich_lincolns_inn,royal_exchange,1664,3,11,walk,
royal_exchange,home_seething_lane,1664,3,11,walk,
home_seething_lane,navy_office,1664,3,12,walk,
navy_office,royal_exchange,1664,3,12,walk,
royal_exchange,home_seething_lane,1664,3,12,walk,
home_seething_lane,deptford,1664,3,12,walk,
deptford,halfway_house,1664,3,12,walk,
halfway_house,home_seething_lane,1664,3,12,walk,
home_seething_lane,tom_pepys_shop,1664,3,13,walk,
tom_pepys_shop,mrs_turner_house,1664,3,13,walk,
mrs_turner_house,uncle_fenners,1664,3,13,walk,
uncle_fenners,tom_pepys_shop,1664,3,13,walk,
tom_pepys_shop,home_seething_lane,1664,3,13,walk,
home_seething_lane,tom_pepys_shop,1664,3,14,walk,
tom_pepys_shop,whitehall,1664,3,14,walk,
whitehall,tom_pepys_shop,1664,3,14,walk,
tom_pepys_shop,lord_sandwich_lincolns_inn,1664,3,14,coach,Elizabeth Pepys
lord_sandwich_lincolns_inn,whitehall,1664,3,14,walk,
whitehall,lord_sandwich_lincolns_inn,1664,3,14,walk,
lord_sandwich_lincolns_inn,uncle_fenners,1664,3,14,coach,Elizabeth Pepys
uncle_fenners,home_seething_lane,1664,3,14,walk,
home_seething_lane,navy_office,1664,3,15,coach,Sir W. Batten
navy_office,tom_pepys_shop,1664,3,15,walk,
tom_pepys_shop,mrs_turner_house,1664,3,15,walk,
mrs_turner_house,tom_pepys_shop,1664,3,16,walk,
tom_pepys_shop,royal_exchange,1664,3,16,walk,
royal_exchange,mrs_turner_house,1664,3,16,walk,
mrs_turner_house,tom_pepys_shop,1664,3,16,walk,
tom_pepys_shop,home_seething_lane,1664,3,16,walk,
home_seething_lane,tom_pepys_shop,1664,3,17,walk,
tom_pepys_shop,royal_exchange,1664,3,17,walk,
royal_exchange,home_seething_lane,1664,3,17,walk,
home_seething_lane,navy_office,1664,3,17,walk,
navy_office,tom_pepys_shop,1664,3,17,walk,
tom_pepys_shop,mrs_turner_house,1664,3,17,walk,
mrs_turner_house,home_seething_lane,1664,3,17,walk,
home_seething_lane,tom_pepys_shop,1664,3,18,walk,
tom_pepys_shop,parish_church,1664,3,18,walk,
parish_church,tom_pepys_shop,1664,3,18,walk,
tom_pepys_shop,home_seething_lane,1664,3,18,coach,Elizabeth Pepys
home_seething_lane,navy_office,1664,3,19,boat,
navy_office,tom_pepys_shop,1664,3,19,coach,
tom_pepys_shop,home_seething_lane,1664,3,19,walk,
home_seething_lane,navy_office,1664,3,21,walk,
navy_office,home_seething_lane,1664,3,21,walk,
home_seething_lane,navy_office,1664,3,22,walk,
navy_office,home_seething_lane,1664,3,22,walk,
home_seething_lane,uncle_wight_house,1664,3,22,walk,
uncle_wight_house,home_seething_lane,1664,3,22,walk,
home_seething_lane,navy_office,1664,3,23,boat,
navy_office,royal_exchange,1664,3,23,walk,
royal_exchange,trinity_house,1664,3,23,walk,
trinity_house,home_seething_lane,1664,3,23,walk,
home_seething_lane,greenwich,1664,3,24,boat,
greenwich,woolwich,1664,3,24,walk,
woolwich,deptford,1664,3,24,walk,
deptford,halfway_house,1664,3,24,walk,
halfway_house,home_seething_lane,1664,3,24,walk,
home_seething_lane,navy_office,1664,3,24,walk,
navy_office,home_seething_lane,1664,3,24,walk,
home_seething_lane,whitehall,1664,3,25,boat,
whitehall,whitehall_chapel,1664,3,25,walk,
whitehall_chapel,home_seething_lane,1664,3,25,walk,
home_seething_lane,tom_pepys_shop,1664,3,25,coach,Elizabeth Pepys
tom_pepys_shop,home_seething_lane,1664,3,25,coach,Elizabeth Pepys
home_seething_lane,navy_office,1664,3,26,walk,
navy_office,royal_exchange,1664,3,26,walk,
royal_exchange,home_seething_lane,1664,3,26,walk,
home_seething_lane,hyde_park,1664,3,26,coach,Elizabeth Pepys
hyde_park,home_seething_lane,1664,3,26,coach,
home_seething_lane,st_james_park,1664,3,27,walk,
st_james_park,home_seething_lane,1664,3,27,walk,
home_seething_lane,westminster_hall,1664,3,28,walk,
westminster_hall,st_james_park,1664,3,28,walk,
st_james_park,st_james_palace,1664,3,28,walk,
st_james_palace,home_seething_lane,1664,3,28,coach,Sir W. Batten; Sir W. Pen
home_seething_lane,whitehall,1664,3,29,walk,
whitehall,home_seething_lane,1664,3,29,coach,
home_seething_lane,whitehall,1664,3,30,walk,
whitehall,royal_exchange,1664,3,30,walk,
royal_exchange,home_seething_lane,1664,3,30,walk,
home_seething_lane,navy_office,1664,3,30,walk,
navy_office,home_seething_lane,1664,3,30,walk,
home_seething_lane,navy_office,1664,3,31,walk,
navy_office,home_seething_lane,1664,3,31,walk,
home_seething_lane,deptford,1664,3,31,walk,John Creed
deptford,home_seething_lane,1664,3,31,walk,
home_seething_lane,navy_office,1664,3,31,walk,
navy_office,royal_exchange,1664,4,1,walk,
royal_exchange,whitehall,1664,4,1,coach,
whitehall,royal_exchange,1664,4,1,walk,
royal_exchange,home_seething_lane,1664,4,1,walk,
home_seething_lane,navy_office,1664,4,2,walk,Sir W. Batten
navy_office,royal_exchange,1664,4,2,walk,
royal_exchange,woolwich,1664,4,2,boat,Sir W. Warren
woolwich,greenwich,1664,4,2,walk,Sir W. Warren
greenwich,wapping,1664,4,2,boat,
wapping,home_seething_lane,1664,4,2,walk,
home_seething_lane,lord_sandwich_lincolns_inn,1664,4,4,walk,
lord_sandwich_lincolns_inn,westminster_hall,1664,4,4,walk,
westminster_hall,swan_two_necks,1664,4,4,walk,
swan_two_necks,st_james_palace,1664,4,4,walk,
st_james_palace,whitehall,1664,4,4,walk,
whitehall,navy_office,1664,4,4,walk,
navy_office,halfway_house,1664,4,4,boat,
halfway_house,home_seething_lane,1664,4,4,walk,Elizabeth Pepys
home_seething_lane,westminster_hall,1664,4,5,walk,
westminster_hall,swan_two_necks,1664,4,5,walk,
swan_two_necks,home_seething_lane,1664,4,5,coach,
home_seething_lane,navy_office,1664,4,6,walk,
navy_office,home_seething_lane,1664,4,6,walk,
home_seething_lane,paternoster_row,1664,4,6,coach,Elizabeth Pepys
paternoster_row,new_exchange,1664,4,6,walk,
new_exchange,whitehall,1664,4,6,walk,
whitehall,royal_exchange,1664,4,6,walk,
royal_exchange,home_seething_lane,1664,4,6,coach,Elizabeth Pepys
home_seething_lane,navy_office,1664,4,7,walk,
navy_office,royal_exchange,1664,4,7,walk,
royal_exchange,home_seething_lane,1664,4,7,walk,
home_seething_lane,deptford,1664,4,8,boat,Sir W. Batten
deptford,home_seething_lane,1664,4,8,boat,
home_seething_lane,navy_office,1664,4,8,walk,
navy_office,home_seething_lane,1664,4,8,walk,
home_seething_lane,uncle_wight_house,1664,4,12,coach,Elizabeth Pepys
uncle_wight_house,lord_sandwich_lincolns_inn,1664,4,12,coach,Elizabeth Pepys
lord_sandwich_lincolns_inn,home_seething_lane,1664,4,12,coach,Elizabeth Pepys
home_seething_lane,st_james_palace,1664,4,13,coach,
st_james_palace,home_seething_lane,1664,4,13,coach,
home_seething_lane,milk_street,1664,4,14,walk,
milk_street,st_james_palace,1664,4,14,coach,
st_james_palace,covent_garden,1664,4,14,coach,
covent_garden,home_seething_lane,1664,4,14,coach,
home_seething_lane,navy_office,1664,4,15,walk,
navy_office,royal_exchange,1664,4,15,walk,
royal_exchange,dukes_theatre,1664,4,15,coach,Elizabeth Pepys
dukes_theatre,mrs_turner_house,1664,4,15,walk,
mrs_turner_house,uncle_wight_house,1664,4,15,walk,
uncle_wight_house,home_seething_lane,1664,4,15,walk,
home_seething_lane,navy_office,1664,4,16,walk,
navy_office,african_house,1664,4,16,coach,Mr. Coventry
african_house,home_seething_lane,1664,4,16,walk,
home_seething_lane,halfway_house,1664,4,16,coach,Elizabeth Pepys
halfway_house,home_seething_lane,1664,4,16,walk,
home_seething_lane,parish_church,1664,4,17,walk,Elizabeth Pepys
parish_church,home_seething_lane,1664,4,17,walk,
home_seething_lane,parish_church,1664,4,17,walk,
parish_church,sir_w_pen_house,1664,4,17,walk,
sir_w_pen_house,uncle_wight_house,1664,4,17,walk,
uncle_wight_house,home_seething_lane,1664,4,17,walk,
home_seething_lane,westminster_hall,1664,4,18,coach,
westminster_hall,royal_exchange,1664,4,18,walk,
royal_exchange,st_james_palace,1664,4,18,walk,
st_james_palace,westminster_hall,1664,4,18,walk,
westminster_hall,hyde_park,1664,4,18,coach,Elizabeth Pepys
hyde_park,home_seething_lane,1664,4,18,coach,
home_seething_lane,st_james_palace,1664,4,19,walk,
st_james_palace,physic_garden,1664,4,19,walk,John Creed
physic_garden,westminster_hall,1664,4,19,walk,
westminster_hall,the_temple,1664,4,19,boat,
the_temple,royal_exchange,1664,4,19,walk,
royal_exchange,home_seething_lane,1664,4,19,walk,
home_seething_lane,westminster_hall,1664,4,20,coach,
westminster_hall,home_seething_lane,1664,4,20,coach,Sir W. Pen
home_seething_lane,navy_office,1664,4,21,walk,
navy_office,royal_exchange,1664,4,21,walk,
royal_exchange,westminster_hall,1664,4,21,coach,John Creed; Elizabeth Pepys
westminster_hall,uncle_wight_house,1664,4,21,walk,
uncle_wight_house,navy_office,1664,4,21,walk,
navy_office,home_seething_lane,1664,4,21,walk,
home_seething_lane,greenwich,1664,4,22,boat,
greenwich,woolwich,1664,4,22,walk,
woolwich,greenwich,1664,4,22,walk,
greenwich,home_seething_lane,1664,4,22,boat,
home_seething_lane,lord_sandwich_lincolns_inn,1664,4,22,coach,Elizabeth Pepys
lord_sandwich_lincolns_inn,mrs_turner_house,1664,4,22,walk,
mrs_turner_house,hyde_park,1664,4,22,coach,
hyde_park,st_james_park,1664,4,22,walk,
st_james_park,home_seething_lane,1664,4,22,coach,
home_seething_lane,royal_exchange,1664,4,23,walk,
royal_exchange,home_seething_lane,1664,4,23,walk,
home_seething_lane,st_james_palace,1664,4,25,coach,Sir W. Pen
st_james_palace,lord_sandwich_lincolns_inn,1664,4,25,walk,
lord_sandwich_lincolns_inn,bethnal_green,1664,4,25,coach,Elizabeth Pepys
bethnal_green,hackney,1664,4,25,coach,
hackney,kingsland,1664,4,25,coach,
kingsland,islington,1664,4,25,coach,
islington,home_seething_lane,1664,4,25,coach,Elizabeth Pepys
home_seething_lane,lord_sandwich_lincolns_inn,1664,4,26,walk,
lord_sandwich_lincolns_inn,st_james_palace,1664,4,26,coach,Lord Sandwich; John Creed
st_james_palace,new_exchange,1664,4,26,walk,
new_exchange,royal_exchange,1664,4,26,walk,
royal_exchange,home_seething_lane,1664,4,26,walk,
home_seething_lane,navy_office,1664,4,27,walk,
navy_office,westminster_hall,1664,4,27,walk,
westminster_hall,royal_exchange,1664,4,27,coach,
royal_exchange,lord_sandwich_lincolns_inn,1664,4,27,coach,Elizabeth Pepys
lord_sandwich_lincolns_inn,home_seething_lane,1664,4,27,walk,
home_seething_lane,navy_office,1664,4,28,walk,
navy_office,royal_exchange,1664,4,28,walk,
royal_exchange,home_seething_lane,1664,4,28,walk,
home_seething_lane,whitehall,1664,4,29,coach,Sir W. Rider
whitehall,st_james_palace,1664,4,29,walk,
st_james_palace,royal_exchange,1664,4,29,walk,
royal_exchange,home_seething_lane,1664,4,29,walk,
home_seething_lane,lord_sandwich_lincolns_inn,1664,4,29,coach,Elizabeth Pepys
lord_sandwich_lincolns_inn,home_seething_lane,1664,4,29,walk,
home_seething_lane,navy_office,1664,4,30,walk,
navy_office,royal_exchange,1664,4,30,walk,
royal_exchange,home_seething_lane,1664,4,30,walk,
home_seething_lane,woolwich,1664,4,30,boat,
woolwich,home_seething_lane,1664,4,30,boat,
home_seething_lane,st_james_palace,1664,5,2,boat,
st_james_palace,westminster_hall,1664,5,2,walk,
westminster_hall,royal_exchange,1664,5,2,coach,
royal_exchange,kings_playhouse,1664,5,2,coach,Elizabeth Pepys
kings_playhouse,hyde_park,1664,5,2,coach,
hyde_park,home_seething_lane,1664,5,2,coach,
home_seething_lane,whitehall,1664,5,3,boat,
whitehall,st_james_palace,1664,5,3,walk,
st_james_palace,westminster_hall,1664,5,3,walk,
westminster_hall,royal_exchange,1664,5,3,walk,
royal_exchange,home_seething_lane,1664,5,3,walk,
home_seething_lane,navy_office,1664,5,4,walk,
navy_office,royal_exchange,1664,5,4,walk,
royal_exchange,home_seething_lane,1664,5,4,walk,
home_seething_lane,navy_office,1664,5,5,walk,
navy_office,royal_exchange,1664,5,5,walk,Sir W. Warren
royal_exchange,home_seething_lane,1664,5,5,walk,
home_seething_lane,navy_office,1664,5,6,walk,
navy_office,home_seething_lane,1664,5,6,walk,
home_seething_lane,navy_office,1664,5,7,walk,
navy_office,home_seething_lane,1664,5,7,walk,
home_seething_lane,parish_church,1664,5,8,walk,Elizabeth Pepys
parish_church,sir_w_pen_house,1664,5,8,walk,
sir_w_pen_house,home_seething_lane,1664,5,8,walk,
home_seething_lane,new_exchange,1664,5,9,coach,Elizabeth Pepys
new_exchange,lord_sandwich_lincolns_inn,1664,5,9,walk,
lord_sandwich_lincolns_inn,home_seething_lane,1664,5,9,coach,Elizabeth Pepys
home_seething_lane,navy_office,1664,5,10,walk,
navy_office,home_seething_lane,1664,5,10,walk,
home_seething_lane,navy_office,1664,5,11,walk,
navy_office,home_seething_lane,1664,5,11,walk,
home_seething_lane,woolwich,1664,5,12,boat,
woolwich,greenwich,1664,5,12,walk,
greenwich,deptford,1664,5,12,walk,
deptford,home_seething_lane,1664,5,12,walk,
home_seething_lane,woolwich,1664,5,13,boat,
woolwich,westminster_hall,1664,5,13,walk,
westminster_hall,whitehall,1664,5,13,walk,
whitehall,home_seething_lane,1664,5,13,walk,
home_seething_lane,navy_office,1664,5,14,walk,
navy_office,home_seething_lane,1664,5,14,walk,
home_seething_lane,st_james_palace,1664,5,16,walk,
st_james_palace,mr_pierces_house,1664,5,16,walk,
mr_pierces_house,home_seething_lane,1664,5,16,coach,
home_seething_lane,navy_office,1664,5,18,walk,
navy_office,whitehall,1664,5,18,walk,
whitehall,home_seething_lane,1664,5,18,walk,
home_seething_lane,sir_w_pen_house,1664,5,18,walk,
sir_w_pen_house,home_seething_lane,1664,5,18,walk,
home_seething_lane,whitehall,1664,5,19,coach,Sir W. Pen
whitehall,home_seething_lane,1664,5,19,coach,
home_seething_lane,navy_office,1664,5,19,walk,
navy_office,home_seething_lane,1664,5,19,walk,
home_seething_lane,navy_office,1664,5,20,walk,
navy_office,home_seething_lane,1664,5,20,walk,
home_seething_lane,navy_office,1664,5,21,walk,
navy_office,royal_exchange,1664,5,21,walk,
royal_exchange,new_exchange,1664,5,21,coach,Elizabeth Pepys
new_exchange,lord_sandwich_lincolns_inn,1664,5,21,walk,
lord_sandwich_lincolns_inn,home_seething_lane,1664,5,21,walk,
home_seething_lane,whitehall,1664,5,22,boat,
whitehall,st_james_palace,1664,5,22,walk,
st_james_palace,home_seething_lane,1664,5,22,walk,
home_seething_lane,woolwich,1664,5,22,boat,Elizabeth Pepys; John Creed
woolwich,deptford,1664,5,22,boat,
deptford,halfway_house,1664,5,22,walk,
halfway_house,home_seething_lane,1664,5,22,walk,Elizabeth Pepys
home_seething_lane,navy_office,1664,5,23,walk,
navy_office,woolwich,1664,5,23,boat,Elizabeth Pepys
woolwich,deptford,1664,5,23,boat,
deptford,home_seething_lane,1664,5,23,boat,Elizabeth Pepys
home_seething_lane,navy_office,1664,5,24,walk,
navy_office,home_seething_lane,1664,5,24,walk,
home_seething_lane,navy_office,1664,5,26,walk,Sir W. Batten
navy_office,royal_exchange,1664,5,26,walk,
royal_exchange,lord_sandwich_lincolns_inn,1664,5,26,coach,Elizabeth Pepys
lord_sandwich_lincolns_inn,old_bailey,1664,5,26,coach,
old_bailey,home_seething_lane,1664,5,26,walk,
home_seething_lane,navy_office,1664,5,27,walk,
navy_office,home_seething_lane,1664,5,27,walk,
home_seething_lane,navy_office,1664,5,28,walk,
navy_office,royal_exchange,1664,5,28,walk,
royal_exchange,home_seething_lane,1664,5,28,walk,
home_seething_lane,st_james_palace,1664,5,29,walk,
st_james_palace,whitehall,1664,5,29,walk,
whitehall,mr_povys_house,1664,5,29,walk,
mr_povys_house,home_seething_lane,1664,5,29,walk,
home_seething_lane,lord_sandwich_lincolns_inn,1664,5,31,walk,
lord_sandwich_lincolns_inn,home_seething_lane,1664,5,31,walk,
home_seething_lane,st_james_palace,1664,5,31,coach,Elizabeth Pepys
st_james_palace,hyde_park,1664,5,31,coach,
hyde_park,home_seething_lane,1664,5,31,coach,Elizabeth Pepys
home_seething_lane,woolwich,1664,6,1,boat,
woolwich,deptford,1664,6,1,boat,
deptford,home_seething_lane,1664,6,1,boat,
home_seething_lane,kings_playhouse,1664,6,1,coach,Elizabeth Pepys
kings_playhouse,home_seething_lane,1664,6,1,coach,
home_seething_lane,navy_office,1664,6,2,coach,Sir J. Minnes
navy_office,royal_exchange,1664,6,2,walk,
royal_exchange,st_james_palace,1664,6,2,coach,Sir J. Minnes; Mr. Coventry
st_james_palace,whitehall,1664,6,2,walk,
whitehall,home_seething_lane,1664,6,2,coach,Sir J. Minnes
home_seething_lane,navy_office,1664,6,3,walk,
navy_office,royal_exchange,1664,6,3,walk,
royal_exchange,whitehall,1664,6,3,coach,
whitehall,home_seething_lane,1664,6,3,coach,Elizabeth Pepys
home_seething_lane,st_james_palace,1664,6,4,coach,
st_james_palace,home_seething_lane,1664,6,4,boat,
home_seething_lane,navy_office,1664,6,6,boat,
navy_office,whitehall,1664,6,6,boat,
whitehall,lord_sandwich_lincolns_inn,1664,6,6,walk,
lord_sandwich_lincolns_inn,deptford,1664,6,6,boat,
deptford,whitehall,1664,6,6,boat,
whitehall,home_seething_lane,1664,6,6,coach,
home_seething_lane,navy_office,1664,6,7,boat,
navy_office,royal_exchange,1664,6,7,walk,
royal_exchange,home_seething_lane,1664,6,7,walk,
home_seething_lane,navy_office,1664,6,9,walk,
navy_office,home_seething_lane,1664,6,9,walk,
home_seething_lane,whitehall,1664,6,10,boat,
whitehall,st_james_park,1664,6,10,walk,
st_james_park,home_seething_lane,1664,6,10,boat,
home_seething_lane,navy_office,1664,6,11,walk,
navy_office,royal_exchange,1664,6,11,walk,
royal_exchange,home_seething_lane,1664,6,11,walk,
home_seething_lane,hackney,1664,6,11,coach,Elizabeth Pepys
hackney,home_seething_lane,1664,6,11,coach,
home_seething_lane,halfway_house,1664,6,12,boat,Elizabeth Pepys; John Creed
halfway_house,home_seething_lane,1664,6,12,walk,
home_seething_lane,deptford,1664,6,13,boat,
deptford,whitehall,1664,6,13,boat,
whitehall,st_james_palace,1664,6,13,walk,
st_james_palace,greenwich,1664,6,13,boat,
greenwich,cherry_garden,1664,6,13,boat,
cherry_garden,home_seething_lane,1664,6,13,walk,
home_seething_lane,navy_office,1664,6,14,walk,
navy_office,home_seething_lane,1664,6,14,walk,
home_seething_lane,kensington,1664,6,14,coach,
kensington,home_seething_lane,1664,6,14,coach,
home_seething_lane,greenwich,1664,6,15,boat,John Creed
greenwich,cherry_garden,1664,6,15,boat,
cherry_garden,somerset_house,1664,6,15,boat,
somerset_house,lord_sandwich_lincolns_inn,1664,6,15,coach,John Creed
lord_sandwich_lincolns_inn,kensington,1664,6,15,walk,John Creed
kensington,knightsbridge,1664,6,16,walk,John Creed
knightsbridge,st_james_palace,1664,6,16,walk,
st_james_palace,whitehall,1664,6,16,walk,
whitehall,home_seething_lane,1664,6,16,coach,
home_seething_lane,royal_exchange,1664,6,16,walk,
royal_exchange,home_seething_lane,1664,6,16,walk,
home_seething_lane,navy_office,1664,6,17,boat,
navy_office,woolwich,1664,6,17,boat,
woolwich,deptford,1664,6,17,boat,
deptford,home_seething_lane,1664,6,17,walk,
home_seething_lane,navy_office,1664,6,18,walk,
navy_office,home_seething_lane,1664,6,18,walk,
home_seething_lane,whitehall,1664,6,20,boat,Elizabeth Pepys
whitehall,st_james_palace,1664,6,20,walk,
st_james_palace,westminster_hall,1664,6,20,walk,
westminster_hall,my_lords_lodgings,1664,6,20,walk,
my_lords_lodgings,lord_sandwich_lincolns_inn,1664,6,20,walk,
lord_sandwich_lincolns_inn,home_seething_lane,1664,6,20,coach,
home_seething_lane,navy_office,1664,6,21,walk,
navy_office,whitehall,1664,6,21,boat,
whitehall,new_exchange,1664,6,21,walk,John Creed
new_exchange,home_seething_lane,1664,6,21,coach,
home_seething_lane,navy_office,1664,6,22,walk,
navy_office,royal_exchange,1664,6,22,walk,
royal_exchange,trinity_house,1664,6,22,walk,
trinity_house,home_seething_lane,1664,6,22,walk,
home_seething_lane,navy_office,1664,6,23,walk,
navy_office,royal_exchange,1664,6,23,walk,
royal_exchange,home_seething_lane,1664,6,23,walk,
home_seething_lane,navy_office,1664,6,24,walk,
navy_office,uncle_wight_house,1664,6,24,walk,
uncle_wight_house,whitehall,1664,6,24,walk,
whitehall,hyde_park,1664,6,24,walk,
hyde_park,home_seething_lane,1664,6,24,walk,
home_seething_lane,navy_office,1664,6,25,walk,
navy_office,home_seething_lane,1664,6,25,walk,
home_seething_lane,lord_sandwich_lincolns_inn,1664,6,26,walk,
lord_sandwich_lincolns_inn,parish_church,1664,6,26,walk,
parish_church,gravesend,1664,6,26,boat,Elizabeth Pepys; John Creed
gravesend,home_seething_lane,1664,6,26,boat,
home_seething_lane,pauls_churchyard,1664,6,27,walk,John Creed
pauls_churchyard,st_james_palace,1664,6,27,coach,
st_james_palace,home_seething_lane,1664,6,27,walk,
home_seething_lane,woolwich,1664,6,27,boat,
woolwich,home_seething_lane,1664,6,27,boat,
home_seething_lane,navy_office,1664,6,28,walk,
navy_office,royal_exchange,1664,6,28,walk,
royal_exchange,home_seething_lane,1664,6,28,walk,
home_seething_lane,the_temple,1664,6,29,walk,
the_temple,westminster_hall,1664,6,29,walk,
westminster_hall,lord_sandwich_lincolns_inn,1664,6,29,walk,
lord_sandwich_lincolns_inn,home_seething_lane,1664,6,29,walk,
home_seething_lane,navy_office,1664,6,30,walk,
navy_office,deptford,1664,6,30,boat,
deptford,woolwich,1664,6,30,boat,
woolwich,greenwich,1664,6,30,walk,
greenwich,home_seething_lane,1664,6,30,walk,
home_seething_lane,navy_office,1664,7,1,walk,
navy_office,royal_exchange,1664,7,1,walk,
royal_exchange,home_seething_lane,1664,7,1,walk,
home_seething_lane,navy_office,1664,7,2,walk,
navy_office,royal_exchange,1664,7,2,walk,
royal_exchange,home_seething_lane,1664,7,2,walk,
home_seething_lane,lord_crews_house,1664,7,4,walk,
lord_crews_house,home_seething_lane,1664,7,4,walk,
home_seething_lane,navy_office,1664,7,5,walk,
navy_office,royal_exchange,1664,7,5,walk,
royal_exchange,home_seething_lane,1664,7,5,walk,
home_seething_lane,the_hope,1664,7,6,boat,Elizabeth Pepys
the_hope,greenwich,1664,7,6,boat,
greenwich,home_seething_lane,1664,7,6,boat,Elizabeth Pepys
home_seething_lane,navy_office,1664,7,7,walk,
navy_office,whitehall,1664,7,7,coach,
whitehall,new_exchange,1664,7,7,walk,
new_exchange,home_seething_lane,1664,7,7,walk,
home_seething_lane,mr_povys_house,1664,7,8,walk,
mr_povys_house,whitehall,1664,7,8,walk,
whitehall,pauls_churchyard,1664,7,8,walk,
pauls_churchyard,royal_exchange,1664,7,8,walk,
royal_exchange,home_seething_lane,1664,7,8,walk,
home_seething_lane,navy_office,1664,7,9,coach,Sir J. Minnes
navy_office,whitehall,1664,7,9,coach,Sir J. Minnes
whitehall,home_seething_lane,1664,7,9,coach,
home_seething_lane,somerset_house,1664,7,10,boat,
somerset_house,lord_sandwich_lincolns_inn,1664,7,10,walk,
lord_sandwich_lincolns_inn,home_seething_lane,1664,7,10,coach,
home_seething_lane,barnett,1664,7,11,coach,Elizabeth Pepys
barnett,barnett_wells,1664,7,11,horse,
barnett_wells,home_seething_lane,1664,7,11,horse,
home_seething_lane,navy_office,1664,7,12,walk,
navy_office,home_seething_lane,1664,7,12,walk,
home_seething_lane,deptford,1664,7,12,boat,Sir G. Carteret; Sir J. Minnes; Sir W. Batten
deptford,blackwall,1664,7,12,boat,Mr. Coventry
blackwall,home_seething_lane,1664,7,12,boat,
home_seething_lane,navy_office,1664,7,13,walk,
navy_office,lord_sandwich_lincolns_inn,1664,7,13,walk,
lord_sandwich_lincolns_inn,whitehall,1664,7,13,walk,
whitehall,home_seething_lane,1664,7,13,boat,
home_seething_lane,lord_sandwich_lincolns_inn,1664,7,14,walk,
lord_sandwich_lincolns_inn,whitehall,1664,7,14,walk,
whitehall,home_seething_lane,1664,7,14,walk,
home_seething_lane,royal_exchange,1664,7,14,walk,
royal_exchange,lord_chancellors,1664,7,14,walk,
lord_chancellors,home_seething_lane,1664,7,14,coach,
home_seething_lane,lord_sandwich_lincolns_inn,1664,7,15,walk,
lord_sandwich_lincolns_inn,st_james_palace,1664,7,15,walk,John Creed
st_james_palace,whitehall,1664,7,15,walk,
whitehall,royal_exchange,1664,7,15,walk,
royal_exchange,home_seething_lane,1664,7,15,walk,
home_seething_lane,navy_office,1664,7,16,walk,
navy_office,royal_exchange,1664,7,16,walk,
royal_exchange,trinity_house,1664,7,16,walk,
trinity_house,whitehall,1664,7,16,walk,
whitehall,lord_sandwich_lincolns_inn,1664,7,16,walk,
lord_sandwich_lincolns_inn,home_seething_lane,1664,7,16,walk,
home_seething_lane,lord_sandwich_lincolns_inn,1664,7,17,walk,
lord_sandwich_lincolns_inn,home_seething_lane,1664,7,17,walk,
home_seething_lane,lord_sandwich_lincolns_inn,1664,7,18,walk,
lord_sandwich_lincolns_inn,st_james_palace,1664,7,18,walk,
st_james_palace,westminster_hall,1664,7,18,walk,
westminster_hall,royal_exchange,1664,7,18,walk,
royal_exchange,mr_povys_house,1664,7,18,walk,
mr_povys_house,lord_chancellors,1664,7,18,walk,
lord_chancellors,home_seething_lane,1664,7,18,walk,
home_seething_lane,navy_office,1664,7,19,boat,
navy_office,woolwich,1664,7,19,boat,Sir W. Batten
woolwich,deptford,1664,7,19,boat,
deptford,home_seething_lane,1664,7,19,boat,
home_seething_lane,navy_office,1664,7,20,walk,
navy_office,whitehall,1664,7,20,walk,
whitehall,home_seething_lane,1664,7,20,coach,
home_seething_lane,navy_office,1664,7,21,walk,
navy_office,whitehall,1664,7,21,walk,
whitehall,westminster_hall,1664,7,21,walk,
westminster_hall,home_seething_lane,1664,7,21,boat,
home_seething_lane,navy_office,1664,7,22,boat,
navy_office,royal_exchange,1664,7,22,walk,
royal_exchange,deptford,1664,7,22,boat,
deptford,home_seething_lane,1664,7,22,boat,
home_seething_lane,navy_office,1664,7,23,walk,
navy_office,royal_exchange,1664,7,23,walk,
royal_exchange,westminster_hall,1664,7,23,walk,
westminster_hall,lambeth_marsh,1664,7,23,boat,
lambeth_marsh,fleet_alley,1664,7,23,walk,
fleet_alley,pauls_churchyard,1664,7,23,walk,
pauls_churchyard,home_seething_lane,1664,7,23,walk,
home_seething_lane,st_james_palace,1664,7,25,coach,Sir J. Minnes; Sir W. Batten
st_james_palace,royal_exchange,1664,7,25,walk,
royal_exchange,home_seething_lane,1664,7,25,walk,
home_seething_lane,navy_office,1664,7,26,walk,
navy_office,anthony_joyces_house,1664,7,26,walk,
anthony_joyces_house,reeves,1664,7,26,walk,
reeves,home_seething_lane,1664,7,26,walk,
home_seething_lane,mr_povys_house,1664,7,27,walk,
mr_povys_house,st_james_palace,1664,7,27,walk,
st_james_palace,whitehall,1664,7,27,walk,
whitehall,home_seething_lane,1664,7,27,walk,
home_seething_lane,navy_office,1664,7,28,walk,
navy_office,dukes_theatre,1664,7,28,walk,
dukes_theatre,westminster_hall,1664,7,28,walk,
westminster_hall,home_seething_lane,1664,7,28,walk,
home_seething_lane,navy_office,1664,7,29,walk,
navy_office,royal_exchange,1664,7,29,walk,
royal_exchange,fleet_alley,1664,7,29,walk,
fleet_alley,home_seething_lane,1664,7,29,walk,
home_seething_lane,navy_office,1664,7,30,walk,
navy_office,royal_exchange,1664,7,30,walk,
royal_exchange,home_seething_lane,1664,7,30,walk,
home_seething_lane,parish_church,1664,7,31,walk,
parish_church,home_seething_lane,1664,7,31,walk,
home_seething_lane,st_james_palace,1664,8,1,coach,Sir J. Minnes; Sir W. Batten; Sir W. Pen
st_james_palace,royal_exchange,1664,8,1,walk,
royal_exchange,anthony_joyces_house,1664,8,1,walk,
anthony_joyces_house,westminster_hall,1664,8,1,walk,
westminster_hall,lord_chancellors,1664,8,1,walk,
lord_chancellors,home_seething_lane,1664,8,1,walk,
home_seething_lane,navy_office,1664,8,2,walk,
navy_office,royal_exchange,1664,8,2,walk,
royal_exchange,kings_playhouse,1664,8,2,walk,
kings_playhouse,home_seething_lane,1664,8,2,walk,
home_seething_lane,parish_church,1664,8,2,walk,
parish_church,home_seething_lane,1664,8,2,walk,
home_seething_lane,westminster_hall,1664,8,3,walk,
westminster_hall,whitehall,1664,8,3,walk,
whitehall,royal_exchange,1664,8,3,walk,
royal_exchange,woolwich,1664,8,3,boat,
woolwich,deptford,1664,8,3,boat,
deptford,home_seething_lane,1664,8,3,boat,
home_seething_lane,navy_office,1664,8,4,walk,Sir W. Pen
navy_office,sir_w_pen_house,1664,8,4,walk,
sir_w_pen_house,kings_playhouse,1664,8,4,coach,Sir W. Pen
kings_playhouse,lord_sandwich_lincolns_inn,1664,8,4,walk,
lord_sandwich_lincolns_inn,home_seething_lane,1664,8,4,walk,
home_seething_lane,barnett,1664,8,5,horse,
barnett,stevenage,1664,8,5,horse,
stevenage,welling,1664,8,6,horse,
welling,home_seething_lane,1664,8,6,horse,Elizabeth Pepys
home_seething_lane,whitehall,1664,8,7,walk,
whitehall,home_seething_lane,1664,8,7,walk,
home_seething_lane,st_james_palace,1664,8,8,coach,Sir W. Batten
st_james_palace,royal_exchange,1664,8,8,walk,
royal_exchange,kings_playhouse,1664,8,8,coach,Elizabeth Pepys
kings_playhouse,home_seething_lane,1664,8,8,coach,
home_seething_lane,navy_office,1664,8,9,walk,
navy_office,home_seething_lane,1664,8,9,walk,
home_seething_lane,navy_office,1664,8,10,walk,
navy_office,home_seething_lane,1664,8,10,walk,
home_seething_lane,navy_office,1664,8,11,walk,
navy_office,royal_exchange,1664,8,11,walk,
royal_exchange,new_exchange,1664,8,11,coach,Elizabeth Pepys
new_exchange,lord_sandwich_lincolns_inn,1664,8,11,walk,
lord_sandwich_lincolns_inn,home_seething_lane,1664,8,11,walk,
home_seething_lane,navy_office,1664,8,12,walk,
navy_office,royal_exchange,1664,8,12,walk,
royal_exchange,whitehall,1664,8,12,coach,Elizabeth Pepys
whitehall,home_seething_lane,1664,8,12,coach,
home_seething_lane,navy_office,1664,8,13,walk,
navy_office,dukes_theatre,1664,8,13,walk,Elizabeth Pepys; John Creed
dukes_theatre,home_seething_lane,1664,8,13,walk,
home_seething_lane,st_james_palace,1664,8,15,coach,Sir J. Minnes
st_james_palace,royal_exchange,1664,8,15,walk,
royal_exchange,westminster_hall,1664,8,15,walk,
westminster_hall,charing_cross,1664,8,15,coach,Elizabeth Pepys
charing_cross,home_seething_lane,1664,8,15,coach,
home_seething_lane,navy_office,1664,8,16,walk,
navy_office,royal_exchange,1664,8,16,walk,
royal_exchange,home_seething_lane,1664,8,16,walk,
home_seething_lane,lord_crews_house,1664,8,17,walk,
lord_crews_house,lord_sandwich_lincolns_inn,1664,8,17,walk,Elizabeth Pepys
lord_sandwich_lincolns_inn,mr_pierces_house,1664,8,17,walk,
mr_pierces_house,whitehall,1664,8,17,walk,
whitehall,home_seething_lane,1664,8,17,coach,Elizabeth Pepys
home_seething_lane,navy_office,1664,8,18,walk,
navy_office,westminster_hall,1664,8,18,walk,
westminster_hall,home_seething_lane,1664,8,18,walk,
home_seething_lane,navy_office,1664,8,19,walk,
navy_office,sir_w_pen_house,1664,8,19,walk,Elizabeth Pepys
sir_w_pen_house,home_seething_lane,1664,8,19,walk,
home_seething_lane,navy_office,1664,8,20,walk,
navy_office,cheapside,1664,8,20,walk,
cheapside,royal_exchange,1664,8,20,walk,
royal_exchange,whitehall,1664,8,20,walk,
whitehall,home_seething_lane,1664,8,20,walk,
home_seething_lane,navy_office,1664,8,22,walk,
navy_office,whitehall,1664,8,22,walk,
whitehall,westminster_hall,1664,8,22,walk,
westminster_hall,home_seething_lane,1664,8,22,coach,Elizabeth Pepys
home_seething_lane,navy_office,1664,8,23,walk,Elizabeth Pepys
navy_office,royal_exchange,1664,8,23,walk,
royal_exchange,home_seething_lane,1664,8,23,walk,
home_seething_lane,navy_office,1664,8,24,walk,
navy_office,whitehall,1664,8,24,walk,
whitehall,home_seething_lane,1664,8,24,walk,
home_seething_lane,whitehall,1664,8,24,walk,
whitehall,navy_office,1664,8,25,walk,
navy_office,royal_exchange,1664,8,25,walk,
royal_exchange,home_seething_lane,1664,8,25,walk,
home_seething_lane,deptford,1664,8,26,boat,
deptford,woolwich,1664,8,26,boat,
woolwich,deptford,1664,8,26,boat,
deptford,home_seething_lane,1664,8,26,boat,
home_seething_lane,royal_exchange,1664,8,26,walk,
royal_exchange,whitehall,1664,8,26,boat,
whitehall,home_seething_lane,1664,8,26,boat,
home_seething_lane,navy_office,1664,8,27,walk,
navy_office,royal_exchange,1664,8,27,walk,
royal_exchange,home_seething_lane,1664,8,27,walk,
home_seething_lane,parish_church,1664,8,28,walk,
parish_church,royal_exchange,1664,8,28,walk,John Creed
royal_exchange,home_seething_lane,1664,8,28,walk,
home_seething_lane,deptford,1664,8,29,boat,
deptford,home_seething_lane,1664,8,29,boat,
home_seething_lane,lord_sandwich_lincolns_inn,1664,8,29,walk,
lord_sandwich_lincolns_inn,westminster_hall,1664,8,29,walk,
westminster_hall,home_seething_lane,1664,8,29,walk,
home_seething_lane,navy_office,1664,8,30,walk,
navy_office,home_seething_lane,1664,8,30,walk,
home_seething_lane,navy_office,1664,8,31,walk,
navy_office,whitehall,1664,8,31,coach,
whitehall,home_seething_lane,1664,8,31,coach,
home_seething_lane,royal_exchange,1664,9,2,walk,
royal_exchange,home_seething_lane,1664,9,2,walk,
home_seething_lane,bartholomew_fair,1664,9,2,coach,Elizabeth Pepys
bartholomew_fair,home_seething_lane,1664,9,2,coach,Elizabeth Pepys
home_seething_lane,navy_office,1664,9,3,walk,
navy_office,whitehall,1664,9,3,walk,
whitehall,home_seething_lane,1664,9,3,walk,
home_seething_lane,st_james_palace,1664,9,5,walk,
st_james_palace,whitehall,1664,9,5,walk,
whitehall,royal_exchange,1664,9,5,walk,Elizabeth Pepys
royal_exchange,woolwich,1664,9,5,boat,
woolwich,deptford,1664,9,5,boat,
deptford,home_seething_lane,1664,9,5,boat,
home_seething_lane,navy_office,1664,9,6,walk,
navy_office,whitehall,1664,9,6,coach,
whitehall,home_seething_lane,1664,9,6,walk,
home_seething_lane,limehouse,1664,9,7,walk,
limehouse,royal_exchange,1664,9,7,walk,
royal_exchange,home_seething_lane,1664,9,7,walk,
home_seething_lane,bartholomew_fair,1664,9,7,coach,John Creed
bartholomew_fair,home_seething_lane,1664,9,7,coach,
home_seething_lane,navy_office,1664,9,8,boat,
navy_office,woolwich,1664,9,8,boat,
woolwich,home_seething_lane,1664,9,8,boat,
home_seething_lane,navy_office,1664,9,9,walk,
navy_office,home_seething_lane,1664,9,9,walk,
home_seething_lane,whitehall,1664,9,9,walk,
whitehall,home_seething_lane,1664,9,9,walk,
home_seething_lane,navy_office,1664,9,10,walk,
navy_office,dukes_theatre,1664,9,10,walk,Elizabeth Pepys
dukes_theatre,home_seething_lane,1664,9,10,walk,
home_seething_lane,parish_church,1664,9,11,walk,Elizabeth Pepys
parish_church,westminster_abbey,1664,9,11,walk,
westminster_abbey,uncle_wight_house,1664,9,11,walk,
uncle_wight_house,home_seething_lane,1664,9,11,walk,
home_seething_lane,st_james_palace,1664,9,12,coach,
st_james_palace,westminster_abbey,1664,9,12,walk,
westminster_abbey,home_seething_lane,1664,9,12,walk,
home_seething_lane,uncle_wight_house,1664,9,12,walk,
uncle_wight_house,home_seething_lane,1664,9,12,walk,
home_seething_lane,navy_office,1664,9,13,walk,
navy_office,fishmongers_hall,1664,9,13,walk,
fishmongers_hall,home_seething_lane,1664,9,13,walk,
home_seething_lane,navy_office,1664,9,14,walk,
navy_office,royal_exchange,1664,9,14,walk,
royal_exchange,blackwall,1664,9,14,boat,
blackwall,home_seething_lane,1664,9,14,boat,
home_seething_lane,navy_office,1664,9,15,walk,
navy_office,royal_exchange,1664,9,15,walk,
royal_exchange,home_seething_lane,1664,9,15,walk,
home_seething_lane,navy_office,1664,9,16,walk,
navy_office,royal_exchange,1664,9,16,walk,
royal_exchange,sun_tavern,1664,9,16,walk,Sir W. Warren
sun_tavern,home_seething_lane,1664,9,16,coach,
home_seething_lane,navy_office,1664,9,17,walk,
navy_office,home_seething_lane,1664,9,17,walk,
home_seething_lane,parish_church,1664,9,18,walk,
parish_church,westminster_abbey,1664,9,18,walk,
westminster_abbey,uncle_wight_house,1664,9,18,walk,
uncle_wight_house,home_seething_lane,1664,9,18,walk,
home_seething_lane,st_james_palace,1664,9,19,coach,Sir W. Batten; Sir W. Pen
st_james_palace,whitehall,1664,9,19,walk,
whitehall,westminster_hall,1664,9,19,walk,
westminster_hall,home_seething_lane,1664,9,19,coach,
home_seething_lane,navy_office,1664,9,20,walk,
navy_office,royal_exchange,1664,9,20,walk,
royal_exchange,fishmongers_hall,1664,9,20,walk,
fishmongers_hall,home_seething_lane,1664,9,20,walk,
home_seething_lane,mr_povys_house,1664,9,21,coach,
mr_povys_house,westminster_hall,1664,9,21,coach,
westminster_hall,mr_povys_house,1664,9,21,walk,
mr_povys_house,st_james_palace,1664,9,21,walk,
st_james_palace,whitehall,1664,9,21,walk,
whitehall,home_seething_lane,1664,9,21,walk,
home_seething_lane,navy_office,1664,9,22,walk,
navy_office,royal_exchange,1664,9,22,walk,
royal_exchange,whitehall,1664,9,22,walk,
whitehall,home_seething_lane,1664,9,22,walk,
home_seething_lane,navy_office,1664,9,24,walk,
navy_office,royal_exchange,1664,9,24,walk,
royal_exchange,whitehall,1664,9,24,coach,
whitehall,home_seething_lane,1664,9,24,walk,
home_seething_lane,navy_office,1664,9,26,walk,
navy_office,royal_exchange,1664,9,26,walk,
royal_exchange,home_seething_lane,1664,9,26,walk,
home_seething_lane,navy_office,1664,9,27,walk,
navy_office,fishmongers_hall,1664,9,27,walk,
fishmongers_hall,home_seething_lane,1664,9,27,walk,
home_seething_lane,woolwich,1664,9,28,boat,
woolwich,home_seething_lane,1664,9,28,boat,
home_seething_lane,whitehall,1664,9,28,coach,
whitehall,dukes_theatre,1664,9,28,walk,
dukes_theatre,home_seething_lane,1664,9,28,coach,
home_seething_lane,navy_office,1664,9,29,walk,
navy_office,home_seething_lane,1664,9,29,walk,
home_seething_lane,navy_office,1664,10,1,walk,
navy_office,home_seething_lane,1664,10,1,walk,
home_seething_lane,clerkenwell,1664,10,2,walk,
clerkenwell,lord_sandwich_lincolns_inn,1664,10,2,walk,
lord_sandwich_lincolns_inn,clerkenwell,1664,10,2,walk,
clerkenwell,home_seething_lane,1664,10,2,walk,
home_seething_lane,st_james_palace,1664,10,3,coach,Sir J. Minnes
st_james_palace,royal_exchange,1664,10,3,walk,
royal_exchange,home_seething_lane,1664,10,3,walk,
home_seething_lane,deptford,1664,10,3,boat,Mr. Coventry
deptford,home_seething_lane,1664,10,3,boat,Mr. Coventry
home_seething_lane,navy_office,1664,10,4,walk,
navy_office,royal_exchange,1664,10,4,walk,
royal_exchange,dukes_theatre,1664,10,4,coach,
dukes_theatre,home_seething_lane,1664,10,4,coach,Elizabeth Pepys
home_seething_lane,royal_exchange,1664,10,5,walk,
royal_exchange,trinity_house,1664,10,5,walk,
trinity_house,post_office,1664,10,5,walk,
post_office,home_seething_lane,1664,10,5,walk,
home_seething_lane,navy_office,1664,10,6,walk,
navy_office,home_seething_lane,1664,10,6,walk,
home_seething_lane,navy_office,1664,10,7,walk,Elizabeth Pepys
navy_office,home_seething_lane,1664,10,7,walk,
home_seething_lane,navy_office,1664,10,8,walk,
navy_office,royal_exchange,1664,10,8,walk,
royal_exchange,home_seething_lane,1664,10,8,walk,
home_seething_lane,parish_church,1664,10,9,walk,Elizabeth Pepys
parish_church,uncle_wight_house,1664,10,9,walk,
uncle_wight_house,home_seething_lane,1664,10,9,walk,
home_seething_lane,st_james_palace,1664,10,10,coach,Sir W. Pen
st_james_palace,royal_exchange,1664,10,10,walk,
royal_exchange,home_seething_lane,1664,10,10,walk,
home_seething_lane,navy_office,1664,10,11,walk,
navy_office,fishmongers_hall,1664,10,11,walk,
fishmongers_hall,home_seething_lane,1664,10,11,walk,
home_seething_lane,navy_office,1664,10,12,walk,
navy_office,royal_exchange,1664,10,12,walk,
royal_exchange,home_seething_lane,1664,10,12,walk,
home_seething_lane,navy_office,1664,10,13,walk,
navy_office,welling,1664,10,13,horse,
welling,brampton,1664,10,14,horse,
brampton,hinchingbroke,1664,10,15,walk,
hinchingbroke,brampton,1664,10,15,walk,
brampton,stevenage,1664,10,15,horse,
stevenage,hatfield,1664,10,16,horse,
hatfield,barnett,1664,10,16,horse,
barnett,home_seething_lane,1664,10,16,horse,
home_seething_lane,st_james_palace,1664,10,17,coach,Sir W. Batten
st_james_palace,lord_sandwich_lincolns_inn,1664,10,17,walk,
lord_sandwich_lincolns_inn,lord_crews_house,1664,10,17,walk,
lord_crews_house,royal_exchange,1664,10,17,walk,Sir W. Warren
royal_exchange,home_seething_lane,1664,10,17,walk,
home_seething_lane,navy_office,1664,10,18,walk,
navy_office,royal_exchange,1664,10,18,walk,
royal_exchange,fishmongers_hall,1664,10,18,walk,
fishmongers_hall,whitehall,1664,10,18,coach,
whitehall,somerset_house,1664,10,18,walk,
somerset_house,home_seething_lane,1664,10,18,coach,
home_seething_lane,navy_office,1664,10,19,coach,
navy_office,home_seething_lane,1664,10,19,walk,
home_seething_lane,navy_office,1664,10,20,walk,
navy_office,lord_sandwich_lincolns_inn,1664,10,20,walk,
lord_sandwich_lincolns_inn,home_seething_lane,1664,10,20,walk,
home_seething_lane,royal_exchange,1664,10,21,walk,
royal_exchange,home_seething_lane,1664,10,21,walk,
home_seething_lane,navy_office,1664,10,22,walk,
navy_office,deptford,1664,10,22,boat,
deptford,home_seething_lane,1664,10,22,boat,
home_seething_lane,parish_church,1664,10,23,walk,
parish_church,home_seething_lane,1664,10,23,walk,
home_seething_lane,st_james_palace,1664,10,24,coach,Sir J. Minnes
st_james_palace,royal_exchange,1664,10,24,walk,
royal_exchange,whitehall,1664,10,24,walk,Sir W. Warren
whitehall,home_seething_lane,1664,10,24,walk,
home_seething_lane,navy_office,1664,10,25,walk,
navy_office,royal_exchange,1664,10,25,walk,
royal_exchange,fishmongers_hall,1664,10,25,walk,
fishmongers_hall,home_seething_lane,1664,10,25,walk,
home_seething_lane,woolwich,1664,10,26,boat,Elizabeth Pepys
woolwich,home_seething_lane,1664,10,26,coach,
home_seething_lane,navy_office,1664,10,27,walk,
navy_office,dolphin_tavern,1664,10,27,walk,
dolphin_tavern,whitehall,1664,10,27,coach,Sir G. Carteret
whitehall,cheapside,1664,10,27,walk,
cheapside,home_seething_lane,1664,10,27,walk,
home_seething_lane,navy_office,1664,10,28,walk,
navy_office,royal_exchange,1664,10,28,walk,
royal_exchange,home_seething_lane,1664,10,28,walk,
home_seething_lane,navy_office,1664,10,29,walk,
navy_office,home_seething_lane,1664,10,29,walk,
home_seething_lane,parish_church,1664,10,30,walk,
parish_church,home_seething_lane,1664,10,30,walk,
home_seething_lane,navy_office,1664,10,31,walk,
navy_office,whitehall,1664,10,31,walk,John Creed
whitehall,home_seething_lane,1664,10,31,walk,
home_seething_lane,navy_office,1664,11,1,walk,
navy_office,whitehall,1664,11,1,walk,
whitehall,home_seething_lane,1664,11,1,walk,
home_seething_lane,redriffe,1664,11,2,boat,
redriffe,deptford,1664,11,2,walk,
deptford,home_seething_lane,1664,11,2,walk,
home_seething_lane,navy_office,1664,11,3,walk,
navy_office,royal_exchange,1664,11,3,walk,
royal_exchange,home_seething_lane,1664,11,3,walk,
home_seething_lane,st_james_palace,1664,11,4,walk,
st_james_palace,whitehall,1664,11,4,walk,Mr. Coventry
whitehall,royal_exchange,1664,11,4,walk,
royal_exchange,home_seething_lane,1664,11,4,walk,
home_seething_lane,navy_office,1664,11,5,walk,Elizabeth Pepys
navy_office,royal_exchange,1664,11,5,walk,
royal_exchange,dukes_theatre,1664,11,5,coach,Elizabeth Pepys
dukes_theatre,home_seething_lane,1664,11,5,coach,
home_seething_lane,parish_church,1664,11,6,walk,Elizabeth Pepys
parish_church,uncle_wight_house,1664,11,6,walk,
uncle_wight_house,home_seething_lane,1664,11,6,walk,
home_seething_lane,whitehall,1664,11,7,coach,Sir W. Batten
whitehall,lord_sandwich_lincolns_inn,1664,11,7,walk,
lord_sandwich_lincolns_inn,westminster_hall,1664,11,7,walk,
westminster_hall,home_seething_lane,1664,11,7,coach,Elizabeth Pepys
home_seething_lane,navy_office,1664,11,8,walk,
navy_office,tower,1664,11,8,walk,
tower,home_seething_lane,1664,11,8,walk,
home_seething_lane,the_hope,1664,11,9,boat,
the_hope,whitehall,1664,11,9,boat,
whitehall,home_seething_lane,1664,11,9,walk,
home_seething_lane,navy_office,1664,11,10,walk,
navy_office,dolphin_tavern,1664,11,10,walk,
dolphin_tavern,home_seething_lane,1664,11,10,walk,
home_seething_lane,whitehall,1664,11,11,coach,Sir W. Batten; Sir J. Minnes
whitehall,royal_exchange,1664,11,11,coach,
royal_exchange,home_seething_lane,1664,11,11,walk,
home_seething_lane,navy_office,1664,11,12,walk,
navy_office,royal_exchange,1664,11,12,walk,
royal_exchange,home_seething_lane,1664,11,12,walk,
home_seething_lane,parish_church,1664,11,13,walk,
parish_church,home_seething_lane,1664,11,13,walk,
home_seething_lane,whitehall,1664,11,14,coach,Sir W. Batten
whitehall,royal_exchange,1664,11,14,walk,
royal_exchange,whitehall,1664,11,14,walk,
whitehall,home_seething_lane,1664,11,14,walk,
home_seething_lane,navy_office,1664,11,15,walk,
navy_office,royal_exchange,1664,11,15,walk,
royal_exchange,whitehall,1664,11,15,walk,
whitehall,home_seething_lane,1664,11,15,walk,
home_seething_lane,whitehall,1664,11,16,walk,
whitehall,home_seething_lane,1664,11,16,walk,
home_seething_lane,navy_office,1664,11,17,walk,
navy_office,royal_exchange,1664,11,17,walk,
royal_exchange,home_seething_lane,1664,11,17,walk,John Creed
home_seething_lane,navy_office,1664,11,18,walk,
navy_office,whitehall,1664,11,18,walk,
whitehall,royal_exchange,1664,11,18,walk,
royal_exchange,whitehall,1664,11,18,walk,
whitehall,home_seething_lane,1664,11,18,walk,
home_seething_lane,navy_office,1664,11,19,walk,
navy_office,home_seething_lane,1664,11,19,boat,
home_seething_lane,parish_church,1664,11,20,walk,Elizabeth Pepys
parish_church,home_seething_lane,1664,11,20,walk,
home_seething_lane,whitehall,1664,11,21,coach,Sir W. Batten
whitehall,royal_exchange,1664,11,21,walk,
royal_exchange,home_seething_lane,1664,11,21,walk,
home_seething_lane,whitehall,1664,11,21,coach,
whitehall,home_seething_lane,1664,11,21,coach,
home_seething_lane,navy_office,1664,11,22,walk,
navy_office,royal_exchange,1664,11,22,walk,
royal_exchange,whitehall,1664,11,22,walk,
whitehall,home_seething_lane,1664,11,22,walk,
home_seething_lane,navy_office,1664,11,23,walk,
navy_office,home_seething_lane,1664,11,23,walk,
home_seething_lane,navy_office,1664,11,24,walk,
navy_office,westminster_hall,1664,11,24,coach,
westminster_hall,whitehall,1664,11,24,walk,
whitehall,home_seething_lane,1664,11,24,walk,
home_seething_lane,navy_office,1664,11,24,walk,
navy_office,home_seething_lane,1664,11,24,walk,
home_seething_lane,navy_office,1664,11,25,walk,
navy_office,westminster_hall,1664,11,25,walk,
westminster_hall,royal_exchange,1664,11,25,walk,
royal_exchange,whitehall,1664,11,25,coach,Elizabeth Pepys
whitehall,westminster_hall,1664,11,25,walk,
westminster_hall,home_seething_lane,1664,11,25,coach,Elizabeth Pepys
home_seething_lane,navy_office,1664,11,26,walk,
navy_office,home_seething_lane,1664,11,26,walk,
home_seething_lane,parish_church,1664,11,27,walk,
parish_church,home_seething_lane,1664,11,27,walk,
home_seething_lane,whitehall,1664,11,28,coach,Sir J. Minnes; Sir W. Batten
whitehall,westminster_hall,1664,11,28,walk,
westminster_hall,royal_exchange,1664,11,28,walk,
royal_exchange,whitehall,1664,11,28,walk,
whitehall,home_seething_lane,1664,11,28,walk,
home_seething_lane,whitehall,1664,11,29,coach,Sir W. Batten
whitehall,westminster_hall,1664,11,29,walk,
westminster_hall,home_seething_lane,1664,11,29,walk,
home_seething_lane,whitehall,1664,11,30,coach,Sir W. Batten; Sir J. Minnes
whitehall,royal_exchange,1664,11,30,walk,
royal_exchange,home_seething_lane,1664,11,30,walk,
home_seething_lane,whitehall,1664,11,30,coach,
whitehall,home_seething_lane,1664,11,30,coach,Elizabeth Pepys
home_seething_lane,navy_office,1664,12,1,walk,
navy_office,whitehall,1664,12,1,walk,
whitehall,home_seething_lane,1664,12,1,walk,
home_seething_lane,navy_office,1664,12,2,walk,Elizabeth Pepys
navy_office,dukes_theatre,1664,12,2,coach,Elizabeth Pepys
dukes_theatre,home_seething_lane,1664,12,2,walk,
home_seething_lane,navy_office,1664,12,3,walk,
navy_office,whitehall,1664,12,3,coach,Sir W. Rider
whitehall,home_seething_lane,1664,12,3,coach,
home_seething_lane,parish_church,1664,12,4,walk,
parish_church,home_seething_lane,1664,12,4,walk,
home_seething_lane,whitehall,1664,12,5,coach,Sir J. Minnes
whitehall,home_seething_lane,1664,12,5,walk,
home_seething_lane,mrs_turner_house,1664,12,5,coach,
mrs_turner_house,whitehall,1664,12,5,walk,
whitehall,home_seething_lane,1664,12,6,walk,Elizabeth Pepys
home_seething_lane,whitehall,1664,12,6,coach,Sir W. Batten
whitehall,westminster_hall,1664,12,6,walk,
westminster_hall,royal_exchange,1664,12,6,walk,
royal_exchange,home_seething_lane,1664,12,6,walk,
home_seething_lane,navy_office,1664,12,6,walk,
navy_office,home_seething_lane,1664,12,6,walk,
home_seething_lane,navy_office,1664,12,7,walk,
navy_office,lord_sandwich_lincolns_inn,1664,12,7,walk,
lord_sandwich_lincolns_inn,whitehall,1664,12,7,walk,
whitehall,the_temple,1664,12,7,walk,
the_temple,home_seething_lane,1664,12,7,walk,
home_seething_lane,navy_office,1664,12,8,walk,
navy_office,home_seething_lane,1664,12,8,walk,
home_seething_lane,mr_povys_house,1664,12,9,walk,
mr_povys_house,home_seething_lane,1664,12,9,walk,
home_seething_lane,westminster_hall,1664,12,9,coach,
westminster_hall,home_seething_lane,1664,12,9,coach,
home_seething_lane,whitehall,1664,12,10,coach,Sir W. Batten
whitehall,royal_exchange,1664,12,10,coach,
royal_exchange,whitehall,1664,12,10,walk,
whitehall,home_seething_lane,1664,12,10,walk,
home_seething_lane,parish_church,1664,12,11,walk,
parish_church,french_church,1664,12,11,walk,
french_church,home_seething_lane,1664,12,11,walk,
home_seething_lane,whitehall,1664,12,12,coach,Sir W. Batten
whitehall,lord_sandwich_lincolns_inn,1664,12,12,walk,
lord_sandwich_lincolns_inn,home_seething_lane,1664,12,12,walk,
home_seething_lane,navy_office,1664,12,13,walk,
navy_office,royal_exchange,1664,12,13,walk,
royal_exchange,deptford,1664,12,13,boat,
deptford,home_seething_lane,1664,12,13,boat,
home_seething_lane,navy_office,1664,12,14,walk,
navy_office,royal_exchange,1664,12,14,walk,
royal_exchange,whitehall,1664,12,14,walk,
whitehall,home_seething_lane,1664,12,14,walk,
home_seething_lane,navy_office,1664,12,15,walk,
navy_office,home_seething_lane,1664,12,15,walk,
home_seething_lane,deptford,1664,12,16,boat,
deptford,home_seething_lane,1664,12,16,boat,
home_seething_lane,royal_exchange,1664,12,16,walk,
royal_exchange,whitehall,1664,12,16,walk,
whitehall,home_seething_lane,1664,12,16,walk,
home_seething_lane,navy_office,1664,12,17,walk,
navy_office,home_seething_lane,1664,12,17,walk,
home_seething_lane,parish_church,1664,12,18,walk,
parish_church,home_seething_lane,1664,12,18,walk,
home_seething_lane,whitehall,1664,12,19,coach,
whitehall,royal_exchange,1664,12,19,walk,
royal_exchange,home_seething_lane,1664,12,19,walk,
home_seething_lane,navy_office,1664,12,20,walk,
navy_office,royal_exchange,1664,12,20,walk,
royal_exchange,home_seething_lane,1664,12,20,walk,
home_seething_lane,navy_office,1664,12,21,walk,
navy_office,royal_exchange,1664,12,21,walk,
royal_exchange,whitehall,1664,12,21,walk,
whitehall,home_seething_lane,1664,12,21,walk,
home_seething_lane,navy_office,1664,12,22,walk,
navy_office,home_seething_lane,1664,12,22,walk,
home_seething_lane,navy_office,1664,12,23,walk,
navy_office,royal_exchange,1664,12,23,walk,
royal_exchange,home_seething_lane,1664,12,23,walk,
home_seething_lane,navy_office,1664,12,24,walk,
navy_office,deptford,1664,12,24,boat,
deptford,home_seething_lane,1664,12,24,boat,
home_seething_lane,parish_church,1664,12,25,walk,Elizabeth Pepys
parish_church,home_seething_lane,1664,12,25,walk,
home_seething_lane,navy_office,1664,12,26,walk,Sir W. Batten
navy_office,home_seething_lane,1664,12,26,walk,
home_seething_lane,navy_office,1664,12,27,walk,
navy_office,home_seething_lane,1664,12,27,walk,
home_seething_lane,navy_office,1664,12,28,walk,
navy_office,whitehall,1664,12,28,walk,
whitehall,home_seething_lane,1664,12,28,walk,
home_seething_lane,navy_office,1664,12,29,walk,Sir W. Pen
navy_office,home_seething_lane,1664,12,29,walk,
home_seething_lane,navy_office,1664,12,31,walk,
navy_office,home_seething_lane,1664,12,31,walk,
home_seething_lane,whitehall,1665,1,2,coach,Sir W. Pen
whitehall,westminster_hall,1665,1,2,walk,
westminster_hall,covent_garden,1665,1,2,walk,
covent_garden,home_seething_lane,1665,1,2,coach,
home_seething_lane,st_james_park,1665,1,3,coach,
st_james_park,royal_exchange,1665,1,3,walk,
royal_exchange,home_seething_lane,1665,1,3,walk,
home_seething_lane,royal_exchange,1665,1,4,walk,
royal_exchange,dukes_theatre,1665,1,4,coach,Henry Moore
dukes_theatre,home_seething_lane,1665,1,4,walk,
home_seething_lane,navy_office,1665,1,5,coach,
navy_office,home_seething_lane,1665,1,5,walk,
home_seething_lane,navy_office,1665,1,6,boat,
navy_office,home_seething_lane,1665,1,6,walk,
home_seething_lane,navy_office,1665,1,7,walk,
navy_office,home_seething_lane,1665,1,7,walk,
home_seething_lane,whitehall_chapel,1665,1,8,walk,
whitehall_chapel,lord_sandwich_lincolns_inn,1665,1,8,walk,
lord_sandwich_lincolns_inn,westminster_abbey,1665,1,8,walk,
westminster_abbey,home_seething_lane,1665,1,8,coach,
home_seething_lane,whitehall,1665,1,9,walk,
whitehall,westminster_hall,1665,1,9,walk,
westminster_hall,lord_crews_house,1665,1,9,walk,
lord_crews_house,whitehall,1665,1,9,walk,
whitehall,home_seething_lane,1665,1,9,coach,Elizabeth Pepys
home_seething_lane,navy_office,1665,1,10,coach,
navy_office,home_seething_lane,1665,1,10,walk,
home_seething_lane,navy_office,1665,1,11,walk,
navy_office,royal_exchange,1665,1,11,walk,
royal_exchange,gresham_college,1665,1,11,walk,
gresham_college,home_seething_lane,1665,1,11,walk,
home_seething_lane,navy_office,1665,1,12,coach,
navy_office,westminster_hall,1665,1,12,walk,
westminster_hall,royal_exchange,1665,1,12,walk,
royal_exchange,home_seething_lane,1665,1,12,walk,
home_seething_lane,lord_bellasses_lodgings,1665,1,13,walk,
lord_bellasses_lodgings,royal_exchange,1665,1,13,walk,
royal_exchange,kings_playhouse,1665,1,13,walk,
kings_playhouse,home_seething_lane,1665,1,13,walk,
home_seething_lane,whitehall,1665,1,14,walk,
whitehall,royal_exchange,1665,1,14,walk,
royal_exchange,kings_playhouse,1665,1,14,coach,Elizabeth Pepys
kings_playhouse,home_seething_lane,1665,1,14,coach,Sir W. Pen
home_seething_lane,parish_church,1665,1,15,walk,
parish_church,lord_chancellors,1665,1,15,coach,Sir W. Pen
lord_chancellors,home_seething_lane,1665,1,15,coach,Sir W. Pen
home_seething_lane,whitehall,1665,1,16,coach,Sir W. Batten; Sir W. Pen
whitehall,mr_povys_house,1665,1,16,walk,
mr_povys_house,lord_sandwich_lincolns_inn,1665,1,16,walk,
lord_sandwich_lincolns_inn,whitehall,1665,1,16,walk,
whitehall,home_seething_lane,1665,1,16,walk,
home_seething_lane,mr_povys_house,1665,1,17,walk,
mr_povys_house,royal_exchange,1665,1,17,walk,
royal_exchange,home_seething_lane,1665,1,17,walk,
home_seething_lane,lord_sandwich_lincolns_inn,1665,1,18,walk,
lord_sandwich_lincolns_inn,mr_povys_house,1665,1,18,walk,
mr_povys_house,home_seething_lane,1665,1,18,walk,
home_seething_lane,mr_povys_house,1665,1,19,coach,
mr_povys_house,exeter_house,1665,1,19,walk,
exeter_house,home_seething_lane,1665,1,19,coach,
home_seething_lane,navy_office,1665,1,19,walk,
navy_office,home_seething_lane,1665,1,19,walk,
home_seething_lane,westminster_hall,1665,1,20,walk,
westminster_hall,lord_sandwich_lincolns_inn,1665,1,20,walk,
lord_sandwich_lincolns_inn,new_exchange,1665,1,20,coach,Elizabeth Pepys
new_exchange,home_seething_lane,1665,1,20,coach,
home_seething_lane,navy_office,1665,1,21,walk,Sir J. Minnes
navy_office,mr_povys_house,1665,1,21,coach,
mr_povys_house,somerset_house,1665,1,21,walk,
somerset_house,whitehall,1665,1,21,walk,
whitehall,home_seething_lane,1665,1,21,coach,
home_seething_lane,parish_church,1665,1,22,walk,
parish_church,westminster_abbey,1665,1,22,walk,
westminster_abbey,home_seething_lane,1665,1,22,coach,
home_seething_lane,whitehall,1665,1,23,coach,Sir W. Batten; Sir W. Pen
whitehall,st_james_palace,1665,1,23,walk,
st_james_palace,royal_exchange,1665,1,23,walk,
royal_exchange,home_seething_lane,1665,1,23,walk,
home_seething_lane,westminster_hall,1665,1,24,coach,
westminster_hall,royal_exchange,1665,1,24,walk,
royal_exchange,home_seething_lane,1665,1,24,walk,
home_seething_lane,navy_office,1665,1,25,walk,
navy_office,whitehall,1665,1,25,coach,
whitehall,home_seething_lane,1665,1,25,walk,
home_seething_lane,navy_office,1665,1,26,walk,
navy_office,home_seething_lane,1665,1,26,walk,
home_seething_lane,royal_exchange,1665,1,27,boat,
royal_exchange,mr_povys_house,1665,1,27,walk,
mr_povys_house,whitehall,1665,1,27,coach,
whitehall,home_seething_lane,1665,1,27,coach,
home_seething_lane,navy_office,1665,1,28,walk,
navy_office,pauls_churchyard,1665,1,28,walk,
pauls_churchyard,home_seething_lane,1665,1,28,walk,
home_seething_lane,parish_church,1665,1,29,walk,
parish_church,home_seething_lane,1665,1,29,walk,
home_seething_lane,westminster_hall,1665,1,31,coach,Sir W. Batten
westminster_hall,royal_exchange,1665,1,31,coach,Sir W. Batten
royal_exchange,home_seething_lane,1665,1,31,walk,
home_seething_lane,navy_office,1665,2,2,walk,
navy_office,royal_exchange,1665,2,2,walk,
royal_exchange,home_seething_lane,1665,2,2,walk,
home_seething_lane,lord_bellasses_lodgings,1665,2,3,walk,
lord_bellasses_lodgings,mr_povys_house,1665,2,3,walk,
mr_povys_house,royal_exchange,1665,2,3,walk,
royal_exchange,uncle_wight_house,1665,2,3,walk,
uncle_wight_house,lord_sandwich_lincolns_inn,1665,2,3,coach,
lord_sandwich_lincolns_inn,home_seething_lane,1665,2,3,coach,
home_seething_lane,navy_office,1665,2,4,walk,
navy_office,home_seething_lane,1665,2,4,walk,
home_seething_lane,st_james_palace,1665,2,6,coach,Sir J. Minnes; Sir W. Pen
st_james_palace,whitehall,1665,2,6,walk,
whitehall,westminster_hall,1665,2,6,walk,
westminster_hall,royal_exchange,1665,2,6,walk,
royal_exchange,home_seething_lane,1665,2,6,walk,
home_seething_lane,navy_office,1665,2,7,walk,
navy_office,home_seething_lane,1665,2,7,walk,
home_seething_lane,whitehall,1665,2,8,coach,
whitehall,home_seething_lane,1665,2,8,coach,
home_seething_lane,navy_office,1665,2,9,walk,
navy_office,home_seething_lane,1665,2,9,walk,
home_seething_lane,pauls_churchyard,1665,2,10,walk,
pauls_churchyard,westminster_hall,1665,2,10,coach,
westminster_hall,home_seething_lane,1665,2,10,walk,
home_seething_lane,navy_office,1665,2,11,walk,
navy_office,royal_exchange,1665,2,11,coach,
royal_exchange,home_seething_lane,1665,2,11,walk,
home_seething_lane,st_lawrence_church,1665,2,12,walk,
st_lawrence_church,home_seething_lane,1665,2,12,walk,
home_seething_lane,st_james_palace,1665,2,13,walk,
st_james_palace,westminster_hall,1665,2,13,walk,
westminster_hall,limehouse,1665,2,13,boat,
limehouse,home_seething_lane,1665,2,13,walk,
home_seething_lane,navy_office,1665,2,14,walk,
navy_office,westminster_hall,1665,2,14,coach,
westminster_hall,royal_exchange,1665,2,14,walk,
royal_exchange,home_seething_lane,1665,2,14,walk,
home_seething_lane,navy_office,1665,2,15,walk,
navy_office,trinity_house,1665,2,15,walk,John Creed
trinity_house,gresham_college,1665,2,15,walk,
gresham_college,home_seething_lane,1665,2,15,walk,
home_seething_lane,navy_office,1665,2,16,walk,
navy_office,whitehall,1665,2,16,walk,
whitehall,royal_exchange,1665,2,16,walk,
royal_exchange,home_seething_lane,1665,2,16,walk,
home_seething_lane,mr_povys_house,1665,2,17,coach,
mr_povys_house,home_seething_lane,1665,2,17,walk,
home_seething_lane,navy_office,1665,2,18,coach,Sir W. Batten
navy_office,royal_exchange,1665,2,18,walk,
royal_exchange,ratcliffe,1665,2,18,walk,
ratcliffe,home_seething_lane,1665,2,18,walk,
home_seething_lane,st_james_palace,1665,2,20,coach,Sir J. Minnes
st_james_palace,westminster_hall,1665,2,20,walk,
westminster_hall,royal_exchange,1665,2,20,walk,
royal_exchange,deptford,1665,2,20,boat,
deptford,redriffe,1665,2,20,walk,
redriffe,home_seething_lane,1665,2,20,walk,
home_seething_lane,navy_office,1665,2,21,walk,Sir J. Minnes
navy_office,royal_exchange,1665,2,21,walk,
royal_exchange,lord_sandwich_lincolns_inn,1665,2,21,coach,
lord_sandwich_lincolns_inn,home_seething_lane,1665,2,21,coach,
home_seething_lane,navy_office,1665,2,22,coach,Elizabeth Pepys
navy_office,royal_exchange,1665,2,22,walk,
royal_exchange,gresham_college,1665,2,22,walk,
gresham_college,home_seething_lane,1665,2,22,walk,
home_seething_lane,navy_office,1665,2,23,walk,
navy_office,royal_exchange,1665,2,23,walk,
royal_exchange,home_seething_lane,1665,2,23,walk,
home_seething_lane,navy_office,1665,2,24,coach,
navy_office,home_seething_lane,1665,2,24,walk,
home_seething_lane,navy_office,1665,2,25,walk,
navy_office,royal_exchange,1665,2,25,walk,
royal_exchange,home_seething_lane,1665,2,25,walk,
home_seething_lane,parish_church,1665,2,26,walk,
parish_church,home_seething_lane,1665,2,26,walk,
home_seething_lane,st_james_palace,1665,2,27,walk,
st_james_palace,royal_exchange,1665,2,27,walk,
royal_exchange,whitehall,1665,2,27,coach,Elizabeth Pepys; Sir J. Minnes
whitehall,st_james_park,1665,2,27,walk,Mr. Coventry
st_james_park,ratcliffe,1665,2,27,coach,
ratcliffe,home_seething_lane,1665,2,27,walk,
home_seething_lane,navy_office,1665,2,28,boat,
navy_office,home_seething_lane,1665,2,28,walk,
home_seething_lane,navy_office,1665,3,2,walk,
navy_office,home_seething_lane,1665,3,2,walk,
home_seething_lane,royal_exchange,1665,3,3,walk,
royal_exchange,home_seething_lane,1665,3,3,walk,
home_seething_lane,ratcliffe,1665,3,4,walk,
ratcliffe,navy_office,1665,3,4,walk,
navy_office,home_seething_lane,1665,3,4,walk,
home_seething_lane,lord_sandwich_lincolns_inn,1665,3,5,coach,
lord_sandwich_lincolns_inn,home_seething_lane,1665,3,5,coach,
home_seething_lane,st_james_palace,1665,3,6,coach,Sir J. Minnes
st_james_palace,home_seething_lane,1665,3,6,walk,
home_seething_lane,navy_office,1665,3,7,walk,
navy_office,home_seething_lane,1665,3,7,walk,
home_seething_lane,navy_office,1665,3,8,walk,
navy_office,royal_exchange,1665,3,8,walk,
royal_exchange,gresham_college,1665,3,8,walk,
gresham_college,home_seething_lane,1665,3,8,walk,
home_seething_lane,navy_office,1665,3,9,walk,
navy_office,new_exchange,1665,3,9,coach,Elizabeth Pepys
new_exchange,westminster_hall,1665,3,9,walk,
westminster_hall,home_seething_lane,1665,3,9,coach,Elizabeth Pepys
home_seething_lane,navy_office,1665,3,10,walk,
navy_office,royal_exchange,1665,3,10,walk,
royal_exchange,whitehall,1665,3,10,walk,
whitehall,home_seething_lane,1665,3,10,walk,
home_seething_lane,navy_office,1665,3,11,walk,
navy_office,home_seething_lane,1665,3,11,walk,
home_seething_lane,lord_sandwich_lincolns_inn,1665,3,12,coach,
lord_sandwich_lincolns_inn,home_seething_lane,1665,3,12,coach,Elizabeth Pepys
home_seething_lane,st_james_palace,1665,3,13,walk,
st_james_palace,royal_exchange,1665,3,13,walk,
royal_exchange,home_seething_lane,1665,3,13,walk,
home_seething_lane,tower,1665,3,14,coach,Sir W. Batten; Sir J. Minnes
tower,home_seething_lane,1665,3,14,walk,
home_seething_lane,st_james_palace,1665,3,15,coach,Sir W. Batten
st_james_palace,royal_exchange,1665,3,15,walk,
royal_exchange,gresham_college,1665,3,15,walk,
gresham_college,home_seething_lane,1665,3,15,walk,
home_seething_lane,navy_office,1665,3,16,walk,
navy_office,home_seething_lane,1665,3,16,walk,
home_seething_lane,st_james_palace,1665,3,17,coach,Sir W. Batten
st_james_palace,whitehall,1665,3,17,walk,
whitehall,royal_exchange,1665,3,17,walk,Elizabeth Pepys
royal_exchange,whitehall,1665,3,17,walk,
whitehall,home_seething_lane,1665,3,17,boat,
home_seething_lane,navy_office,1665,3,18,coach,Sir W. Batten
navy_office,royal_exchange,1665,3,18,walk,
royal_exchange,mr_povys_house,1665,3,18,walk,
mr_povys_house,home_seething_lane,1665,3,18,walk,
home_seething_lane,mr_povys_house,1665,3,19,coach,
mr_povys_house,st_james_park,1665,3,19,walk,John Creed
st_james_park,lord_sandwich_lincolns_inn,1665,3,19,walk,
lord_sandwich_lincolns_inn,mr_povys_house,1665,3,19,walk,
mr_povys_house,hyde_park,1665,3,19,coach,
hyde_park,home_seething_lane,1665,3,19,coach,
home_seething_lane,mr_povys_house,1665,3,20,coach,
mr_povys_house,lord_sandwich_lincolns_inn,1665,3,20,walk,
lord_sandwich_lincolns_inn,st_james_palace,1665,3,20,walk,
st_james_palace,whitehall,1665,3,20,walk,
whitehall,mr_povys_house,1665,3,20,walk,
mr_povys_house,home_seething_lane,1665,3,20,walk,
home_seething_lane,navy_office,1665,3,21,coach,
navy_office,royal_exchange,1665,3,21,walk,
royal_exchange,mr_povys_house,1665,3,21,walk,
mr_povys_house,home_seething_lane,1665,3,21,walk,
home_seething_lane,mr_povys_house,1665,3,22,walk,
mr_povys_house,royal_exchange,1665,3,22,walk,
royal_exchange,gresham_college,1665,3,22,walk,
gresham_college,whitehall,1665,3,22,walk,
whitehall,st_james_palace,1665,3,22,walk,
st_james_palace,home_seething_lane,1665,3,22,coach,Sir W. Pen
home_seething_lane,lord_sandwich_lincolns_inn,1665,3,23,walk,
lord_sandwich_lincolns_inn,royal_exchange,1665,3,23,walk,
royal_exchange,westminster_hall,1665,3,23,coach,Elizabeth Pepys
westminster_hall,home_seething_lane,1665,3,23,coach,
home_seething_lane,mr_povys_house,1665,3,24,walk,
mr_povys_house,lord_sandwich_lincolns_inn,1665,3,24,walk,
lord_sandwich_lincolns_inn,home_seething_lane,1665,3,24,walk,
home_seething_lane,navy_office,1665,3,25,walk,
navy_office,home_seething_lane,1665,3,25,walk,
home_seething_lane,parish_church,1665,3,26,walk,Elizabeth Pepys
parish_church,home_seething_lane,1665,3,26,walk,
home_seething_lane,mr_povys_house,1665,3,27,walk,
mr_povys_house,whitehall,1665,3,27,walk,
whitehall,mr_povys_house,1665,3,27,walk,
mr_povys_house,lord_sandwich_lincolns_inn,1665,3,27,walk,
lord_sandwich_lincolns_inn,home_seething_lane,1665,3,27,walk,
home_seething_lane,navy_office,1665,3,28,boat,
navy_office,royal_exchange,1665,3,28,walk,
royal_exchange,home_seething_lane,1665,3,28,walk,
home_seething_lane,mr_povys_house,1665,3,29,coach,
mr_povys_house,home_seething_lane,1665,3,29,walk,
home_seething_lane,whitehall,1665,3,30,walk,
whitehall,navy_office,1665,3,30,walk,
navy_office,whitehall,1665,3,30,walk,
whitehall,home_seething_lane,1665,3,30,walk,
home_seething_lane,whitehall,1665,3,31,walk,
whitehall,lord_sandwich_lincolns_inn,1665,3,31,walk,
lord_sandwich_lincolns_inn,mr_povys_house,1665,3,31,walk,
mr_povys_house,lord_sandwich_lincolns_inn,1665,3,31,walk,
lord_sandwich_lincolns_inn,home_seething_lane,1665,3,31,coach,Elizabeth Pepys
home_seething_lane,whitehall,1665,4,3,walk,
whitehall,dukes_theatre,1665,4,3,coach,Elizabeth Pepys; John Creed
dukes_theatre,home_seething_lane,1665,4,3,walk,
home_seething_lane,navy_office,1665,4,4,walk,
navy_office,royal_exchange,1665,4,4,walk,
royal_exchange,home_seething_lane,1665,4,4,walk,
home_seething_lane,woolwich,1665,4,5,boat,
woolwich,deptford,1665,4,5,boat,
deptford,home_seething_lane,1665,4,5,boat,
home_seething_lane,hackney,1665,4,5,coach,Elizabeth Pepys; John Creed
hackney,home_seething_lane,1665,4,5,coach,
home_seething_lane,navy_office,1665,4,6,walk,
navy_office,royal_exchange,1665,4,6,walk,
royal_exchange,whitehall,1665,4,6,walk,
whitehall,royal_exchange,1665,4,6,coach,Elizabeth Pepys
royal_exchange,home_seething_lane,1665,4,6,walk,
home_seething_lane,whitehall,1665,4,7,walk,
whitehall,westminster_hall,1665,4,7,walk,
westminster_hall,whitehall,1665,4,7,walk,
whitehall,home_seething_lane,1665,4,7,walk,
home_seething_lane,navy_office,1665,4,8,walk,
navy_office,whitehall,1665,4,8,walk,
whitehall,royal_exchange,1665,4,8,walk,
royal_exchange,home_seething_lane,1665,4,8,walk,
home_seething_lane,parish_church,1665,4,9,walk,Elizabeth Pepys
parish_church,home_seething_lane,1665,4,9,walk,
home_seething_lane,whitehall,1665,4,10,walk,
whitehall,royal_exchange,1665,4,10,walk,
royal_exchange,whitehall,1665,4,10,walk,
whitehall,hyde_park,1665,4,10,coach,
hyde_park,home_seething_lane,1665,4,10,coach,
home_seething_lane,navy_office,1665,4,11,walk,
navy_office,home_seething_lane,1665,4,11,walk,
home_seething_lane,whitehall,1665,4,12,walk,
whitehall,home_seething_lane,1665,4,12,walk,
home_seething_lane,navy_office,1665,4,13,walk,
navy_office,home_seething_lane,1665,4,13,walk,
home_seething_lane,mr_povys_house,1665,4,14,walk,
mr_povys_house,whitehall,1665,4,14,walk,
whitehall,home_seething_lane,1665,4,14,coach,Elizabeth Pepys
home_seething_lane,navy_office,1665,4,15,walk,
navy_office,whitehall,1665,4,15,walk,
whitehall,home_seething_lane,1665,4,15,walk,
home_seething_lane,whitehall,1665,4,17,walk,
whitehall,royal_exchange,1665,4,17,walk,
royal_exchange,dukes_theatre,1665,4,17,coach,Elizabeth Pepys; John Creed
dukes_theatre,home_seething_lane,1665,4,17,coach,
home_seething_lane,st_james_park,1665,4,18,walk,
st_james_park,navy_office,1665,4,18,walk,
navy_office,chelsea,1665,4,18,boat,Elizabeth Pepys; Henry Moore
chelsea,whitehall,1665,4,18,boat,
whitehall,home_seething_lane,1665,4,18,coach,Elizabeth Pepys
home_seething_lane,chelsea,1665,4,19,coach,
chelsea,royal_exchange,1665,4,19,coach,
royal_exchange,trinity_house,1665,4,19,walk,
trinity_house,gresham_college,1665,4,19,walk,
gresham_college,home_seething_lane,1665,4,19,walk,
home_seething_lane,navy_office,1665,4,20,walk,
navy_office,home_seething_lane,1665,4,20,walk,
home_seething_lane,navy_office,1665,4,21,walk,
navy_office,islington,1665,4,21,coach,Elizabeth Pepys
islington,home_seething_lane,1665,4,21,coach,
home_seething_lane,navy_office,1665,4,22,walk,
navy_office,home_seething_lane,1665,4,22,walk,
home_seething_lane,whitehall_chapel,1665,4,23,coach,Elizabeth Pepys
whitehall_chapel,mr_povys_house,1665,4,23,walk,
mr_povys_house,home_seething_lane,1665,4,23,coach,
home_seething_lane,whitehall,1665,4,24,coach,Sir W. Batten
whitehall,royal_exchange,1665,4,24,walk,
royal_exchange,lord_sandwich_lincolns_inn,1665,4,24,walk,
lord_sandwich_lincolns_inn,whitehall,1665,4,24,walk,
whitehall,hyde_park,1665,4,24,coach,Elizabeth Pepys
hyde_park,knightsbridge,1665,4,24,coach,
knightsbridge,home_seething_lane,1665,4,24,coach,
home_seething_lane,navy_office,1665,4,25,walk,
navy_office,home_seething_lane,1665,4,25,walk,
home_seething_lane,mr_povys_house,1665,4,26,walk,
mr_povys_house,whitehall,1665,4,26,walk,
whitehall,lord_sandwich_lincolns_inn,1665,4,26,walk,
lord_sandwich_lincolns_inn,home_seething_lane,1665,4,26,walk,
home_seething_lane,navy_office,1665,4,27,walk,
navy_office,home_seething_lane,1665,4,27,walk,
home_seething_lane,whitehall,1665,4,28,walk,
whitehall,home_seething_lane,1665,4,28,walk,
home_seething_lane,navy_office,1665,4,29,walk,
navy_office,whitehall,1665,4,29,walk,
whitehall,home_seething_lane,1665,4,29,walk,
home_seething_lane,woolwich,1665,4,30,boat,
woolwich,deptford,1665,4,30,boat,
deptford,home_seething_lane,1665,4,30,boat,
home_seething_lane,navy_office,1665,5,2,walk,
navy_office,royal_exchange,1665,5,2,walk,Elizabeth Pepys; Sir W. Batten
royal_exchange,home_seething_lane,1665,5,2,walk,
home_seething_lane,whitehall,1665,5,3,walk,
whitehall,royal_exchange,1665,5,3,walk,
royal_exchange,gresham_college,1665,5,3,walk,
gresham_college,whitehall,1665,5,3,walk,
whitehall,home_seething_lane,1665,5,3,walk,
home_seething_lane,navy_office,1665,5,4,walk,
navy_office,home_seething_lane,1665,5,4,walk,
home_seething_lane,westminster_hall,1665,5,5,boat,
westminster_hall,woolwich,1665,5,5,boat,
woolwich,blackwall,1665,5,5,boat,
blackwall,deptford,1665,5,5,boat,
deptford,home_seething_lane,1665,5,5,walk,
home_seething_lane,navy_office,1665,5,6,walk,
navy_office,home_seething_lane,1665,5,6,walk,
home_seething_lane,parish_church,1665,5,7,walk,Elizabeth Pepys
parish_church,home_seething_lane,1665,5,7,walk,
home_seething_lane,navy_office,1665,5,8,walk,
navy_office,whitehall,1665,5,8,walk,Sir W. Batten
whitehall,royal_exchange,1665,5,8,walk,
royal_exchange,home_seething_lane,1665,5,8,walk,
home_seething_lane,navy_office,1665,5,9,walk,
navy_office,home_seething_lane,1665,5,9,walk,
home_seething_lane,whitehall,1665,5,10,walk,
whitehall,mr_povys_house,1665,5,10,walk,
mr_povys_house,royal_exchange,1665,5,10,walk,
royal_exchange,home_seething_lane,1665,5,10,walk,
home_seething_lane,navy_office,1665,5,11,walk,
navy_office,home_seething_lane,1665,5,11,walk,
home_seething_lane,exchequer,1665,5,12,boat,
exchequer,new_exchange,1665,5,12,coach,Elizabeth Pepys
new_exchange,royal_exchange,1665,5,12,walk,
royal_exchange,home_seething_lane,1665,5,12,walk,
home_seething_lane,navy_office,1665,5,13,walk,
navy_office,royal_exchange,1665,5,13,walk,
royal_exchange,home_seething_lane,1665,5,13,walk,
home_seething_lane,parish_church,1665,5,14,walk,Elizabeth Pepys
parish_church,wanstead,1665,5,14,coach,
wanstead,walthamstow,1665,5,14,coach,
walthamstow,the_hope,1665,5,14,boat,
the_hope,home_seething_lane,1665,5,14,boat,
home_seething_lane,kings_playhouse,1665,5,15,walk,
kings_playhouse,whitehall,1665,5,15,walk,
whitehall,home_seething_lane,1665,5,15,walk,
home_seething_lane,whitehall,1665,5,16,boat,
whitehall,navy_office,1665,5,16,walk,
navy_office,home_seething_lane,1665,5,16,walk,
home_seething_lane,westminster_hall,1665,5,17,walk,
westminster_hall,home_seething_lane,1665,5,17,walk,
home_seething_lane,navy_office,1665,5,17,walk,
navy_office,home_seething_lane,1665,5,17,walk,
home_seething_lane,whitehall,1665,5,18,walk,Sir J. Minnes
whitehall,navy_office,1665,5,18,coach,
navy_office,home_seething_lane,1665,5,18,walk,
home_seething_lane,whitehall,1665,5,19,walk,
whitehall,exchequer,1665,5,19,walk,
exchequer,home_seething_lane,1665,5,19,coach,
home_seething_lane,greenwich,1665,5,19,boat,Elizabeth Pepys
greenwich,home_seething_lane,1665,5,19,boat,
home_seething_lane,navy_office,1665,5,20,walk,
navy_office,home_seething_lane,1665,5,20,walk,
home_seething_lane,whitehall,1665,5,22,boat,
whitehall,deptford,1665,5,22,boat,
deptford,redriffe,1665,5,22,walk,
redriffe,trinity_house,1665,5,22,walk,
trinity_house,home_seething_lane,1665,5,22,walk,
home_seething_lane,navy_office,1665,5,23,walk,
navy_office,mr_povys_house,1665,5,23,walk,
mr_povys_house,home_seething_lane,1665,5,23,walk,
home_seething_lane,navy_office,1665,5,24,walk,William Hewer
navy_office,royal_exchange,1665,5,24,walk,
royal_exchange,home_seething_lane,1665,5,24,walk,
home_seething_lane,navy_office,1665,5,25,walk,
navy_office,home_seething_lane,1665,5,25,walk,
home_seething_lane,navy_office,1665,5,26,walk,William Hewer
navy_office,whitehall,1665,5,26,boat,
whitehall,home_seething_lane,1665,5,26,walk,
home_seething_lane,navy_office,1665,5,27,walk,
navy_office,home_seething_lane,1665,5,27,walk,
home_seething_lane,whitehall,1665,5,28,boat,
whitehall,lord_sandwich_lincolns_inn,1665,5,28,walk,
lord_sandwich_lincolns_inn,home_seething_lane,1665,5,28,walk,
home_seething_lane,whitehall,1665,5,29,coach,
whitehall,home_seething_lane,1665,5,29,walk,
home_seething_lane,greenwich,1665,5,29,boat,Elizabeth Pepys
greenwich,woolwich,1665,5,29,walk,
woolwich,home_seething_lane,1665,5,29,boat,
home_seething_lane,navy_office,1665,5,30,walk,
navy_office,royal_exchange,1665,5,30,walk,
royal_exchange,whitehall,1665,5,30,walk,
whitehall,home_seething_lane,1665,5,30,walk,
home_seething_lane,islington,1665,5,30,coach,Elizabeth Pepys
islington,home_seething_lane,1665,5,30,coach,
home_seething_lane,navy_office,1665,5,31,walk,
navy_office,westminster_hall,1665,5,31,walk,
westminster_hall,royal_exchange,1665,5,31,walk,
royal_exchange,gresham_college,1665,5,31,walk,
gresham_college,home_seething_lane,1665,5,31,walk,
home_seething_lane,whitehall,1665,6,2,walk,
whitehall,westminster_hall,1665,6,2,walk,
westminster_hall,home_seething_lane,1665,6,2,walk,
home_seething_lane,royal_exchange,1665,6,2,walk,
royal_exchange,whitehall,1665,6,2,walk,
whitehall,lord_sandwich_lincolns_inn,1665,6,2,walk,
lord_sandwich_lincolns_inn,whitehall,1665,6,2,walk,
whitehall,home_seething_lane,1665,6,2,walk,
home_seething_lane,whitehall,1665,6,3,walk,
whitehall,home_seething_lane,1665,6,3,walk,
home_seething_lane,deptford,1665,6,3,boat,
deptford,home_seething_lane,1665,6,3,boat,
home_seething_lane,whitehall,1665,6,5,walk,
whitehall,royal_exchange,1665,6,5,walk,
royal_exchange,deptford,1665,6,5,boat,John Creed
deptford,home_seething_lane,1665,6,5,boat,
home_seething_lane,navy_office,1665,6,6,walk,
navy_office,whitehall,1665,6,6,walk,
whitehall,lord_sandwich_lincolns_inn,1665,6,6,coach,
lord_sandwich_lincolns_inn,home_seething_lane,1665,6,6,coach,
home_seething_lane,navy_office,1665,6,7,walk,
navy_office,royal_exchange,1665,6,7,walk,
royal_exchange,dolphin_tavern,1665,6,7,walk,
dolphin_tavern,whitehall,1665,6,7,walk,John Creed
whitehall,new_exchange,1665,6,7,walk,
new_exchange,fox_hall,1665,6,7,boat,
fox_hall,whitehall,1665,6,7,boat,
whitehall,home_seething_lane,1665,6,7,boat,
home_seething_lane,navy_office,1665,6,8,walk,
navy_office,whitehall,1665,6,8,walk,
whitehall,home_seething_lane,1665,6,8,walk,
home_seething_lane,whitehall,1665,6,9,walk,
whitehall,home_seething_lane,1665,6,9,walk,
home_seething_lane,royal_exchange,1665,6,9,walk,
royal_exchange,home_seething_lane,1665,6,9,walk,
home_seething_lane,navy_office,1665,6,10,walk,
navy_office,home_seething_lane,1665,6,10,walk,
home_seething_lane,whitehall,1665,6,12,walk,
whitehall,westminster_hall,1665,6,12,walk,
westminster_hall,royal_exchange,1665,6,12,walk,
royal_exchange,deptford,1665,6,12,boat,
deptford,whitehall,1665,6,12,boat,
whitehall,home_seething_lane,1665,6,12,walk,
home_seething_lane,navy_office,1665,6,13,walk,
navy_office,whitehall,1665,6,13,walk,
whitehall,ilford,1665,6,13,coach,Sir J. Minnes
ilford,home_seething_lane,1665,6,13,coach,
home_seething_lane,whitehall,1665,6,14,walk,
whitehall,westminster_hall,1665,6,14,walk,John Creed
westminster_hall,home_seething_lane,1665,6,14,walk,
home_seething_lane,navy_office,1665,6,15,walk,
navy_office,royal_exchange,1665,6,15,walk,Elizabeth Pepys
royal_exchange,deptford,1665,6,15,boat,
deptford,woolwich,1665,6,15,boat,
woolwich,home_seething_lane,1665,6,15,boat,
home_seething_lane,navy_office,1665,6,16,walk,
navy_office,whitehall,1665,6,16,walk,
whitehall,home_seething_lane,1665,6,16,walk,
home_seething_lane,whitehall,1665,6,17,walk,
whitehall,mr_povys_house,1665,6,17,walk,
mr_povys_house,home_seething_lane,1665,6,17,coach,
home_seething_lane,parish_church,1665,6,18,walk,
parish_church,home_seething_lane,1665,6,18,walk,
home_seething_lane,whitehall,1665,6,19,coach,Sir W. Batten
whitehall,royal_exchange,1665,6,19,walk,
royal_exchange,greenwich,1665,6,19,boat,Sir W. Pen
greenwich,home_seething_lane,1665,6,19,boat,
home_seething_lane,navy_office,1665,6,20,walk,
navy_office,dolphin_tavern,1665,6,20,walk,
dolphin_tavern,whitehall,1665,6,20,coach,
whitehall,fox_hall,1665,6,20,boat,
fox_hall,home_seething_lane,1665,6,20,boat,
home_seething_lane,navy_office,1665,6,21,walk,
navy_office,exchequer,1665,6,21,walk,John Creed
exchequer,whitehall,1665,6,21,walk,
whitehall,home_seething_lane,1665,6,21,coach,
home_seething_lane,navy_office,1665,6,22,walk,
navy_office,home_seething_lane,1665,6,22,walk,
home_seething_lane,whitehall,1665,6,23,walk,
whitehall,royal_exchange,1665,6,23,walk,
royal_exchange,mr_povys_house,1665,6,23,walk,
mr_povys_house,fox_hall,1665,6,23,boat,John Creed
fox_hall,whitehall,1665,6,23,boat,
whitehall,home_seething_lane,1665,6,23,coach,
home_seething_lane,whitehall,1665,6,24,walk,
whitehall,home_seething_lane,1665,6,24,walk,
home_seething_lane,greenwich,1665,6,25,boat,
greenwich,whitehall,1665,6,25,boat,
whitehall,home_seething_lane,1665,6,25,boat,
home_seething_lane,whitehall,1665,6,26,walk,
whitehall,mr_povys_house,1665,6,26,walk,
mr_povys_house,royal_exchange,1665,6,26,walk,
royal_exchange,greenwich,1665,6,26,boat,
greenwich,woolwich,1665,6,26,walk,
woolwich,greenwich,1665,6,26,walk,
greenwich,home_seething_lane,1665,6,26,boat,
home_seething_lane,navy_office,1665,6,27,walk,
navy_office,home_seething_lane,1665,6,27,walk,
home_seething_lane,whitehall,1665,6,28,coach,Sir J. Minnes; Elizabeth Pepys
whitehall,pauls_churchyard,1665,6,28,boat,
pauls_churchyard,home_seething_lane,1665,6,28,walk,
home_seething_lane,whitehall,1665,6,28,coach,Sir J. Minnes
whitehall,fox_hall,1665,6,28,walk,
fox_hall,home_seething_lane,1665,6,28,coach,
home_seething_lane,whitehall,1665,6,29,boat,
whitehall,somerset_house,1665,6,29,walk,
somerset_house,navy_office,1665,6,29,coach,
navy_office,home_seething_lane,1665,6,29,walk,
home_seething_lane,whitehall,1665,6,30,walk,
whitehall,royal_exchange,1665,6,30,walk,
royal_exchange,home_seething_lane,1665,6,30,walk,
home_seething_lane,woolwich,1665,6,30,boat,Elizabeth Pepys
woolwich,greenwich,1665,6,30,walk,
greenwich,whitehall,1665,6,30,boat,
whitehall,home_seething_lane,1665,6,30,boat,
home_seething_lane,whitehall,1665,7,3,boat,Sir W. Batten; Sir J. Minnes
whitehall,home_seething_lane,1665,7,3,walk,
home_seething_lane,navy_office,1665,7,4,walk,
navy_office,royal_exchange,1665,7,4,walk,
royal_exchange,home_seething_lane,1665,7,4,walk,
home_seething_lane,navy_office,1665,7,5,walk,
navy_office,st_james_palace,1665,7,5,walk,
st_james_palace,whitehall,1665,7,5,walk,
whitehall,deptford,1665,7,5,coach,Sir G. Carteret
deptford,woolwich,1665,7,5,boat,
woolwich,greenwich,1665,7,5,walk,
greenwich,home_seething_lane,1665,7,5,boat,
home_seething_lane,navy_office,1665,7,6,walk,
navy_office,whitehall,1665,7,6,boat,
whitehall,home_seething_lane,1665,7,6,coach,
home_seething_lane,westminster_hall,1665,7,7,boat,
westminster_hall,home_seething_lane,1665,7,7,walk,
home_seething_lane,navy_office,1665,7,8,walk,
navy_office,deptford,1665,7,8,boat,
deptford,woolwich,1665,7,8,boat,
woolwich,deptford,1665,7,9,boat,Elizabeth Pepys
deptford,home_seething_lane,1665,7,9,walk,
home_seething_lane,deptford,1665,7,9,boat,
deptford,woolwich,1665,7,9,boat,Elizabeth Pepys
woolwich,whitehall,1665,7,10,boat,
whitehall,home_seething_lane,1665,7,10,walk,
home_seething_lane,hampton_court,1665,7,10,coach,
hampton_court,home_seething_lane,1665,7,10,boat,
home_seething_lane,whitehall,1665,7,11,boat,
whitehall,trinity_house,1665,7,11,walk,
trinity_house,hampstead,1665,7,11,coach,
hampstead,home_seething_lane,1665,7,11,coach,
home_seething_lane,navy_office,1665,7,12,walk,
navy_office,deptford,1665,7,12,boat,
deptford,hampton_court,1665,7,12,boat,
hampton_court,home_seething_lane,1665,7,12,boat,
home_seething_lane,navy_office,1665,7,13,walk,
navy_office,deptford,1665,7,13,boat,
deptford,woolwich,1665,7,13,boat,Elizabeth Pepys
woolwich,home_seething_lane,1665,7,13,boat,
home_seething_lane,navy_office,1665,7,14,walk,
navy_office,exchequer,1665,7,14,walk,
exchequer,royal_exchange,1665,7,14,walk,
royal_exchange,home_seething_lane,1665,7,14,walk,
home_seething_lane,deptford,1665,7,14,boat,
deptford,woolwich,1665,7,14,boat,
woolwich,home_seething_lane,1665,7,14,boat,
home_seething_lane,navy_office,1665,7,15,walk,
navy_office,deptford,1665,7,15,boat,
deptford,dagenhams,1665,7,15,coach,Mr. Philip Carteret
dagenhams,home_seething_lane,1665,7,17,coach,Mr. Philip Carteret
home_seething_lane,deptford,1665,7,17,boat,
deptford,navy_office,1665,7,18,boat,
navy_office,royal_exchange,1665,7,18,walk,
royal_exchange,the_temple,1665,7,18,walk,
the_temple,whitehall,1665,7,18,boat,
whitehall,home_seething_lane,1665,7,18,boat,
home_seething_lane,deptford,1665,7,18,boat,
deptford,woolwich,1665,7,18,boat,
woolwich,exchequer,1665,7,19,boat,
exchequer,deptford,1665,7,19,boat,
deptford,navy_office,1665,7,20,boat,
navy_office,deptford,1665,7,20,boat,
deptford,home_seething_lane,1665,7,20,walk,
home_seething_lane,whitehall,1665,7,20,walk,
whitehall,home_seething_lane,1665,7,20,walk,
home_seething_lane,navy_office,1665,7,21,walk,
navy_office,royal_exchange,1665,7,21,walk,
royal_exchange,home_seething_lane,1665,7,21,walk,
home_seething_lane,navy_office,1665,7,22,walk,
navy_office,whitehall,1665,7,22,boat,
whitehall,fox_hall,1665,7,22,boat,
fox_hall,whitehall,1665,7,22,boat,
whitehall,home_seething_lane,1665,7,22,coach,
home_seething_lane,hampton_court,1665,7,23,coach,
hampton_court,home_seething_lane,1665,7,23,boat,
home_seething_lane,deptford,1665,7,24,boat,
deptford,dagenhams,1665,7,24,coach,Sir G. Carteret; Lady Carteret
dagenhams,deptford,1665,7,25,coach,
deptford,navy_office,1665,7,25,boat,
navy_office,royal_exchange,1665,7,25,walk,
royal_exchange,whitehall,1665,7,25,coach,
whitehall,home_seething_lane,1665,7,25,walk,
home_seething_lane,deptford,1665,7,26,boat,Sir W. Batten
deptford,greenwich,1665,7,26,walk,
greenwich,woolwich,1665,7,26,boat,
woolwich,greenwich,1665,7,26,boat,
greenwich,home_seething_lane,1665,7,26,boat,
home_seething_lane,royal_exchange,1665,7,26,coach,
royal_exchange,home_seething_lane,1665,7,26,walk,
home_seething_lane,fox_hall,1665,7,27,boat,
fox_hall,hampton_court,1665,7,27,coach,
hampton_court,clapham,1665,7,27,coach,
clapham,deptford,1665,7,27,coach,Sir G. Carteret
deptford,halfway_house,1665,7,27,walk,
halfway_house,home_seething_lane,1665,7,27,walk,
home_seething_lane,deptford,1665,7,28,boat,
deptford,dagenhams,1665,7,28,coach,Lady Carteret
dagenhams,woolwich,1665,7,28,coach,
woolwich,navy_office,1665,7,29,boat,
navy_office,royal_exchange,1665,7,29,walk,
royal_exchange,home_seething_lane,1665,7,29,coach,
home_seething_lane,deptford,1665,7,31,boat,
deptford,dagenhams,1665,7,31,coach,Sir G. Carteret; Lady Carteret
dagenhams,lady_carterets_deptford,1665,8,1,coach,Sir G. Carteret; Lady Carteret
lady_carterets_deptford,navy_office,1665,8,1,walk,
navy_office,home_seething_lane,1665,8,2,walk,
home_seething_lane,navy_office,1665,8,2,walk,
navy_office,home_seething_lane,1665,8,2,walk,
home_seething_lane,lady_carterets_deptford,1665,8,3,walk,
lady_carterets_deptford,deptford_ferry,1665,8,3,horse,
deptford_ferry,dagenhams,1665,8,3,horse,
dagenhams,blockhouse_gravesend,1665,8,3,coach,Philip Carteret; Jemima Carteret
blockhouse_gravesend,gravesend,1665,8,3,boat,
gravesend,blockhouse_gravesend,1665,8,3,boat,
blockhouse_gravesend,chatham,1665,8,3,horse,Sir G. Carteret; Philip Carteret; Jemima Carteret
chatham,gravesend,1665,8,3,horse,
gravesend,chatham,1665,8,4,walk,
chatham,chatham_dock,1665,8,4,walk,Lady Slanning
chatham_dock,mr_pett_builder,1665,8,4,walk,Lady Slanning
mr_pett_builder,hill_house_chatham,1665,8,4,walk,Lady Slanning
hill_house_chatham,gravesend,1665,8,4,horse,Mr. Barrow
gravesend,blackwall,1665,8,4,boat,
blackwall,wapping,1665,8,4,walk,Captain Bowd
wapping,navy_office,1665,8,4,walk,
navy_office,woolwich,1665,8,4,boat,
woolwich,deptford,1665,8,5,boat,
deptford,halfway_house,1665,8,5,walk,Sir W. Warren
halfway_house,redriffe,1665,8,5,walk,Sir W. Warren
redriffe,home_seething_lane,1665,8,5,walk,
home_seething_lane,colvills_goldsmith,1665,8,5,walk,
colvills_goldsmith,home_seething_lane,1665,8,5,walk,
home_seething_lane,woolwich,1665,8,6,boat,
woolwich,home_seething_lane,1665,8,7,boat,
home_seething_lane,navy_office,1665,8,8,walk,
navy_office,cockpit,1665,8,8,walk,
cockpit,westminster_hall,1665,8,8,walk,
westminster_hall,home_seething_lane,1665,8,8,walk,
home_seething_lane,navy_office,1665,8,8,walk,
navy_office,sir_w_batten_house,1665,8,8,walk,
sir_w_batten_house,navy_office,1665,8,8,walk,
navy_office,home_seething_lane,1665,8,8,walk,
home_seething_lane,navy_office,1665,8,9,walk,
navy_office,exchequer,1665,8,9,walk,
exchequer,navy_office,1665,8,9,walk,
navy_office,home_seething_lane,1665,8,9,walk,
home_seething_lane,navy_office,1665,8,10,walk,
navy_office,sir_g_smiths_house,1665,8,10,walk,Lord Bruncker; Sir J. Minnes; Sir W. Batten
sir_g_smiths_house,navy_office,1665,8,10,walk,
navy_office,home_seething_lane,1665,8,10,walk,
home_seething_lane,exchequer,1665,8,11,walk,
exchequer,home_seething_lane,1665,8,11,walk,
home_seething_lane,lady_carterets_deptford,1665,8,12,boat,
lady_carterets_deptford,greenwich,1665,8,12,boat,
greenwich,lady_carterets_deptford,1665,8,12,boat,
lady_carterets_deptford,bagwells_house,1665,8,12,walk,
bagwells_house,home_seething_lane,1665,8,12,walk,
home_seething_lane,navy_office,1665,8,12,walk,
navy_office,home_seething_lane,1665,8,12,walk,
home_seething_lane,lady_carterets_deptford,1665,8,14,boat,
lady_carterets_deptford,sir_j_minnes_greenwich,1665,8,14,walk,
sir_j_minnes_greenwich,deptford_ferry,1665,8,14,boat,Lord Bruncker
deptford_ferry,sir_w_battens_greenwich,1665,8,14,coach,Lord Bruncker; Sir W. Batten
sir_w_battens_greenwich,woolwich,1665,8,14,boat,
woolwich,captain_cockes_house,1665,8,15,walk,
captain_cockes_house,lady_carterets_deptford,1665,8,15,walk,
lady_carterets_deptford,sir_j_minnes_greenwich,1665,8,15,walk,Sir G. Carteret
sir_j_minnes_greenwich,captain_cockes_house,1665,8,15,walk,
captain_cockes_house,cockpit,1665,8,15,boat,
cockpit,home_seething_lane,1665,8,15,walk,
home_seething_lane,navy_office,1665,8,16,walk,
navy_office,royal_exchange,1665,8,16,walk,
royal_exchange,sir_g_smiths_house,1665,8,16,walk,Mr. Fenn
sir_g_smiths_house,royal_exchange,1665,8,16,walk,
royal_exchange,home_seething_lane,1665,8,16,walk,
home_seething_lane,navy_office,1665,8,17,walk,
navy_office,sir_w_batten_house,1665,8,17,walk,
sir_w_batten_house,greenwich,1665,8,17,boat,Sir W. Batten; Sir J. Minnes; Lord Bruncker
greenwich,gravesend,1665,8,17,boat,Sir W. Batten; Sir J. Minnes; Lord Bruncker
gravesend,ship_sovereign_nore,1665,8,18,boat,Sir W. Batten; Sir J. Minnes; Lord Bruncker
ship_sovereign_nore,sheerness,1665,8,18,boat,Sir W. Batten; Sir J. Minnes; Lord Bruncker
sheerness,chatham,1665,8,18,boat,Sir W. Batten; Sir J. Minnes; Lord Bruncker; Commissioner Pett
chatham,hill_house_chatham,1665,8,18,walk,
hill_house_chatham,gravesend,1665,8,18,coach,Commissioner Pett
gravesend,tower_dock,1665,8,18,boat,
tower_dock,home_seething_lane,1665,8,18,walk,
home_seething_lane,cockpit,1665,8,19,boat,
cockpit,home_seething_lane,1665,8,19,boat,
home_seething_lane,post_house_charing_cross,1665,8,19,boat,
post_house_charing_cross,hounslow,1665,8,19,horse,
hounslow,staines,1665,8,19,horse,
staines,cranborne,1665,8,19,horse,
cranborne,staines,1665,8,20,horse,
staines,povy_house_brentford,1665,8,20,horse,
povy_house_brentford,brentford_church,1665,8,20,walk,
brentford_church,brentford_inn,1665,8,20,walk,
brentford_inn,queenhithe,1665,8,20,boat,
queenhithe,home_seething_lane,1665,8,20,walk,
home_seething_lane,cockpit,1665,8,21,walk,
cockpit,navy_office,1665,8,21,walk,Sir W. Batten
navy_office,sir_w_batten_house,1665,8,21,walk,
sir_w_batten_house,sir_w_warrens_yard,1665,8,21,boat,
sir_w_warrens_yard,lord_brunckers_greenwich,1665,8,21,boat,
lord_brunckers_greenwich,sir_j_minnes_greenwich,1665,8,21,walk,
sir_j_minnes_greenwich,woolwich,1665,8,21,walk,
woolwich,greenwich,1665,8,22,walk,
greenwich,kings_house_greenwich,1665,8,22,walk,Lord Bruncker; Sir J. Minnes
kings_house_greenwich,deptford,1665,8,22,walk,
deptford,globe_deptford,1665,8,22,walk,Mr. Andrews
globe_deptford,deptford,1665,8,22,walk,
deptford,bagwells_house,1665,8,22,walk,
bagwells_house,redriffe,1665,8,22,walk,
redriffe,home_seething_lane,1665,8,22,boat,
home_seething_lane,navy_office,1665,8,24,walk,
navy_office,sir_j_minnes_greenwich,1665,8,24,boat,
sir_j_minnes_greenwich,kings_house_greenwich,1665,8,24,walk,Sir J. Minnes; Lord Bruncker
kings_house_greenwich,home_seething_lane,1665,8,24,boat,
home_seething_lane,navy_office,1665,8,25,walk,
navy_office,home_seething_lane,1665,8,25,walk,
home_seething_lane,navy_office_greenwich,1665,8,26,boat,
navy_office_greenwich,lord_brunckers_greenwich,1665,8,26,walk,Mr. Andrews; Mr. Yeabsly
lord_brunckers_greenwich,deptford,1665,8,26,boat,
deptford,globe_deptford,1665,8,26,walk,Mr. Andrews
globe_deptford,bagwells_house,1665,8,26,walk,
bagwells_house,redriffe,1665,8,26,walk,
redriffe,home_seething_lane,1665,8,26,boat,
home_seething_lane,colvills_goldsmith,1665,8,28,walk,
colvills_goldsmith,royal_exchange,1665,8,28,walk,
royal_exchange,home_seething_lane,1665,8,28,walk,
home_seething_lane,woolwich,1665,8,28,boat,
woolwich,greenwich,1665,8,29,coach,Commissioner Pett
greenwich,navy_office_greenwich,1665,8,29,walk,
navy_office_greenwich,sir_j_minnes_greenwich,1665,8,29,walk,
sir_j_minnes_greenwich,deptford,1665,8,29,walk,
deptford,redriffe,1665,8,29,walk,
redriffe,home_seething_lane,1665,8,29,walk,
home_seething_lane,sir_r_viners,1665,8,30,walk,
sir_r_viners,moorfields,1665,8,30,walk,
moorfields,sir_r_viners,1665,8,30,walk,
sir_r_viners,home_seething_lane,1665,8,30,walk,
home_seething_lane,navy_office_greenwich,1665,8,31,boat,
navy_office_greenwich,sir_w_boreman_house,1665,8,31,walk,Sir W. Boreman; Lord Bruncker; Sir J. Minnes
sir_w_boreman_house,navy_office_greenwich,1665,8,31,walk,
navy_office_greenwich,woolwich,1665,8,31,boat,
woolwich,woolwich_rope_yard,1665,9,1,walk,
woolwich_rope_yard,mr_sheldens_house,1665,9,1,walk,
mr_sheldens_house,greenwich,1665,9,1,boat,Captain Cocke
greenwich,home_seething_lane,1665,9,1,boat,
home_seething_lane,cockpit,1665,9,1,boat,
cockpit,home_seething_lane,1665,9,1,boat,
home_seething_lane,woolwich,1665,9,2,boat,Sir J. Minnes
woolwich,navy_office_greenwich,1665,9,2,walk,
navy_office_greenwich,sir_j_minnes_greenwich,1665,9,2,walk,
sir_j_minnes_greenwich,deptford,1665,9,2,boat,
deptford,greenwich,1665,9,2,boat,
greenwich,woolwich,1665,9,2,boat,
woolwich,woolwich_church,1665,9,3,walk,Mr. Hill
woolwich_church,woolwich,1665,9,3,walk,
woolwich,greenwich,1665,9,3,boat,
greenwich,greenwich_church,1665,9,3,walk,
greenwich_church,greenwich_vestry,1665,9,3,walk,Lord Bruncker; Sir J. Minnes
greenwich_vestry,captain_cockes_house,1665,9,3,walk,Lord Bruncker
captain_cockes_house,woolwich,1665,9,3,boat,
woolwich,sir_j_minnes_greenwich,1665,9,4,boat,
sir_j_minnes_greenwich,greenwich_park,1665,9,4,walk,Lord Bruncker; Mr. Hammond; Mr. Turner
greenwich_park,sir_j_minnes_greenwich,1665,9,4,walk,
sir_j_minnes_greenwich,woolwich,1665,9,4,walk,
woolwich,navy_office_greenwich,1665,9,5,walk,
navy_office_greenwich,lord_brunckers_greenwich,1665,9,5,walk,Lord Bruncker
lord_brunckers_greenwich,greenwich_park,1665,9,5,coach,Colonel Blunt
greenwich_park,lord_brunckers_greenwich,1665,9,5,coach,Colonel Blunt
lord_brunckers_greenwich,navy_office_greenwich,1665,9,5,coach,
navy_office_greenwich,woolwich,1665,9,5,walk,
woolwich,home_seething_lane,1665,9,6,boat,
home_seething_lane,cockpit,1665,9,6,boat,
cockpit,woolwich,1665,9,6,boat,
woolwich,tower,1665,9,7,boat,
tower,brentford,1665,9,7,boat,
brentford,swakely_viners,1665,9,7,coach,Mr. Povy
swakely_viners,brentford,1665,9,7,coach,Mr. Povy
brentford,woolwich,1665,9,7,boat,
woolwich,navy_office_greenwich,1665,9,9,walk,
navy_office_greenwich,lord_brunckers_greenwich,1665,9,9,walk,
lord_brunckers_greenwich,navy_office_greenwich,1665,9,9,walk,
navy_office_greenwich,captain_cockes_house,1665,9,9,walk,
captain_cockes_house,woolwich,1665,9,10,walk,
woolwich,greenwich,1665,9,10,walk,Mr. Andrews
greenwich,captain_cockes_house,1665,9,10,walk,
captain_cockes_house,navy_office_greenwich,1665,9,11,walk,
navy_office_greenwich,deptford_ferry,1665,9,11,boat,Lord Bruncker; Sir J. Minnes; Sir W. Doyly
deptford_ferry,sir_w_batten_country,1665,9,11,coach,Lord Bruncker; Sir J. Minnes; Sir W. Doyly; Sir W. Batten
sir_w_batten_country,greenwich,1665,9,11,coach,Lord Bruncker; Sir J. Minnes; Sir W. Doyly
greenwich,woolwich,1665,9,11,boat,
woolwich,navy_office_greenwich,1665,9,12,walk,
navy_office_greenwich,sir_j_minnes_greenwich,1665,9,12,walk,
sir_j_minnes_greenwich,navy_office_greenwich,1665,9,12,walk,
navy_office_greenwich,woolwich,1665,9,12,walk,
woolwich,captain_cockes_house,1665,9,13,walk,
captain_cockes_house,sir_w_hickes_house,1665,9,13,coach,Lord Bruncker; Sir J. Minnes; Lady Batten; Sir W. Batten
sir_w_hickes_house,greenwich,1665,9,13,coach,William Penn
greenwich,woolwich,1665,9,13,coach,William Penn; Mrs. Barbara Penn
woolwich,navy_office_greenwich,1665,9,14,walk,
navy_office_greenwich,cockpit,1665,9,14,boat,
cockpit,bear_bridge_foot,1665,9,14,walk,
bear_bridge_foot,royal_exchange,1665,9,14,walk,
royal_exchange,sir_r_viners,1665,9,14,walk,
sir_r_viners,home_seething_lane,1665,9,14,walk,
home_seething_lane,navy_office,1665,9,14,walk,
navy_office,woolwich,1665,9,14,boat,
woolwich,navy_office_greenwich,1665,9,15,boat,
navy_office_greenwich,deptford,1665,9,15,boat,
deptford,navy_office_greenwich,1665,9,15,boat,
navy_office_greenwich,captain_cockes_house,1665,9,15,walk,
captain_cockes_house,woolwich,1665,9,15,boat,
woolwich,navy_office_greenwich,1665,9,16,walk,
navy_office_greenwich,lord_brunckers_greenwich,1665,9,16,walk,
lord_brunckers_greenwich,navy_office_greenwich,1665,9,16,walk,
navy_office_greenwich,captain_cockes_house,1665,9,16,walk,
captain_cockes_house,lord_brunckers_greenwich,1665,9,16,walk,
lord_brunckers_greenwich,captain_cockes_house,1665,9,16,walk,
captain_cockes_house,greenwich_church,1665,9,17,walk,Captain Cocke
greenwich_church,captain_cockes_house,1665,9,17,coach,Captain Cocke
captain_cockes_house,woolwich,1665,9,17,walk,
woolwich,gravesend,1665,9,17,boat,Lord Bruncker; Captain Cocke
gravesend,ship_prince,1665,9,18,boat,Lord Bruncker; Captain Cocke
ship_prince,chatham,1665,9,18,boat,Lord Bruncker; Captain Cocke
chatham,commissioner_petts_house,1665,9,18,walk,Lord Bruncker; Captain Cocke
commissioner_petts_house,greenwich,1665,9,18,coach,Lord Bruncker; Captain Cocke
greenwich,captain_cockes_house,1665,9,19,walk,Captain Cocke
captain_cockes_house,navy_office_greenwich,1665,9,19,walk,
navy_office_greenwich,lord_brunckers_greenwich,1665,9,19,walk,
lord_brunckers_greenwich,navy_office_greenwich,1665,9,19,walk,
navy_office_greenwich,sir_j_minnes_greenwich,1665,9,19,walk,
sir_j_minnes_greenwich,mr_glanvills_house,1665,9,19,walk,
mr_glanvills_house,sir_j_minnes_greenwich,1665,9,20,walk,
sir_j_minnes_greenwich,lambeth,1665,9,20,coach,Lord Bruncker; Sir J. Minnes; Sir W. Batten
lambeth,cockpit,1665,9,20,walk,
cockpit,lord_brunckers_greenwich,1665,9,20,coach,Lord Bruncker
lord_brunckers_greenwich,navy_office_greenwich,1665,9,20,walk,
navy_office_greenwich,sir_j_minnes_greenwich,1665,9,20,walk,
sir_j_minnes_greenwich,mr_glanvills_house,1665,9,20,walk,
mr_glanvills_house,nonesuch_palace,1665,9,21,coach,William Hewer
nonesuch_palace,ewell_yowell,1665,9,21,walk,Mr. Spicer; Mr. Falconbridge
ewell_yowell,nonesuch_palace,1665,9,21,walk,
nonesuch_palace,lord_brunckers_greenwich,1665,9,21,coach,William Hewer
lord_brunckers_greenwich,mr_glanvills_house,1665,9,21,walk,Captain Cocke
mr_glanvills_house,navy_office_greenwich,1665,9,22,walk,
navy_office_greenwich,blackwall,1665,9,22,boat,Lord Bruncker; Sir J. Minnes
blackwall,lord_brunckers_greenwich,1665,9,22,boat,Lord Bruncker; Sir J. Minnes
lord_brunckers_greenwich,woolwich,1665,9,22,coach,Lord Bruncker
woolwich,sir_w_boreman_house,1665,9,22,coach,Lord Sandwich; Lord Bruncker; Captain Cocke
sir_w_boreman_house,mr_glanvills_house,1665,9,22,walk,
mr_glanvills_house,sir_w_boreman_house,1665,9,23,walk,
sir_w_boreman_house,lambeth,1665,9,23,coach,Lord Sandwich; Lord Bruncker; Mr. Evelyn
lambeth,cockpit,1665,9,23,walk,
cockpit,tower,1665,9,23,boat,Sir W. Batten
tower,home_seething_lane,1665,9,23,walk,
home_seething_lane,navy_office_greenwich,1665,9,23,boat,
navy_office_greenwich,sir_w_boreman_house,1665,9,23,walk,
sir_w_boreman_house,gravesend,1665,9,23,boat,Captain Cocke
gravesend,grays,1665,9,24,boat,Captain Cocke
grays,gravesend_whites,1665,9,24,boat,Captain Cocke
gravesend_whites,gravesend,1665,9,24,walk,Captain Cocke
gravesend,gravesend_whites,1665,9,24,walk,Captain Cocke
gravesend_whites,ship_prince,1665,9,25,boat,Captain Cocke
ship_prince,chatham,1665,9,25,boat,Captain Cocke
chatham,crown_inn_rochester,1665,9,25,walk,Captain Cocke
crown_inn_rochester,dartford,1665,9,26,horse,Captain Cocke
dartford,greenwich,1665,9,26,horse,Captain Cocke
greenwich,navy_office_greenwich,1665,9,26,walk,
navy_office_greenwich,mr_wright_house_greenwich,1665,9,26,walk,
mr_wright_house_greenwich,navy_office_greenwich,1665,9,26,walk,
navy_office_greenwich,woolwich,1665,9,26,boat,
woolwich,greenwich,1665,9,27,boat,
greenwich,kings_head_greenwich,1665,9,27,walk,John Creed; Lord Rutherford
kings_head_greenwich,captain_cockes_house,1665,9,27,walk,
captain_cockes_house,mr_evelyns_house,1665,9,27,walk,
mr_evelyns_house,lambeth,1665,9,27,coach,Mr. Evelyn
lambeth,cockpit,1665,9,27,walk,
cockpit,navy_office_greenwich,1665,9,27,coach,Mr. Evelyn
navy_office_greenwich,mr_glanvills_house,1665,9,27,walk,
mr_glanvills_house,navy_office_greenwich,1665,9,28,walk,
navy_office_greenwich,lord_brunckers_greenwich,1665,9,28,walk,
lord_brunckers_greenwich,woolwich,1665,9,28,boat,
woolwich,greenwich,1665,9,28,walk,
greenwich,navy_office_greenwich,1665,9,28,walk,
navy_office_greenwich,mr_glanvills_house,1665,9,28,walk,Captain Cocke
mr_glanvills_house,nonesuch_palace,1665,9,29,horse,Lashmore
nonesuch_palace,ewell_yowell,1665,9,29,walk,Mr. Spicer
ewell_yowell,nonesuch_palace,1665,9,29,walk,
nonesuch_palace,mr_glanvills_house,1665,9,29,horse,Lashmore
mr_glanvills_house,navy_office_greenwich,1665,9,30,walk,
navy_office_greenwich,col_cleggat_house,1665,9,30,walk,Sir W. Batten
col_cleggat_house,navy_office_greenwich,1665,9,30,walk,
navy_office_greenwich,captain_cockes_house,1665,9,30,walk,
captain_cockes_house,woolwich,1665,9,30,boat,Captain Cocke
woolwich,gravesend,1665,10,1,walk,
gravesend,ship_prince,1665,10,1,boat,Captain Cocke; Mr. Temple
ship_prince,gillingham,1665,10,2,boat,Captain Cocke; Commissioner Pett
gillingham,chatham,1665,10,2,walk,Captain Cocke; Commissioner Pett
chatham,hill_house_chatham,1665,10,2,walk,Captain Cocke; Commissioner Pett
hill_house_chatham,rochester,1665,10,2,walk,Captain Cocke
rochester,rochester_castle,1665,10,2,walk,
rochester_castle,rochester_cathedral,1665,10,2,walk,
rochester_cathedral,crown_inn_rochester,1665,10,2,walk,
crown_inn_rochester,gravesend,1665,10,2,horse,Captain Cocke
gravesend,erith_east_indiaman,1665,10,2,boat,
erith_east_indiaman,woolwich,1665,10,2,boat,
woolwich,navy_office_greenwich,1665,10,3,walk,Mr. Woolly
navy_office_greenwich,kings_head_greenwich,1665,10,3,walk,Lord Rutherford; Elizabeth Pepys; John Creed
kings_head_greenwich,navy_office_greenwich,1665,10,3,walk,
navy_office_greenwich,mrs_pierce_house,1665,10,3,walk,
mrs_pierce_house,kings_head_greenwich,1665,10,3,walk,Elizabeth Pepys; Mercer
kings_head_greenwich,mr_glanvills_house,1665,10,3,walk,
mr_glanvills_house,navy_office_greenwich,1665,10,4,walk,
navy_office_greenwich,kings_head_greenwich,1665,10,4,walk,Mr. Andrews; Mr. Gawden; John Creed; Elizabeth Pepys
kings_head_greenwich,navy_office_greenwich,1665,10,4,walk,
navy_office_greenwich,mr_glanvills_house,1665,10,4,walk,
mr_glanvills_house,navy_office_greenwich,1665,10,5,walk,
navy_office_greenwich,cockpit,1665,10,5,boat,
cockpit,swan_westminster,1665,10,5,walk,
swan_westminster,deptford,1665,10,5,boat,
deptford,mr_evelyns_house,1665,10,5,walk,
mr_evelyns_house,navy_office_greenwich,1665,10,5,coach,Mr. Evelyn
navy_office_greenwich,mr_glanvills_house,1665,10,5,walk,
mr_glanvills_house,navy_office_greenwich,1665,10,6,walk,
navy_office_greenwich,lambeth,1665,10,6,coach,Mr. Gawden
lambeth,cockpit,1665,10,6,walk,
cockpit,navy_office_greenwich,1665,10,6,coach,Mr. Gawden
navy_office_greenwich,kings_head_greenwich,1665,10,6,walk,Mr. Woolly
kings_head_greenwich,navy_office_greenwich,1665,10,6,walk,
navy_office_greenwich,mrs_clerkes_lodging,1665,10,6,walk,
mrs_clerkes_lodging,navy_office_greenwich,1665,10,8,walk,
navy_office_greenwich,captain_cockes_house,1665,10,8,walk,
captain_cockes_house,navy_office_greenwich,1665,10,8,walk,
navy_office_greenwich,mrs_clerkes_lodging,1665,10,8,walk,
mrs_clerkes_lodging,cockpit,1665,10,9,walk,
cockpit,navy_office,1665,10,9,boat,
navy_office,navy_office_greenwich,1665,10,9,boat,
navy_office_greenwich,tookers_lodging,1665,10,9,walk,
tookers_lodging,navy_office_greenwich,1665,10,9,walk,
navy_office_greenwich,mrs_clerkes_lodging,1665,10,9,walk,
mrs_clerkes_lodging,navy_office_greenwich,1665,10,10,walk,
navy_office_greenwich,lambeth,1665,10,10,coach,Captain Cocke
lambeth,cockpit,1665,10,10,walk,
cockpit,navy_office_greenwich,1665,10,10,coach,Captain Cocke
navy_office_greenwich,mrs_clerkes_lodging,1665,10,10,walk,
mrs_clerkes_lodging,captain_cockes_house,1665,10,11,walk,
captain_cockes_house,erith,1665,10,11,boat,Captain Cocke
erith,woolwich,1665,10,11,boat,
woolwich,erith_east_indiaman,1665,10,12,boat,
erith_east_indiaman,woolwich,1665,10,12,boat,
woolwich,captain_cockes_house,1665,10,12,coach,
captain_cockes_house,navy_office_greenwich,1665,10,12,walk,
navy_office_greenwich,mrs_clerkes_lodging,1665,10,12,walk,
mrs_clerkes_lodging,navy_office_greenwich,1665,10,13,walk,
navy_office_greenwich,kings_head_greenwich,1665,10,13,walk,Sir W. Warren
kings_head_greenwich,cockpit,1665,10,13,boat,
cockpit,navy_office_greenwich,1665,10,13,boat,
navy_office_greenwich,mrs_clerkes_lodging,1665,10,13,walk,
mrs_clerkes_lodging,navy_office_greenwich,1665,10,14,walk,
navy_office_greenwich,sheriffe_hookers,1665,10,14,walk,
sheriffe_hookers,navy_office_greenwich,1665,10,14,walk,
navy_office_greenwich,mrs_clerkes_lodging,1665,10,14,walk,
mrs_clerkes_lodging,povy_house_brentford,1665,10,15,coach,Mr. Povy
povy_house_brentford,swakely_viners,1665,10,15,coach,Mr. Povy
swakely_viners,povy_house_brentford,1665,10,15,coach,Mr. Povy
povy_house_brentford,syon_house,1665,10,16,walk,Mr. Povy
syon_house,tower,1665,10,16,boat,
tower,lombard_street,1665,10,16,walk,
lombard_street,royal_exchange,1665,10,16,walk,
royal_exchange,tower,1665,10,16,walk,
tower,navy_office,1665,10,16,walk,
navy_office,colvills_goldsmith,1665,10,16,walk,
colvills_goldsmith,tower,1665,10,16,walk,
tower,still_yard,1665,10,16,boat,Captain Cocke
still_yard,navy_office_greenwich,1665,10,16,boat,Captain Cocke
navy_office_greenwich,mrs_clerkes_lodging,1665,10,16,walk,
mrs_clerkes_lodging,navy_office_greenwich,1665,10,17,walk,
navy_office_greenwich,mrs_clerkes_lodging,1665,10,17,walk,
mrs_clerkes_lodging,navy_office_greenwich,1665,10,18,walk,
navy_office_greenwich,cockpit,1665,10,18,boat,
cockpit,mrs_clerkes_lodging,1665,10,18,boat,
mrs_clerkes_lodging,cockpit,1665,10,19,boat,
cockpit,navy_office_greenwich,1665,10,19,boat,
navy_office_greenwich,mrs_clerkes_lodging,1665,10,19,walk,
mrs_clerkes_lodging,captain_cockes_house,1665,10,20,walk,
captain_cockes_house,mrs_clerkes_lodging,1665,10,20,walk,
mrs_clerkes_lodging,navy_office_greenwich,1665,10,21,walk,
navy_office_greenwich,mrs_clerkes_lodging,1665,10,21,walk,
mrs_clerkes_lodging,captain_cockes_house,1665,10,22,walk,
captain_cockes_house,greenwich_church,1665,10,22,walk,
greenwich_church,lambeth,1665,10,22,coach,
lambeth,cockpit,1665,10,22,walk,
cockpit,navy_office_greenwich,1665,10,22,coach,
navy_office_greenwich,mr_glanvills_house,1665,10,22,walk,Mr. Salomon
mr_glanvills_house,woolwich,1665,10,23,boat,
woolwich,erith,1665,10,23,boat,
erith,erith_east_indiaman,1665,10,23,boat,Lord Bruncker; Sir J. Minnes; Sir W. Warren
erith_east_indiaman,navy_office_greenwich,1665,10,23,boat,Sir W. Warren
navy_office_greenwich,mrs_clerkes_lodging,1665,10,23,walk,
mrs_clerkes_lodging,navy_office_greenwich,1665,10,24,walk,
navy_office_greenwich,captain_cockes_house,1665,10,24,walk,Mr. Evelyn
captain_cockes_house,navy_office_greenwich,1665,10,24,walk,
navy_office_greenwich,sir_w_boreman_house,1665,10,24,walk,
sir_w_boreman_house,captain_cockes_house,1665,10,24,walk,Lord Sandwich; Sir W. Batten
captain_cockes_house,mrs_clerkes_lodging,1665,10,24,walk,
mrs_clerkes_lodging,sir_w_boreman_house,1665,10,25,walk,
sir_w_boreman_house,navy_office_greenwich,1665,10,25,walk,
navy_office_greenwich,mr_evelyns_house,1665,10,25,coach,Mr. Evelyn
mr_evelyns_house,mrs_clerkes_lodging,1665,10,25,coach,Mr. Evelyn
mrs_clerkes_lodging,navy_office_greenwich,1665,10,26,walk,
navy_office_greenwich,tower,1665,10,26,boat,Sir Christopher Mings
tower,royal_exchange,1665,10,26,walk,Sir Christopher Mings
royal_exchange,tower,1665,10,26,walk,
tower,tower_wharf,1665,10,26,boat,
tower_wharf,mrs_clerkes_lodging,1665,10,26,boat,Sir Christopher Mings
mrs_clerkes_lodging,navy_office_greenwich,1665,10,26,walk,
navy_office_greenwich,mrs_clerkes_lodging,1665,10,26,walk,
mrs_clerkes_lodging,navy_office,1665,10,26,walk,
navy_office,mrs_clerkes_lodging,1665,10,27,walk,Elizabeth Pepys
mrs_clerkes_lodging,captain_cockes_house,1665,10,27,walk,
captain_cockes_house,royal_exchange,1665,10,27,coach,Captain Cocke
royal_exchange,cockpit,1665,10,27,boat,
cockpit,navy_office_greenwich,1665,10,27,boat,
navy_office_greenwich,mrs_clerkes_lodging,1665,10,27,walk,
mrs_clerkes_lodging,sir_w_boreman_house,1665,10,28,walk,
sir_w_boreman_house,erith,1665,10,28,horse,Mr. Deane
erith,erith_east_indiaman,1665,10,28,boat,Lord Bruncker
erith_east_indiaman,greenwich,1665,10,28,horse,Mr. Deane
greenwich,navy_office_greenwich,1665,10,28,walk,
navy_office_greenwich,mrs_clerkes_lodging,1665,10,28,walk,
mrs_clerkes_lodging,erith_east_indiaman,1665,10,29,coach,Captain Cocke; Mr. Deane
erith_east_indiaman,woolwich,1665,10,29,coach,Captain Cocke
woolwich,mr_sheldens_house,1665,10,29,walk,
mr_sheldens_house,mrs_clerkes_lodging,1665,10,29,walk,Mr. Browne
mrs_clerkes_lodging,navy_office_greenwich,1665,10,30,walk,
navy_office_greenwich,mrs_clerkes_lodging,1665,10,30,walk,
mrs_clerkes_lodging,navy_office_greenwich,1665,10,31,walk,
navy_office_greenwich,mrs_clerkes_lodging,1665,10,31,walk,
mrs_clerkes_lodging,erith_east_indiaman,1665,11,1,boat,Mr. Hill
erith_east_indiaman,mrs_williams_erith,1665,11,1,walk,Lord Bruncker; Sir W. Batten
mrs_williams_erith,col_cleggat_house,1665,11,1,coach,Sir W. Batten
col_cleggat_house,sir_w_boreman_house,1665,11,1,walk,Sir W. Batten
sir_w_boreman_house,mrs_clerkes_lodging,1665,11,1,walk,Captain Cocke
mrs_clerkes_lodging,navy_office_greenwich,1665,11,2,walk,
navy_office_greenwich,mrs_clerkes_lodging,1665,11,2,walk,
mrs_clerkes_lodging,sir_j_minnes_greenwich,1665,11,2,walk,
sir_j_minnes_greenwich,mrs_clerkes_lodging,1665,11,2,walk,
mrs_clerkes_lodging,ship_royal_james,1665,11,3,boat,
ship_royal_james,the_hope,1665,11,3,boat,
the_hope,navy_office_greenwich,1665,11,4,boat,
navy_office_greenwich,sir_w_boreman_house,1665,11,4,walk,Sir W. Batten
sir_w_boreman_house,navy_office_greenwich,1665,11,4,walk,
navy_office_greenwich,mr_glanvills_house,1665,11,4,walk,
mr_glanvills_house,cockpit,1665,11,5,boat,
cockpit,swan_westminster,1665,11,5,walk,
swan_westminster,mr_evelyns_house,1665,11,5,boat,
mr_evelyns_house,mr_glanvills_house,1665,11,5,coach,Captain Cocke
mr_glanvills_house,navy_office_greenwich,1665,11,6,walk,
navy_office_greenwich,captain_cockes_house,1665,11,6,walk,Mr. Evelyn
captain_cockes_house,lambeth,1665,11,6,coach,Mr. Evelyn; Captain Cocke
lambeth,cockpit,1665,11,6,walk,
cockpit,captain_cockes_house,1665,11,6,boat,Sir G. Carteret; Captain Cocke
captain_cockes_house,mr_glanvills_house,1665,11,6,walk,
mr_glanvills_house,cockpit,1665,11,7,boat,Sir G. Carteret
cockpit,lambeth,1665,11,7,walk,Sir W. Batten
lambeth,sir_w_boreman_house,1665,11,7,coach,Sir W. Batten
sir_w_boreman_house,navy_office_greenwich,1665,11,7,walk,
navy_office_greenwich,mrs_clerkes_lodging,1665,11,7,walk,
mrs_clerkes_lodging,navy_office_greenwich,1665,11,8,walk,
navy_office_greenwich,kings_head_greenwich,1665,11,8,walk,Lord Rutherford
kings_head_greenwich,deptford,1665,11,8,boat,
deptford,mrs_clerkes_lodging,1665,11,8,boat,
mrs_clerkes_lodging,mrs_pierce_house,1665,11,8,walk,Lord Rutherford
mrs_pierce_house,mr_glanvills_house,1665,11,8,walk,
mr_glanvills_house,navy_office_greenwich,1665,11,9,walk,
navy_office_greenwich,king_head_deptford,1665,11,9,boat,Sir W. Batten; Sir J. Robinson
king_head_deptford,navy_office_greenwich,1665,11,9,boat,
navy_office_greenwich,mrs_clerkes_lodging,1665,11,9,walk,
mrs_clerkes_lodging,navy_office_greenwich,1665,11,10,walk,
navy_office_greenwich,mrs_clerkes_lodging,1665,11,10,walk,
mrs_clerkes_lodging,navy_office_greenwich,1665,11,11,walk,
navy_office_greenwich,mrs_clerkes_lodging,1665,11,11,walk,
mrs_clerkes_lodging,captain_cockes_house,1665,11,12,walk,
captain_cockes_house,cockpit,1665,11,12,boat,
cockpit,captain_cockes_house,1665,11,12,boat,
captain_cockes_house,mr_glanvills_house,1665,11,12,walk,Captain Cocke
mr_glanvills_house,captain_cockes_house,1665,11,12,walk,
captain_cockes_house,mrs_clerkes_lodging,1665,11,12,walk,
mrs_clerkes_lodging,navy_office_greenwich,1665,11,13,walk,
navy_office_greenwich,captain_cockes_house,1665,11,13,walk,
captain_cockes_house,mr_glanvills_house,1665,11,13,walk,Captain Cocke
mr_glanvills_house,mrs_clerkes_lodging,1665,11,13,walk,
mrs_clerkes_lodging,kent_street,1665,11,14,coach,Captain Cocke
kent_street,sir_r_viners,1665,11,14,coach,Captain Cocke
sir_r_viners,colvills_goldsmith,1665,11,14,walk,Captain Cocke
colvills_goldsmith,home_seething_lane,1665,11,14,walk,
home_seething_lane,navy_office_greenwich,1665,11,14,boat,
navy_office_greenwich,cockpit,1665,11,14,boat,
cockpit,navy_office_greenwich,1665,11,14,boat,
navy_office_greenwich,mrs_clerkes_lodging,1665,11,14,walk,
mrs_clerkes_lodging,navy_office_greenwich,1665,11,15,walk,
navy_office_greenwich,kings_head_greenwich,1665,11,15,walk,Sir W. Batten; Lady Batten
kings_head_greenwich,mr_glanvills_house,1665,11,15,walk,Sir J. Robinson; Sir G. Smith; Captain Cocke
mr_glanvills_house,mrs_clerkes_lodging,1665,11,15,walk,
mrs_clerkes_lodging,sir_w_boreman_house,1665,11,16,walk,
sir_w_boreman_house,erith,1665,11,16,horse,
erith,mrs_williams_erith,1665,11,16,walk,
mrs_williams_erith,erith_east_indiaman,1665,11,16,boat,Lord Bruncker; Sir Edmund Pooly
erith_east_indiaman,queenborough,1665,11,16,boat,
queenborough,ship_royal_james,1665,11,17,boat,
ship_royal_james,ship_charles,1665,11,17,boat,Lord Sandwich
ship_charles,ship_royal_james,1665,11,17,boat,
ship_royal_james,erith,1665,11,17,boat,
erith,mrs_williams_erith,1665,11,18,walk,
mrs_williams_erith,navy_office_greenwich,1665,11,18,horse,
navy_office_greenwich,mrs_clerkes_lodging,1665,11,18,walk,
mrs_clerkes_lodging,erith_east_indiaman,1665,11,19,boat,
erith_east_indiaman,mrs_williams_erith,1665,11,19,walk,Lord Bruncker; Captain Cocke; Sir Edmund Pooly
mrs_williams_erith,woolwich,1665,11,19,boat,
woolwich,mrs_clerkes_lodging,1665,11,19,walk,
mrs_clerkes_lodging,nonesuch_palace,1665,11,20,horse,
nonesuch_palace,ewell_yowell,1665,11,20,walk,Mr. Spicer
ewell_yowell,nonesuch_palace,1665,11,20,walk,
nonesuch_palace,mrs_clerkes_lodging,1665,11,20,horse,
mrs_clerkes_lodging,navy_office_greenwich,1665,11,21,walk,
navy_office_greenwich,mrs_clerkes_lodging,1665,11,21,walk,
mrs_clerkes_lodging,cockpit,1665,11,22,boat,
cockpit,swan_westminster,1665,11,22,walk,
swan_westminster,royal_exchange,1665,11,22,boat,
royal_exchange,navy_office_greenwich,1665,11,22,boat,
navy_office_greenwich,mrs_clerkes_lodging,1665,11,22,walk,
mrs_clerkes_lodging,greenwich_park,1665,11,23,walk,Sir H. Cholmly
greenwich_park,mrs_clerkes_lodging,1665,11,23,walk,Sir H. Cholmly
mrs_clerkes_lodging,navy_office_greenwich,1665,11,23,walk,
navy_office_greenwich,mrs_clerkes_lodging,1665,11,23,walk,
mrs_clerkes_lodging,home_seething_lane,1665,11,24,boat,
home_seething_lane,royal_exchange,1665,11,24,walk,
royal_exchange,sir_g_smiths_house,1665,11,24,walk,Sir G. Smith
sir_g_smiths_house,mr_evelyns_house,1665,11,24,walk,Captain Cocke
mr_evelyns_house,mr_glanvills_house,1665,11,24,coach,Captain Cocke
mr_glanvills_house,mrs_clerkes_lodging,1665,11,24,walk,
mrs_clerkes_lodging,navy_office_greenwich,1665,11,25,walk,
navy_office_greenwich,mrs_clerkes_lodging,1665,11,25,walk,
mrs_clerkes_lodging,erith_east_indiaman,1665,11,26,horse,Mr. Tooker
erith_east_indiaman,mrs_williams_erith,1665,11,26,walk,Sir W. Warren
mrs_williams_erith,woolwich,1665,11,26,horse,Sir W. Warren
woolwich,mr_sheldens_house,1665,11,26,walk,
mr_sheldens_house,greenwich,1665,11,26,walk,
greenwich,captain_cockes_house,1665,11,26,walk,
captain_cockes_house,mr_glanvills_house,1665,11,26,walk,
mr_glanvills_house,mrs_clerkes_lodging,1665,11,26,walk,
mrs_clerkes_lodging,lambeth,1665,11,27,walk,
lambeth,cockpit,1665,11,27,walk,
cockpit,swan_westminster,1665,11,27,walk,
swan_westminster,cockpit,1665,11,27,walk,
cockpit,st_james_park,1665,11,27,walk,Sir G. Carteret; Captain Cocke
st_james_park,sir_r_viners,1665,11,27,coach,
sir_r_viners,popes_head_tavern,1665,11,27,walk,Captain Cocke
popes_head_tavern,sir_g_smiths_house,1665,11,27,walk,Captain Cocke
sir_g_smiths_house,london_bridge,1665,11,28,coach,Captain Cocke
london_bridge,nonesuch_palace,1665,11,28,coach,Captain Cocke
nonesuch_palace,sir_r_longs_house,1665,11,28,walk,Sir G. Carteret; Captain Cocke
sir_r_longs_house,wandsworth,1665,11,28,coach,Captain Cocke
wandsworth,sir_allen_brodericks,1665,11,28,walk,Captain Cocke
sir_allen_brodericks,fox_hall,1665,11,28,walk,Captain Cocke
fox_hall,old_swan,1665,11,28,boat,Captain Cocke
old_swan,lombard_street,1665,11,28,walk,Captain Cocke
lombard_street,tower,1665,11,28,walk,Captain Cocke
tower,navy_office_greenwich,1665,11,28,boat,Captain Cocke
navy_office_greenwich,mrs_clerkes_lodging,1665,11,28,walk,
mrs_clerkes_lodging,captain_cockes_house,1665,11,29,walk,
captain_cockes_house,home_seething_lane,1665,11,29,boat,Captain Cocke
home_seething_lane,mrs_clerkes_lodging,1665,11,29,boat,Elizabeth Pepys
mrs_clerkes_lodging,navy_office_greenwich,1665,11,30,walk,
navy_office_greenwich,mrs_clerkes_lodging,1665,11,30,walk,
mrs_clerkes_lodging,navy_office_greenwich,1665,12,1,walk,
navy_office_greenwich,mrs_clerkes_lodging,1665,12,1,walk,
mrs_clerkes_lodging,navy_office_greenwich,1665,12,2,walk,
navy_office_greenwich,mrs_clerkes_lodging,1665,12,2,walk,
mrs_clerkes_lodging,greenwich_church,1665,12,3,walk,
greenwich_church,captain_cockes_house,1665,12,3,walk,
captain_cockes_house,mrs_clerkes_lodging,1665,12,3,walk,
mrs_clerkes_lodging,mrs_pierces_greenwich,1665,12,3,coach,
mrs_pierces_greenwich,captain_cockes_house,1665,12,3,coach,Mrs. Pierce
captain_cockes_house,mrs_pierces_greenwich,1665,12,3,walk,Mrs. Pierce
mrs_pierces_greenwich,mrs_clerkes_lodging,1665,12,3,walk,
mrs_clerkes_lodging,royal_exchange,1665,12,4,boat,
royal_exchange,home_seething_lane,1665,12,4,walk,
home_seething_lane,royal_exchange,1665,12,4,walk,
royal_exchange,greenwich,1665,12,4,boat,
greenwich,mrs_peningtons_house,1665,12,4,walk,
mrs_peningtons_house,mrs_clerkes_lodging,1665,12,4,walk,
mrs_clerkes_lodging,navy_office_greenwich,1665,12,5,walk,
navy_office_greenwich,deptford,1665,12,5,boat,
deptford,captain_kingdoms_house,1665,12,5,boat,Mr. Stevens
captain_kingdoms_house,east_india_house,1665,12,5,walk,Mr. Stevens
east_india_house,mrs_clerkes_lodging,1665,12,5,boat,
mrs_clerkes_lodging,cockpit,1665,12,6,boat,
cockpit,greenwich_church,1665,12,6,boat,
greenwich_church,mrs_clerkes_lodging,1665,12,6,walk,
mrs_clerkes_lodging,mrs_pierces_greenwich,1665,12,6,walk,Elizabeth Pepys; Mercer
mrs_pierces_greenwich,mrs_clerkes_lodging,1665,12,6,walk,Elizabeth Pepys; Mercer
mrs_clerkes_lodging,navy_office_greenwich,1665,12,7,walk,
navy_office_greenwich,mrs_clerkes_lodging,1665,12,7,walk,
mrs_clerkes_lodging,home_seething_lane,1665,12,8,boat,
home_seething_lane,royal_exchange,1665,12,8,walk,
royal_exchange,popes_head_tavern,1665,12,8,walk,Mr. Gawden
popes_head_tavern,cockpit,1665,12,8,boat,Mr. Gawden
cockpit,mrs_clerkes_lodging,1665,12,8,boat,
mrs_clerkes_lodging,cockpit,1665,12,9,coach,Lord Bruncker
cockpit,lambeth,1665,12,9,boat,
lambeth,mrs_clerkes_lodging,1665,12,9,coach,
mrs_clerkes_lodging,navy_office_greenwich,1665,12,9,walk,
navy_office_greenwich,mrs_clerkes_lodging,1665,12,9,walk,
mrs_clerkes_lodging,captain_cockes_house,1665,12,10,walk,Mr. Hill
captain_cockes_house,mrs_clerkes_lodging,1665,12,10,walk,Mr. Hill; Elizabeth Pepys
mrs_clerkes_lodging,royal_exchange,1665,12,11,boat,
royal_exchange,popes_head_tavern,1665,12,11,walk,Mr. Gawden
popes_head_tavern,sir_r_viners,1665,12,11,walk,
sir_r_viners,colvills_goldsmith,1665,12,11,walk,
colvills_goldsmith,popes_head_tavern,1665,12,11,walk,
popes_head_tavern,mrs_clerkes_lodging,1665,12,11,boat,Captain Cocke
mrs_clerkes_lodging,navy_office_greenwich,1665,12,12,walk,
navy_office_greenwich,mrs_clerkes_lodging,1665,12,12,walk,
mrs_clerkes_lodging,sir_g_downings_house,1665,12,12,boat,
sir_g_downings_house,navy_office_greenwich,1665,12,12,boat,
navy_office_greenwich,mrs_clerkes_lodging,1665,12,13,walk,
mrs_clerkes_lodging,lord_brunckers_greenwich,1665,12,13,walk,
lord_brunckers_greenwich,mrs_pierces_greenwich,1665,12,13,walk,
mrs_pierces_greenwich,tavern_cornhill,1665,12,13,boat,Mr. Pierce
tavern_cornhill,royal_exchange,1665,12,13,walk,
royal_exchange,sheriffe_hookers,1665,12,13,walk,
sheriffe_hookers,popes_head_tavern,1665,12,13,walk,
popes_head_tavern,cockpit,1665,12,13,coach,Sir W. Warren
cockpit,home_seething_lane,1665,12,13,coach,Sir W. Warren
home_seething_lane,lord_brunckers_greenwich,1665,12,13,boat,
lord_brunckers_greenwich,mrs_clerkes_lodging,1665,12,13,walk,
mrs_clerkes_lodging,navy_office_greenwich,1665,12,14,walk,
navy_office_greenwich,popes_head_tavern,1665,12,14,boat,
popes_head_tavern,east_india_house,1665,12,14,walk,
east_india_house,home_seething_lane,1665,12,14,walk,
home_seething_lane,mrs_clerkes_lodging,1665,12,14,boat,
mrs_clerkes_lodging,navy_office_greenwich,1665,12,15,walk,
navy_office_greenwich,lord_brunckers_greenwich,1665,12,15,walk,
lord_brunckers_greenwich,mrs_peningtons_house,1665,12,15,walk,
mrs_peningtons_house,navy_office_greenwich,1665,12,15,walk,
navy_office_greenwich,mrs_clerkes_lodging,1665,12,15,walk,
mrs_clerkes_lodging,navy_office_greenwich,1665,12,16,walk,
navy_office_greenwich,mrs_clerkes_lodging,1665,12,16,walk,Sir W. Warren
mrs_clerkes_lodging,whitehall,1665,12,16,boat,
whitehall,sir_g_downings_house,1665,12,16,walk,
sir_g_downings_house,westminster_hall,1665,12,16,walk,
westminster_hall,old_swan,1665,12,16,boat,Sir W. Warren
old_swan,billingsgate,1665,12,16,walk,Sir W. Warren
billingsgate,mrs_clerkes_lodging,1665,12,16,boat,Sir W. Warren
mrs_clerkes_lodging,isle_of_dogs,1665,12,17,boat,
isle_of_dogs,cutlers_house_hackney,1665,12,17,coach,
cutlers_house_hackney,mr_evelyns_house,1665,12,17,coach,
mr_evelyns_house,deptford_upper_town,1665,12,17,walk,Tom Pepys
deptford_upper_town,lord_brunckers_greenwich,1665,12,17,walk,
lord_brunckers_greenwich,mrs_peningtons_house,1665,12,17,walk,
mrs_peningtons_house,mrs_clerkes_lodging,1665,12,17,walk,
mrs_clerkes_lodging,halfway_house,1665,12,18,walk,
halfway_house,redriffe,1665,12,18,walk,
redriffe,home_seething_lane,1665,12,18,walk,
home_seething_lane,royal_exchange,1665,12,18,walk,
royal_exchange,st_martins,1665,12,18,walk,
st_martins,duck_lane,1665,12,18,walk,
duck_lane,royal_exchange,1665,12,18,walk,
royal_exchange,popes_head_tavern,1665,12,18,walk,Sir W. Warren
popes_head_tavern,lombard_street,1665,12,18,walk,Sir W. Warren
lombard_street,home_seething_lane,1665,12,18,walk,Sir W. Warren
home_seething_lane,redriffe,1665,12,18,boat,Sir W. Warren
redriffe,captain_cockes_house,1665,12,18,walk,
captain_cockes_house,mrs_clerkes_lodging,1665,12,18,walk,
mrs_clerkes_lodging,navy_office_greenwich,1665,12,19,walk,
navy_office_greenwich,mrs_clerkes_lodging,1665,12,19,walk,
mrs_clerkes_lodging,sir_j_minnes_greenwich,1665,12,19,walk,Tom Pepys
sir_j_minnes_greenwich,ship_bezan,1665,12,19,boat,Lord Bruncker
ship_bezan,sir_j_minnes_greenwich,1665,12,19,boat,Lord Bruncker
sir_j_minnes_greenwich,navy_office_greenwich,1665,12,19,walk,
navy_office_greenwich,mrs_clerkes_lodging,1665,12,20,walk,
mrs_clerkes_lodging,lambeth,1665,12,20,walk,
lambeth,cockpit,1665,12,20,walk,
cockpit,old_exchange,1665,12,20,coach,
old_exchange,captain_cockes_house,1665,12,20,walk,Sir Ellis Layton
captain_cockes_house,royal_exchange,1665,12,20,walk,
royal_exchange,lombard_street,1665,12,20,walk,
lombard_street,greenwich,1665,12,20,coach,Lord Bruncker
greenwich,mrs_peningtons_house,1665,12,20,walk,
mrs_peningtons_house,mrs_clerkes_lodging,1665,12,20,walk,
mrs_clerkes_lodging,navy_office_greenwich,1665,12,21,walk,
navy_office_greenwich,captain_cockes_house,1665,12,21,walk,
captain_cockes_house,navy_office_greenwich,1665,12,21,walk,
navy_office_greenwich,mrs_clerkes_lodging,1665,12,21,walk,
mrs_clerkes_lodging,lord_brunckers_greenwich,1665,12,22,walk,
lord_brunckers_greenwich,bear_greenwich,1665,12,22,walk,Mr. Hill; Mr. Houblon
bear_greenwich,lord_brunckers_greenwich,1665,12,22,walk,
lord_brunckers_greenwich,mrs_clerkes_lodging,1665,12,22,walk,
mrs_clerkes_lodging,navy_office_greenwich,1665,12,23,walk,
navy_office_greenwich,mrs_clerkes_lodging,1665,12,23,walk,
mrs_clerkes_lodging,cockpit,1665,12,24,boat,
cockpit,mrs_clerkes_lodging,1665,12,24,boat,
mrs_clerkes_lodging,greenwich_church,1665,12,24,walk,
greenwich_church,alderman_hookers_house,1665,12,24,walk,Sir W. Warren
alderman_hookers_house,lord_brunckers_greenwich,1665,12,24,walk,Lord Bruncker
lord_brunckers_greenwich,mrs_clerkes_lodging,1665,12,24,walk,
mrs_clerkes_lodging,greenwich_church,1665,12,25,walk,
greenwich_church,lord_brunckers_greenwich,1665,12,25,walk,
lord_brunckers_greenwich,mrs_clerkes_lodging,1665,12,25,walk,
mrs_clerkes_lodging,navy_office_greenwich,1665,12,26,walk,
navy_office_greenwich,mr_cuttles_house,1665,12,26,walk,Sir J. Minnes; Lord Bruncker
mr_cuttles_house,navy_office_greenwich,1665,12,26,walk,
navy_office_greenwich,captain_cockes_house,1665,12,26,walk,
captain_cockes_house,mrs_clerkes_lodging,1665,12,26,walk,
mrs_clerkes_lodging,home_seething_lane,1665,12,27,coach,Captain Cocke
home_seething_lane,royal_exchange,1665,12,27,walk,Sir W. Warren
royal_exchange,popes_head_tavern,1665,12,27,walk,Sir W. Warren
popes_head_tavern,lombard_street,1665,12,27,walk,Sir W. Warren
lombard_street,home_seething_lane,1665,12,27,walk,Sir W. Warren
home_seething_lane,redriffe,1665,12,27,boat,Sir W. Warren
redriffe,captain_cockes_house,1665,12,27,walk,
captain_cockes_house,mrs_clerkes_lodging,1665,12,27,walk,
mrs_clerkes_lodging,navy_office_greenwich,1665,12,28,walk,
navy_office_greenwich,captain_cockes_house,1665,12,28,walk,
captain_cockes_house,mrs_clerkes_lodging,1665,12,28,walk,
mrs_clerkes_lodging,navy_office_greenwich,1665,12,30,walk,
navy_office_greenwich,mrs_clerkes_lodging,1665,12,30,walk,
mrs_clerkes_lodging,cockpit,1665,12,31,boat,
cockpit,mrs_clerkes_lodging,1665,12,31,boat,
mrs_clerkes_lodging,navy_office_greenwich,1666,1,2,walk,
navy_office_greenwich,mrs_clerkes_lodging,1666,1,2,walk,
mrs_clerkes_lodging,lord_brunckers_greenwich,1666,1,2,walk,
lord_brunckers_greenwich,navy_office_greenwich,1666,1,2,walk,
navy_office_greenwich,lord_brunckers_greenwich,1666,1,2,walk,
lord_brunckers_greenwich,mrs_clerkes_lodging,1666,1,2,coach,Mrs. Knipp
mrs_clerkes_lodging,cockpit,1666,1,3,boat,
cockpit,mrs_clerkes_lodging,1666,1,3,boat,
mrs_clerkes_lodging,navy_office_greenwich,1666,1,4,walk,
navy_office_greenwich,mrs_clerkes_lodging,1666,1,4,walk,
mrs_clerkes_lodging,navy_office_greenwich,1666,1,4,walk,
navy_office_greenwich,lord_brunckers_greenwich,1666,1,4,walk,
lord_brunckers_greenwich,mrs_clerkes_lodging,1666,1,4,walk,
mrs_clerkes_lodging,navy_office,1666,1,4,walk,
navy_office,mrs_clerkes_lodging,1666,1,5,walk,
mrs_clerkes_lodging,lord_brunckers_covent_garden,1666,1,5,coach,Lord Bruncker; Mrs. Williams
lord_brunckers_covent_garden,sir_g_carterets_whitehall,1666,1,5,coach,Lord Bruncker
sir_g_carterets_whitehall,royal_exchange,1666,1,5,walk,
royal_exchange,sir_g_smiths_house,1666,1,5,walk,Mr. Povy
sir_g_smiths_house,cornhill,1666,1,5,walk,
cornhill,lord_brunckers_greenwich,1666,1,5,coach,Lord Bruncker
lord_brunckers_greenwich,mr_boremans_house,1666,1,5,walk,
mr_boremans_house,mrs_clerkes_lodging,1666,1,5,walk,
mrs_clerkes_lodging,cockpit,1666,1,6,boat,
cockpit,st_james_park,1666,1,6,walk,Sir G. Carteret
st_james_park,greenwich,1666,1,6,boat,Lord Bruncker
greenwich,mrs_clerkes_lodging,1666,1,6,walk,
mrs_clerkes_lodging,captain_cockes_house,1666,1,7,walk,
captain_cockes_house,mrs_clerkes_lodging,1666,1,7,walk,
mrs_clerkes_lodging,home_seething_lane,1666,1,7,boat,Elizabeth Pepys; Mercer
home_seething_lane,bennetts_paternoster_row,1666,1,8,coach,Elizabeth Pepys
bennetts_paternoster_row,royal_exchange,1666,1,8,coach,Elizabeth Pepys
royal_exchange,home_seething_lane,1666,1,8,coach,Elizabeth Pepys
home_seething_lane,navy_office,1666,1,9,walk,
navy_office,home_seething_lane,1666,1,9,walk,
home_seething_lane,sir_g_downings_house,1666,1,10,coach,Mr. Gawden
sir_g_downings_house,lord_brunckers_covent_garden,1666,1,10,walk,
lord_brunckers_covent_garden,royal_exchange,1666,1,10,walk,
royal_exchange,home_seething_lane,1666,1,10,walk,
home_seething_lane,cockpit,1666,1,10,coach,Sir W. Warren
cockpit,navy_office,1666,1,10,coach,Sir W. Warren
navy_office,home_seething_lane,1666,1,10,walk,
home_seething_lane,navy_office,1666,1,11,walk,
navy_office,custom_house,1666,1,11,walk,
custom_house,navy_office,1666,1,11,walk,
navy_office,sir_w_pen_house,1666,1,11,walk,
sir_w_pen_house,east_india_house,1666,1,11,walk,Mr. Mountney
east_india_house,sir_w_pen_house,1666,1,11,walk,
sir_w_pen_house,gresham_college,1666,1,11,coach,Lord Bruncker
gresham_college,dr_wilkins_house,1666,1,11,walk,Lord Bruncker
dr_wilkins_house,navy_office,1666,1,11,walk,
navy_office,home_seething_lane,1666,1,11,walk,
home_seething_lane,cockpit,1666,1,12,coach,Sir W. Batten
cockpit,wottons_shoemaker,1666,1,12,coach,
wottons_shoemaker,mr_pennys_tailor,1666,1,12,walk,
mr_pennys_tailor,royal_exchange,1666,1,12,walk,
royal_exchange,home_seething_lane,1666,1,12,walk,Henry Moore
home_seething_lane,navy_office,1666,1,12,walk,
navy_office,home_seething_lane,1666,1,12,walk,
home_seething_lane,navy_office,1666,1,13,walk,
navy_office,mrs_williams_covent_garden,1666,1,13,coach,Lord Bruncker
mrs_williams_covent_garden,royal_exchange,1666,1,13,coach,Captain Cocke
royal_exchange,navy_office,1666,1,13,walk,
navy_office,home_seething_lane,1666,1,13,walk,
home_seething_lane,mrs_pierces_covent_garden,1666,1,15,coach,
mrs_pierces_covent_garden,home_seething_lane,1666,1,15,coach,Mrs. Pierce
home_seething_lane,mr_boremans_house,1666,1,15,boat,Elizabeth Pepys; Mrs. Pierce
mr_boremans_house,navy_office,1666,1,16,boat,
navy_office,home_seething_lane,1666,1,16,walk,
home_seething_lane,kate_joyces_house,1666,1,16,coach,Kate Joyce; Mrs. Pierce
kate_joyces_house,mrs_pierces_covent_garden,1666,1,16,coach,Mrs. Pierce
mrs_pierces_covent_garden,cockpit,1666,1,16,coach,
cockpit,home_seething_lane,1666,1,16,coach,
home_seething_lane,dagenhams,1666,1,17,horse,Lashmore
dagenhams,home_seething_lane,1666,1,18,horse,Lashmore
home_seething_lane,navy_office,1666,1,18,walk,
navy_office,captain_cockes_house,1666,1,18,coach,Lord Bruncker
captain_cockes_house,navy_office,1666,1,18,walk,
navy_office,mrs_pierces_covent_garden,1666,1,18,coach,Elizabeth Pepys; Mercer
mrs_pierces_covent_garden,home_seething_lane,1666,1,18,coach,Elizabeth Pepys; Mercer
home_seething_lane,cockpit,1666,1,19,walk,Sir J. Minnes
cockpit,sir_h_cholmleys_house,1666,1,19,walk,
sir_h_cholmleys_house,royal_exchange,1666,1,19,walk,
royal_exchange,home_seething_lane,1666,1,19,walk,
home_seething_lane,navy_office,1666,1,19,walk,
navy_office,home_seething_lane,1666,1,19,walk,
home_seething_lane,navy_office,1666,1,20,walk,
navy_office,home_seething_lane,1666,1,20,walk,
home_seething_lane,navy_office_greenwich,1666,1,22,boat,
navy_office_greenwich,deptford,1666,1,22,boat,
deptford,home_seething_lane,1666,1,22,boat,
home_seething_lane,cockpit,1666,1,22,boat,
cockpit,deptford,1666,1,22,boat,
deptford,crown_tavern_exchange,1666,1,22,boat,
crown_tavern_exchange,home_seething_lane,1666,1,22,walk,
home_seething_lane,navy_office,1666,1,23,walk,
navy_office,home_seething_lane,1666,1,23,walk,
home_seething_lane,mr_hores_tower,1666,1,24,walk,Lord Bruncker
mr_hores_tower,navy_office,1666,1,24,walk,Lord Bruncker
navy_office,lady_carterets_deptford,1666,1,24,boat,Lord Bruncker
lady_carterets_deptford,horsleydown,1666,1,24,walk,Lord Bruncker
horsleydown,home_seething_lane,1666,1,24,walk,Lord Bruncker
home_seething_lane,navy_office,1666,1,24,walk,
navy_office,home_seething_lane,1666,1,24,walk,
home_seething_lane,navy_office,1666,1,25,walk,
navy_office,home_seething_lane,1666,1,25,walk,
home_seething_lane,cockpit,1666,1,25,walk,
cockpit,kate_joyces_house,1666,1,25,walk,
kate_joyces_house,navy_office,1666,1,25,walk,
navy_office,home_seething_lane,1666,1,26,walk,
home_seething_lane,sir_g_carterets_whitehall,1666,1,26,coach,
sir_g_carterets_whitehall,cockpit,1666,1,26,walk,
cockpit,royal_exchange,1666,1,26,walk,Sir J. Bankes; Mr. Gawden
royal_exchange,popes_head_tavern,1666,1,26,walk,Mr. Gawden
popes_head_tavern,home_seething_lane,1666,1,26,walk,
home_seething_lane,navy_office,1666,1,26,walk,
navy_office,home_seething_lane,1666,1,26,walk,
home_seething_lane,navy_office,1666,1,27,walk,
navy_office,home_seething_lane,1666,1,27,walk,
home_seething_lane,lord_brunckers_covent_garden,1666,1,28,coach,
lord_brunckers_covent_garden,brentford,1666,1,28,coach,Lord Bruncker
brentford,the_wicke,1666,1,28,coach,Lord Bruncker
the_wicke,hampton_court,1666,1,28,coach,Sir J. Minnes; Sir W. Batten
hampton_court,kingston,1666,1,28,boat,Sir W. Pen
kingston,the_wicke,1666,1,28,walk,Sir W. Pen
the_wicke,hampton_court,1666,1,29,coach,
hampton_court,the_wicke,1666,1,29,walk,
the_wicke,clapham,1666,1,29,coach,Mr. Evelyn
clapham,mr_gawdens_house,1666,1,29,walk,Mr. Evelyn
mr_gawdens_house,home_seething_lane,1666,1,30,coach,
home_seething_lane,parish_church,1666,1,30,walk,
parish_church,home_seething_lane,1666,1,30,walk,
home_seething_lane,deptford,1666,1,30,boat,
deptford,home_seething_lane,1666,1,30,boat,
home_seething_lane,navy_office,1666,1,31,walk,
navy_office,royal_exchange,1666,1,31,walk,
royal_exchange,home_seething_lane,1666,1,31,walk,Tom Pepys; Henry Moore; Mr. Knightly
home_seething_lane,sir_r_viners,1666,1,31,walk,Tom Pepys; Henry Moore
sir_r_viners,lord_chancellors_new_house,1666,1,31,walk,Henry Moore
lord_chancellors_new_house,cockpit,1666,1,31,walk,Henry Moore
cockpit,whitehall,1666,1,31,walk,
whitehall,swan_palace,1666,1,31,walk,
swan_palace,home_seething_lane,1666,1,31,walk,
home_seething_lane,navy_office,1666,2,1,walk,
navy_office,captain_cockes_house,1666,2,1,walk,
captain_cockes_house,royal_exchange,1666,2,1,coach,Lord Bruncker; Mrs. Williams
royal_exchange,alderman_backewells,1666,2,1,walk,
alderman_backewells,sir_r_viners,1666,2,1,walk,
sir_r_viners,navy_office,1666,2,1,walk,
navy_office,home_seething_lane,1666,2,1,walk,
home_seething_lane,lord_sandwichs_lodgings,1666,2,2,walk,
lord_sandwichs_lodgings,cades_pictures,1666,2,2,walk,
cades_pictures,home_seething_lane,1666,2,2,walk,
home_seething_lane,navy_office,1666,2,2,walk,
navy_office,home_seething_lane,1666,2,2,walk,
home_seething_lane,navy_office,1666,2,3,walk,
navy_office,home_seething_lane,1666,2,3,walk,
home_seething_lane,parish_church,1666,2,4,walk,Elizabeth Pepys
parish_church,home_seething_lane,1666,2,4,walk,Elizabeth Pepys
home_seething_lane,lord_brunckers_covent_garden,1666,2,5,coach,Sir W. Batten
lord_brunckers_covent_garden,westminster_hall,1666,2,5,walk,
westminster_hall,royal_exchange,1666,2,5,walk,
royal_exchange,home_seething_lane,1666,2,5,walk,
home_seething_lane,whitehall,1666,2,5,walk,
whitehall,lord_sandwichs_lodgings,1666,2,5,walk,
lord_sandwichs_lodgings,sun_behind_exchange,1666,2,5,walk,
sun_behind_exchange,home_seething_lane,1666,2,5,walk,Mr. J. Houblon; Mr. Hill
home_seething_lane,navy_office,1666,2,6,walk,
navy_office,whitehall,1666,2,6,boat,
whitehall,sir_r_viners,1666,2,6,coach,Mr. Tooker
sir_r_viners,navy_office,1666,2,6,walk,
navy_office,home_seething_lane,1666,2,6,walk,
home_seething_lane,navy_office,1666,2,8,walk,
navy_office,royal_exchange,1666,2,8,walk,
royal_exchange,captain_cockes_house,1666,2,8,walk,
captain_cockes_house,lord_sandwichs_lodgings,1666,2,8,walk,
lord_sandwichs_lodgings,home_seething_lane,1666,2,8,walk,
home_seething_lane,sir_ph_warwickes,1666,2,9,walk,
sir_ph_warwickes,col_norwoods_lodgings,1666,2,9,walk,
col_norwoods_lodgings,exchequer,1666,2,9,walk,
exchequer,westminster_hall,1666,2,9,walk,
westminster_hall,sun_behind_exchange,1666,2,9,walk,
sun_behind_exchange,home_seething_lane,1666,2,9,walk,
home_seething_lane,navy_office,1666,2,10,walk,
navy_office,royal_exchange,1666,2,10,walk,
royal_exchange,home_seething_lane,1666,2,10,walk,
home_seething_lane,lord_treasurers_house,1666,2,10,coach,Elizabeth Pepys
lord_treasurers_house,exchequer,1666,2,10,walk,
exchequer,swan_palace,1666,2,10,walk,
swan_palace,old_exchange,1666,2,10,coach,Elizabeth Pepys
old_exchange,home_seething_lane,1666,2,10,coach,Elizabeth Pepys
home_seething_lane,parish_church,1666,2,11,walk,
parish_church,home_seething_lane,1666,2,11,walk,
home_seething_lane,whitehall,1666,2,11,boat,
whitehall,st_james_park,1666,2,11,walk,
st_james_park,lord_brunckers_covent_garden,1666,2,11,walk,Lord Bruncker
lord_brunckers_covent_garden,home_seething_lane,1666,2,11,coach,
home_seething_lane,royal_exchange,1666,2,12,walk,
royal_exchange,lord_treasurers_house,1666,2,12,coach,Sir W. Warren
lord_treasurers_house,lord_chancellors_new_house,1666,2,12,coach,
lord_chancellors_new_house,home_seething_lane,1666,2,12,coach,
home_seething_lane,navy_office,1666,2,13,walk,
navy_office,royal_exchange,1666,2,13,walk,
royal_exchange,sheriffe_hookers,1666,2,13,walk,Mr. Lethulier
sheriffe_hookers,navy_office,1666,2,13,walk,
navy_office,home_seething_lane,1666,2,13,walk,
home_seething_lane,lord_sandwichs_lodgings,1666,2,14,coach,Mr. Hill
lord_sandwichs_lodgings,lord_chancellors_new_house,1666,2,14,walk,Mr. Hill
lord_chancellors_new_house,mr_hales_studio,1666,2,14,walk,Mr. Hill
mr_hales_studio,royal_exchange,1666,2,14,walk,
royal_exchange,home_seething_lane,1666,2,14,walk,
home_seething_lane,lord_treasurers_house,1666,2,14,coach,Elizabeth Pepys; Mrs. Batelier
lord_treasurers_house,royal_exchange,1666,2,14,coach,Elizabeth Pepys
royal_exchange,crown_tavern_exchange,1666,2,14,walk,
crown_tavern_exchange,home_seething_lane,1666,2,14,walk,Sir W. Batten
home_seething_lane,navy_office,1666,2,15,coach,Sir W. Batten
navy_office,home_seething_lane,1666,2,15,walk,
home_seething_lane,navy_office,1666,2,15,walk,
navy_office,starkys_austin_friars,1666,2,15,walk,
starkys_austin_friars,mr_hales_studio,1666,2,15,coach,Elizabeth Pepys; Mrs. Knipp; Mercer
mr_hales_studio,home_seething_lane,1666,2,15,coach,Elizabeth Pepys
home_seething_lane,royal_exchange,1666,2,16,coach,
royal_exchange,charing_cross,1666,2,16,coach,Mr. Houblon
charing_cross,lord_sandwichs_lodgings,1666,2,16,walk,
lord_sandwichs_lodgings,exchequer,1666,2,16,walk,
exchequer,royal_exchange,1666,2,16,coach,Henry Moore
royal_exchange,coffee_house_exchange,1666,2,16,walk,Henry Moore
coffee_house_exchange,royal_exchange,1666,2,16,walk,
royal_exchange,home_seething_lane,1666,2,16,walk,
home_seething_lane,navy_office,1666,2,16,walk,
navy_office,whitehall,1666,2,16,coach,Sir W. Warren
whitehall,navy_office,1666,2,16,coach,Sir W. Warren
navy_office,home_seething_lane,1666,2,16,walk,
home_seething_lane,navy_office,1666,2,17,walk,
navy_office,home_seething_lane,1666,2,17,walk,
home_seething_lane,whitehall,1666,2,18,walk,
whitehall,st_james_park,1666,2,18,walk,John Creed
st_james_park,home_seething_lane,1666,2,18,coach,
home_seething_lane,lord_sandwichs_lodgings,1666,2,19,coach,
lord_sandwichs_lodgings,whitehall,1666,2,19,walk,
whitehall,lord_sandwichs_lodgings,1666,2,19,walk,
lord_sandwichs_lodgings,exchequer,1666,2,19,walk,
exchequer,st_pauls_churchyard,1666,2,19,coach,
st_pauls_churchyard,royal_exchange,1666,2,19,walk,
royal_exchange,home_seething_lane,1666,2,19,walk,
home_seething_lane,mr_hales_studio,1666,2,19,walk,
mr_hales_studio,lord_treasurers_house,1666,2,19,walk,
lord_treasurers_house,whitehall,1666,2,19,walk,Mr. Fenn
whitehall,lord_chancellors_new_house,1666,2,19,coach,
lord_chancellors_new_house,navy_office,1666,2,19,coach,
navy_office,home_seething_lane,1666,2,19,walk,
home_seething_lane,navy_office,1666,2,20,walk,
navy_office,home_seething_lane,1666,2,20,walk,Mr. Evelyn
home_seething_lane,whitehall,1666,2,20,coach,Mr. Evelyn
whitehall,lord_sandwichs_lodgings,1666,2,20,walk,
lord_sandwichs_lodgings,westminster_hall,1666,2,20,walk,
westminster_hall,swayns,1666,2,20,walk,
swayns,mrs_lanes_lodging,1666,2,20,walk,
mrs_lanes_lodging,navy_office,1666,2,20,walk,
navy_office,home_seething_lane,1666,2,21,walk,
home_seething_lane,whitehall,1666,2,21,coach,Sir J. Minnes
whitehall,exchequer,1666,2,21,walk,
exchequer,trinity_house,1666,2,21,walk,
trinity_house,gresham_college,1666,2,21,coach,Lord Bruncker
gresham_college,home_seething_lane,1666,2,21,walk,Mr. Povy
home_seething_lane,navy_office,1666,2,22,walk,
navy_office,home_seething_lane,1666,2,22,walk,
home_seething_lane,mr_hales_studio,1666,2,22,coach,Elizabeth Pepys
mr_hales_studio,lord_sandwichs_lodgings,1666,2,22,coach,
lord_sandwichs_lodgings,home_seething_lane,1666,2,22,coach,Elizabeth Pepys
home_seething_lane,lord_sandwich_lincolns_inn,1666,2,23,walk,William Howe
lord_sandwich_lincolns_inn,mr_hales_studio,1666,2,23,walk,Mr. Hill; Mr. Houblon
mr_hales_studio,royal_exchange,1666,2,23,coach,Mr. Hill; Mr. Houblon
royal_exchange,navy_office,1666,2,23,walk,
navy_office,home_seething_lane,1666,2,23,walk,
home_seething_lane,mrs_pierces_covent_garden,1666,2,23,coach,Mrs. Knipp
mrs_pierces_covent_garden,unthankes,1666,2,23,coach,Mrs. Knipp
unthankes,home_seething_lane,1666,2,23,coach,Mrs. Knipp
home_seething_lane,navy_office,1666,2,24,walk,
navy_office,home_seething_lane,1666,2,24,walk,
home_seething_lane,mr_hales_studio,1666,2,24,coach,Mr. Hill
mr_hales_studio,navy_office,1666,2,24,coach,
navy_office,home_seething_lane,1666,2,25,walk,
home_seething_lane,kensington,1666,2,25,coach,Elizabeth Pepys; Mercer
kensington,brentford,1666,2,25,coach,Elizabeth Pepys; Mercer; Captain Ferrers
brentford,windsor,1666,2,25,coach,Elizabeth Pepys; Mercer; Captain Ferrers
windsor,cranborne,1666,2,25,coach,Elizabeth Pepys; Mercer; Captain Ferrers
cranborne,windsor,1666,2,26,coach,Elizabeth Pepys; Mercer
windsor,windsor_castle,1666,2,26,walk,Elizabeth Pepys; Mercer; Dr. Childe
windsor_castle,windsor,1666,2,26,walk,Elizabeth Pepys; Mercer
windsor,eton_college,1666,2,26,coach,Elizabeth Pepys; Mercer; Dr. Childe
eton_college,home_seething_lane,1666,2,26,coach,Elizabeth Pepys; Mercer
home_seething_lane,navy_office,1666,2,27,walk,
navy_office,home_seething_lane,1666,2,27,walk,
home_seething_lane,mr_hales_studio,1666,2,27,walk,
mr_hales_studio,home_seething_lane,1666,2,27,walk,
home_seething_lane,st_james_park,1666,2,28,walk,
st_james_park,whitehall,1666,2,28,walk,
whitehall,westminster_hall,1666,2,28,walk,
westminster_hall,mrs_martins_lodging,1666,2,28,walk,
mrs_martins_lodging,home_seething_lane,1666,2,28,walk,
home_seething_lane,whitehall,1666,2,28,coach,
whitehall,swan_palace,1666,2,28,walk,
swan_palace,mrs_lanes_lodging,1666,2,28,walk,
mrs_lanes_lodging,home_seething_lane,1666,2,28,coach,
home_seething_lane,navy_office,1666,3,1,walk,
navy_office,white_horse_lombard,1666,3,1,walk,Lord Bruncker; Sir W. Batten; Sir W. Pen
white_horse_lombard,navy_office,1666,3,1,walk,
navy_office,home_seething_lane,1666,3,1,walk,
home_seething_lane,navy_office,1666,3,2,walk,
navy_office,home_seething_lane,1666,3,2,walk,
home_seething_lane,lord_treasurers_house,1666,3,2,coach,
lord_treasurers_house,sir_ph_warwickes,1666,3,2,coach,
sir_ph_warwickes,home_seething_lane,1666,3,2,coach,
home_seething_lane,navy_office,1666,3,3,walk,
navy_office,old_james,1666,3,3,walk,
old_james,crown_tavern_exchange,1666,3,3,walk,
crown_tavern_exchange,mr_hales_studio,1666,3,3,coach,
mr_hales_studio,navy_office,1666,3,3,coach,
navy_office,home_seething_lane,1666,3,3,walk,
home_seething_lane,colvills_goldsmith,1666,3,5,walk,Mr. Moone
colvills_goldsmith,royal_exchange,1666,3,5,walk,
royal_exchange,home_seething_lane,1666,3,5,walk,
home_seething_lane,navy_office,1666,3,5,walk,
navy_office,sir_r_viners,1666,3,5,walk,
sir_r_viners,home_seething_lane,1666,3,5,walk,
home_seething_lane,navy_office,1666,3,6,coach,
navy_office,sir_w_batten_house,1666,3,6,walk,
sir_w_batten_house,home_seething_lane,1666,3,6,walk,
home_seething_lane,navy_office,1666,3,6,walk,
navy_office,home_seething_lane,1666,3,6,walk,
home_seething_lane,whitehall,1666,3,7,walk,
whitehall,the_temple,1666,3,7,coach,
the_temple,captain_cockes_house,1666,3,7,boat,
captain_cockes_house,mr_cuttles_house,1666,3,7,walk,Lord Bruncker
mr_cuttles_house,the_temple,1666,3,7,coach,Lord Bruncker; Mrs. Williams
the_temple,home_seething_lane,1666,3,7,walk,
home_seething_lane,navy_office,1666,3,8,walk,
navy_office,white_horse_lombard,1666,3,8,walk,Sir W. Batten; Lord Bruncker
white_horse_lombard,mr_hales_studio,1666,3,8,coach,
mr_hales_studio,navy_office,1666,3,8,coach,
navy_office,home_seething_lane,1666,3,8,walk,
home_seething_lane,cockpit,1666,3,9,walk,
cockpit,deptford,1666,3,9,boat,Lord Bruncker; Sir W. Batten
deptford,redriffe,1666,3,9,walk,
redriffe,castle_house_deptford,1666,3,9,boat,Lord Bruncker; Sir W. Batten
castle_house_deptford,sir_w_batten_house,1666,3,9,boat,Lord Bruncker; Sir W. Batten
sir_w_batten_house,navy_office,1666,3,9,walk,
navy_office,home_seething_lane,1666,3,9,walk,
home_seething_lane,navy_office,1666,3,10,walk,
navy_office,home_seething_lane,1666,3,10,walk,
home_seething_lane,new_exchange,1666,3,10,coach,Elizabeth Pepys; Mrs. Pierce; Mrs. Knipp
new_exchange,cakehouse_hales,1666,3,10,coach,Elizabeth Pepys; Mrs. Pierce; Mrs. Knipp
cakehouse_hales,mrs_pierces_covent_garden,1666,3,10,coach,Mrs. Pierce; Mrs. Knipp
mrs_pierces_covent_garden,navy_office,1666,3,10,coach,
navy_office,home_seething_lane,1666,3,11,walk,
home_seething_lane,whitehall,1666,3,11,boat,
whitehall,tower,1666,3,11,boat,Sir W. Coventry
tower,parish_church,1666,3,11,walk,
parish_church,home_seething_lane,1666,3,11,walk,
home_seething_lane,exchequer,1666,3,12,boat,
exchequer,old_exchange,1666,3,12,coach,
old_exchange,home_seething_lane,1666,3,12,walk,
home_seething_lane,navy_office,1666,3,12,walk,
navy_office,home_seething_lane,1666,3,12,walk,
home_seething_lane,navy_office,1666,3,13,walk,
navy_office,home_seething_lane,1666,3,13,walk,
home_seething_lane,whitehall,1666,3,14,coach,Mr. Povy
whitehall,lord_brunckers_covent_garden,1666,3,14,coach,Lord Bruncker
lord_brunckers_covent_garden,guildhall,1666,3,14,coach,Lord Bruncker; Sir John Baber; Dr. Wilkins
guildhall,royal_exchange,1666,3,14,walk,
royal_exchange,home_seething_lane,1666,3,14,walk,
home_seething_lane,trinity_house,1666,3,14,walk,
trinity_house,kate_joyces_house,1666,3,14,walk,
kate_joyces_house,mr_hales_studio,1666,3,14,walk,
mr_hales_studio,fields_grays_inn,1666,3,14,walk,
fields_grays_inn,mrs_pierces_covent_garden,1666,3,14,walk,
mrs_pierces_covent_garden,home_seething_lane,1666,3,14,coach,Elizabeth Pepys; Mercer
home_seething_lane,navy_office,1666,3,15,walk,
navy_office,home_seething_lane,1666,3,15,walk,
home_seething_lane,harmans_house,1666,3,15,walk,Anthony Joyce
harmans_house,mr_hales_studio,1666,3,15,walk,
mr_hales_studio,navy_office,1666,3,15,walk,
navy_office,home_seething_lane,1666,3,16,walk,
home_seething_lane,navy_office,1666,3,16,walk,
navy_office,royal_exchange,1666,3,16,walk,
royal_exchange,crown_tavern_exchange,1666,3,16,walk,
crown_tavern_exchange,navy_office,1666,3,16,walk,
navy_office,home_seething_lane,1666,3,16,walk,
home_seething_lane,navy_office,1666,3,17,walk,
navy_office,home_seething_lane,1666,3,17,walk,
home_seething_lane,mr_hales_studio,1666,3,17,walk,Elizabeth Pepys
mr_hales_studio,navy_office,1666,3,17,walk,
navy_office,home_seething_lane,1666,3,18,walk,
home_seething_lane,parish_church,1666,3,18,walk,
parish_church,home_seething_lane,1666,3,18,walk,
home_seething_lane,st_james_church,1666,3,18,walk,
st_james_church,herberts_westminster,1666,3,18,walk,
herberts_westminster,mrs_martins_lodging,1666,3,18,walk,
mrs_martins_lodging,home_seething_lane,1666,3,18,coach,
home_seething_lane,navy_office,1666,3,19,walk,
navy_office,guildhall,1666,3,19,walk,Lord Bruncker; Sir W. Coventry
guildhall,sir_robert_longs,1666,3,19,walk,Lord Bruncker; Sir W. Coventry
sir_robert_longs,mrs_williams_covent_garden,1666,3,19,walk,Lord Bruncker
mrs_williams_covent_garden,kings_playhouse,1666,3,19,walk,Lord Bruncker; Sir J. Minnes
kings_playhouse,mrs_williams_covent_garden,1666,3,19,walk,Lord Bruncker
mrs_williams_covent_garden,navy_office,1666,3,19,coach,
navy_office,sir_g_carterets_broad_st,1666,3,19,walk,
sir_g_carterets_broad_st,home_seething_lane,1666,3,19,walk,
home_seething_lane,navy_office,1666,3,20,walk,
navy_office,home_seething_lane,1666,3,20,walk,
home_seething_lane,mr_hales_studio,1666,3,20,coach,Elizabeth Pepys; Mrs. Barbary; Mercer
mr_hales_studio,home_seething_lane,1666,3,20,coach,Elizabeth Pepys; Mrs. Barbary; Mercer
home_seething_lane,cockpit,1666,3,21,walk,
cockpit,whitehall,1666,3,21,walk,
whitehall,sir_robert_longs,1666,3,21,walk,Lord Bruncker
sir_robert_longs,excise_office,1666,3,21,walk,
excise_office,home_seething_lane,1666,3,21,walk,
home_seething_lane,whitehall,1666,3,21,coach,Sir W. Warren
whitehall,gresham_college,1666,3,21,coach,
gresham_college,navy_office,1666,3,21,walk,
navy_office,home_seething_lane,1666,3,21,walk,
home_seething_lane,navy_office,1666,3,22,walk,
navy_office,sir_w_batten_house,1666,3,22,walk,
sir_w_batten_house,navy_office,1666,3,22,walk,
navy_office,home_seething_lane,1666,3,22,walk,
home_seething_lane,mr_hales_studio,1666,3,23,walk,
mr_hales_studio,exchequer,1666,3,23,walk,
exchequer,swan_palace,1666,3,23,walk,
swan_palace,westminster_hall,1666,3,23,walk,
westminster_hall,kate_joyces_house,1666,3,23,coach,
kate_joyces_house,navy_office,1666,3,23,coach,
navy_office,home_seething_lane,1666,3,23,walk,
home_seething_lane,navy_office,1666,3,24,walk,
navy_office,home_seething_lane,1666,3,24,walk,
home_seething_lane,whitehall,1666,3,24,walk,
whitehall,navy_office,1666,3,24,walk,
navy_office,home_seething_lane,1666,3,26,walk,
home_seething_lane,navy_office,1666,3,26,walk,
navy_office,engraver_tower,1666,3,26,walk,Lord Bruncker
engraver_tower,popes_head_tavern,1666,3,26,walk,Lord Bruncker
popes_head_tavern,sir_g_carterets_broad_st,1666,3,26,walk,
sir_g_carterets_broad_st,navy_office,1666,3,26,walk,
navy_office,home_seething_lane,1666,3,26,walk,
home_seething_lane,navy_office,1666,3,27,walk,
navy_office,home_seething_lane,1666,3,27,walk,
home_seething_lane,whitehall,1666,3,28,boat,John Creed
whitehall,st_james_park,1666,3,28,walk,Sir W. Clerke
st_james_park,cockpit,1666,3,28,walk,
cockpit,mr_hales_studio,1666,3,28,coach,
mr_hales_studio,mrs_pierces_covent_garden,1666,3,28,coach,Elizabeth Pepys; Mrs. Pierce; Mrs. Knipp
mrs_pierces_covent_garden,home_seething_lane,1666,3,28,coach,Elizabeth Pepys
home_seething_lane,navy_office,1666,3,29,walk,
navy_office,home_seething_lane,1666,3,29,walk,
home_seething_lane,sir_r_viners,1666,3,29,walk,
sir_r_viners,navy_office,1666,3,29,walk,
navy_office,home_seething_lane,1666,3,30,walk,
home_seething_lane,lombard_street,1666,3,30,walk,
lombard_street,home_seething_lane,1666,3,30,walk,
home_seething_lane,mr_hales_studio,1666,3,30,walk,
mr_hales_studio,home_seething_lane,1666,3,30,walk,
home_seething_lane,navy_office,1666,3,31,walk,
navy_office,home_seething_lane,1666,3,31,walk,
home_seething_lane,sir_ph_howards,1666,4,1,coach,
sir_ph_howards,whitehall,1666,4,1,walk,
whitehall,st_james_park,1666,4,1,walk,Dr. Allen
st_james_park,queens_chapel_whitehall,1666,4,1,walk,
queens_chapel_whitehall,home_seething_lane,1666,4,1,coach,
home_seething_lane,whitehall,1666,4,1,coach,Uncle Wight
whitehall,lord_chancellors_new_house,1666,4,1,walk,Uncle Wight
lord_chancellors_new_house,lord_st_albans_building,1666,4,1,walk,Uncle Wight
lord_st_albans_building,home_seething_lane,1666,4,1,coach,Uncle Wight
home_seething_lane,navy_office,1666,4,2,walk,
navy_office,guildhall,1666,4,2,coach,Mr. Gawden
guildhall,exchequer,1666,4,2,coach,Mr. Gawden
exchequer,westminster_hall,1666,4,2,walk,Mr. Gawden
westminster_hall,royal_exchange,1666,4,2,walk,Mr. Gawden
royal_exchange,coffee_house_exchange,1666,4,2,walk,Sir W. Warren
coffee_house_exchange,crown_tavern_exchange,1666,4,2,walk,
crown_tavern_exchange,whitehall,1666,4,2,coach,Elizabeth Pepys
whitehall,westminster_hall,1666,4,2,walk,Elizabeth Pepys
westminster_hall,sir_g_carterets_broad_st,1666,4,2,coach,Elizabeth Pepys
sir_g_carterets_broad_st,home_seething_lane,1666,4,2,coach,Elizabeth Pepys
home_seething_lane,navy_office,1666,4,3,walk,
navy_office,home_seething_lane,1666,4,3,walk,
home_seething_lane,whitehall,1666,4,4,coach,Sir W. Pen
whitehall,royal_exchange,1666,4,4,coach,Captain Cocke
royal_exchange,home_seething_lane,1666,4,4,walk,
home_seething_lane,mr_hales_studio,1666,4,4,coach,
mr_hales_studio,home_seething_lane,1666,4,4,coach,
home_seething_lane,sir_r_viners,1666,4,5,walk,
sir_r_viners,navy_office,1666,4,5,walk,
navy_office,sun_tavern_fish_st,1666,4,5,walk,Lord Bruncker; Captain Cocke
sun_tavern_fish_st,navy_office,1666,4,5,walk,
navy_office,home_seething_lane,1666,4,5,walk,
home_seething_lane,navy_office,1666,4,6,walk,
navy_office,home_seething_lane,1666,4,6,walk,
home_seething_lane,home_axe_yard,1666,4,6,coach,Mrs. Hunt
home_axe_yard,mr_hales_studio,1666,4,6,coach,
mr_hales_studio,home_seething_lane,1666,4,6,walk,Mr. Pierce; Mrs. Pierce
home_seething_lane,whitehall,1666,4,6,walk,
whitehall,home_seething_lane,1666,4,6,walk,
home_seething_lane,mrs_williams_covent_garden,1666,4,7,coach,Lord Bruncker
mrs_williams_covent_garden,mr_hales_studio,1666,4,7,coach,Bab Allen
mr_hales_studio,cakehouse_hales,1666,4,7,walk,Mrs. Pierce; Bab Allen
cakehouse_hales,lord_chancellors_new_house,1666,4,7,coach,Mrs. Pierce; Bab Allen
lord_chancellors_new_house,navy_office,1666,4,7,coach,
navy_office,home_seething_lane,1666,4,7,walk,
home_seething_lane,old_swan,1666,4,8,walk,
old_swan,whitehall,1666,4,8,boat,
whitehall,home_axe_yard,1666,4,8,coach,
home_axe_yard,home_seething_lane,1666,4,8,coach,Mrs. Hunt
home_seething_lane,home_axe_yard,1666,4,8,coach,Mrs. Hunt
home_axe_yard,queens_chapel_whitehall,1666,4,8,coach,
queens_chapel_whitehall,home_seething_lane,1666,4,8,coach,
home_seething_lane,navy_office,1666,4,9,walk,
navy_office,royal_exchange,1666,4,9,walk,
royal_exchange,home_seething_lane,1666,4,9,walk,John Creed
home_seething_lane,whitehall,1666,4,9,coach,John Creed
whitehall,mrs_pierces_covent_garden,1666,4,9,coach,
mrs_pierces_covent_garden,chelsea,1666,4,9,coach,Mrs. Pierce; Mrs. Knipp
chelsea,kensington,1666,4,9,coach,Mrs. Pierce; Mrs. Knipp
kensington,mrs_pierces_covent_garden,1666,4,9,coach,Mrs. Pierce; Mrs. Knipp
mrs_pierces_covent_garden,home_seething_lane,1666,4,9,coach,
home_seething_lane,navy_office,1666,4,10,walk,
navy_office,home_seething_lane,1666,4,10,walk,
home_seething_lane,whitehall,1666,4,11,walk,
whitehall,mr_hales_studio,1666,4,11,walk,
mr_hales_studio,home_seething_lane,1666,4,11,walk,
home_seething_lane,gresham_college,1666,4,11,walk,
gresham_college,navy_office,1666,4,11,walk,
navy_office,home_seething_lane,1666,4,11,walk,
home_seething_lane,navy_office,1666,4,12,walk,
navy_office,home_seething_lane,1666,4,12,walk,
home_seething_lane,cockpit,1666,4,13,coach,Balthasar St. Michel
cockpit,st_james_park,1666,4,13,walk,Balthasar St. Michel
st_james_park,queens_chapel_whitehall,1666,4,13,walk,Balthasar St. Michel
queens_chapel_whitehall,cockpit,1666,4,13,walk,Balthasar St. Michel
cockpit,mr_hales_studio,1666,4,13,coach,
mr_hales_studio,whitehall,1666,4,13,coach,Mr. Hales
whitehall,mr_hales_studio,1666,4,13,coach,Mr. Hales
mr_hales_studio,pannier_alley,1666,4,13,walk,
pannier_alley,home_seething_lane,1666,4,13,walk,
home_seething_lane,pannier_alley,1666,4,13,walk,
pannier_alley,westminster_hall,1666,4,13,walk,
westminster_hall,home_seething_lane,1666,4,13,walk,
home_seething_lane,navy_office,1666,4,14,walk,
navy_office,home_seething_lane,1666,4,14,walk,
home_seething_lane,swan_palace,1666,4,15,boat,
swan_palace,whitehall,1666,4,15,walk,
whitehall,queens_chapel_whitehall,1666,4,15,walk,
queens_chapel_whitehall,mrs_pierces_covent_garden,1666,4,15,walk,
mrs_pierces_covent_garden,st_james_park,1666,4,15,walk,James Pierce
st_james_park,mrs_pierces_covent_garden,1666,4,15,walk,James Pierce
mrs_pierces_covent_garden,kensington,1666,4,15,coach,Mrs. Pierce
kensington,home_seething_lane,1666,4,15,walk,
home_seething_lane,pannier_alley,1666,4,16,coach,
pannier_alley,westminster_hall,1666,4,16,coach,
westminster_hall,home_seething_lane,1666,4,16,coach,
home_seething_lane,navy_office,1666,4,17,walk,
navy_office,home_seething_lane,1666,4,17,walk,
home_seething_lane,whitehall,1666,4,18,coach,Sir W. Batten; Sir Thomas Allen
whitehall,lillys_studio,1666,4,18,walk,Sir W. Batten; Sir Thomas Allen
lillys_studio,print_seller,1666,4,18,walk,
print_seller,new_exchange,1666,4,18,walk,
new_exchange,swan_palace,1666,4,18,walk,
swan_palace,lambeth,1666,4,18,boat,
lambeth,royal_exchange,1666,4,18,boat,
royal_exchange,mr_hales_studio,1666,4,18,coach,
mr_hales_studio,mrs_pierces_covent_garden,1666,4,18,coach,
mrs_pierces_covent_garden,cornhill,1666,4,18,coach,
cornhill,fish_street,1666,4,18,coach,Mrs. Pierce; Mrs. Knipp
fish_street,pannier_alley,1666,4,18,coach,
pannier_alley,home_seething_lane,1666,4,18,coach,
home_seething_lane,navy_office,1666,4,19,walk,
navy_office,popes_head_tavern,1666,4,19,walk,Sir W. Warren
popes_head_tavern,navy_office,1666,4,19,walk,
navy_office,home_seething_lane,1666,4,19,walk,
home_seething_lane,westminster_hall,1666,4,20,coach,
westminster_hall,stangold,1666,4,20,boat,Mrs. Martin
stangold,kings_head_stangold,1666,4,20,walk,Mrs. Martin
kings_head_stangold,new_exchange,1666,4,20,boat,
new_exchange,mr_hales_studio,1666,4,20,walk,
mr_hales_studio,st_pauls_churchyard,1666,4,20,walk,
st_pauls_churchyard,pannier_alley,1666,4,20,walk,
pannier_alley,home_seething_lane,1666,4,20,walk,
home_seething_lane,navy_office,1666,4,21,walk,
navy_office,home_seething_lane,1666,4,21,walk,
home_seething_lane,whitehall,1666,4,21,coach,Sir W. Batten
whitehall,hyde_park,1666,4,21,coach,Lord Bruncker
hyde_park,royal_exchange,1666,4,21,coach,Lord Bruncker
royal_exchange,home_seething_lane,1666,4,21,coach,
home_seething_lane,whitehall,1666,4,22,coach,Sir W. Batten
whitehall,home_seething_lane,1666,4,22,coach,Sir W. Batten
home_seething_lane,whitehall,1666,4,22,walk,
whitehall,st_james_park,1666,4,22,walk,
st_james_park,queens_chapel_whitehall,1666,4,22,walk,
queens_chapel_whitehall,worcester_house,1666,4,22,walk,
worcester_house,cockpit,1666,4,22,walk,
cockpit,home_seething_lane,1666,4,22,coach,
home_seething_lane,whitehall,1666,4,23,coach,Sir W. Batten; Lord Bruncker
whitehall,westminster_hall,1666,4,23,walk,
westminster_hall,home_seething_lane,1666,4,23,coach,
home_seething_lane,mr_hales_studio,1666,4,23,coach,Balthasar St. Michel
mr_hales_studio,swan_palace,1666,4,23,walk,
swan_palace,mr_hales_studio,1666,4,23,walk,
mr_hales_studio,home_seething_lane,1666,4,23,coach,Elizabeth Pepys; Mercer
home_seething_lane,islington,1666,4,23,coach,Elizabeth Pepys; Mercer
islington,home_seething_lane,1666,4,23,coach,Elizabeth Pepys; Mercer
home_seething_lane,navy_office,1666,4,24,walk,
navy_office,home_seething_lane,1666,4,24,walk,
home_seething_lane,whitehall,1666,4,25,walk,Balthasar St. Michel
whitehall,westminster_hall,1666,4,25,walk,Balthasar St. Michel
westminster_hall,home_seething_lane,1666,4,25,walk,
home_seething_lane,navy_office,1666,4,25,walk,
navy_office,pannier_alley,1666,4,25,walk,
pannier_alley,home_seething_lane,1666,4,25,walk,
home_seething_lane,navy_office,1666,4,26,walk,
navy_office,home_seething_lane,1666,4,26,walk,
home_seething_lane,lord_treasurers_house,1666,4,27,walk,Balthasar St. Michel
lord_treasurers_house,royal_exchange,1666,4,27,walk,
royal_exchange,home_seething_lane,1666,4,27,walk,
home_seething_lane,navy_office,1666,4,28,walk,
navy_office,home_seething_lane,1666,4,28,walk,
home_seething_lane,mr_hales_studio,1666,4,28,coach,Elizabeth Pepys
mr_hales_studio,home_seething_lane,1666,4,28,coach,
home_seething_lane,parish_church,1666,4,29,walk,
parish_church,home_seething_lane,1666,4,29,walk,
home_seething_lane,redriffe,1666,4,29,boat,
redriffe,mr_evelyns_house,1666,4,29,walk,
mr_evelyns_house,redriffe,1666,4,29,walk,
redriffe,home_seething_lane,1666,4,29,boat,
home_seething_lane,navy_office,1666,4,30,walk,
navy_office,home_seething_lane,1666,4,30,walk,
home_seething_lane,bow,1666,4,30,coach,Elizabeth Pepys; Mercer
bow,home_seething_lane,1666,4,30,coach,Elizabeth Pepys; Mercer
home_seething_lane,navy_office,1666,5,1,walk,
navy_office,home_seething_lane,1666,5,1,walk,
home_seething_lane,old_swan,1666,5,1,walk,
old_swan,redriffe,1666,5,1,boat,
redriffe,deptford,1666,5,1,walk,
deptford,halfway_house,1666,5,1,walk,Mr. Castle
halfway_house,castle_house_deptford,1666,5,1,walk,Mr. Castle
castle_house_deptford,home_seething_lane,1666,5,1,walk,
home_seething_lane,whitehall,1666,5,2,coach,Sir W. Batten
whitehall,pannier_alley,1666,5,2,walk,
pannier_alley,home_seething_lane,1666,5,2,walk,
home_seething_lane,whitehall,1666,5,2,coach,Sir W. Batten
whitehall,navy_office,1666,5,2,coach,Captain Cocke
navy_office,home_seething_lane,1666,5,2,walk,
home_seething_lane,navy_office,1666,5,3,walk,
navy_office,home_seething_lane,1666,5,3,walk,
home_seething_lane,westminster_hall,1666,5,3,boat,
westminster_hall,home_seething_lane,1666,5,3,walk,
home_seething_lane,sir_ph_warwickes,1666,5,4,boat,Mr. Gregory
sir_ph_warwickes,whitehall,1666,5,4,walk,Mr. Gregory
whitehall,sir_ph_warwickes,1666,5,4,coach,
sir_ph_warwickes,mr_hales_studio,1666,5,4,walk,
mr_hales_studio,navy_office,1666,5,4,walk,
navy_office,home_seething_lane,1666,5,4,walk,
home_seething_lane,new_exchange,1666,5,4,walk,
new_exchange,whitehall,1666,5,4,walk,
whitehall,swan_palace,1666,5,4,walk,
swan_palace,home_seething_lane,1666,5,4,walk,
home_seething_lane,bow,1666,5,4,coach,Elizabeth Pepys
bow,home_seething_lane,1666,5,4,coach,Elizabeth Pepys
home_seething_lane,navy_office,1666,5,5,walk,
navy_office,home_seething_lane,1666,5,5,walk,
home_seething_lane,parish_church,1666,5,6,walk,
parish_church,home_seething_lane,1666,5,6,walk,
home_seething_lane,whitehall,1666,5,6,walk,
whitehall,home_seething_lane,1666,5,6,walk,
home_seething_lane,victualling_office,1666,5,6,walk,
victualling_office,home_seething_lane,1666,5,6,walk,
home_seething_lane,navy_office,1666,5,7,walk,
navy_office,victualling_office,1666,5,7,walk,Sir W. Coventry
victualling_office,home_seething_lane,1666,5,7,walk,
home_seething_lane,lord_treasurers_house,1666,5,7,walk,
lord_treasurers_house,exchequer,1666,5,7,walk,
exchequer,navy_office,1666,5,7,walk,
navy_office,home_seething_lane,1666,5,7,walk,
home_seething_lane,navy_office,1666,5,8,walk,
navy_office,home_seething_lane,1666,5,8,walk,
home_seething_lane,deptford,1666,5,9,boat,
deptford,home_seething_lane,1666,5,9,walk,
home_seething_lane,whitehall,1666,5,9,coach,
whitehall,exchequer,1666,5,9,boat,
exchequer,mrs_pierces_covent_garden,1666,5,9,coach,
mrs_pierces_covent_garden,home_seething_lane,1666,5,9,coach,
home_seething_lane,lovetts_house,1666,5,9,coach,
lovetts_house,lord_treasurers_house,1666,5,9,coach,
lord_treasurers_house,mrs_pierces_covent_garden,1666,5,9,coach,
mrs_pierces_covent_garden,mr_hales_studio,1666,5,9,coach,Mrs. Pierce; Mrs. Knipp
mr_hales_studio,cornhill,1666,5,9,coach,Mrs. Pierce; Mrs. Knipp
cornhill,home_seething_lane,1666,5,9,coach,
home_seething_lane,navy_office,1666,5,10,walk,
navy_office,home_seething_lane,1666,5,10,walk,
home_seething_lane,shoreditch,1666,5,10,coach,Elizabeth Pepys; Mrs. Turner
shoreditch,hackney,1666,5,10,coach,Elizabeth Pepys; Mrs. Turner
hackney,home_seething_lane,1666,5,10,coach,Elizabeth Pepys; Mrs. Turner
home_seething_lane,lord_ashlys_house,1666,5,11,walk,Mr. Yeabsly
lord_ashlys_house,exchequer,1666,5,11,walk,
exchequer,royal_exchange,1666,5,11,walk,
royal_exchange,home_seething_lane,1666,5,11,walk,
home_seething_lane,hackney,1666,5,11,coach,Elizabeth Pepys; Mrs. Pierce
hackney,kingsland,1666,5,11,coach,Elizabeth Pepys; Mrs. Pierce
kingsland,islington,1666,5,11,coach,Elizabeth Pepys; Mrs. Pierce
islington,mrs_pierces_covent_garden,1666,5,11,coach,Mrs. Pierce
mrs_pierces_covent_garden,home_seething_lane,1666,5,11,coach,Elizabeth Pepys
home_seething_lane,navy_office,1666,5,12,walk,
navy_office,home_seething_lane,1666,5,12,walk,
home_seething_lane,whitehall,1666,5,12,walk,
whitehall,home_seething_lane,1666,5,12,boat,
home_seething_lane,whitehall,1666,5,13,walk,
whitehall,home_seething_lane,1666,5,13,walk,
home_seething_lane,cheapside,1666,5,13,walk,Mr. Symons
cheapside,st_margarets_westminster,1666,5,13,walk,
st_margarets_westminster,mr_michells_house,1666,5,13,walk,
mr_michells_house,home_seething_lane,1666,5,13,boat,
home_seething_lane,navy_office,1666,5,14,walk,
navy_office,new_exchange,1666,5,14,coach,Elizabeth Pepys
new_exchange,exchequer,1666,5,14,walk,
exchequer,new_exchange,1666,5,14,walk,
new_exchange,home_seething_lane,1666,5,14,coach,Elizabeth Pepys
home_seething_lane,bow,1666,5,14,coach,Elizabeth Pepys; Aunt Wight
bow,home_seething_lane,1666,5,14,coach,Elizabeth Pepys; Aunt Wight
home_seething_lane,navy_office,1666,5,15,walk,
navy_office,home_seething_lane,1666,5,15,walk,
home_seething_lane,sir_ph_warwickes,1666,5,15,coach,
sir_ph_warwickes,lord_crews_house,1666,5,15,walk,
lord_crews_house,lord_treasurers_house,1666,5,15,walk,
lord_treasurers_house,home_seething_lane,1666,5,15,coach,
home_seething_lane,deptford,1666,5,16,boat,
deptford,home_seething_lane,1666,5,16,walk,
home_seething_lane,deptford,1666,5,16,boat,
deptford,dickshore,1666,5,16,walk,
dickshore,whitehall,1666,5,16,boat,
whitehall,exchequer,1666,5,16,walk,
exchequer,mr_hales_studio,1666,5,16,walk,
mr_hales_studio,home_seething_lane,1666,5,16,coach,
home_seething_lane,islington,1666,5,16,coach,Elizabeth Pepys; Mrs. Barbary; Mercer
islington,home_seething_lane,1666,5,16,coach,Elizabeth Pepys; Mrs. Barbary; Mercer
home_seething_lane,navy_office,1666,5,17,walk,
navy_office,home_seething_lane,1666,5,17,walk,
home_seething_lane,deptford,1666,5,18,boat,
deptford,blackwall,1666,5,18,boat,
blackwall,dickshore,1666,5,18,walk,
dickshore,home_seething_lane,1666,5,18,boat,
home_seething_lane,exchequer,1666,5,18,walk,
exchequer,home_seething_lane,1666,5,18,walk,
home_seething_lane,navy_office,1666,5,19,walk,
navy_office,home_seething_lane,1666,5,19,walk,
home_seething_lane,parish_church,1666,5,20,walk,Elizabeth Pepys
parish_church,home_seething_lane,1666,5,20,walk,Elizabeth Pepys
home_seething_lane,mrs_martins_lodging,1666,5,20,walk,
mrs_martins_lodging,westminster_abbey,1666,5,20,walk,
westminster_abbey,home_seething_lane,1666,5,20,boat,
home_seething_lane,deptford,1666,5,20,boat,
deptford,home_seething_lane,1666,5,20,boat,
home_seething_lane,greenwich,1666,5,20,boat,Elizabeth Pepys
greenwich,home_seething_lane,1666,5,20,boat,Elizabeth Pepys
home_seething_lane,navy_office,1666,5,21,walk,
navy_office,home_seething_lane,1666,5,21,walk,
home_seething_lane,lord_ashlys_house,1666,5,21,walk,
lord_ashlys_house,lord_bellasses_house,1666,5,21,walk,Sir H. Cholmly
lord_bellasses_house,westminster_hall,1666,5,21,walk,
westminster_hall,home_seething_lane,1666,5,21,boat,
home_seething_lane,islington,1666,5,21,coach,Elizabeth Pepys; Balthasar St. Michel; Mercer
islington,home_seething_lane,1666,5,21,coach,Elizabeth Pepys; Balthasar St. Michel; Mercer
home_seething_lane,navy_office,1666,5,22,walk,
navy_office,lovetts_house,1666,5,22,walk,
lovetts_house,home_seething_lane,1666,5,22,walk,
home_seething_lane,navy_office,1666,5,22,walk,
navy_office,home_seething_lane,1666,5,22,walk,
home_seething_lane,lord_bellasses_house,1666,5,23,walk,
lord_bellasses_house,whitehall,1666,5,23,walk,
whitehall,excise_office,1666,5,23,walk,
excise_office,royal_exchange,1666,5,23,walk,
royal_exchange,home_seething_lane,1666,5,23,walk,John Creed
home_seething_lane,new_exchange,1666,5,23,coach,Elizabeth Pepys; John Creed; Mercer
new_exchange,sir_g_carterets_whitehall,1666,5,23,walk,
sir_g_carterets_whitehall,hyde_park,1666,5,23,coach,Sir G. Carteret
hyde_park,charing_cross,1666,5,23,coach,Sir G. Carteret
charing_cross,mrs_pierces_covent_garden,1666,5,23,walk,
mrs_pierces_covent_garden,home_seething_lane,1666,5,23,coach,Elizabeth Pepys; Mercer
home_seething_lane,navy_office,1666,5,24,walk,
navy_office,home_seething_lane,1666,5,24,walk,
home_seething_lane,kingsland,1666,5,24,coach,Elizabeth Pepys
kingsland,home_seething_lane,1666,5,24,coach,Elizabeth Pepys
home_seething_lane,royal_exchange,1666,5,25,walk,
royal_exchange,sir_g_carterets_broad_st,1666,5,25,walk,
sir_g_carterets_broad_st,home_seething_lane,1666,5,25,walk,
home_seething_lane,excise_office,1666,5,25,walk,
excise_office,home_seething_lane,1666,5,25,walk,
home_seething_lane,hackney,1666,5,25,coach,Elizabeth Pepys; Mercer
hackney,home_seething_lane,1666,5,25,coach,Elizabeth Pepys; Mercer
home_seething_lane,navy_office,1666,5,26,walk,
navy_office,victualling_office,1666,5,26,walk,
victualling_office,navy_office,1666,5,26,walk,
navy_office,home_seething_lane,1666,5,26,walk,
home_seething_lane,parish_church,1666,5,27,walk,Elizabeth Pepys
parish_church,home_seething_lane,1666,5,27,walk,Elizabeth Pepys
home_seething_lane,mrs_martins_lodging,1666,5,27,boat,
mrs_martins_lodging,swan_palace,1666,5,27,walk,
swan_palace,home_seething_lane,1666,5,27,boat,
home_seething_lane,greenwich,1666,5,27,boat,Elizabeth Pepys
greenwich,home_seething_lane,1666,5,27,boat,Elizabeth Pepys
home_seething_lane,navy_office,1666,5,28,walk,
navy_office,deptford,1666,5,28,boat,
deptford,redriffe,1666,5,28,walk,
redriffe,home_seething_lane,1666,5,28,walk,
home_seething_lane,navy_office,1666,5,28,walk,
navy_office,excise_office,1666,5,28,walk,
excise_office,home_seething_lane,1666,5,28,walk,
home_seething_lane,navy_office,1666,5,29,walk,
navy_office,sir_w_pen_house,1666,5,29,walk,
sir_w_pen_house,victualling_office,1666,5,29,walk,Sir W. Coventry; Sir W. Pen
victualling_office,navy_office,1666,5,29,walk,
navy_office,home_seething_lane,1666,5,29,walk,
home_seething_lane,foxhall_spring_gardens,1666,5,29,coach,Elizabeth Pepys; John Creed
foxhall_spring_gardens,new_exchange,1666,5,29,coach,Elizabeth Pepys; Mrs. Pierce; John Creed
new_exchange,home_seething_lane,1666,5,29,coach,Elizabeth Pepys
home_seething_lane,navy_office,1666,5,30,walk,
navy_office,whitehall,1666,5,30,walk,
whitehall,exchequer,1666,5,30,boat,
exchequer,sir_ph_warwickes,1666,5,30,walk,
sir_ph_warwickes,navy_office,1666,5,30,walk,
navy_office,home_seething_lane,1666,5,30,walk,
home_seething_lane,lord_ashlys_house,1666,5,30,walk,
lord_ashlys_house,whitehall,1666,5,30,walk,
whitehall,lord_treasurers_house,1666,5,30,walk,
lord_treasurers_house,lovetts_house,1666,5,30,walk,
lovetts_house,home_seething_lane,1666,5,30,walk,
home_seething_lane,deptford,1666,5,30,boat,
deptford,home_seething_lane,1666,5,30,boat,
home_seething_lane,deptford,1666,5,31,boat,
deptford,blackwall,1666,5,31,boat,
blackwall,home_seething_lane,1666,5,31,boat,
home_seething_lane,navy_office,1666,6,1,walk,
navy_office,mr_woollys,1666,6,1,walk,John Pepys Sr.; Elizabeth Pepys; Pall Pepys
mr_woollys,navy_office,1666,6,1,walk,
navy_office,home_seething_lane,1666,6,1,walk,
home_seething_lane,navy_office,1666,6,2,walk,
navy_office,victualling_office,1666,6,2,walk,
victualling_office,greenwich,1666,6,2,boat,
greenwich,greenwich_park,1666,6,2,walk,Captain Erwin
greenwich_park,kings_head_greenwich,1666,6,2,walk,Captain Erwin
kings_head_greenwich,kings_house_greenwich,1666,6,2,walk,
kings_house_greenwich,blackwall,1666,6,2,boat,
blackwall,home_seething_lane,1666,6,2,boat,
home_seething_lane,whitehall,1666,6,3,boat,
whitehall,parish_church,1666,6,3,boat,
parish_church,home_seething_lane,1666,6,3,walk,
home_seething_lane,royal_exchange,1666,6,3,walk,
royal_exchange,st_margarets_westminster,1666,6,3,walk,
st_margarets_westminster,westminster_abbey,1666,6,3,walk,
westminster_abbey,mrs_martins_lodging,1666,6,3,walk,
mrs_martins_lodging,whitehall,1666,6,3,walk,
whitehall,hyde_park,1666,6,3,coach,John Creed
hyde_park,home_seething_lane,1666,6,3,coach,
home_seething_lane,st_james_palace,1666,6,4,coach,Sir J. Minnes; Sir W. Pen
st_james_palace,home_seething_lane,1666,6,4,coach,Sir W. Pen
home_seething_lane,somerset_house_stairs,1666,6,4,coach,Mr. Daniel
somerset_house_stairs,whitehall,1666,6,4,boat,Mr. Daniel
whitehall,new_exchange,1666,6,4,coach,
new_exchange,parish_church,1666,6,4,walk,
parish_church,home_seething_lane,1666,6,4,walk,
home_seething_lane,gresham_college,1666,6,4,walk,
gresham_college,crown_tavern_exchange,1666,6,4,walk,
crown_tavern_exchange,whitehall,1666,6,4,coach,Lord Bruncker; John Creed
whitehall,st_james_park,1666,6,4,walk,John Creed
st_james_park,home_seething_lane,1666,6,4,boat,
home_seething_lane,navy_office,1666,6,5,walk,
navy_office,home_seething_lane,1666,6,5,walk,
home_seething_lane,deptford,1666,6,5,boat,
deptford,woolwich,1666,6,5,boat,
woolwich,longreach,1666,6,5,boat,
longreach,home_seething_lane,1666,6,5,boat,
home_seething_lane,victualling_office,1666,6,6,walk,
victualling_office,st_james_palace,1666,6,6,boat,
st_james_palace,whitehall,1666,6,6,walk,
whitehall,new_exchange,1666,6,6,coach,
new_exchange,parish_church,1666,6,6,walk,
parish_church,home_seething_lane,1666,6,6,walk,
home_seething_lane,mr_hales_studio,1666,6,6,coach,
mr_hales_studio,lovetts_house,1666,6,6,walk,
lovetts_house,home_seething_lane,1666,6,6,walk,
home_seething_lane,bow,1666,6,6,coach,
bow,home_seething_lane,1666,6,6,coach,
home_seething_lane,navy_office,1666,6,7,walk,
navy_office,royal_exchange,1666,6,7,walk,
royal_exchange,home_seething_lane,1666,6,7,walk,
home_seething_lane,whitehall,1666,6,7,walk,
whitehall,home_seething_lane,1666,6,7,walk,
home_seething_lane,st_james_palace,1666,6,8,walk,
st_james_palace,exchequer,1666,6,8,walk,
exchequer,home_seething_lane,1666,6,8,walk,
home_seething_lane,navy_office,1666,6,8,walk,Balthasar St. Michel
navy_office,whitehall,1666,6,8,walk,
whitehall,sir_w_warrens_house,1666,6,8,boat,John Creed
sir_w_warrens_house,navy_office,1666,6,8,boat,
navy_office,home_seething_lane,1666,6,8,walk,
home_seething_lane,st_james_palace,1666,6,9,walk,
st_james_palace,whitehall,1666,6,9,walk,
whitehall,westminster_hall,1666,6,9,walk,
westminster_hall,whitehall,1666,6,9,walk,
whitehall,old_swan,1666,6,9,boat,
old_swan,mr_michells_house,1666,6,9,walk,
mr_michells_house,home_seething_lane,1666,6,9,walk,
home_seething_lane,deptford,1666,6,10,boat,
deptford,navy_office,1666,6,10,boat,
navy_office,home_seething_lane,1666,6,10,walk,
home_seething_lane,whitehall,1666,6,10,boat,
whitehall,mr_ashburnhams,1666,6,10,walk,
mr_ashburnhams,old_swan,1666,6,10,boat,Mr. Michell; Betty Michell
old_swan,home_seething_lane,1666,6,10,boat,
home_seething_lane,sir_w_warrens_house,1666,6,11,boat,
sir_w_warrens_house,navy_office,1666,6,11,boat,
navy_office,home_seething_lane,1666,6,11,walk,
home_seething_lane,deptford,1666,6,11,walk,Lady Pen; Margaret Pen
deptford,navy_office,1666,6,11,boat,Sir W. Batten
navy_office,home_seething_lane,1666,6,12,walk,
home_seething_lane,navy_office,1666,6,12,walk,
navy_office,home_seething_lane,1666,6,12,walk,
home_seething_lane,whitehall,1666,6,12,walk,
whitehall,deptford,1666,6,12,boat,
deptford,home_seething_lane,1666,6,12,boat,
home_seething_lane,st_james_palace,1666,6,13,coach,
st_james_palace,whitehall,1666,6,13,walk,
whitehall,exchequer,1666,6,13,walk,Balthasar St. Michel
exchequer,mr_hales_studio,1666,6,13,walk,Balthasar St. Michel
mr_hales_studio,home_seething_lane,1666,6,13,coach,
home_seething_lane,excise_office,1666,6,13,walk,
excise_office,mings_funeral_church,1666,6,13,walk,
mings_funeral_church,home_seething_lane,1666,6,13,walk,Sir W. Coventry
home_seething_lane,deptford,1666,6,13,boat,
deptford,bagwells_house,1666,6,13,walk,
bagwells_house,home_seething_lane,1666,6,13,boat,
home_seething_lane,navy_office,1666,6,14,walk,
navy_office,mr_hales_studio,1666,6,14,walk,Elizabeth Pepys; John Pepys Sr.
mr_hales_studio,whitehall,1666,6,14,coach,
whitehall,home_seething_lane,1666,6,14,coach,
home_seething_lane,katherine_wheel_islington,1666,6,14,coach,Elizabeth Pepys; John Pepys Sr.; Pall Pepys; Mercer
katherine_wheel_islington,home_seething_lane,1666,6,14,coach,Elizabeth Pepys; John Pepys Sr.; Pall Pepys; Mercer
home_seething_lane,navy_office,1666,6,15,walk,
navy_office,exchequer,1666,6,15,walk,
exchequer,home_seething_lane,1666,6,15,walk,
home_seething_lane,deptford,1666,6,16,boat,
deptford,home_seething_lane,1666,6,16,walk,
home_seething_lane,deptford,1666,6,16,boat,
deptford,woolwich,1666,6,16,boat,
woolwich,whitehall,1666,6,16,boat,
whitehall,exchequer,1666,6,16,walk,
exchequer,mr_hales_studio,1666,6,16,walk,
mr_hales_studio,home_seething_lane,1666,6,16,coach,Elizabeth Pepys
home_seething_lane,islington,1666,6,16,coach,Elizabeth Pepys; Mrs. Barbary; Mercer
islington,home_seething_lane,1666,6,16,coach,Elizabeth Pepys; Mrs. Barbary; Mercer
home_seething_lane,chris_church,1666,6,17,walk,Elizabeth Pepys; Pall Pepys; Mercer
chris_church,anthony_joyces_house,1666,6,17,walk,Elizabeth Pepys; Pall Pepys; Mercer
anthony_joyces_house,grays_inn_fields,1666,6,17,walk,John Pepys Sr.
grays_inn_fields,anthony_joyces_house,1666,6,17,walk,John Pepys Sr.
anthony_joyces_house,new_exchange,1666,6,17,walk,
new_exchange,milke_house_strand,1666,6,17,walk,
milke_house_strand,anthony_joyces_house,1666,6,17,coach,
anthony_joyces_house,islington,1666,6,17,coach,Elizabeth Pepys; John Pepys Sr.; Pall Pepys; Mercer
islington,hackney,1666,6,17,coach,Elizabeth Pepys; John Pepys Sr.; Pall Pepys; Mercer
hackney,home_seething_lane,1666,6,17,coach,Elizabeth Pepys; John Pepys Sr.; Pall Pepys; Mercer
home_seething_lane,lombard_street,1666,6,18,walk,
lombard_street,exchequer,1666,6,18,walk,
exchequer,mr_hales_studio,1666,6,18,walk,
mr_hales_studio,lord_bellasses_house,1666,6,18,walk,
lord_bellasses_house,navy_office,1666,6,18,walk,
navy_office,colvills_goldsmith,1666,6,18,walk,
colvills_goldsmith,deptford,1666,6,18,boat,
deptford,home_seething_lane,1666,6,18,boat,
home_seething_lane,navy_office,1666,6,19,walk,
navy_office,will_joyces_house,1666,6,19,walk,John Creed
will_joyces_house,mr_pennys_tailor,1666,6,19,walk,John Creed
mr_pennys_tailor,sir_g_carterets_broad_st,1666,6,19,walk,
sir_g_carterets_broad_st,home_seething_lane,1666,6,19,walk,
home_seething_lane,st_james_palace,1666,6,20,walk,
st_james_palace,exchequer,1666,6,20,walk,
exchequer,mrs_martins_lodging,1666,6,20,walk,
mrs_martins_lodging,swan_palace,1666,6,20,walk,
swan_palace,faithornes,1666,6,20,walk,
faithornes,mr_hales_studio,1666,6,20,walk,
mr_hales_studio,bennetts_paternoster_row,1666,6,20,walk,Mrs. Williams; Mrs. Knipp
bennetts_paternoster_row,home_seething_lane,1666,6,20,coach,
home_seething_lane,navy_office,1666,6,21,walk,
navy_office,home_seething_lane,1666,6,21,walk,
home_seething_lane,mr_debastys,1666,6,21,walk,
mr_debastys,home_seething_lane,1666,6,21,walk,Sir Robert Viner
home_seething_lane,deptford,1666,6,22,boat,
deptford,exchequer,1666,6,22,boat,
exchequer,home_seething_lane,1666,6,22,walk,
home_seething_lane,navy_office,1666,6,23,walk,
navy_office,home_seething_lane,1666,6,23,walk,
home_seething_lane,deptford,1666,6,23,boat,
deptford,redriffe,1666,6,23,walk,
redriffe,home_seething_lane,1666,6,23,walk,
home_seething_lane,deptford,1666,6,24,boat,
deptford,home_seething_lane,1666,6,24,boat,
home_seething_lane,whitehall,1666,6,24,boat,
whitehall,st_james_palace,1666,6,24,walk,
st_james_palace,hyde_park,1666,6,24,coach,Sir W. Coventry
hyde_park,whitehall,1666,6,24,coach,Sir W. Coventry
whitehall,home_seething_lane,1666,6,24,boat,
home_seething_lane,deptford,1666,6,25,boat,
deptford,bear_tavern_greenwich,1666,6,25,boat,
bear_tavern_greenwich,deptford,1666,6,25,boat,Sir W. Batten
deptford,home_seething_lane,1666,6,25,boat,
home_seething_lane,mr_drakes_hackney,1666,6,25,coach,Elizabeth Pepys; Mercer; Margaret Pen
mr_drakes_hackney,lord_brookes_hackney,1666,6,25,coach,Elizabeth Pepys; Mercer; Margaret Pen
lord_brookes_hackney,tavern_hackney_church,1666,6,25,coach,Elizabeth Pepys; Mercer; Margaret Pen
tavern_hackney_church,home_seething_lane,1666,6,25,coach,Elizabeth Pepys; Mercer; Margaret Pen
home_seething_lane,navy_office,1666,6,26,walk,
navy_office,home_seething_lane,1666,6,26,walk,
home_seething_lane,st_james_palace,1666,6,27,boat,
st_james_palace,old_exchange,1666,6,27,walk,
old_exchange,home_seething_lane,1666,6,27,walk,
home_seething_lane,mr_hales_studio,1666,6,27,coach,Elizabeth Pepys
mr_hales_studio,lovetts_house,1666,6,27,walk,
lovetts_house,grays_inn_fields,1666,6,27,walk,Mr. Lovett
grays_inn_fields,lord_bellasses_house,1666,6,27,walk,
lord_bellasses_house,home_seething_lane,1666,6,27,coach,Elizabeth Pepys
home_seething_lane,navy_office,1666,6,28,walk,
navy_office,home_seething_lane,1666,6,28,walk,
home_seething_lane,sir_r_viners,1666,6,28,walk,
sir_r_viners,navy_office,1666,6,28,walk,
navy_office,home_seething_lane,1666,6,29,walk,
home_seething_lane,deptford,1666,6,29,boat,
deptford,home_seething_lane,1666,6,29,boat,
home_seething_lane,whitehall,1666,6,29,walk,
whitehall,westminster_hall,1666,6,29,walk,
westminster_hall,st_james_palace,1666,6,29,walk,
st_james_palace,navy_office,1666,6,29,walk,
navy_office,home_seething_lane,1666,6,29,walk,
home_seething_lane,lord_mayors_house,1666,6,30,walk,
lord_mayors_house,bridewell,1666,6,30,walk,
bridewell,navy_office,1666,6,30,walk,
navy_office,home_seething_lane,1666,6,30,walk,
home_seething_lane,navy_office,1666,7,1,walk,
navy_office,deptford,1666,7,1,boat,
deptford,tower,1666,7,1,boat,
tower,home_seething_lane,1666,7,1,walk,
home_seething_lane,navy_office,1666,7,1,walk,
navy_office,home_seething_lane,1666,7,1,walk,
home_seething_lane,lord_mayors_house,1666,7,2,walk,
lord_mayors_house,bridewell,1666,7,2,walk,
bridewell,tower,1666,7,2,walk,
tower,home_seething_lane,1666,7,2,walk,
home_seething_lane,excise_office,1666,7,2,walk,
excise_office,sir_w_pen_house,1666,7,2,walk,
sir_w_pen_house,deptford,1666,7,2,boat,
deptford,tower,1666,7,2,boat,
tower,home_seething_lane,1666,7,3,walk,
home_seething_lane,navy_office,1666,7,3,walk,
navy_office,home_seething_lane,1666,7,3,walk,
home_seething_lane,lord_treasurers_house,1666,7,3,coach,Pall Pepys
lord_treasurers_house,navy_office,1666,7,3,walk,
navy_office,home_seething_lane,1666,7,4,walk,
home_seething_lane,st_james_palace,1666,7,4,walk,Robert Shepley
st_james_palace,lord_bellasses_house,1666,7,4,walk,
lord_bellasses_house,home_seething_lane,1666,7,4,walk,
home_seething_lane,navy_office,1666,7,4,walk,
navy_office,home_seething_lane,1666,7,4,walk,
home_seething_lane,navy_office,1666,7,5,walk,
navy_office,home_seething_lane,1666,7,5,walk,
home_seething_lane,lombard_street,1666,7,5,walk,
lombard_street,navy_office,1666,7,5,walk,
navy_office,home_seething_lane,1666,7,6,walk,
home_seething_lane,lombard_street,1666,7,6,walk,
lombard_street,navy_office,1666,7,6,walk,
navy_office,tower,1666,7,6,walk,
tower,sir_g_carterets_broad_st,1666,7,6,walk,
sir_g_carterets_broad_st,lombard_street,1666,7,6,walk,
lombard_street,home_seething_lane,1666,7,6,walk,
home_seething_lane,mr_michells_house,1666,7,6,walk,
mr_michells_house,exchequer,1666,7,6,boat,Mr. Michell Sr.
exchequer,home_seething_lane,1666,7,6,boat,
home_seething_lane,navy_office,1666,7,7,walk,
navy_office,home_seething_lane,1666,7,7,walk,
home_seething_lane,parish_church,1666,7,8,walk,Elizabeth Pepys; Mercer
parish_church,home_seething_lane,1666,7,8,walk,Elizabeth Pepys; Mercer
home_seething_lane,foxhall_spring_gardens,1666,7,8,boat,Elizabeth Pepys; Mercer
foxhall_spring_gardens,deptford,1666,7,8,boat,Elizabeth Pepys; Mercer
deptford,home_seething_lane,1666,7,8,boat,Elizabeth Pepys; Mercer
home_seething_lane,sir_g_downings_house,1666,7,9,coach,Sir W. Pen
sir_g_downings_house,home_seething_lane,1666,7,9,boat,
home_seething_lane,navy_office,1666,7,9,walk,
navy_office,home_seething_lane,1666,7,9,walk,
home_seething_lane,navy_office,1666,7,10,walk,
navy_office,tower,1666,7,10,walk,
tower,home_seething_lane,1666,7,10,walk,
home_seething_lane,navy_office,1666,7,10,walk,
navy_office,home_seething_lane,1666,7,10,walk,
home_seething_lane,sir_g_downings_house,1666,7,11,boat,
sir_g_downings_house,st_james_palace,1666,7,11,coach,
st_james_palace,westminster_hall,1666,7,11,walk,
westminster_hall,swan_palace,1666,7,11,walk,
swan_palace,home_seething_lane,1666,7,11,walk,
home_seething_lane,sir_r_viners,1666,7,11,walk,
sir_r_viners,home_seething_lane,1666,7,11,walk,
home_seething_lane,islington,1666,7,11,coach,Elizabeth Pepys
islington,hackney,1666,7,11,coach,Elizabeth Pepys
hackney,home_seething_lane,1666,7,11,coach,Elizabeth Pepys
home_seething_lane,tower,1666,7,11,walk,
tower,greenwich,1666,7,11,boat,
greenwich,mrs_clerkes_greenwich,1666,7,11,walk,
mrs_clerkes_greenwich,tower,1666,7,12,boat,
tower,goring_house,1666,7,12,coach,
goring_house,st_james_palace,1666,7,12,walk,
st_james_palace,navy_office,1666,7,12,coach,Sir W. Coventry
navy_office,home_seething_lane,1666,7,12,walk,
home_seething_lane,paddington,1666,7,12,coach,Mrs. Burroughs
paddington,lissen_green,1666,7,12,coach,Mrs. Burroughs
lissen_green,charing_cross,1666,7,12,coach,Mrs. Burroughs
charing_cross,whitehall,1666,7,12,walk,
whitehall,home_seething_lane,1666,7,12,walk,
home_seething_lane,navy_office,1666,7,13,walk,
navy_office,royal_exchange,1666,7,13,walk,
royal_exchange,home_seething_lane,1666,7,13,walk,
home_seething_lane,sir_r_viners,1666,7,13,walk,
sir_r_viners,navy_office,1666,7,13,walk,
navy_office,home_seething_lane,1666,7,13,walk,
home_seething_lane,navy_office,1666,7,14,walk,
navy_office,mr_michells_house,1666,7,14,walk,
mr_michells_house,navy_office,1666,7,14,walk,
navy_office,home_seething_lane,1666,7,14,walk,
home_seething_lane,parish_church,1666,7,15,walk,Elizabeth Pepys; Mercer
parish_church,home_seething_lane,1666,7,15,walk,
home_seething_lane,whitehall,1666,7,15,walk,Mr. Michell
whitehall,st_james_park,1666,7,15,walk,
st_james_park,westminster_abbey,1666,7,15,walk,
westminster_abbey,hackney,1666,7,15,coach,Elizabeth Pepys; Mr. Michell; Betty Michell
hackney,home_seething_lane,1666,7,15,coach,Elizabeth Pepys; Mr. Michell; Betty Michell
home_seething_lane,navy_office,1666,7,17,walk,
navy_office,home_seething_lane,1666,7,17,walk,
home_seething_lane,new_exchange,1666,7,17,coach,Elizabeth Pepys
new_exchange,home_seething_lane,1666,7,17,coach,Elizabeth Pepys
home_seething_lane,bow,1666,7,17,coach,Sir W. Pen
bow,home_seething_lane,1666,7,17,coach,Sir W. Pen
home_seething_lane,st_james_palace,1666,7,18,coach,
st_james_palace,lillys_studio,1666,7,18,coach,Sir W. Pen
lillys_studio,home_seething_lane,1666,7,18,coach,Sir W. Pen
home_seething_lane,greenwich,1666,7,18,boat,
greenwich,woolwich,1666,7,18,walk,
woolwich,deptford,1666,7,18,boat,
deptford,bagwells_house,1666,7,18,walk,
bagwells_house,home_seething_lane,1666,7,18,boat,
home_seething_lane,navy_office,1666,7,19,walk,
navy_office,home_seething_lane,1666,7,19,walk,
home_seething_lane,st_james_palace,1666,7,20,coach,Sir W. Pen
st_james_palace,whitehall,1666,7,20,walk,
whitehall,lovetts_house,1666,7,20,walk,
lovetts_house,home_seething_lane,1666,7,20,walk,
home_seething_lane,navy_office,1666,7,20,walk,
navy_office,home_seething_lane,1666,7,20,walk,
home_seething_lane,navy_office,1666,7,21,walk,
navy_office,home_seething_lane,1666,7,21,walk,
home_seething_lane,whitehall,1666,7,22,walk,
whitehall,home_seething_lane,1666,7,22,walk,
home_seething_lane,excise_office,1666,7,23,walk,
excise_office,home_seething_lane,1666,7,23,walk,
home_seething_lane,st_james_palace,1666,7,23,coach,
st_james_palace,st_james_park,1666,7,23,walk,Sir W. Coventry; Sir G. Downing
st_james_park,whitehall,1666,7,23,walk,Sir G. Downing
whitehall,home_seething_lane,1666,7,23,coach,
home_seething_lane,navy_office,1666,7,24,walk,
navy_office,home_seething_lane,1666,7,24,walk,
home_seething_lane,st_james_palace,1666,7,25,coach,Sir W. Batten
st_james_palace,whitehall,1666,7,25,walk,
whitehall,mrs_martins_new_lodging,1666,7,25,walk,
mrs_martins_new_lodging,whitehall,1666,7,25,walk,
whitehall,home_seething_lane,1666,7,25,boat,
home_seething_lane,lovetts_house,1666,7,25,coach,
lovetts_house,reeves_glassmaker,1666,7,25,coach,Mr. Spong
reeves_glassmaker,home_seething_lane,1666,7,25,coach,
home_seething_lane,navy_office,1666,7,26,walk,
navy_office,home_seething_lane,1666,7,26,walk,
home_seething_lane,whitehall,1666,7,26,coach,Mr. Hunt
whitehall,mrs_pierces_covent_garden,1666,7,26,walk,
mrs_pierces_covent_garden,lord_chancellors_new_house,1666,7,26,coach,Elizabeth Pepys; Mercer
lord_chancellors_new_house,islington,1666,7,26,coach,Elizabeth Pepys; Mercer
islington,kingsland,1666,7,26,coach,Elizabeth Pepys; Mercer
kingsland,home_seething_lane,1666,7,26,coach,Elizabeth Pepys; Mercer
home_seething_lane,navy_office,1666,7,27,walk,
navy_office,home_seething_lane,1666,7,27,walk,
home_seething_lane,old_swan,1666,7,27,walk,
old_swan,whitehall,1666,7,27,boat,
whitehall,st_james_park,1666,7,27,walk,Sir W. Coventry
st_james_park,islington,1666,7,27,coach,John Creed
islington,home_seething_lane,1666,7,27,coach,
home_seething_lane,navy_office,1666,7,28,walk,
navy_office,popes_head_tavern,1666,7,28,walk,Lord Bruncker; Sir W. Warren
popes_head_tavern,whitehall,1666,7,28,coach,Lord Bruncker
whitehall,st_james_palace,1666,7,28,walk,
st_james_palace,highgate,1666,7,28,coach,Lord Bruncker
highgate,lord_lauderdales_highgate,1666,7,28,walk,Lord Bruncker
lord_lauderdales_highgate,lord_brunckers_covent_garden,1666,7,28,coach,Lord Bruncker
lord_brunckers_covent_garden,home_seething_lane,1666,7,28,coach,
home_seething_lane,parish_church,1666,7,29,walk,
parish_church,home_seething_lane,1666,7,29,walk,
home_seething_lane,navy_office,1666,7,30,walk,
navy_office,st_james_palace,1666,7,30,walk,
st_james_palace,home_seething_lane,1666,7,30,walk,
home_seething_lane,navy_office,1666,7,31,walk,
navy_office,home_seething_lane,1666,7,31,walk,
home_seething_lane,whitehall,1666,7,31,walk,
whitehall,westminster_hall,1666,7,31,walk,John Creed
westminster_hall,mrs_martins_new_lodging,1666,7,31,walk,
mrs_martins_new_lodging,old_swan,1666,7,31,boat,
old_swan,mr_michells_house,1666,7,31,walk,
mr_michells_house,home_seething_lane,1666,7,31,walk,
home_seething_lane,st_james_palace,1666,8,1,coach,
st_james_palace,st_james_park,1666,8,1,walk,Sir W. Coventry
st_james_park,mrs_martins_new_lodging,1666,8,1,walk,
mrs_martins_new_lodging,westminster_abbey,1666,8,1,walk,
westminster_abbey,swan_palace,1666,8,1,walk,
swan_palace,mrs_martins_new_lodging,1666,8,1,walk,
mrs_martins_new_lodging,mrs_eastwoods_lodging,1666,8,1,coach,Mrs. Eastwood; Mrs. Fenton
mrs_eastwoods_lodging,home_seething_lane,1666,8,1,coach,
home_seething_lane,navy_office,1666,8,2,walk,Sir W. Batten
navy_office,victualling_office,1666,8,2,walk,John Creed
victualling_office,lord_brunckers_covent_garden,1666,8,2,coach,John Creed
lord_brunckers_covent_garden,woolwich,1666,8,2,boat,
woolwich,home_seething_lane,1666,8,2,boat,Elizabeth Pepys; Mercer; Mr. Batelier
home_seething_lane,navy_office,1666,8,2,walk,
navy_office,home_seething_lane,1666,8,2,walk,
home_seething_lane,navy_office,1666,8,3,walk,
navy_office,home_seething_lane,1666,8,3,walk,
home_seething_lane,whitehall,1666,8,3,walk,
whitehall,home_seething_lane,1666,8,3,coach,Elizabeth Pepys
home_seething_lane,navy_office,1666,8,4,walk,
navy_office,home_seething_lane,1666,8,4,walk,
home_seething_lane,old_swan,1666,8,5,walk,
old_swan,mr_michells_house,1666,8,5,walk,
mr_michells_house,st_james_palace,1666,8,5,boat,Mr. Michell; Betty Michell
st_james_palace,home_seething_lane,1666,8,5,boat,
home_seething_lane,merchant_taylors_church,1666,8,5,walk,
merchant_taylors_church,home_seething_lane,1666,8,5,walk,
home_seething_lane,mortlake,1666,8,5,boat,Elizabeth Pepys; Mercer; Jane
mortlake,barn_elms,1666,8,5,boat,Elizabeth Pepys; Mercer; Jane
barn_elms,neat_houses,1666,8,5,boat,Elizabeth Pepys; Mercer; Jane
neat_houses,wandsworth,1666,8,5,boat,Elizabeth Pepys; Mercer; Jane
wandsworth,old_swan,1666,8,5,boat,Elizabeth Pepys; Mercer; Jane
old_swan,home_seething_lane,1666,8,5,walk,Elizabeth Pepys; Mercer; Jane
home_seething_lane,navy_office,1666,8,6,walk,
navy_office,lady_montagus_westminster,1666,8,6,boat,
lady_montagus_westminster,lord_treasurers_house,1666,8,6,walk,
lord_treasurers_house,home_seething_lane,1666,8,6,walk,
home_seething_lane,old_fish_street,1666,8,6,coach,Mrs. Knipp; Mrs. Pierce
old_fish_street,mrs_pierces_covent_garden,1666,8,6,coach,Mrs. Knipp; Mrs. Pierce
mrs_pierces_covent_garden,home_seething_lane,1666,8,6,coach,
home_seething_lane,navy_office,1666,8,7,walk,
navy_office,home_seething_lane,1666,8,7,walk,
home_seething_lane,the_temple,1666,8,8,walk,Mr. Reeves
the_temple,st_james_palace,1666,8,8,coach,
st_james_palace,lord_treasurers_house,1666,8,8,coach,Mrs. Burroughs
lord_treasurers_house,exchequer,1666,8,8,walk,
exchequer,westminster_abbey,1666,8,8,walk,
westminster_abbey,lissen_green,1666,8,8,coach,Mrs. Burroughs
lissen_green,acton,1666,8,8,coach,Mrs. Burroughs
acton,chelsea,1666,8,8,coach,Mrs. Burroughs
chelsea,home_seething_lane,1666,8,8,coach,
home_seething_lane,lady_poolys_bow,1666,8,8,coach,
lady_poolys_bow,home_seething_lane,1666,8,8,coach,Elizabeth Pepys; Mercer; Mr. Batelier
home_seething_lane,navy_office,1666,8,9,walk,
navy_office,home_seething_lane,1666,8,9,walk,
home_seething_lane,lombard_street,1666,8,9,walk,
lombard_street,home_seething_lane,1666,8,9,walk,
home_seething_lane,exchequer,1666,8,10,boat,
exchequer,royal_exchange,1666,8,10,walk,
royal_exchange,home_seething_lane,1666,8,10,walk,
home_seething_lane,lord_chancellors_new_house,1666,8,10,coach,John Creed
lord_chancellors_new_house,home_seething_lane,1666,8,10,boat,
home_seething_lane,navy_office,1666,8,11,walk,
navy_office,home_seething_lane,1666,8,11,walk,
home_seething_lane,colvills_goldsmith,1666,8,11,walk,
colvills_goldsmith,navy_office,1666,8,11,walk,
navy_office,home_seething_lane,1666,8,13,walk,Elizabeth Pepys
home_seething_lane,colvills_goldsmith,1666,8,13,walk,
colvills_goldsmith,st_pauls_churchyard,1666,8,13,walk,
st_pauls_churchyard,colvills_goldsmith,1666,8,13,walk,
colvills_goldsmith,exchequer,1666,8,13,coach,Mr. Colvill
exchequer,whitehall,1666,8,13,walk,
whitehall,royal_exchange,1666,8,13,coach,Mr. Robinson
royal_exchange,home_seething_lane,1666,8,13,walk,
home_seething_lane,old_swan,1666,8,14,walk,
old_swan,mr_michells_house,1666,8,14,walk,
mr_michells_house,whitehall,1666,8,14,boat,
whitehall,home_seething_lane,1666,8,14,coach,Captain Cocke
home_seething_lane,bear_garden,1666,8,14,coach,Elizabeth Pepys; Mercer
bear_garden,home_seething_lane,1666,8,14,coach,Elizabeth Pepys; Mercer
home_seething_lane,st_james_palace,1666,8,15,walk,
st_james_palace,exchequer,1666,8,15,walk,Sir W. Coventry
exchequer,old_exchange,1666,8,15,walk,
old_exchange,home_seething_lane,1666,8,15,walk,
home_seething_lane,deptford,1666,8,15,boat,
deptford,redriffe,1666,8,15,walk,
redriffe,home_seething_lane,1666,8,15,walk,
home_seething_lane,navy_office,1666,8,16,walk,
navy_office,home_seething_lane,1666,8,16,walk,
home_seething_lane,greenwich,1666,8,17,boat,Captain Erwin
greenwich,woolwich,1666,8,17,walk,
woolwich,exchequer,1666,8,17,boat,Captain Erwin
exchequer,home_seething_lane,1666,8,17,boat,
home_seething_lane,whitehall,1666,8,17,coach,Elizabeth Pepys
whitehall,home_seething_lane,1666,8,17,coach,Elizabeth Pepys
home_seething_lane,navy_office,1666,8,18,walk,
navy_office,home_seething_lane,1666,8,18,walk,
home_seething_lane,navy_office,1666,8,18,walk,
navy_office,royal_exchange,1666,8,18,coach,Lord Bruncker
royal_exchange,home_seething_lane,1666,8,18,walk,
home_seething_lane,deptford,1666,8,20,boat,
deptford,old_swan,1666,8,20,walk,
old_swan,mr_michells_house,1666,8,20,walk,
mr_michells_house,exchequer,1666,8,20,walk,
exchequer,lombard_street,1666,8,20,walk,
lombard_street,home_seething_lane,1666,8,20,walk,
home_seething_lane,navy_office,1666,8,21,walk,
navy_office,home_seething_lane,1666,8,21,walk,
home_seething_lane,new_exchange,1666,8,21,coach,Elizabeth Pepys
new_exchange,exchequer,1666,8,21,walk,
exchequer,westminster_hall,1666,8,21,walk,
westminster_hall,lombard_street,1666,8,21,coach,Elizabeth Pepys
lombard_street,home_seething_lane,1666,8,21,walk,
home_seething_lane,exchequer,1666,8,22,coach,
exchequer,st_james_palace,1666,8,22,walk,
st_james_palace,exchequer,1666,8,22,walk,
exchequer,home_seething_lane,1666,8,22,walk,
home_seething_lane,moorfields,1666,8,22,coach,Elizabeth Pepys; Mrs. Knipp; Mercer
moorfields,home_seething_lane,1666,8,22,coach,Elizabeth Pepys; Mercer
home_seething_lane,navy_office,1666,8,23,walk,
navy_office,home_seething_lane,1666,8,23,walk,
home_seething_lane,navy_office,1666,8,25,walk,
navy_office,home_seething_lane,1666,8,25,walk,
home_seething_lane,whitehall,1666,8,26,coach,Sir W. Pen
whitehall,katherine_wheel_islington,1666,8,26,coach,Sir W. Pen
katherine_wheel_islington,home_seething_lane,1666,8,26,coach,Sir W. Pen
home_seething_lane,navy_office,1666,8,27,walk,
navy_office,victualling_office,1666,8,27,walk,
victualling_office,home_seething_lane,1666,8,27,boat,Mr. Wilson
home_seething_lane,navy_office,1666,8,27,walk,
navy_office,home_seething_lane,1666,8,27,walk,
home_seething_lane,mrs_martins_new_lodging,1666,8,28,walk,
mrs_martins_new_lodging,navy_office,1666,8,28,walk,
navy_office,home_seething_lane,1666,8,28,walk,
home_seething_lane,philpott_lane_cook,1666,8,28,walk,Elizabeth Pepys; Mercer
philpott_lane_cook,home_seething_lane,1666,8,28,walk,Elizabeth Pepys; Mercer
home_seething_lane,victualling_office,1666,8,28,walk,
victualling_office,home_seething_lane,1666,8,28,walk,
home_seething_lane,lord_bellasses_house,1666,8,29,walk,
lord_bellasses_house,st_james_palace,1666,8,29,coach,Sir W. Pen
st_james_palace,st_james_park,1666,8,29,walk,John Creed
st_james_park,exchequer,1666,8,29,walk,John Creed
exchequer,home_seething_lane,1666,8,29,walk,
home_seething_lane,lord_bellasses_house,1666,8,29,walk,
lord_bellasses_house,home_seething_lane,1666,8,29,walk,
home_seething_lane,islington,1666,8,29,coach,Elizabeth Pepys; Mercer; Mary Batelier
islington,moorfields,1666,8,29,coach,Elizabeth Pepys; Mercer; Mary Batelier
moorfields,home_seething_lane,1666,8,29,coach,Elizabeth Pepys; Mercer; Mary Batelier
home_seething_lane,victualling_office,1666,8,29,walk,
victualling_office,home_seething_lane,1666,8,29,walk,
home_seething_lane,navy_office,1666,8,30,walk,
navy_office,home_seething_lane,1666,8,30,walk,
home_seething_lane,lord_bellasses_house,1666,8,31,walk,
lord_bellasses_house,navy_office,1666,8,31,walk,
navy_office,home_seething_lane,1666,8,31,walk,
home_seething_lane,navy_office,1666,8,31,walk,
navy_office,home_seething_lane,1666,9,1,walk,
home_seething_lane,navy_office,1666,9,1,walk,
navy_office,home_seething_lane,1666,9,1,walk,
home_seething_lane,moorfields,1666,9,1,coach,Sir W. Pen; Elizabeth Pepys; Mercer
moorfields,islington,1666,9,1,coach,Sir W. Pen; Elizabeth Pepys; Mercer
islington,home_seething_lane,1666,9,1,coach,Sir W. Pen; Elizabeth Pepys; Mercer
home_seething_lane,tower,1666,9,2,walk,
tower,steelyard,1666,9,2,boat,
steelyard,whitehall,1666,9,2,boat,
whitehall,st_pauls,1666,9,2,coach,John Creed
st_pauls,watling_street,1666,9,2,walk,John Creed
watling_street,canning_street,1666,9,2,walk,
canning_street,home_seething_lane,1666,9,2,walk,
home_seething_lane,pauls_wharf,1666,9,2,walk,Mr. Moone
pauls_wharf,queenhithe,1666,9,2,boat,Mr. Carcasse
queenhithe,whitehall,1666,9,2,boat,
whitehall,st_james_park,1666,9,2,walk,
st_james_park,alehouse_bankside,1666,9,2,boat,Elizabeth Pepys; John Creed; Mr. Wood
alehouse_bankside,home_seething_lane,1666,9,2,boat,Elizabeth Pepys
home_seething_lane,sir_w_riders_bethnal_green,1666,9,3,coach,
sir_w_riders_bethnal_green,home_seething_lane,1666,9,3,coach,
home_seething_lane,tower_hill,1666,9,3,walk,
tower_hill,home_seething_lane,1666,9,3,walk,
home_seething_lane,tower,1666,9,4,walk,Sir W. Pen
tower,home_seething_lane,1666,9,4,walk,Sir W. Pen
home_seething_lane,mr_sheldens_house,1666,9,5,boat,Elizabeth Pepys; William Hewer; Jane
mr_sheldens_house,deptford,1666,9,5,boat,
deptford,home_seething_lane,1666,9,5,boat,
home_seething_lane,barking_church,1666,9,5,walk,
barking_church,sir_w_pen_house,1666,9,5,walk,
sir_w_pen_house,royal_exchange,1666,9,5,walk,Mr. Young; Mr. Whistler
royal_exchange,moorfields,1666,9,5,walk,
moorfields,cheapside,1666,9,5,walk,
cheapside,home_seething_lane,1666,9,5,walk,
home_seething_lane,southwark,1666,9,6,boat,
southwark,swan_palace,1666,9,6,boat,
swan_palace,whitehall,1666,9,6,walk,
whitehall,home_seething_lane,1666,9,6,walk,
home_seething_lane,sir_r_fords_house,1666,9,6,walk,Sir W. Batten
sir_r_fords_house,deptford,1666,9,6,boat,
deptford,home_seething_lane,1666,9,6,boat,
home_seething_lane,pauls_wharf,1666,9,7,boat,
pauls_wharf,creeds_lodging,1666,9,7,walk,
creeds_lodging,st_james_palace,1666,9,7,walk,
st_james_palace,swan_palace,1666,9,7,walk,
swan_palace,home_seething_lane,1666,9,7,walk,
home_seething_lane,woolwich,1666,9,7,boat,
woolwich,deptford,1666,9,7,boat,
deptford,home_seething_lane,1666,9,7,boat,
home_seething_lane,whitehall,1666,9,8,boat,Sir W. Batten; Sir W. Pen
whitehall,st_james_palace,1666,9,8,walk,
st_james_palace,cockpit,1666,9,8,walk,Sir W. Batten
cockpit,home_seething_lane,1666,9,8,walk,
home_seething_lane,gresham_college,1666,9,8,walk,John Pepys Jr.
gresham_college,sir_w_batten_house,1666,9,8,walk,John Pepys Jr.
sir_w_batten_house,sir_w_riders_bethnal_green,1666,9,8,coach,John Pepys Jr.
sir_w_riders_bethnal_green,navy_office,1666,9,8,coach,John Pepys Jr.
navy_office,sir_w_pen_house,1666,9,8,walk,
sir_w_pen_house,parish_church,1666,9,9,walk,
parish_church,sir_w_riders_bethnal_green,1666,9,9,walk,
sir_w_riders_bethnal_green,home_seething_lane,1666,9,9,walk,
home_seething_lane,parish_church,1666,9,9,walk,
parish_church,sir_w_pen_house,1666,9,9,walk,
sir_w_pen_house,home_seething_lane,1666,9,10,walk,
home_seething_lane,sir_w_riders_bethnal_green,1666,9,10,coach,
sir_w_riders_bethnal_green,navy_office,1666,9,10,coach,
navy_office,woolwich,1666,9,10,boat,
woolwich,navy_office,1666,9,11,boat,
navy_office,lord_brunckers_covent_garden,1666,9,11,boat,Sir W. Batten
lord_brunckers_covent_garden,home_seething_lane,1666,9,11,coach,
home_seething_lane,deptford,1666,9,11,boat,
deptford,home_seething_lane,1666,9,11,boat,
home_seething_lane,st_james_palace,1666,9,12,boat,Sir W. Batten; Sir W. Pen
st_james_palace,westminster_hall,1666,9,12,walk,
westminster_hall,mrs_martins_new_lodging,1666,9,12,walk,
mrs_martins_new_lodging,home_seething_lane,1666,9,12,boat,
home_seething_lane,deptford,1666,9,12,boat,Balthasar St. Michel
deptford,home_seething_lane,1666,9,12,boat,Balthasar St. Michel
home_seething_lane,bagwells_house,1666,9,12,walk,
bagwells_house,sir_w_pen_house,1666,9,12,walk,
sir_w_pen_house,tower,1666,9,13,walk,Balthasar St. Michel
tower,home_seething_lane,1666,9,13,walk,
home_seething_lane,deptford,1666,9,13,boat,
deptford,globe_deptford,1666,9,13,walk,
globe_deptford,lady_carterets_deptford,1666,9,13,walk,
lady_carterets_deptford,home_seething_lane,1666,9,13,boat,
home_seething_lane,navy_office,1666,9,14,walk,
navy_office,home_seething_lane,1666,9,14,walk,
home_seething_lane,navy_office,1666,9,15,walk,
navy_office,sir_w_batten_house,1666,9,15,walk,
sir_w_batten_house,navy_office,1666,9,15,walk,
navy_office,home_seething_lane,1666,9,15,walk,
home_seething_lane,navy_office,1666,9,16,walk,
navy_office,sir_w_pen_house,1666,9,16,walk,Elizabeth Pepys
sir_w_pen_house,navy_office,1666,9,16,walk,
navy_office,home_seething_lane,1666,9,16,walk,
home_seething_lane,st_james_palace,1666,9,17,boat,
st_james_palace,sir_g_carterets_broad_st,1666,9,17,coach,
sir_g_carterets_broad_st,home_seething_lane,1666,9,17,walk,
home_seething_lane,sir_g_carterets_broad_st,1666,9,17,walk,
sir_g_carterets_broad_st,home_seething_lane,1666,9,19,coach,Sir W. Pen
home_seething_lane,st_james_palace,1666,9,19,coach,Sir W. Pen
st_james_palace,wilkes_whitehall,1666,9,19,walk,Sir W. Batten; Sir W. Pen
wilkes_whitehall,home_seething_lane,1666,9,19,walk,
home_seething_lane,deptford,1666,9,19,boat,
deptford,home_seething_lane,1666,9,19,boat,
home_seething_lane,sir_g_carterets_broad_st,1666,9,20,walk,Sir W. Coventry
sir_g_carterets_broad_st,home_seething_lane,1666,9,20,walk,
home_seething_lane,westminster_hall,1666,9,20,coach,Elizabeth Pepys
westminster_hall,home_seething_lane,1666,9,20,coach,Elizabeth Pepys
home_seething_lane,whitehall,1666,9,21,coach,Elizabeth Pepys
whitehall,home_seething_lane,1666,9,21,coach,Elizabeth Pepys
home_seething_lane,sir_g_carterets_broad_st,1666,9,22,walk,Lord Bruncker
sir_g_carterets_broad_st,home_seething_lane,1666,9,22,walk,
home_seething_lane,navy_office,1666,9,22,walk,
navy_office,victualling_office,1666,9,22,walk,
victualling_office,home_seething_lane,1666,9,22,boat,Mr. Wilson
home_seething_lane,navy_office,1666,9,23,walk,
navy_office,whitehall,1666,9,23,boat,Mr. Wayth
whitehall,navy_office,1666,9,23,boat,Mr. Wayth
navy_office,foxhall_spring_gardens,1666,9,23,boat,Elizabeth Pepys
foxhall_spring_gardens,home_seething_lane,1666,9,23,boat,Elizabeth Pepys
home_seething_lane,st_james_palace,1666,9,24,coach,Sir W. Batten; Sir W. Pen
st_james_palace,home_seething_lane,1666,9,24,coach,
home_seething_lane,whitehall,1666,9,24,coach,Elizabeth Pepys
whitehall,home_seething_lane,1666,9,24,coach,Elizabeth Pepys
home_seething_lane,lord_brunckers_covent_garden,1666,9,25,coach,Elizabeth Pepys
lord_brunckers_covent_garden,westminster_hall,1666,9,25,coach,Elizabeth Pepys
westminster_hall,home_seething_lane,1666,9,25,coach,Elizabeth Pepys
home_seething_lane,navy_office,1666,9,25,walk,
navy_office,home_seething_lane,1666,9,25,walk,
home_seething_lane,st_james_palace,1666,9,26,coach,Sir J. Minnes
st_james_palace,whitehall,1666,9,26,coach,
whitehall,home_seething_lane,1666,9,26,coach,Elizabeth Pepys
home_seething_lane,whitehall,1666,9,26,coach,Elizabeth Pepys
whitehall,home_seething_lane,1666,9,27,walk,Elizabeth Pepys
home_seething_lane,the_temple,1666,9,27,coach,Elizabeth Pepys
the_temple,mr_pennys_tailor,1666,9,27,walk,
mr_pennys_tailor,exchequer,1666,9,27,walk,
exchequer,sun_tavern,1666,9,27,walk,
sun_tavern,st_james_palace,1666,9,27,walk,
st_james_palace,navy_office,1666,9,27,walk,
navy_office,sir_w_batten_house,1666,9,27,walk,
sir_w_batten_house,home_seething_lane,1666,9,27,walk,
home_seething_lane,navy_office,1666,9,28,walk,
navy_office,home_seething_lane,1666,9,28,walk,
home_seething_lane,navy_office,1666,9,29,walk,
navy_office,home_seething_lane,1666,9,29,walk,
home_seething_lane,st_james_palace,1666,9,29,coach,Elizabeth Pepys
st_james_palace,unthankes,1666,9,29,coach,
unthankes,home_seething_lane,1666,9,29,coach,Elizabeth Pepys
home_seething_lane,parish_church,1666,9,30,walk,
parish_church,home_seething_lane,1666,9,30,walk,
home_seething_lane,navy_office,1666,10,1,walk,
navy_office,st_james_palace,1666,10,1,walk,
st_james_palace,lord_brunckers_covent_garden,1666,10,1,coach,Sir W. Coventry
lord_brunckers_covent_garden,whitehall,1666,10,1,walk,
whitehall,home_seething_lane,1666,10,1,boat,Sir W. Batten; Sir W. Pen
home_seething_lane,sir_g_carterets_broad_st,1666,10,2,walk,
sir_g_carterets_broad_st,whitehall,1666,10,2,walk,
whitehall,exchequer,1666,10,2,walk,
exchequer,home_seething_lane,1666,10,2,walk,
home_seething_lane,whitehall,1666,10,2,coach,Sir W. Pen
whitehall,swan_westminster,1666,10,2,walk,
swan_westminster,home_seething_lane,1666,10,2,walk,
home_seething_lane,navy_office,1666,10,3,walk,
navy_office,whitehall,1666,10,3,walk,
whitehall,home_seething_lane,1666,10,3,walk,
home_seething_lane,st_james_palace,1666,10,4,walk,
st_james_palace,sir_g_carterets_whitehall,1666,10,4,walk,
sir_g_carterets_whitehall,home_seething_lane,1666,10,4,walk,
home_seething_lane,navy_office,1666,10,4,walk,
navy_office,home_seething_lane,1666,10,4,walk,
home_seething_lane,navy_office,1666,10,5,walk,
navy_office,sir_g_carterets_broad_st,1666,10,5,walk,
sir_g_carterets_broad_st,home_seething_lane,1666,10,5,walk,
home_seething_lane,st_james_palace,1666,10,5,walk,
st_james_palace,whitehall,1666,10,5,walk,Sir W. Coventry
whitehall,home_seething_lane,1666,10,5,walk,
home_seething_lane,whitehall,1666,10,5,walk,
whitehall,st_james_palace,1666,10,6,walk,
st_james_palace,whitehall,1666,10,6,walk,
whitehall,home_seething_lane,1666,10,6,coach,
home_seething_lane,navy_office,1666,10,6,walk,
navy_office,home_seething_lane,1666,10,6,walk,
home_seething_lane,st_james_palace,1666,10,6,coach,
st_james_palace,home_seething_lane,1666,10,6,coach,
home_seething_lane,parish_church,1666,10,7,walk,
parish_church,home_seething_lane,1666,10,7,walk,
home_seething_lane,whitehall,1666,10,7,coach,Sir J. Minnes
whitehall,home_seething_lane,1666,10,7,coach,Sir J. Minnes
home_seething_lane,navy_office,1666,10,8,walk,
navy_office,westminster_hall,1666,10,8,boat,
westminster_hall,st_james_palace,1666,10,8,walk,Sir W. Coventry; Sir W. Batten
st_james_palace,unthankes,1666,10,8,walk,
unthankes,home_seething_lane,1666,10,8,coach,Elizabeth Pepys
home_seething_lane,westminster_hall,1666,10,8,boat,Mr. Pierce
westminster_hall,home_seething_lane,1666,10,8,coach,
home_seething_lane,navy_office,1666,10,9,walk,
navy_office,home_seething_lane,1666,10,9,walk,
home_seething_lane,whitehall,1666,10,10,boat,Sir W. Batten
whitehall,dog_tavern,1666,10,10,walk,Sir W. Batten
dog_tavern,swan_palace,1666,10,10,walk,
swan_palace,home_seething_lane,1666,10,10,coach,
home_seething_lane,islington,1666,10,10,coach,Elizabeth Pepys; John Pepys Sr.; John Pepys Jr.; William Hewer
islington,home_seething_lane,1666,10,10,coach,Elizabeth Pepys; John Pepys Sr.; John Pepys Jr.; William Hewer
home_seething_lane,navy_office,1666,10,11,walk,
navy_office,home_seething_lane,1666,10,11,walk,
home_seething_lane,st_james_palace,1666,10,12,boat,
st_james_palace,westminster_hall,1666,10,12,walk,Sir W. Coventry
westminster_hall,home_seething_lane,1666,10,12,coach,
home_seething_lane,swan_palace,1666,10,12,walk,
swan_palace,mrs_martins_new_lodging,1666,10,12,walk,
mrs_martins_new_lodging,deptford,1666,10,12,boat,
deptford,home_seething_lane,1666,10,12,boat,
home_seething_lane,navy_office,1666,10,13,walk,
navy_office,the_temple,1666,10,13,coach,Lord Bruncker
the_temple,lord_bellasses_house,1666,10,13,walk,
lord_bellasses_house,whitehall,1666,10,13,coach,Lord Bellasses
whitehall,home_seething_lane,1666,10,13,coach,
home_seething_lane,parish_church,1666,10,14,walk,
parish_church,home_seething_lane,1666,10,14,walk,
home_seething_lane,whitehall,1666,10,14,coach,John Pepys Jr.
whitehall,mrs_martins_new_lodging,1666,10,14,walk,
mrs_martins_new_lodging,home_seething_lane,1666,10,14,coach,John Pepys Jr.
home_seething_lane,sir_r_viners,1666,10,15,walk,Sir H. Cholmly
sir_r_viners,colvills_goldsmith,1666,10,15,walk,Sir H. Cholmly
colvills_goldsmith,westminster_hall,1666,10,15,walk,Sir H. Cholmly
westminster_hall,whitehall,1666,10,15,walk,Sir G. Carteret
whitehall,home_seething_lane,1666,10,15,coach,
home_seething_lane,whitehall,1666,10,15,coach,Elizabeth Pepys
whitehall,home_seething_lane,1666,10,16,walk,
home_seething_lane,navy_office,1666,10,16,walk,
navy_office,home_seething_lane,1666,10,16,walk,
home_seething_lane,navy_office,1666,10,17,walk,
navy_office,home_seething_lane,1666,10,17,walk,
home_seething_lane,whitehall,1666,10,17,coach,Elizabeth Pepys; John Pepys Jr.; Barker
whitehall,st_james_palace,1666,10,17,coach,
st_james_palace,home_seething_lane,1666,10,17,coach,Elizabeth Pepys
home_seething_lane,navy_office,1666,10,18,walk,
navy_office,st_helens,1666,10,18,walk,Lord Bruncker
st_helens,lovetts_house,1666,10,18,coach,Elizabeth Pepys
lovetts_house,home_seething_lane,1666,10,18,coach,Elizabeth Pepys
home_seething_lane,lord_ashlys_house,1666,10,19,walk,
lord_ashlys_house,home_seething_lane,1666,10,19,walk,John Creed
home_seething_lane,whitehall,1666,10,19,walk,
whitehall,home_seething_lane,1666,10,19,coach,
home_seething_lane,navy_office,1666,10,20,walk,
navy_office,home_seething_lane,1666,10,20,walk,
home_seething_lane,navy_office,1666,10,20,walk,
navy_office,sir_g_carterets_whitehall,1666,10,20,walk,Sir G. Carteret
sir_g_carterets_whitehall,home_seething_lane,1666,10,20,walk,
home_seething_lane,parish_church,1666,10,21,walk,Elizabeth Pepys
parish_church,home_seething_lane,1666,10,21,walk,
home_seething_lane,whitehall,1666,10,21,coach,
whitehall,mrs_martins_new_lodging,1666,10,21,walk,
mrs_martins_new_lodging,home_seething_lane,1666,10,21,walk,
home_seething_lane,westminster_hall,1666,10,22,coach,
westminster_hall,london_bridge,1666,10,22,walk,Betty Michell; Mr. Michell Sr.
london_bridge,home_seething_lane,1666,10,22,boat,
home_seething_lane,temple_church,1666,10,22,coach,Elizabeth Pepys
temple_church,lord_bellasses_house,1666,10,22,walk,
lord_bellasses_house,whitehall,1666,10,22,walk,Mr. Povy
whitehall,unthankes,1666,10,22,walk,
unthankes,home_seething_lane,1666,10,22,coach,Elizabeth Pepys
home_seething_lane,navy_office,1666,10,23,walk,
navy_office,home_seething_lane,1666,10,23,walk,
home_seething_lane,shadwell,1666,10,23,boat,
shadwell,deptford,1666,10,23,boat,
deptford,home_seething_lane,1666,10,23,walk,
home_seething_lane,old_swan,1666,10,24,walk,
old_swan,mr_michells_house,1666,10,24,walk,
mr_michells_house,whitehall,1666,10,24,walk,
whitehall,westminster_hall,1666,10,24,walk,
westminster_hall,sir_r_viners,1666,10,24,coach,
sir_r_viners,home_seething_lane,1666,10,24,walk,
home_seething_lane,westminster_hall,1666,10,24,coach,Elizabeth Pepys
westminster_hall,home_seething_lane,1666,10,24,coach,Elizabeth Pepys
home_seething_lane,whitehall,1666,10,25,boat,
whitehall,navy_office,1666,10,25,boat,
navy_office,home_seething_lane,1666,10,25,walk,
home_seething_lane,mrs_pierces_covent_garden,1666,10,25,coach,Elizabeth Pepys
mrs_pierces_covent_garden,lord_brunckers_covent_garden,1666,10,25,walk,
lord_brunckers_covent_garden,whitehall,1666,10,25,coach,Lord Bruncker
whitehall,mrs_pierces_covent_garden,1666,10,25,walk,
mrs_pierces_covent_garden,home_seething_lane,1666,10,25,coach,Elizabeth Pepys
home_seething_lane,westminster_hall,1666,10,26,boat,
westminster_hall,dog_tavern,1666,10,26,walk,
dog_tavern,home_seething_lane,1666,10,26,coach,
home_seething_lane,navy_office,1666,10,27,walk,
navy_office,home_seething_lane,1666,10,27,walk,
home_seething_lane,new_exchange,1666,10,27,coach,Elizabeth Pepys; Mrs. Pierce; Mrs. Knipp
new_exchange,mrs_pierces_covent_garden,1666,10,27,coach,Mrs. Pierce; Mrs. Knipp
mrs_pierces_covent_garden,home_seething_lane,1666,10,27,coach,Elizabeth Pepys
home_seething_lane,parish_church,1666,10,28,walk,Elizabeth Pepys
parish_church,home_seething_lane,1666,10,28,walk,
home_seething_lane,whitehall,1666,10,28,coach,John Pepys Jr.
whitehall,mrs_martins_new_lodging,1666,10,28,walk,
mrs_martins_new_lodging,home_seething_lane,1666,10,28,coach,John Pepys Jr.
home_seething_lane,navy_office,1666,10,29,walk,
navy_office,exchequer,1666,10,29,boat,Mr. Barber
exchequer,home_seething_lane,1666,10,29,coach,
home_seething_lane,mrs_pierces_covent_garden,1666,10,29,coach,Elizabeth Pepys
mrs_pierces_covent_garden,whitehall_playhouse,1666,10,29,coach,Elizabeth Pepys; Mrs. Pierce; Mrs. Knipp
whitehall_playhouse,home_seething_lane,1666,10,29,coach,Elizabeth Pepys; Mrs. Pierce; Mrs. Knipp
home_seething_lane,navy_office,1666,10,30,walk,
navy_office,home_seething_lane,1666,10,30,walk,
home_seething_lane,whitehall,1666,10,31,coach,Sir W. Batten
whitehall,home_seething_lane,1666,10,31,coach,
home_seething_lane,navy_office,1666,11,1,walk,
navy_office,home_seething_lane,1666,11,1,walk,
home_seething_lane,whitehall,1666,11,1,walk,
whitehall,home_seething_lane,1666,11,1,coach,Elizabeth Pepys
home_seething_lane,woolwich,1666,11,2,boat,Sir W. Batten
woolwich,deptford,1666,11,2,boat,Sir W. Batten
deptford,home_seething_lane,1666,11,2,boat,Sir W. Batten
home_seething_lane,whitehall,1666,11,2,coach,Elizabeth Pepys; Mr. Pierce
whitehall,home_seething_lane,1666,11,2,coach,Elizabeth Pepys
home_seething_lane,parish_church,1666,11,4,walk,Elizabeth Pepys
parish_church,home_seething_lane,1666,11,4,walk,
home_seething_lane,whitehall,1666,11,4,boat,
whitehall,sir_g_carterets_whitehall,1666,11,4,walk,
sir_g_carterets_whitehall,home_seething_lane,1666,11,4,boat,
home_seething_lane,navy_office,1666,11,5,walk,
navy_office,swan_palace,1666,11,5,boat,
swan_palace,lady_peterboroughs_house,1666,11,5,coach,
lady_peterboroughs_house,lord_crews_house,1666,11,5,walk,
lord_crews_house,home_seething_lane,1666,11,5,coach,Dr. Crew
home_seething_lane,whitehall,1666,11,5,coach,
whitehall,home_seething_lane,1666,11,5,coach,
home_seething_lane,navy_office,1666,11,6,walk,
navy_office,home_seething_lane,1666,11,6,walk,
home_seething_lane,deptford,1666,11,6,boat,
deptford,navy_office,1666,11,6,boat,
navy_office,home_seething_lane,1666,11,7,walk,Sir W. Batten
home_seething_lane,whitehall,1666,11,7,boat,Sir W. Batten
whitehall,westminster_hall,1666,11,7,walk,
westminster_hall,rose_tavern,1666,11,7,walk,
rose_tavern,faithornes,1666,11,7,coach,
faithornes,home_seething_lane,1666,11,7,coach,
home_seething_lane,navy_office,1666,11,8,walk,
navy_office,home_seething_lane,1666,11,8,walk,
home_seething_lane,westminster_hall,1666,11,8,walk,
westminster_hall,whitehall,1666,11,8,walk,
whitehall,home_seething_lane,1666,11,8,coach,
home_seething_lane,navy_office,1666,11,9,walk,
navy_office,home_seething_lane,1666,11,9,walk,
home_seething_lane,mrs_pierces_covent_garden,1666,11,9,coach,Elizabeth Pepys; Mr. Batelier; Mercer
mrs_pierces_covent_garden,home_seething_lane,1666,11,9,coach,Elizabeth Pepys; Mr. Batelier; Mercer
home_seething_lane,navy_office,1666,11,10,walk,
navy_office,captain_cockes_house,1666,11,10,walk,Lord Bruncker
captain_cockes_house,navy_office,1666,11,10,walk,
navy_office,home_seething_lane,1666,11,10,walk,
home_seething_lane,parish_church,1666,11,11,walk,Elizabeth Pepys
parish_church,home_seething_lane,1666,11,11,walk,
home_seething_lane,navy_office,1666,11,12,walk,
navy_office,royal_exchange,1666,11,12,walk,John Creed
royal_exchange,sir_r_viners,1666,11,12,walk,
sir_r_viners,home_seething_lane,1666,11,12,walk,
home_seething_lane,new_exchange,1666,11,12,coach,Elizabeth Pepys
new_exchange,home_seething_lane,1666,11,12,coach,Elizabeth Pepys
home_seething_lane,navy_office,1666,11,13,walk,
navy_office,home_seething_lane,1666,11,13,walk,
home_seething_lane,knipps_lodging,1666,11,14,coach,
knipps_lodging,home_seething_lane,1666,11,14,coach,Mrs. Knipp
home_seething_lane,sir_g_carterets_whitehall,1666,11,14,coach,Elizabeth Pepys
sir_g_carterets_whitehall,popes_head_tavern,1666,11,14,walk,
popes_head_tavern,home_seething_lane,1666,11,14,walk,
home_seething_lane,navy_office,1666,11,15,walk,
navy_office,home_seething_lane,1666,11,15,walk,
home_seething_lane,mrs_pierces_covent_garden,1666,11,15,coach,
mrs_pierces_covent_garden,whitehall,1666,11,15,coach,Mrs. Pierce; Mr. Pierce
whitehall,mrs_pierces_covent_garden,1666,11,15,coach,Mr. Pierce
mrs_pierces_covent_garden,home_seething_lane,1666,11,15,coach,Elizabeth Pepys
home_seething_lane,navy_office,1666,11,16,walk,
navy_office,royal_exchange,1666,11,16,walk,
royal_exchange,three_tuns_tavern,1666,11,16,walk,
three_tuns_tavern,home_seething_lane,1666,11,16,walk,
home_seething_lane,whitehall,1666,11,18,walk,
whitehall,home_seething_lane,1666,11,18,coach,Lord Bruncker
home_seething_lane,berkeley_house,1666,11,19,coach,Elizabeth Pepys
berkeley_house,westminster_hall,1666,11,19,walk,
westminster_hall,bull_head,1666,11,19,walk,
bull_head,berkeley_house,1666,11,19,walk,
berkeley_house,whitehall,1666,11,19,coach,
whitehall,home_seething_lane,1666,11,19,coach,Elizabeth Pepys
home_seething_lane,navy_office,1666,11,20,walk,
navy_office,parish_church,1666,11,20,walk,
parish_church,home_seething_lane,1666,11,20,walk,
home_seething_lane,berkeley_house,1666,11,20,coach,
berkeley_house,home_seething_lane,1666,11,20,coach,
home_seething_lane,sir_philip_howards_house,1666,11,21,coach,Sir W. Batten
sir_philip_howards_house,westminster_hall,1666,11,21,walk,
westminster_hall,excise_office,1666,11,21,walk,
excise_office,royal_exchange,1666,11,21,walk,
royal_exchange,home_seething_lane,1666,11,21,walk,
home_seething_lane,navy_office,1666,11,22,walk,
navy_office,home_seething_lane,1666,11,22,walk,
home_seething_lane,whitehall,1666,11,23,coach,Sir J. Minnes
whitehall,westminster_hall,1666,11,23,walk,Sir W. Coventry
westminster_hall,home_seething_lane,1666,11,23,walk,
home_seething_lane,the_temple,1666,11,23,coach,John Creed
the_temple,home_seething_lane,1666,11,23,walk,
home_seething_lane,navy_office,1666,11,24,walk,
navy_office,trinity_house,1666,11,24,coach,Sir J. Minnes
trinity_house,lord_treasurers_house,1666,11,24,coach,
lord_treasurers_house,home_seething_lane,1666,11,24,coach,
home_seething_lane,whitehall,1666,11,25,coach,Sir J. Minnes
whitehall,sir_g_carterets_whitehall,1666,11,25,walk,
sir_g_carterets_whitehall,whitehall,1666,11,25,walk,
whitehall,home_seething_lane,1666,11,25,coach,Captain Cocke
home_seething_lane,exchequer,1666,11,26,boat,
exchequer,swan_palace,1666,11,26,walk,
swan_palace,new_exchange,1666,11,26,coach,
new_exchange,westminster_hall,1666,11,26,walk,
westminster_hall,home_seething_lane,1666,11,26,coach,
home_seething_lane,navy_office,1666,11,27,walk,
navy_office,home_seething_lane,1666,11,27,walk,
home_seething_lane,sir_g_carterets_whitehall,1666,11,27,coach,
sir_g_carterets_whitehall,lord_crews_house,1666,11,27,walk,
lord_crews_house,home_seething_lane,1666,11,27,coach,
home_seething_lane,whitehall,1666,11,28,coach,Sir W. Pen
whitehall,home_seething_lane,1666,11,28,coach,Sir W. Pen
home_seething_lane,gresham_college,1666,11,28,coach,Mr. Carteret
gresham_college,home_seething_lane,1666,11,28,coach,
home_seething_lane,navy_office,1666,11,29,walk,
navy_office,home_seething_lane,1666,11,29,walk,
home_seething_lane,exchequer,1666,11,29,coach,Elizabeth Pepys
exchequer,home_seething_lane,1666,11,29,coach,Elizabeth Pepys
home_seething_lane,whitehall,1666,11,30,boat,Sir W. Batten
whitehall,westminster_hall,1666,11,30,walk,
westminster_hall,home_seething_lane,1666,11,30,walk,
home_seething_lane,westminster_hall,1666,11,30,coach,
westminster_hall,swan_palace,1666,11,30,walk,
swan_palace,home_seething_lane,1666,11,30,coach,
home_seething_lane,navy_office,1666,12,1,walk,
navy_office,home_seething_lane,1666,12,1,walk,
home_seething_lane,old_swan,1666,12,1,walk,
old_swan,whitehall,1666,12,1,boat,Lord Mayor Bludworth
whitehall,westminster_hall,1666,12,1,walk,
westminster_hall,faithornes,1666,12,1,coach,
faithornes,home_seething_lane,1666,12,1,coach,
home_seething_lane,parish_church,1666,12,2,walk,
parish_church,home_seething_lane,1666,12,2,walk,
home_seething_lane,mrs_martins_new_lodging,1666,12,2,coach,Elizabeth Pepys; Mr. Michell; Betty Michell
mrs_martins_new_lodging,whitehall,1666,12,2,coach,Mrs. Burroughs
whitehall,home_seething_lane,1666,12,2,coach,Elizabeth Pepys; Mr. Michell; Betty Michell
home_seething_lane,navy_office,1666,12,3,walk,
navy_office,home_seething_lane,1666,12,3,walk,
home_seething_lane,exchequer,1666,12,3,boat,
exchequer,westminster_hall,1666,12,3,walk,
westminster_hall,swan_palace,1666,12,3,coach,Mrs. Burroughs
swan_palace,home_seething_lane,1666,12,3,coach,
home_seething_lane,whitehall,1666,12,5,boat,
whitehall,home_seething_lane,1666,12,5,boat,
home_seething_lane,navy_office,1666,12,5,walk,
navy_office,home_seething_lane,1666,12,5,walk,
home_seething_lane,navy_office,1666,12,6,walk,
navy_office,home_seething_lane,1666,12,6,walk,
home_seething_lane,exchequer,1666,12,7,boat,
exchequer,swan_palace,1666,12,7,walk,
swan_palace,home_seething_lane,1666,12,7,coach,
home_seething_lane,kings_playhouse,1666,12,7,boat,
kings_playhouse,home_seething_lane,1666,12,7,coach,
home_seething_lane,navy_office,1666,12,8,walk,
navy_office,home_seething_lane,1666,12,8,walk,
home_seething_lane,mrs_pierces_covent_garden,1666,12,8,coach,Elizabeth Pepys; Mrs. Pierce
mrs_pierces_covent_garden,kings_playhouse,1666,12,8,coach,
kings_playhouse,mrs_pierces_covent_garden,1666,12,8,coach,
mrs_pierces_covent_garden,home_seething_lane,1666,12,8,coach,Elizabeth Pepys
home_seething_lane,navy_office,1666,12,10,walk,
navy_office,home_seething_lane,1666,12,10,walk,
home_seething_lane,excise_office,1666,12,10,walk,
excise_office,home_seething_lane,1666,12,10,walk,
home_seething_lane,navy_office,1666,12,11,walk,
navy_office,home_seething_lane,1666,12,11,walk,
home_seething_lane,st_clements_church,1666,12,11,coach,Elizabeth Pepys
st_clements_church,home_seething_lane,1666,12,11,coach,Elizabeth Pepys
home_seething_lane,navy_office,1666,12,12,walk,
navy_office,royal_exchange,1666,12,12,walk,
royal_exchange,captain_cockes_house,1666,12,12,walk,
captain_cockes_house,navy_office,1666,12,12,walk,
navy_office,home_seething_lane,1666,12,12,walk,
home_seething_lane,navy_office,1666,12,13,walk,
navy_office,royal_exchange,1666,12,13,walk,
royal_exchange,sir_r_viners,1666,12,13,walk,
sir_r_viners,home_seething_lane,1666,12,13,walk,
home_seething_lane,whitehall,1666,12,14,coach,
whitehall,westminster_hall,1666,12,14,walk,
westminster_hall,bell_tavern_westminster,1666,12,14,walk,
bell_tavern_westminster,sir_stephen_foxs_house,1666,12,14,walk,
sir_stephen_foxs_house,excise_office,1666,12,14,walk,
excise_office,home_seething_lane,1666,12,14,coach,
home_seething_lane,navy_office,1666,12,15,walk,
navy_office,captain_cockes_house,1666,12,15,walk,Lord Bruncker
captain_cockes_house,sir_r_viners,1666,12,15,walk,
sir_r_viners,home_seething_lane,1666,12,15,walk,
home_seething_lane,mrs_martins_new_lodging,1666,12,16,boat,
mrs_martins_new_lodging,whitehall,1666,12,16,walk,
whitehall,st_james_park,1666,12,16,walk,Lord Bruncker
st_james_park,home_seething_lane,1666,12,16,boat,
home_seething_lane,royal_exchange,1666,12,17,walk,
royal_exchange,home_seething_lane,1666,12,17,walk,
home_seething_lane,navy_office,1666,12,18,walk,
navy_office,home_seething_lane,1666,12,18,walk,
home_seething_lane,lord_bellasses_house,1666,12,18,coach,
lord_bellasses_house,westminster_hall,1666,12,18,walk,
westminster_hall,mrs_martins_new_lodging,1666,12,18,walk,
mrs_martins_new_lodging,swan_palace,1666,12,18,walk,
swan_palace,sir_r_viners,1666,12,18,coach,
sir_r_viners,home_seething_lane,1666,12,18,coach,
home_seething_lane,whitehall,1666,12,19,boat,
whitehall,dog_tavern,1666,12,19,walk,Mr. Hingston
dog_tavern,westminster_hall,1666,12,19,walk,
westminster_hall,tower,1666,12,19,coach,Lieutenant of the Tower
tower,sir_r_viners,1666,12,19,walk,
sir_r_viners,home_seething_lane,1666,12,19,walk,
home_seething_lane,navy_office,1666,12,20,walk,
navy_office,home_seething_lane,1666,12,20,walk,
home_seething_lane,lord_bellasses_house,1666,12,20,coach,Balthasar St. Michel
lord_bellasses_house,home_seething_lane,1666,12,20,coach,
home_seething_lane,navy_office,1666,12,21,walk,
navy_office,royal_exchange,1666,12,21,walk,
royal_exchange,home_seething_lane,1666,12,21,walk,
home_seething_lane,navy_office,1666,12,22,walk,
navy_office,home_seething_lane,1666,12,22,walk,
home_seething_lane,parish_church,1666,12,23,walk,
parish_church,home_seething_lane,1666,12,23,walk,
home_seething_lane,whitehall,1666,12,23,coach,Elizabeth Pepys; Mr. Michell; Betty Michell
whitehall,harp_and_ball,1666,12,23,walk,
harp_and_ball,home_seething_lane,1666,12,23,coach,Mr. Michell; Betty Michell
home_seething_lane,navy_office,1666,12,24,walk,
navy_office,st_pauls,1666,12,24,walk,Lord Bruncker
st_pauls,home_seething_lane,1666,12,24,walk,
home_seething_lane,sir_r_viners,1666,12,24,walk,
sir_r_viners,royal_exchange,1666,12,24,walk,
royal_exchange,home_seething_lane,1666,12,24,walk,
home_seething_lane,parish_church,1666,12,25,walk,
parish_church,home_seething_lane,1666,12,25,walk,
home_seething_lane,the_temple,1666,12,25,walk,
the_temple,home_seething_lane,1666,12,25,walk,
home_seething_lane,whitehall,1666,12,26,walk,
whitehall,home_seething_lane,1666,12,26,walk,
home_seething_lane,sir_w_batten_house,1666,12,27,walk,Elizabeth Pepys
sir_w_batten_house,kings_playhouse,1666,12,27,coach,Elizabeth Pepys; John Creed
kings_playhouse,whitehall,1666,12,27,coach,Elizabeth Pepys; John Creed
whitehall,home_seething_lane,1666,12,27,coach,Elizabeth Pepys; John Creed
home_seething_lane,whitehall,1666,12,28,walk,John Creed
whitehall,creeds_lodging,1666,12,28,walk,John Creed
creeds_lodging,lord_crews_house,1666,12,28,walk,
lord_crews_house,dukes_playhouse,1666,12,28,coach,Elizabeth Pepys
dukes_playhouse,whitehall,1666,12,28,walk,
whitehall,golden_lion_tavern,1666,12,28,coach,
golden_lion_tavern,home_seething_lane,1666,12,28,coach,
home_seething_lane,navy_office,1666,12,29,walk,
navy_office,home_seething_lane,1666,12,29,walk,
home_seething_lane,parish_church,1666,12,30,walk,
parish_church,home_seething_lane,1666,12,30,walk,
home_seething_lane,new_exchange,1666,12,31,walk,
new_exchange,fleece_tavern,1666,12,31,walk,
fleece_tavern,half_moon,1666,12,31,walk,
half_moon,home_seething_lane,1666,12,31,coach,
home_seething_lane,navy_office,1667,1,1,walk,
navy_office,home_seething_lane,1667,1,1,walk,
home_seething_lane,navy_office,1667,1,1,walk,
navy_office,royal_exchange,1667,1,1,walk,
royal_exchange,home_seething_lane,1667,1,1,walk,
home_seething_lane,whitehall,1667,1,2,walk,
whitehall,westminster_hall,1667,1,2,walk,
westminster_hall,rose_tavern,1667,1,2,walk,
rose_tavern,kings_playhouse,1667,1,2,coach,
kings_playhouse,home_seething_lane,1667,1,2,walk,
home_seething_lane,navy_office,1667,1,3,walk,
navy_office,sir_w_pen_house,1667,1,3,walk,
sir_w_pen_house,home_seething_lane,1667,1,3,walk,
home_seething_lane,navy_office,1667,1,4,walk,
navy_office,home_seething_lane,1667,1,4,walk,
home_seething_lane,dukes_playhouse,1667,1,5,coach,Elizabeth Pepys
dukes_playhouse,home_seething_lane,1667,1,5,coach,Elizabeth Pepys
home_seething_lane,parish_church,1667,1,6,walk,
parish_church,home_seething_lane,1667,1,6,walk,
home_seething_lane,pudding_lane,1667,1,6,walk,Mr. Michell
pudding_lane,bridewell,1667,1,6,walk,Mr. Michell
bridewell,home_seething_lane,1667,1,6,walk,Mr. Michell
home_seething_lane,navy_office,1667,1,7,walk,
navy_office,the_temple,1667,1,7,coach,Lord Bruncker
the_temple,dukes_playhouse,1667,1,7,coach,Elizabeth Pepys
dukes_playhouse,home_seething_lane,1667,1,7,coach,Elizabeth Pepys
home_seething_lane,navy_office,1667,1,8,walk,
navy_office,home_seething_lane,1667,1,8,walk,
home_seething_lane,whitehall,1667,1,9,coach,Sir W. Batten; Sir W. Pen
whitehall,westminster_hall,1667,1,9,walk,
westminster_hall,the_temple,1667,1,9,walk,
the_temple,faithornes,1667,1,9,walk,
faithornes,arundell_house,1667,1,9,walk,
arundell_house,home_seething_lane,1667,1,9,coach,
home_seething_lane,navy_office,1667,1,10,walk,
navy_office,home_seething_lane,1667,1,10,walk,
home_seething_lane,navy_office,1667,1,11,walk,
navy_office,home_seething_lane,1667,1,11,walk,
home_seething_lane,navy_office,1667,1,12,walk,
navy_office,home_seething_lane,1667,1,12,walk,
home_seething_lane,parish_church,1667,1,13,walk,
parish_church,home_seething_lane,1667,1,13,walk,
home_seething_lane,old_swan,1667,1,13,walk,
old_swan,home_seething_lane,1667,1,13,walk,
home_seething_lane,navy_office,1667,1,14,walk,
navy_office,home_seething_lane,1667,1,14,walk,
home_seething_lane,navy_office,1667,1,15,walk,
navy_office,home_seething_lane,1667,1,15,walk,
home_seething_lane,whitehall,1667,1,16,coach,Elizabeth Pepys
whitehall,arundell_house,1667,1,16,walk,
arundell_house,home_seething_lane,1667,1,16,coach,
home_seething_lane,whitehall,1667,1,16,coach,
whitehall,lord_ashlys_house,1667,1,16,walk,
lord_ashlys_house,royal_exchange,1667,1,16,walk,
royal_exchange,home_seething_lane,1667,1,16,walk,
home_seething_lane,navy_office,1667,1,17,walk,
navy_office,home_seething_lane,1667,1,17,walk,
home_seething_lane,navy_office,1667,1,19,walk,
navy_office,home_seething_lane,1667,1,19,walk,
home_seething_lane,old_swan,1667,1,20,walk,
old_swan,mr_michells_house,1667,1,20,walk,
mr_michells_house,whitehall,1667,1,20,walk,
whitehall,parish_church,1667,1,20,walk,
parish_church,home_seething_lane,1667,1,20,walk,
home_seething_lane,whitehall,1667,1,20,boat,John Pepys Jr.
whitehall,berkeley_house,1667,1,20,walk,
berkeley_house,whitehall,1667,1,20,walk,
whitehall,home_seething_lane,1667,1,20,walk,
home_seething_lane,swedes_resident_piazza,1667,1,21,coach,Sir W. Batten; Sir W. Pen; Sir R. Ford
swedes_resident_piazza,exeter_house,1667,1,21,coach,Sir W. Batten; Sir W. Pen; Sir R. Ford
exeter_house,whitehall,1667,1,21,coach,
whitehall,westminster_hall,1667,1,21,walk,
westminster_hall,exeter_house,1667,1,21,walk,
exeter_house,home_seething_lane,1667,1,21,walk,
home_seething_lane,deptford,1667,1,21,boat,
deptford,redriffe,1667,1,21,walk,
redriffe,home_seething_lane,1667,1,21,walk,
home_seething_lane,navy_office,1667,1,22,walk,
navy_office,home_seething_lane,1667,1,22,walk,
home_seething_lane,whitehall,1667,1,23,coach,Sir W. Batten; Sir W. Pen
whitehall,capuchin_monastery,1667,1,23,walk,Lord Bruncker
capuchin_monastery,whitehall,1667,1,23,coach,Lord Almoner
whitehall,castle_tavern,1667,1,23,coach,Lord Bruncker
castle_tavern,kings_playhouse,1667,1,23,coach,Elizabeth Pepys; Mercer
kings_playhouse,mrs_pierces_covent_garden,1667,1,23,walk,Elizabeth Pepys; Mercer; Mrs. Pierce; Mr. Pierce
mrs_pierces_covent_garden,home_seething_lane,1667,1,23,coach,Elizabeth Pepys; Mercer
home_seething_lane,navy_office,1667,1,24,walk,
navy_office,home_seething_lane,1667,1,24,walk,
home_seething_lane,navy_office,1667,1,25,walk,
navy_office,home_seething_lane,1667,1,25,walk,
home_seething_lane,lord_bellasses_house,1667,1,25,coach,Elizabeth Pepys
lord_bellasses_house,home_seething_lane,1667,1,25,coach,Elizabeth Pepys
home_seething_lane,navy_office,1667,1,26,walk,
navy_office,home_seething_lane,1667,1,26,walk,
home_seething_lane,old_swan,1667,1,27,walk,
old_swan,mr_michells_house,1667,1,27,walk,
mr_michells_house,whitehall,1667,1,27,boat,Mr. Michell; Betty Michell
whitehall,sir_g_carterets_whitehall,1667,1,27,walk,
sir_g_carterets_whitehall,pell_mell,1667,1,27,walk,Roger Pepys
pell_mell,whitehall,1667,1,27,walk,Roger Pepys
whitehall,swan_palace,1667,1,27,walk,
swan_palace,home_seething_lane,1667,1,27,boat,Mr. Michell; Betty Michell
home_seething_lane,old_swan,1667,1,28,walk,
old_swan,mr_michells_house,1667,1,28,walk,
mr_michells_house,westminster_hall,1667,1,28,coach,
westminster_hall,swan_palace,1667,1,28,walk,
swan_palace,home_seething_lane,1667,1,28,coach,
home_seething_lane,navy_office,1667,1,29,walk,
navy_office,home_seething_lane,1667,1,29,walk,
home_seething_lane,shadwell,1667,1,30,walk,Elizabeth Pepys; Mercer; Barker
shadwell,home_seething_lane,1667,1,30,walk,Elizabeth Pepys; Mercer; Barker
home_seething_lane,navy_office,1667,1,31,walk,
navy_office,home_seething_lane,1667,1,31,walk,
home_seething_lane,sir_r_viners,1667,1,31,walk,
sir_r_viners,royal_exchange,1667,1,31,walk,
royal_exchange,home_seething_lane,1667,1,31,walk,
home_seething_lane,navy_office,1667,2,1,walk,
navy_office,home_seething_lane,1667,2,1,walk,
home_seething_lane,redriffe,1667,2,1,boat,
redriffe,bagwells_house,1667,2,1,walk,
bagwells_house,bell_tavern_westminster,1667,2,1,boat,
bell_tavern_westminster,home_seething_lane,1667,2,1,coach,
home_seething_lane,navy_office,1667,2,2,walk,
navy_office,home_seething_lane,1667,2,2,walk,
home_seething_lane,whitehall,1667,2,3,coach,Sir W. Batten; Sir W. Pen
whitehall,sir_g_carterets_whitehall,1667,2,3,walk,
sir_g_carterets_whitehall,st_james_park,1667,2,3,walk,
st_james_park,home_seething_lane,1667,2,3,boat,
home_seething_lane,navy_office,1667,2,4,walk,
navy_office,sir_w_pen_house,1667,2,4,walk,
sir_w_pen_house,dukes_playhouse,1667,2,4,coach,Elizabeth Pepys
dukes_playhouse,home_seething_lane,1667,2,4,coach,Elizabeth Pepys
home_seething_lane,navy_office,1667,2,5,walk,
navy_office,home_seething_lane,1667,2,5,walk,
home_seething_lane,kings_playhouse,1667,2,5,coach,Elizabeth Pepys; Betty Michell
kings_playhouse,new_exchange,1667,2,5,coach,Elizabeth Pepys; Betty Michell
new_exchange,home_seething_lane,1667,2,5,coach,Elizabeth Pepys; Betty Michell
home_seething_lane,whitehall,1667,2,6,boat,
whitehall,westminster_hall,1667,2,6,walk,
westminster_hall,home_seething_lane,1667,2,6,boat,
home_seething_lane,navy_office,1667,2,6,walk,
navy_office,whitehall,1667,2,6,boat,
whitehall,home_seething_lane,1667,2,7,walk,
home_seething_lane,navy_office,1667,2,7,walk,
navy_office,home_seething_lane,1667,2,7,walk,
home_seething_lane,navy_office,1667,2,8,walk,
navy_office,home_seething_lane,1667,2,8,walk,
home_seething_lane,navy_office,1667,2,9,walk,
navy_office,home_seething_lane,1667,2,9,walk,
home_seething_lane,parish_church,1667,2,10,walk,Elizabeth Pepys
parish_church,home_seething_lane,1667,2,10,walk,
home_seething_lane,the_temple,1667,2,11,boat,
the_temple,westminster_hall,1667,2,11,walk,John Creed
westminster_hall,home_seething_lane,1667,2,11,boat,
home_seething_lane,new_exchange,1667,2,11,coach,Lord Bellasses
new_exchange,cabinet_maker_southwark,1667,2,11,boat,Betty Michell
cabinet_maker_southwark,shadwell,1667,2,11,coach,Betty Michell
shadwell,home_seething_lane,1667,2,11,walk,
home_seething_lane,navy_office,1667,2,12,walk,
navy_office,home_seething_lane,1667,2,12,walk,
home_seething_lane,lord_brunckers_covent_garden,1667,2,12,coach,Lord Bruncker
lord_brunckers_covent_garden,knipps_lodging,1667,2,12,coach,Lord Bruncker; Tom Killigrew
knipps_lodging,home_seething_lane,1667,2,12,coach,
home_seething_lane,whitehall,1667,2,13,boat,
whitehall,mr_michells_house,1667,2,13,boat,
mr_michells_house,dr_clerkes_house,1667,2,13,coach,Elizabeth Pepys; Mrs. Pierce
dr_clerkes_house,mrs_pierces_covent_garden,1667,2,13,coach,Elizabeth Pepys; Mrs. Pierce
mrs_pierces_covent_garden,home_seething_lane,1667,2,13,coach,Elizabeth Pepys
home_seething_lane,navy_office,1667,2,14,walk,
navy_office,berkeley_house,1667,2,14,coach,
berkeley_house,the_temple,1667,2,14,coach,Sir H. Cholmly
the_temple,home_seething_lane,1667,2,14,coach,
home_seething_lane,whitehall,1667,2,15,coach,Sir W. Batten; Sir J. Minnes
whitehall,exchequer,1667,2,15,walk,
exchequer,excise_office,1667,2,15,walk,Lord Bellasses
excise_office,home_seething_lane,1667,2,15,walk,
home_seething_lane,navy_office,1667,2,16,walk,
navy_office,home_seething_lane,1667,2,16,walk,
home_seething_lane,excise_office,1667,2,16,walk,
excise_office,mrs_martins_new_lodging,1667,2,16,walk,
mrs_martins_new_lodging,lord_brunckers_covent_garden,1667,2,16,walk,
lord_brunckers_covent_garden,mrs_pierces_covent_garden,1667,2,16,coach,Captain Cocke
mrs_pierces_covent_garden,home_seething_lane,1667,2,16,coach,Elizabeth Pepys; Captain Cocke
home_seething_lane,whitehall,1667,2,17,boat,Mr. Michell; Betty Michell
whitehall,home_seething_lane,1667,2,17,boat,
home_seething_lane,berkeley_house,1667,2,17,boat,Elizabeth Pepys
berkeley_house,st_james_park,1667,2,17,walk,
st_james_park,lord_treasurers_house,1667,2,17,walk,
lord_treasurers_house,swan_palace,1667,2,17,walk,
swan_palace,home_seething_lane,1667,2,17,boat,Mr. Michell; Betty Michell
home_seething_lane,exchequer,1667,2,18,coach,
exchequer,home_seething_lane,1667,2,18,coach,
home_seething_lane,kings_playhouse,1667,2,18,coach,Elizabeth Pepys
kings_playhouse,home_seething_lane,1667,2,18,coach,Elizabeth Pepys
home_seething_lane,navy_office,1667,2,19,walk,
navy_office,shadwell,1667,2,19,coach,Elizabeth Pepys
shadwell,home_seething_lane,1667,2,19,walk,Elizabeth Pepys
home_seething_lane,whitehall,1667,2,20,coach,Sir W. Batten; Sir W. Pen
whitehall,exchequer,1667,2,20,walk,
exchequer,leg_tavern,1667,2,20,walk,
leg_tavern,home_seething_lane,1667,2,20,coach,
home_seething_lane,berkeley_house,1667,2,20,coach,Elizabeth Pepys; Lord Bellasses
berkeley_house,home_seething_lane,1667,2,20,coach,Elizabeth Pepys
home_seething_lane,navy_office,1667,2,21,walk,
navy_office,home_seething_lane,1667,2,21,walk,
home_seething_lane,excise_office,1667,2,22,coach,Sir H. Cholmly
excise_office,royal_exchange,1667,2,22,walk,
royal_exchange,home_seething_lane,1667,2,22,walk,
home_seething_lane,sir_w_pen_house,1667,2,22,walk,Elizabeth Pepys
sir_w_pen_house,navy_office,1667,2,22,walk,
navy_office,home_seething_lane,1667,2,22,walk,
home_seething_lane,navy_office,1667,2,23,walk,
navy_office,home_seething_lane,1667,2,23,walk,
home_seething_lane,whitehall,1667,2,24,coach,Sir W. Batten
whitehall,parish_church,1667,2,24,coach,Sir W. Batten
parish_church,home_seething_lane,1667,2,24,walk,
home_seething_lane,lord_treasurers_house,1667,2,24,boat,
lord_treasurers_house,whitehall,1667,2,24,walk,
whitehall,home_seething_lane,1667,2,24,boat,
home_seething_lane,cockpit,1667,2,25,coach,
cockpit,home_seething_lane,1667,2,25,coach,
home_seething_lane,navy_office,1667,2,25,walk,
navy_office,royal_exchange,1667,2,25,walk,
royal_exchange,home_seething_lane,1667,2,25,walk,
home_seething_lane,navy_office,1667,2,26,walk,
navy_office,home_seething_lane,1667,2,26,walk,
home_seething_lane,woolwich,1667,2,27,boat,
woolwich,blackwall,1667,2,27,boat,
blackwall,deptford,1667,2,27,boat,
deptford,redriffe,1667,2,27,walk,
redriffe,home_seething_lane,1667,2,27,walk,
home_seething_lane,whitehall,1667,2,27,coach,Elizabeth Pepys; Mr. Hunt
whitehall,westminster_hall,1667,2,27,walk,
westminster_hall,mrs_pierces_covent_garden,1667,2,27,coach,Elizabeth Pepys
mrs_pierces_covent_garden,home_seething_lane,1667,2,27,coach,Elizabeth Pepys
home_seething_lane,navy_office,1667,2,28,walk,
navy_office,royal_exchange,1667,2,28,walk,
royal_exchange,sir_r_viners,1667,2,28,walk,
sir_r_viners,home_seething_lane,1667,2,28,walk,
home_seething_lane,navy_office,1667,3,1,walk,
navy_office,home_seething_lane,1667,3,1,walk,
home_seething_lane,navy_office,1667,3,2,walk,
navy_office,home_seething_lane,1667,3,2,walk,
home_seething_lane,kings_playhouse,1667,3,2,coach,Elizabeth Pepys
kings_playhouse,home_seething_lane,1667,3,2,coach,Elizabeth Pepys
home_seething_lane,parish_church,1667,3,3,walk,
parish_church,home_seething_lane,1667,3,3,walk,
home_seething_lane,whitehall,1667,3,3,boat,
whitehall,pell_mell,1667,3,3,walk,
pell_mell,berkeley_house,1667,3,3,walk,
berkeley_house,mr_michells_house,1667,3,3,boat,
mr_michells_house,home_seething_lane,1667,3,3,walk,
home_seething_lane,deptford,1667,3,4,boat,Sir J. Minnes; Sir W. Batten
deptford,woolwich,1667,3,4,boat,Sir J. Minnes; Sir W. Batten
woolwich,white_hart_woolwich,1667,3,4,walk,Sir J. Minnes; Sir W. Batten; Captain Cocke
white_hart_woolwich,deptford,1667,3,4,boat,Sir J. Minnes; Sir W. Batten
deptford,bagwells_house,1667,3,4,walk,
bagwells_house,redriffe,1667,3,4,walk,
redriffe,home_seething_lane,1667,3,4,boat,
home_seething_lane,navy_office,1667,3,5,walk,
navy_office,home_seething_lane,1667,3,5,walk,
home_seething_lane,whitehall,1667,3,6,coach,Sir W. Pen
whitehall,westminster_hall,1667,3,6,walk,
westminster_hall,lord_crews_house,1667,3,6,walk,
lord_crews_house,home_seething_lane,1667,3,6,coach,
home_seething_lane,redriffe,1667,3,6,boat,
redriffe,home_seething_lane,1667,3,6,boat,
home_seething_lane,navy_office,1667,3,7,walk,
navy_office,devonshire_house,1667,3,7,walk,
devonshire_house,dukes_playhouse,1667,3,7,coach,
dukes_playhouse,home_seething_lane,1667,3,7,coach,
home_seething_lane,old_swan,1667,3,8,walk,
old_swan,whitehall,1667,3,8,boat,
whitehall,exchequer,1667,3,8,walk,
exchequer,swan_palace,1667,3,8,walk,
swan_palace,westminster_hall,1667,3,8,walk,
westminster_hall,whitehall,1667,3,8,walk,
whitehall,home_seething_lane,1667,3,8,coach,Sir W. Batten; Sir W. Pen
home_seething_lane,lord_treasurers_house,1667,3,8,coach,Lord Bellasses
lord_treasurers_house,home_seething_lane,1667,3,8,coach,
home_seething_lane,navy_office,1667,3,9,walk,
navy_office,new_exchange,1667,3,9,coach,Elizabeth Pepys; Mrs. Pierce
new_exchange,home_seething_lane,1667,3,9,coach,Elizabeth Pepys
home_seething_lane,navy_office,1667,3,11,walk,
navy_office,sun_tavern_leadenhall,1667,3,11,coach,Sir W. Pen
sun_tavern_leadenhall,navy_office,1667,3,11,walk,
navy_office,home_seething_lane,1667,3,11,walk,
home_seething_lane,navy_office,1667,3,12,walk,
navy_office,home_seething_lane,1667,3,12,walk,
home_seething_lane,whitehall,1667,3,13,coach,Sir W. Batten
whitehall,westminster_hall,1667,3,13,walk,
westminster_hall,sir_g_carterets_whitehall,1667,3,13,walk,
sir_g_carterets_whitehall,mr_michells_house,1667,3,13,boat,
mr_michells_house,home_seething_lane,1667,3,13,walk,
home_seething_lane,lord_treasurers_house,1667,3,13,coach,
lord_treasurers_house,westminster_hall,1667,3,13,walk,
westminster_hall,home_seething_lane,1667,3,13,coach,Elizabeth Pepys
home_seething_lane,navy_office,1667,3,14,walk,
navy_office,berkeley_house,1667,3,14,coach,
berkeley_house,the_temple,1667,3,14,coach,Sir H. Cholmly
the_temple,home_seething_lane,1667,3,14,coach,
home_seething_lane,navy_office,1667,3,15,walk,
navy_office,home_seething_lane,1667,3,15,walk,
home_seething_lane,whitehall,1667,3,15,coach,Elizabeth Pepys
whitehall,westminster_hall,1667,3,15,walk,
westminster_hall,home_seething_lane,1667,3,15,coach,Elizabeth Pepys
home_seething_lane,whitehall,1667,3,17,coach,Sir W. Pen; Sir Thomas Allen; Elizabeth Pepys
whitehall,sir_g_carterets_whitehall,1667,3,17,walk,Elizabeth Pepys
sir_g_carterets_whitehall,home_seething_lane,1667,3,17,coach,Elizabeth Pepys
home_seething_lane,lord_treasurers_house,1667,3,17,walk,
lord_treasurers_house,home_seething_lane,1667,3,17,walk,
home_seething_lane,navy_office,1667,3,18,walk,
navy_office,home_seething_lane,1667,3,18,walk,
home_seething_lane,old_swan,1667,3,20,walk,
old_swan,mrs_martins_new_lodging,1667,3,20,boat,
mrs_martins_new_lodging,home_seething_lane,1667,3,20,boat,
home_seething_lane,parish_church,1667,3,20,walk,Sir W. Batten; Sir J. Minnes
parish_church,whitehall,1667,3,20,boat,
whitehall,westminster_hall,1667,3,20,walk,
westminster_hall,charing_cross,1667,3,20,coach,Elizabeth Pepys
charing_cross,home_seething_lane,1667,3,20,coach,Elizabeth Pepys
home_seething_lane,navy_office,1667,3,21,walk,
navy_office,dukes_playhouse,1667,3,21,coach,
dukes_playhouse,home_seething_lane,1667,3,21,coach,
home_seething_lane,whitehall,1667,3,22,coach,
whitehall,lovetts_house,1667,3,22,walk,
lovetts_house,sir_r_viners,1667,3,22,coach,
sir_r_viners,royal_exchange,1667,3,22,walk,
royal_exchange,home_seething_lane,1667,3,22,walk,
home_seething_lane,greenwich,1667,3,22,boat,
greenwich,woolwich,1667,3,22,walk,
woolwich,blackwall,1667,3,22,boat,
blackwall,deptford,1667,3,22,boat,
deptford,home_seething_lane,1667,3,22,boat,
home_seething_lane,navy_office,1667,3,23,walk,
navy_office,home_seething_lane,1667,3,23,walk,
home_seething_lane,whitehall,1667,3,24,coach,Sir W. Batten
whitehall,parish_church,1667,3,24,coach,Sir W. Batten
parish_church,home_seething_lane,1667,3,24,walk,
home_seething_lane,whitehall,1667,3,24,coach,
whitehall,mrs_martins_new_lodging,1667,3,24,walk,
mrs_martins_new_lodging,home_seething_lane,1667,3,24,boat,
home_seething_lane,exeter_house,1667,3,25,coach,Sir W. Batten; Sir W. Pen
exeter_house,lillys_studio,1667,3,25,coach,Sir W. Pen
lillys_studio,sir_w_pen_house,1667,3,25,coach,Sir W. Pen
sir_w_pen_house,kings_playhouse,1667,3,25,coach,Elizabeth Pepys; Sir W. Pen
kings_playhouse,home_seething_lane,1667,3,25,coach,Elizabeth Pepys
home_seething_lane,navy_office,1667,3,26,walk,
navy_office,home_seething_lane,1667,3,26,walk,
home_seething_lane,blackwall,1667,3,26,boat,Sir W. Batten; Sir W. Pen; Sir R. Ford
blackwall,home_seething_lane,1667,3,26,boat,Sir W. Batten
home_seething_lane,whitehall,1667,3,27,coach,Sir W. Pen
whitehall,exchequer,1667,3,27,walk,Sir W. Pen
exchequer,westminster_hall,1667,3,27,walk,
westminster_hall,castle_tavern,1667,3,27,walk,
castle_tavern,exeter_house,1667,3,27,walk,Sir W. Batten; Sir W. Pen
exeter_house,home_seething_lane,1667,3,27,coach,
home_seething_lane,navy_office,1667,3,28,walk,
navy_office,home_seething_lane,1667,3,28,walk,
home_seething_lane,blackwall,1667,3,28,boat,Sir W. Batten; Sir W. Pen; Sir R. Ford
blackwall,home_seething_lane,1667,3,28,boat,Sir W. Batten
home_seething_lane,navy_office,1667,3,29,walk,
navy_office,royal_exchange,1667,3,29,walk,
royal_exchange,home_seething_lane,1667,3,29,walk,
home_seething_lane,bull_head,1667,3,29,walk,Balthasar St. Michel
bull_head,home_seething_lane,1667,3,29,coach,Elizabeth Pepys
home_seething_lane,navy_office,1667,3,30,walk,
navy_office,dukes_playhouse,1667,3,30,coach,
dukes_playhouse,navy_office,1667,3,30,coach,Sir W. Pen
navy_office,home_seething_lane,1667,3,30,walk,
home_seething_lane,parish_church,1667,3,31,walk,
parish_church,home_seething_lane,1667,3,31,walk,
home_seething_lane,whitehall,1667,3,31,coach,Balthasar St. Michel; Sir J. Minnes
whitehall,strand_bridge,1667,3,31,boat,
strand_bridge,lord_treasurers_house,1667,3,31,walk,
lord_treasurers_house,mrs_martins_new_lodging,1667,3,31,walk,
mrs_martins_new_lodging,home_seething_lane,1667,3,31,coach,
home_seething_lane,whitehall,1667,4,1,coach,Sir J. Minnes
whitehall,sir_g_carterets_broad_st,1667,4,1,coach,
sir_g_carterets_broad_st,redriffe,1667,4,1,boat,
redriffe,deptford,1667,4,1,walk,
deptford,redriffe,1667,4,1,walk,
redriffe,home_seething_lane,1667,4,1,boat,
home_seething_lane,navy_office,1667,4,2,walk,
navy_office,home_seething_lane,1667,4,2,walk,
home_seething_lane,whitehall,1667,4,3,coach,Sir W. Batten
whitehall,home_seething_lane,1667,4,3,coach,
home_seething_lane,whitehall,1667,4,3,coach,Sir W. Batten
whitehall,sir_g_carterets_whitehall,1667,4,3,walk,
sir_g_carterets_whitehall,home_seething_lane,1667,4,3,boat,
home_seething_lane,navy_office,1667,4,4,walk,
navy_office,cockpit,1667,4,4,boat,Balthasar St. Michel
cockpit,st_james_park,1667,4,4,walk,Balthasar St. Michel
st_james_park,sir_g_carterets_whitehall,1667,4,4,walk,
sir_g_carterets_whitehall,lord_treasurers_house,1667,4,4,walk,
lord_treasurers_house,hackney,1667,4,4,coach,Elizabeth Pepys; Mercer; Mrs. Anne Jones
hackney,home_seething_lane,1667,4,4,coach,Elizabeth Pepys; Mercer; Mrs. Anne Jones
home_seething_lane,navy_office,1667,4,5,walk,
navy_office,home_seething_lane,1667,4,5,walk,
home_seething_lane,old_swan,1667,4,5,walk,
old_swan,whitehall,1667,4,5,boat,
whitehall,westminster_hall,1667,4,5,walk,
westminster_hall,sir_r_viners,1667,4,5,coach,
sir_r_viners,royal_exchange,1667,4,5,walk,
royal_exchange,home_seething_lane,1667,4,5,walk,
home_seething_lane,tower,1667,4,6,walk,
tower,navy_office,1667,4,6,walk,
navy_office,home_seething_lane,1667,4,6,walk,
home_seething_lane,sir_g_carterets_whitehall,1667,4,6,boat,Balthasar St. Michel
sir_g_carterets_whitehall,royal_exchange,1667,4,6,walk,Balthasar St. Michel
royal_exchange,captain_cockes_house,1667,4,6,walk,
captain_cockes_house,home_seething_lane,1667,4,6,walk,
home_seething_lane,parish_church,1667,4,7,walk,Elizabeth Pepys
parish_church,home_seething_lane,1667,4,7,walk,
home_seething_lane,sir_g_carterets_whitehall,1667,4,7,boat,
sir_g_carterets_whitehall,whitehall,1667,4,7,walk,
whitehall,home_seething_lane,1667,4,7,coach,
home_seething_lane,navy_office,1667,4,8,walk,
navy_office,home_seething_lane,1667,4,8,walk,
home_seething_lane,mrs_pierces_covent_garden,1667,4,8,coach,Elizabeth Pepys; Mercer; Mrs. Anne Jones
mrs_pierces_covent_garden,kings_playhouse,1667,4,8,coach,Elizabeth Pepys; Mercer
kings_playhouse,charing_cross,1667,4,8,coach,Elizabeth Pepys; Mercer
charing_cross,home_seething_lane,1667,4,8,coach,Elizabeth Pepys; Mercer
home_seething_lane,kings_playhouse,1667,4,9,coach,
kings_playhouse,swan_palace,1667,4,9,coach,
swan_palace,old_swan,1667,4,9,boat,
old_swan,home_seething_lane,1667,4,9,walk,
home_seething_lane,old_swan,1667,4,10,walk,
old_swan,whitehall,1667,4,10,boat,
whitehall,sir_g_carterets_whitehall,1667,4,10,walk,
sir_g_carterets_whitehall,home_seething_lane,1667,4,10,coach,
home_seething_lane,sir_g_carterets_broad_st,1667,4,10,walk,Balthasar St. Michel
sir_g_carterets_broad_st,deptford,1667,4,10,boat,
deptford,home_seething_lane,1667,4,10,boat,
home_seething_lane,navy_office,1667,4,11,walk,
navy_office,royal_exchange,1667,4,11,walk,
royal_exchange,sir_g_carterets_whitehall,1667,4,11,walk,
sir_g_carterets_whitehall,navy_office,1667,4,11,walk,
navy_office,sir_g_carterets_broad_st,1667,4,11,walk,Balthasar St. Michel
sir_g_carterets_broad_st,whitehall,1667,4,11,coach,Elizabeth Pepys
whitehall,home_seething_lane,1667,4,11,coach,Elizabeth Pepys
home_seething_lane,whitehall,1667,4,12,boat,
whitehall,sir_g_carterets_whitehall,1667,4,12,walk,
sir_g_carterets_whitehall,home_seething_lane,1667,4,12,boat,
home_seething_lane,redriffe,1667,4,12,boat,
redriffe,home_seething_lane,1667,4,12,walk,Elizabeth Pepys; Mercer; Barker
home_seething_lane,navy_office,1667,4,13,walk,
navy_office,home_seething_lane,1667,4,13,walk,
home_seething_lane,parish_church,1667,4,14,walk,Elizabeth Pepys
parish_church,home_seething_lane,1667,4,14,walk,
home_seething_lane,whitehall,1667,4,14,boat,
whitehall,mrs_martins_new_lodging,1667,4,14,walk,
mrs_martins_new_lodging,jamaica_house,1667,4,14,coach,Elizabeth Pepys; Mercer; Barker
jamaica_house,home_seething_lane,1667,4,14,coach,Elizabeth Pepys; Mercer; Barker
home_seething_lane,kings_playhouse,1667,4,15,coach,
kings_playhouse,home_seething_lane,1667,4,15,coach,
home_seething_lane,navy_office,1667,4,16,walk,
navy_office,home_seething_lane,1667,4,16,walk,
home_seething_lane,kings_playhouse,1667,4,16,coach,Elizabeth Pepys
kings_playhouse,mrs_pierces_covent_garden,1667,4,16,coach,Elizabeth Pepys; Mrs. Knipp
mrs_pierces_covent_garden,cake_house_southampton,1667,4,16,walk,Elizabeth Pepys; Mrs. Knipp; Mrs. Pierce
cake_house_southampton,home_seething_lane,1667,4,16,coach,Elizabeth Pepys
home_seething_lane,st_james_palace,1667,4,17,coach,Sir W. Batten; Sir W. Pen
st_james_palace,sir_g_carterets_broad_st,1667,4,17,coach,
sir_g_carterets_broad_st,kings_playhouse,1667,4,17,coach,Elizabeth Pepys
kings_playhouse,sir_r_viners,1667,4,17,coach,
sir_r_viners,home_seething_lane,1667,4,17,walk,
home_seething_lane,navy_office,1667,4,18,walk,
navy_office,home_seething_lane,1667,4,18,walk,
home_seething_lane,dukes_playhouse,1667,4,18,coach,Elizabeth Pepys
dukes_playhouse,home_seething_lane,1667,4,18,coach,Elizabeth Pepys
home_seething_lane,navy_office,1667,4,19,walk,
navy_office,home_seething_lane,1667,4,19,walk,
home_seething_lane,dukes_playhouse,1667,4,19,coach,Elizabeth Pepys
dukes_playhouse,home_seething_lane,1667,4,19,coach,Elizabeth Pepys
home_seething_lane,navy_office,1667,4,20,walk,
navy_office,home_seething_lane,1667,4,20,walk,
home_seething_lane,dukes_playhouse,1667,4,20,coach,Elizabeth Pepys
dukes_playhouse,home_seething_lane,1667,4,20,coach,Elizabeth Pepys
home_seething_lane,parish_church,1667,4,21,walk,Elizabeth Pepys
parish_church,home_seething_lane,1667,4,21,walk,
home_seething_lane,hackney_church,1667,4,21,coach,Elizabeth Pepys; Mercer
hackney_church,kingsland,1667,4,21,coach,Elizabeth Pepys; Mercer
kingsland,islington,1667,4,21,coach,Elizabeth Pepys; Mercer
islington,home_seething_lane,1667,4,21,coach,Elizabeth Pepys; Mercer
home_seething_lane,old_swan,1667,4,22,walk,
old_swan,st_james_palace,1667,4,22,boat,
st_james_palace,lord_chancellors_new_house,1667,4,22,coach,Sir G. Carteret
lord_chancellors_new_house,home_seething_lane,1667,4,22,coach,Sir G. Carteret
home_seething_lane,greenwich,1667,4,22,boat,
greenwich,woolwich,1667,4,22,walk,
woolwich,deptford,1667,4,22,boat,Captain Cocke
deptford,home_seething_lane,1667,4,22,boat,
home_seething_lane,navy_office,1667,4,23,walk,
navy_office,home_seething_lane,1667,4,23,walk,
home_seething_lane,mrs_martins_new_lodging,1667,4,23,walk,Elizabeth Pepys
mrs_martins_new_lodging,shadwell,1667,4,23,walk,Elizabeth Pepys
shadwell,home_seething_lane,1667,4,23,walk,Elizabeth Pepys
home_seething_lane,st_james_palace,1667,4,24,coach,Sir W. Pen
st_james_palace,westminster_hall,1667,4,24,walk,
westminster_hall,home_seething_lane,1667,4,24,walk,
home_seething_lane,sir_john_duncombs_lodging,1667,4,24,coach,
sir_john_duncombs_lodging,sir_g_carterets_whitehall,1667,4,24,walk,
sir_g_carterets_whitehall,home_seething_lane,1667,4,24,boat,
home_seething_lane,navy_office,1667,4,25,walk,
navy_office,lord_treasurers_house,1667,4,25,coach,
lord_treasurers_house,sir_r_viners,1667,4,25,coach,
sir_r_viners,home_seething_lane,1667,4,25,walk,
home_seething_lane,whitehall,1667,4,26,coach,Sir W. Batten
whitehall,home_seething_lane,1667,4,26,coach,Sir W. Batten
home_seething_lane,whitehall,1667,4,26,coach,Sir W. Batten; Sir W. Pen
whitehall,st_james_palace,1667,4,26,walk,
st_james_palace,westminster_hall,1667,4,26,walk,
westminster_hall,mr_michells_house,1667,4,26,boat,
mr_michells_house,home_seething_lane,1667,4,26,walk,
home_seething_lane,navy_office,1667,4,27,walk,
navy_office,home_seething_lane,1667,4,27,walk,
home_seething_lane,parish_church,1667,4,28,walk,
parish_church,home_seething_lane,1667,4,28,walk,
home_seething_lane,barn_elms,1667,4,28,boat,
barn_elms,putney_church,1667,4,28,boat,
putney_church,deptford,1667,4,28,boat,
deptford,halfway_tree,1667,4,28,walk,
halfway_tree,redriffe,1667,4,28,walk,
redriffe,home_seething_lane,1667,4,28,boat,
home_seething_lane,st_james_palace,1667,4,29,walk,
st_james_palace,sir_g_carterets_whitehall,1667,4,29,walk,
sir_g_carterets_whitehall,home_seething_lane,1667,4,29,coach,
home_seething_lane,sir_g_carterets_whitehall,1667,4,29,coach,
sir_g_carterets_whitehall,home_seething_lane,1667,4,30,walk,
home_seething_lane,navy_office,1667,4,30,walk,
navy_office,royal_exchange,1667,4,30,walk,
royal_exchange,home_seething_lane,1667,4,30,walk,
home_seething_lane,whitehall,1667,4,30,boat,
whitehall,home_seething_lane,1667,4,30,coach,Elizabeth Pepys
home_seething_lane,excise_office,1667,5,1,walk,
excise_office,westminster_hall,1667,5,1,walk,
westminster_hall,rose_tavern,1667,5,1,walk,
rose_tavern,lord_crews_house,1667,5,1,walk,
lord_crews_house,kings_playhouse,1667,5,1,coach,
kings_playhouse,hyde_park,1667,5,1,coach,Sir W. Pen
hyde_park,home_seething_lane,1667,5,1,coach,Sir W. Pen
home_seething_lane,navy_office,1667,5,2,walk,
navy_office,lord_treasurers_house,1667,5,2,coach,
lord_treasurers_house,lord_ashlys_house,1667,5,2,coach,Mr. Gawden
lord_ashlys_house,home_seething_lane,1667,5,2,coach,
home_seething_lane,st_james_palace,1667,5,3,coach,Sir J. Minnes; Sir W. Batten; Sir W. Pen
st_james_palace,excise_office,1667,5,3,walk,
excise_office,westminster_hall,1667,5,3,coach,
westminster_hall,home_seething_lane,1667,5,3,coach,
home_seething_lane,shadwell,1667,5,3,coach,Elizabeth Pepys
shadwell,queens_head_bow,1667,5,3,coach,Elizabeth Pepys
queens_head_bow,home_seething_lane,1667,5,3,coach,Elizabeth Pepys
home_seething_lane,navy_office,1667,5,4,walk,
navy_office,home_seething_lane,1667,5,4,walk,
home_seething_lane,whitehall,1667,5,5,coach,Sir John Robinson
whitehall,sir_g_carterets_whitehall,1667,5,5,walk,
sir_g_carterets_whitehall,parish_church,1667,5,5,walk,
parish_church,home_seething_lane,1667,5,5,walk,
home_seething_lane,shadwell,1667,5,5,boat,Elizabeth Pepys; Barker
shadwell,barn_elms,1667,5,5,boat,Elizabeth Pepys; Barker
barn_elms,home_seething_lane,1667,5,5,boat,Elizabeth Pepys; Barker
home_seething_lane,lord_treasurers_house,1667,5,6,coach,
lord_treasurers_house,westminster_hall,1667,5,6,walk,
westminster_hall,exchequer,1667,5,6,walk,
exchequer,home_seething_lane,1667,5,6,coach,Captain Cocke
home_seething_lane,sir_r_viners,1667,5,6,walk,
sir_r_viners,home_seething_lane,1667,5,6,walk,
home_seething_lane,st_james_palace,1667,5,7,coach,
st_james_palace,home_seething_lane,1667,5,7,coach,
home_seething_lane,st_james_palace,1667,5,7,coach,
st_james_palace,navy_office,1667,5,7,coach,
navy_office,home_seething_lane,1667,5,7,walk,
home_seething_lane,st_james_palace,1667,5,8,walk,
st_james_palace,westminster_hall,1667,5,8,coach,Sir G. Carteret
westminster_hall,royal_exchange,1667,5,8,coach,
royal_exchange,home_seething_lane,1667,5,8,walk,
home_seething_lane,st_james_palace,1667,5,9,coach,Elizabeth Pepys
st_james_palace,clarendon_house,1667,5,9,walk,
clarendon_house,hyde_park,1667,5,9,coach,Sir G. Carteret
hyde_park,whitehall,1667,5,9,coach,Sir G. Carteret
whitehall,home_seething_lane,1667,5,9,coach,Elizabeth Pepys
home_seething_lane,navy_office,1667,5,10,walk,
navy_office,three_tuns_tavern,1667,5,10,walk,
three_tuns_tavern,sir_r_viners,1667,5,10,walk,
sir_r_viners,home_seething_lane,1667,5,10,coach,
home_seething_lane,navy_office,1667,5,11,walk,
navy_office,home_seething_lane,1667,5,11,walk,
home_seething_lane,whitehall,1667,5,11,coach,Elizabeth Pepys; John Creed
whitehall,home_seething_lane,1667,5,11,coach,Elizabeth Pepys
home_seething_lane,whitehall,1667,5,12,coach,Elizabeth Pepys
whitehall,home_seething_lane,1667,5,12,coach,Elizabeth Pepys
home_seething_lane,islington,1667,5,12,coach,Elizabeth Pepys
islington,home_seething_lane,1667,5,12,coach,Elizabeth Pepys
home_seething_lane,navy_office,1667,5,13,walk,
navy_office,lord_treasurers_house,1667,5,13,coach,Elizabeth Pepys
lord_treasurers_house,new_exchange,1667,5,13,coach,
new_exchange,home_seething_lane,1667,5,13,coach,Elizabeth Pepys
home_seething_lane,navy_office,1667,5,14,walk,
navy_office,clarendon_house,1667,5,14,coach,
clarendon_house,home_seething_lane,1667,5,14,coach,
home_seething_lane,st_james_palace,1667,5,15,coach,Sir W. Batten; Sir J. Minnes
st_james_palace,home_seething_lane,1667,5,15,coach,Sir G. Carteret
home_seething_lane,navy_office,1667,5,16,walk,
navy_office,three_tuns_tavern,1667,5,16,walk,
three_tuns_tavern,lord_treasurers_house,1667,5,16,coach,Elizabeth Pepys; Sir W. Pen
lord_treasurers_house,islington,1667,5,16,coach,Elizabeth Pepys; Sir W. Pen
islington,home_seething_lane,1667,5,16,coach,Elizabeth Pepys; Sir W. Pen
home_seething_lane,navy_office,1667,5,17,walk,
navy_office,three_tuns_tavern,1667,5,17,walk,
three_tuns_tavern,home_seething_lane,1667,5,17,walk,
home_seething_lane,sir_r_viners,1667,5,17,walk,
sir_r_viners,st_james_palace,1667,5,17,coach,
st_james_palace,home_seething_lane,1667,5,17,coach,
home_seething_lane,navy_office,1667,5,18,walk,
navy_office,home_seething_lane,1667,5,18,walk,
home_seething_lane,parish_church,1667,5,19,walk,
parish_church,sir_g_carterets_whitehall,1667,5,19,boat,
sir_g_carterets_whitehall,home_seething_lane,1667,5,19,boat,
home_seething_lane,excise_office,1667,5,20,coach,
excise_office,westminster_hall,1667,5,20,walk,
westminster_hall,lincolns_inn_fields,1667,5,20,coach,
lincolns_inn_fields,old_swan,1667,5,20,walk,
old_swan,mrs_martins_new_lodging,1667,5,20,boat,
mrs_martins_new_lodging,home_seething_lane,1667,5,20,coach,
home_seething_lane,navy_office,1667,5,21,walk,
navy_office,home_seething_lane,1667,5,21,walk,
home_seething_lane,whitehall,1667,5,22,boat,
whitehall,st_james_palace,1667,5,22,walk,
st_james_palace,westminster_hall,1667,5,22,coach,Sir G. Carteret
westminster_hall,red_lion_inn,1667,5,22,coach,
red_lion_inn,royal_exchange,1667,5,22,walk,
royal_exchange,home_seething_lane,1667,5,22,walk,
home_seething_lane,kings_playhouse,1667,5,22,boat,
kings_playhouse,home_seething_lane,1667,5,22,coach,
home_seething_lane,navy_office,1667,5,23,walk,
navy_office,home_seething_lane,1667,5,23,walk,
home_seething_lane,navy_office,1667,5,24,walk,
navy_office,islington,1667,5,24,coach,Elizabeth Pepys; Sir W. Pen
islington,kings_playhouse,1667,5,24,coach,Elizabeth Pepys; Sir W. Pen
kings_playhouse,home_seething_lane,1667,5,24,coach,Elizabeth Pepys; Sir W. Pen
home_seething_lane,navy_office,1667,5,25,walk,
navy_office,home_seething_lane,1667,5,25,walk,
home_seething_lane,parish_church,1667,5,26,walk,Elizabeth Pepys
parish_church,home_seething_lane,1667,5,26,walk,
home_seething_lane,mrs_martins_new_lodging,1667,5,26,boat,
mrs_martins_new_lodging,barn_elms,1667,5,26,boat,
barn_elms,old_swan,1667,5,26,boat,
old_swan,home_seething_lane,1667,5,26,walk,
home_seething_lane,whitehall,1667,5,27,boat,
whitehall,st_james_palace,1667,5,27,walk,
st_james_palace,home_seething_lane,1667,5,27,coach,
home_seething_lane,spring_garden,1667,5,27,boat,John Creed
spring_garden,old_swan,1667,5,27,boat,
old_swan,home_seething_lane,1667,5,27,walk,
home_seething_lane,st_james_palace,1667,5,28,coach,
st_james_palace,home_seething_lane,1667,5,28,coach,
home_seething_lane,st_james_palace,1667,5,29,coach,
st_james_palace,home_seething_lane,1667,5,29,coach,
home_seething_lane,navy_office,1667,5,30,walk,
navy_office,home_seething_lane,1667,5,30,walk,
home_seething_lane,arundell_house,1667,5,30,walk,
arundell_house,home_seething_lane,1667,5,30,coach,
home_seething_lane,whitehall,1667,5,31,boat,
whitehall,sir_g_carterets_whitehall,1667,5,31,walk,
sir_g_carterets_whitehall,navy_office,1667,5,31,coach,Mr. Gawden
navy_office,home_seething_lane,1667,5,31,walk,
home_seething_lane,navy_office,1667,6,1,walk,
navy_office,home_seething_lane,1667,6,1,walk,
home_seething_lane,old_swan,1667,6,2,walk,
old_swan,home_seething_lane,1667,6,2,boat,
home_seething_lane,st_james_palace,1667,6,3,coach,
st_james_palace,westminster_hall,1667,6,3,walk,
westminster_hall,deptford,1667,6,3,boat,
deptford,whitehall,1667,6,3,boat,John Creed
whitehall,spring_garden,1667,6,3,boat,John Creed
spring_garden,home_seething_lane,1667,6,3,boat,
home_seething_lane,navy_office,1667,6,4,walk,
navy_office,home_seething_lane,1667,6,4,walk,
home_seething_lane,whitehall,1667,6,5,coach,
whitehall,st_james_palace,1667,6,5,walk,
st_james_palace,lord_crews_house,1667,6,5,coach,Sir G. Carteret
lord_crews_house,whitehall,1667,6,5,coach,
whitehall,home_seething_lane,1667,6,5,coach,
home_seething_lane,navy_office,1667,6,6,walk,
navy_office,sir_w_pen_house,1667,6,6,walk,
sir_w_pen_house,navy_office,1667,6,6,walk,
navy_office,home_seething_lane,1667,6,6,walk,
home_seething_lane,navy_office,1667,6,7,walk,
navy_office,home_seething_lane,1667,6,7,walk,
home_seething_lane,navy_office,1667,6,8,walk,
navy_office,home_seething_lane,1667,6,8,walk,
home_seething_lane,st_james_palace,1667,6,9,boat,
st_james_palace,home_seething_lane,1667,6,9,boat,
home_seething_lane,whitehall,1667,6,9,boat,John Creed
whitehall,mrs_martins_new_lodging,1667,6,9,walk,
mrs_martins_new_lodging,barn_elms,1667,6,9,boat,
barn_elms,home_seething_lane,1667,6,9,boat,
home_seething_lane,whitehall,1667,6,10,coach,Sir W. Batten; Sir W. Pen
whitehall,deptford,1667,6,10,boat,Sir W. Batten; Sir W. Pen
deptford,greenwich,1667,6,10,boat,
greenwich,woolwich,1667,6,10,boat,
woolwich,gravesend,1667,6,10,boat,
gravesend,home_seething_lane,1667,6,10,boat,
home_seething_lane,navy_office,1667,6,11,walk,
navy_office,deptford,1667,6,11,boat,Sir W. Batten
deptford,home_seething_lane,1667,6,11,boat,
home_seething_lane,navy_office,1667,6,12,walk,
navy_office,whitehall,1667,6,12,coach,
whitehall,home_seething_lane,1667,6,12,coach,Elizabeth Pepys
home_seething_lane,navy_office,1667,6,13,walk,
navy_office,home_seething_lane,1667,6,13,walk,
home_seething_lane,navy_office,1667,6,14,walk,
navy_office,home_seething_lane,1667,6,14,walk,
home_seething_lane,navy_office,1667,6,15,walk,
navy_office,home_seething_lane,1667,6,15,walk,
home_seething_lane,navy_office,1667,6,16,walk,
navy_office,home_seething_lane,1667,6,16,walk,
home_seething_lane,navy_office,1667,6,17,walk,
navy_office,home_seething_lane,1667,6,17,walk,
home_seething_lane,navy_office,1667,6,18,walk,
navy_office,home_seething_lane,1667,6,18,walk,
home_seething_lane,navy_office,1667,6,19,walk,
navy_office,whitehall,1667,6,19,coach,
whitehall,sir_g_carterets_whitehall,1667,6,19,walk,
sir_g_carterets_whitehall,home_seething_lane,1667,6,19,coach,
home_seething_lane,navy_office,1667,6,20,walk,
navy_office,home_seething_lane,1667,6,20,walk,
home_seething_lane,whitehall,1667,6,21,boat,
whitehall,hercules_pillars,1667,6,21,walk,
hercules_pillars,home_seething_lane,1667,6,21,walk,
home_seething_lane,navy_office,1667,6,22,walk,
navy_office,home_seething_lane,1667,6,22,walk,
home_seething_lane,woolwich,1667,6,23,boat,
woolwich,greenwich,1667,6,23,boat,
greenwich,home_seething_lane,1667,6,23,boat,
home_seething_lane,navy_office,1667,6,24,walk,
navy_office,home_seething_lane,1667,6,24,walk,
home_seething_lane,st_james_palace,1667,6,25,coach,Sir W. Pen
st_james_palace,westminster_hall,1667,6,25,coach,Sir W. Pen
westminster_hall,home_seething_lane,1667,6,25,coach,
home_seething_lane,whitehall,1667,6,26,boat,
whitehall,westminster_hall,1667,6,26,walk,
westminster_hall,home_seething_lane,1667,6,26,coach,
home_seething_lane,islington,1667,6,26,coach,Elizabeth Pepys; Mercer
islington,home_seething_lane,1667,6,26,coach,Elizabeth Pepys; Mercer
home_seething_lane,navy_office,1667,6,27,walk,
navy_office,home_seething_lane,1667,6,27,walk,
home_seething_lane,st_james_palace,1667,6,28,coach,Sir H. Cholmly
st_james_palace,exchequer,1667,6,28,walk,Sir H. Cholmly
exchequer,sir_g_carterets_whitehall,1667,6,28,boat,
sir_g_carterets_whitehall,home_seething_lane,1667,6,28,coach,
home_seething_lane,st_james_palace,1667,6,29,coach,
st_james_palace,whitehall,1667,6,29,coach,Sir W. Pen
whitehall,home_seething_lane,1667,6,29,coach,
home_seething_lane,rochester,1667,6,30,coach,John Creed
rochester,chatham_yard,1667,6,30,boat,John Creed
chatham_yard,upnor_castle,1667,6,30,boat,John Creed
upnor_castle,rochester,1667,6,30,boat,John Creed
rochester,gravesend,1667,7,1,coach,John Creed
gravesend,home_seething_lane,1667,7,1,coach,John Creed
home_seething_lane,navy_office,1667,7,2,walk,
navy_office,home_seething_lane,1667,7,2,walk,
home_seething_lane,navy_office,1667,7,3,walk,
navy_office,whitehall,1667,7,3,boat,
whitehall,westminster_hall,1667,7,3,walk,
westminster_hall,mrs_martins_new_lodging,1667,7,3,walk,
mrs_martins_new_lodging,whitehall,1667,7,3,walk,
whitehall,home_seething_lane,1667,7,3,coach,
home_seething_lane,sessions_house,1667,7,4,coach,
sessions_house,home_seething_lane,1667,7,4,coach,
home_seething_lane,navy_office,1667,7,5,walk,
navy_office,new_exchange,1667,7,5,coach,Sir W. Pen
new_exchange,home_seething_lane,1667,7,5,walk,
home_seething_lane,navy_office,1667,7,6,walk,
navy_office,home_seething_lane,1667,7,6,walk,
home_seething_lane,westminster_hall,1667,7,6,coach,
westminster_hall,whitehall,1667,7,6,walk,
whitehall,home_seething_lane,1667,7,6,coach,
home_seething_lane,halfway_house,1667,7,7,boat,Elizabeth Pepys; Jane
halfway_house,home_seething_lane,1667,7,7,boat,Elizabeth Pepys; Jane
home_seething_lane,whitehall,1667,7,8,coach,Elizabeth Pepys
whitehall,charing_cross,1667,7,8,coach,Elizabeth Pepys; John Creed
charing_cross,home_seething_lane,1667,7,8,coach,Elizabeth Pepys
home_seething_lane,navy_office,1667,7,9,walk,
navy_office,home_seething_lane,1667,7,9,walk,
home_seething_lane,navy_office,1667,7,10,walk,
navy_office,home_seething_lane,1667,7,10,walk,
home_seething_lane,navy_office,1667,7,11,walk,
navy_office,home_seething_lane,1667,7,11,walk,
home_seething_lane,whitehall,1667,7,12,coach,
whitehall,excise_office,1667,7,12,coach,Sir H. Cholmly
excise_office,lord_crews_house,1667,7,12,coach,
lord_crews_house,st_james_palace,1667,7,12,coach,
st_james_palace,home_seething_lane,1667,7,12,coach,
home_seething_lane,navy_office,1667,7,13,walk,
navy_office,home_seething_lane,1667,7,13,walk,
home_seething_lane,new_exchange,1667,7,13,coach,Elizabeth Pepys
new_exchange,st_james_palace,1667,7,13,walk,
st_james_palace,home_seething_lane,1667,7,13,coach,Elizabeth Pepys
home_seething_lane,epsom,1667,7,14,coach,Elizabeth Pepys; Mrs. Turner; William Hewer
epsom,epsom_downs,1667,7,14,walk,Elizabeth Pepys; Mrs. Turner; William Hewer
epsom_downs,epsom,1667,7,14,walk,Elizabeth Pepys; Mrs. Turner; William Hewer
epsom,home_seething_lane,1667,7,14,coach,Elizabeth Pepys; Mrs. Turner; William Hewer
home_seething_lane,whitehall,1667,7,17,coach,Elizabeth Pepys
whitehall,westminster_hall,1667,7,17,walk,
westminster_hall,home_seething_lane,1667,7,17,coach,Elizabeth Pepys
home_seething_lane,navy_office,1667,7,18,walk,
navy_office,home_seething_lane,1667,7,18,walk,
home_seething_lane,islington,1667,7,18,coach,Elizabeth Pepys; Mr. Batelier
islington,home_seething_lane,1667,7,18,coach,Elizabeth Pepys; Mr. Batelier
home_seething_lane,exchequer,1667,7,19,walk,
exchequer,home_seething_lane,1667,7,19,coach,
home_seething_lane,navy_office,1667,7,20,walk,
navy_office,home_seething_lane,1667,7,20,walk,
home_seething_lane,barn_elms,1667,7,21,boat,Elizabeth Pepys; Mercer
barn_elms,lambeth,1667,7,21,boat,Elizabeth Pepys; Mercer
lambeth,home_seething_lane,1667,7,21,boat,Elizabeth Pepys; Mercer
home_seething_lane,st_james_palace,1667,7,22,coach,Sir W. Batten; Sir J. Minnes
st_james_palace,clarendon_house,1667,7,22,walk,
clarendon_house,royal_exchange,1667,7,22,coach,Mr. Gawden
royal_exchange,home_seething_lane,1667,7,22,walk,
home_seething_lane,whitehall,1667,7,22,coach,Elizabeth Pepys
whitehall,home_seething_lane,1667,7,22,coach,Elizabeth Pepys
home_seething_lane,navy_office,1667,7,24,walk,
navy_office,gravesend,1667,7,24,boat,
gravesend,home_seething_lane,1667,7,24,boat,
home_seething_lane,navy_office,1667,7,25,walk,
navy_office,home_seething_lane,1667,7,25,walk,
home_seething_lane,navy_office,1667,7,26,walk,
navy_office,home_seething_lane,1667,7,26,walk,
home_seething_lane,whitehall,1667,7,26,coach,Elizabeth Pepys
whitehall,home_seething_lane,1667,7,26,coach,Elizabeth Pepys
home_seething_lane,navy_office,1667,7,27,walk,
navy_office,royal_exchange,1667,7,27,walk,
royal_exchange,sir_g_carterets_broad_st,1667,7,27,walk,
sir_g_carterets_broad_st,home_seething_lane,1667,7,27,walk,
home_seething_lane,navy_office,1667,7,28,walk,
navy_office,home_seething_lane,1667,7,28,walk,
home_seething_lane,st_james_palace,1667,7,29,coach,Sir W. Batten
st_james_palace,westminster_hall,1667,7,29,walk,
westminster_hall,home_seething_lane,1667,7,29,coach,Roger Pepys; John Creed
home_seething_lane,whitehall,1667,7,29,coach,John Creed
whitehall,westminster_hall,1667,7,29,walk,
westminster_hall,home_seething_lane,1667,7,30,walk,
home_seething_lane,navy_office,1667,7,30,walk,
navy_office,whitehall,1667,7,30,coach,
whitehall,home_seething_lane,1667,7,30,coach,
home_seething_lane,navy_office,1667,7,31,walk,
navy_office,home_seething_lane,1667,7,31,walk,
home_seething_lane,marylebone,1667,7,31,coach,Elizabeth Pepys
marylebone,home_seething_lane,1667,7,31,coach,Elizabeth Pepys
home_seething_lane,navy_office,1667,8,1,walk,
navy_office,sir_w_pen_house,1667,8,1,walk,
sir_w_pen_house,kings_playhouse,1667,8,1,coach,Elizabeth Pepys; Mrs. Turner; Mrs. Knipp
kings_playhouse,neat_houses,1667,8,1,coach,Elizabeth Pepys; Mrs. Turner; Mrs. Knipp
neat_houses,home_seething_lane,1667,8,1,coach,Elizabeth Pepys; Mrs. Turner
home_seething_lane,navy_office,1667,8,2,walk,
navy_office,home_seething_lane,1667,8,2,walk,
home_seething_lane,navy_office,1667,8,3,walk,
navy_office,whitehall,1667,8,3,coach,
whitehall,home_seething_lane,1667,8,3,coach,
home_seething_lane,st_james_palace,1667,8,5,coach,Sir W. Batten
st_james_palace,royal_exchange,1667,8,5,coach,Mr. Gawden
royal_exchange,sir_w_pen_house,1667,8,5,walk,
sir_w_pen_house,dukes_playhouse,1667,8,5,coach,Elizabeth Pepys; Sir W. Pen
dukes_playhouse,home_seething_lane,1667,8,5,coach,Elizabeth Pepys
home_seething_lane,navy_office,1667,8,6,walk,
navy_office,home_seething_lane,1667,8,6,walk,
home_seething_lane,navy_office,1667,8,7,walk,
navy_office,home_seething_lane,1667,8,7,walk,
home_seething_lane,the_temple,1667,8,8,coach,Elizabeth Pepys
the_temple,whitehall,1667,8,8,coach,
whitehall,queens_head_bow,1667,8,8,coach,Elizabeth Pepys
queens_head_bow,home_seething_lane,1667,8,8,coach,Elizabeth Pepys
home_seething_lane,westminster_hall,1667,8,9,coach,Sir H. Cholmly
westminster_hall,home_seething_lane,1667,8,9,coach,
home_seething_lane,st_james_palace,1667,8,9,coach,
st_james_palace,home_seething_lane,1667,8,9,coach,
home_seething_lane,navy_office,1667,8,10,walk,
navy_office,new_exchange,1667,8,10,walk,
new_exchange,home_seething_lane,1667,8,10,walk,
home_seething_lane,barnett,1667,8,11,coach,Elizabeth Pepys; Mrs. Turner; William Hewer
barnett,hatfield,1667,8,11,coach,Elizabeth Pepys; Mrs. Turner; William Hewer
hatfield,barnett,1667,8,11,coach,Elizabeth Pepys; Mrs. Turner; William Hewer
barnett,home_seething_lane,1667,8,11,coach,Elizabeth Pepys; Mrs. Turner; William Hewer
home_seething_lane,st_james_palace,1667,8,12,coach,Mr. Gawden
st_james_palace,westminster_hall,1667,8,12,walk,
westminster_hall,home_seething_lane,1667,8,12,walk,
home_seething_lane,kings_playhouse,1667,8,12,walk,
kings_playhouse,home_seething_lane,1667,8,12,coach,
home_seething_lane,st_james_palace,1667,8,13,coach,Sir W. Pen
st_james_palace,kings_playhouse,1667,8,13,coach,Sir W. Pen
kings_playhouse,home_seething_lane,1667,8,13,coach,Sir W. Pen
home_seething_lane,navy_office,1667,8,14,walk,
navy_office,kings_playhouse,1667,8,14,coach,
kings_playhouse,home_seething_lane,1667,8,14,coach,
home_seething_lane,st_james_palace,1667,8,15,coach,Sir W. Batten; Sir J. Minnes; Sir W. Pen
st_james_palace,kings_playhouse,1667,8,15,coach,Sir W. Pen
kings_playhouse,home_seething_lane,1667,8,15,coach,Elizabeth Pepys
home_seething_lane,navy_office,1667,8,16,walk,
navy_office,dukes_playhouse,1667,8,16,coach,Elizabeth Pepys
dukes_playhouse,new_exchange,1667,8,16,coach,Elizabeth Pepys
new_exchange,home_seething_lane,1667,8,16,coach,Elizabeth Pepys
home_seething_lane,navy_office,1667,8,17,walk,
navy_office,kings_playhouse,1667,8,17,coach,Elizabeth Pepys; Sir W. Pen
kings_playhouse,home_seething_lane,1667,8,17,coach,Elizabeth Pepys
home_seething_lane,parish_church,1667,8,18,walk,
parish_church,home_seething_lane,1667,8,18,walk,
home_seething_lane,islington,1667,8,18,coach,Elizabeth Pepys
islington,home_seething_lane,1667,8,18,coach,Elizabeth Pepys
home_seething_lane,exchequer,1667,8,19,walk,
exchequer,home_seething_lane,1667,8,19,walk,
home_seething_lane,dukes_playhouse,1667,8,19,coach,
dukes_playhouse,home_seething_lane,1667,8,19,coach,
home_seething_lane,navy_office,1667,8,20,walk,
navy_office,dukes_playhouse,1667,8,20,coach,Elizabeth Pepys; Lord Bruncker
dukes_playhouse,home_seething_lane,1667,8,20,coach,Elizabeth Pepys
home_seething_lane,navy_office,1667,8,21,walk,
navy_office,whitehall,1667,8,21,coach,Elizabeth Pepys
whitehall,westminster_hall,1667,8,21,walk,
westminster_hall,home_seething_lane,1667,8,21,coach,Elizabeth Pepys
home_seething_lane,navy_office,1667,8,22,walk,
navy_office,captain_cockes_house,1667,8,22,walk,Lord Bruncker
captain_cockes_house,kings_playhouse,1667,8,22,coach,Lord Bruncker
kings_playhouse,home_seething_lane,1667,8,22,coach,
home_seething_lane,whitehall,1667,8,23,coach,Sir W. Pen
whitehall,exchequer,1667,8,23,walk,
exchequer,home_seething_lane,1667,8,23,coach,
home_seething_lane,kings_playhouse,1667,8,23,coach,Elizabeth Pepys
kings_playhouse,home_seething_lane,1667,8,23,coach,Elizabeth Pepys; Mrs. Turner
home_seething_lane,navy_office,1667,8,24,walk,
navy_office,kings_playhouse,1667,8,24,coach,Elizabeth Pepys; John Creed
kings_playhouse,home_seething_lane,1667,8,24,coach,Elizabeth Pepys
home_seething_lane,parish_church,1667,8,25,walk,
parish_church,home_seething_lane,1667,8,25,walk,
home_seething_lane,barn_elms,1667,8,25,boat,
barn_elms,home_seething_lane,1667,8,25,boat,
home_seething_lane,navy_office,1667,8,26,walk,
navy_office,whitehall,1667,8,26,coach,Sir J. Minnes
whitehall,kings_playhouse,1667,8,26,walk,
kings_playhouse,home_seething_lane,1667,8,26,coach,Sir W. Pen
home_seething_lane,navy_office,1667,8,27,walk,
navy_office,st_james_palace,1667,8,27,coach,Elizabeth Pepys; Sir W. Pen
st_james_palace,whitehall,1667,8,27,walk,Sir J. Minnes
whitehall,home_seething_lane,1667,8,27,coach,
home_seething_lane,whitehall,1667,8,28,coach,
whitehall,home_seething_lane,1667,8,28,coach,
home_seething_lane,bartholomew_fair,1667,8,28,coach,Elizabeth Pepys
bartholomew_fair,home_seething_lane,1667,8,28,coach,Elizabeth Pepys
home_seething_lane,lord_crews_house,1667,8,29,walk,
lord_crews_house,whitehall,1667,8,29,coach,
whitehall,home_seething_lane,1667,8,29,coach,
home_seething_lane,whitehall,1667,8,29,coach,
whitehall,lord_crews_house,1667,8,29,coach,
lord_crews_house,home_seething_lane,1667,8,29,coach,
home_seething_lane,whitehall,1667,8,30,coach,
whitehall,walthamstow,1667,8,30,coach,Elizabeth Pepys
walthamstow,bartholomew_fair,1667,8,30,coach,
bartholomew_fair,home_seething_lane,1667,8,30,coach,
home_seething_lane,navy_office,1667,8,31,walk,
navy_office,whitehall,1667,8,31,walk,
whitehall,home_seething_lane,1667,8,31,coach,Elizabeth Pepys
home_seething_lane,old_swan,1667,9,1,walk,
old_swan,mrs_martins_new_lodging,1667,9,1,boat,
mrs_martins_new_lodging,whitehall,1667,9,1,walk,John Creed
whitehall,sir_g_carterets_whitehall,1667,9,1,walk,
sir_g_carterets_whitehall,home_seething_lane,1667,9,1,coach,Elizabeth Pepys
home_seething_lane,st_james_palace,1667,9,2,coach,Sir J. Minnes
st_james_palace,whitehall,1667,9,2,coach,
whitehall,home_seething_lane,1667,9,2,coach,
home_seething_lane,st_james_palace,1667,9,3,coach,Elizabeth Pepys
st_james_palace,home_seething_lane,1667,9,3,coach,Elizabeth Pepys
home_seething_lane,whitehall,1667,9,4,coach,
whitehall,bartholomew_fair,1667,9,4,coach,Elizabeth Pepys; William Hewer
bartholomew_fair,dukes_playhouse,1667,9,4,coach,Elizabeth Pepys; William Hewer
dukes_playhouse,home_seething_lane,1667,9,4,coach,Elizabeth Pepys
home_seething_lane,navy_office,1667,9,5,walk,
navy_office,dukes_playhouse,1667,9,5,coach,Elizabeth Pepys; Mary Batelier; Sir W. Pen
dukes_playhouse,home_seething_lane,1667,9,5,coach,Elizabeth Pepys
home_seething_lane,exchequer,1667,9,6,walk,
exchequer,home_seething_lane,1667,9,6,coach,
home_seething_lane,walthamstow,1667,9,6,coach,Elizabeth Pepys
walthamstow,bartholomew_fair,1667,9,6,coach,Elizabeth Pepys
bartholomew_fair,home_seething_lane,1667,9,6,coach,Elizabeth Pepys
home_seething_lane,navy_office,1667,9,7,walk,
navy_office,home_seething_lane,1667,9,7,walk,
home_seething_lane,st_james_palace,1667,9,8,walk,
st_james_palace,whitehall,1667,9,8,walk,Lord Bruncker
whitehall,sir_g_carterets_whitehall,1667,9,8,walk,
sir_g_carterets_whitehall,mrs_martins_new_lodging,1667,9,8,walk,
mrs_martins_new_lodging,home_seething_lane,1667,9,8,coach,
home_seething_lane,whitehall,1667,9,9,coach,Elizabeth Pepys; John Creed
whitehall,bear_garden,1667,9,9,boat,
bear_garden,home_seething_lane,1667,9,9,coach,Elizabeth Pepys
home_seething_lane,navy_office,1667,9,10,walk,
navy_office,st_james_palace,1667,9,10,coach,Elizabeth Pepys
st_james_palace,home_seething_lane,1667,9,10,coach,Elizabeth Pepys; Mercer
home_seething_lane,exchequer,1667,9,11,coach,Mr. Gawden
exchequer,home_seething_lane,1667,9,11,walk,
home_seething_lane,whitehall,1667,9,11,boat,Sir W. Batten
whitehall,dukes_playhouse,1667,9,11,coach,
dukes_playhouse,home_seething_lane,1667,9,11,coach,Mrs. Turner
home_seething_lane,exchequer,1667,9,12,walk,
exchequer,dukes_playhouse,1667,9,12,coach,
dukes_playhouse,home_seething_lane,1667,9,12,coach,Elizabeth Pepys
home_seething_lane,walthamstow,1667,9,13,coach,Elizabeth Pepys; Sir W. Batten; Mrs. Turner
walthamstow,home_seething_lane,1667,9,13,coach,Elizabeth Pepys; Sir W. Batten; Mrs. Turner
home_seething_lane,navy_office,1667,9,14,walk,
navy_office,home_seething_lane,1667,9,14,walk,
home_seething_lane,parish_church,1667,9,15,walk,
parish_church,home_seething_lane,1667,9,15,walk,
home_seething_lane,exchequer,1667,9,16,coach,Sir H. Cholmly
exchequer,mrs_pierces_covent_garden,1667,9,16,coach,Elizabeth Pepys; Mercer
mrs_pierces_covent_garden,dukes_playhouse,1667,9,16,coach,Elizabeth Pepys; Mercer
dukes_playhouse,home_seething_lane,1667,9,16,coach,Elizabeth Pepys; Mercer
home_seething_lane,navy_office,1667,9,17,walk,
navy_office,old_swan,1667,9,17,walk,
old_swan,westminster_hall,1667,9,17,boat,
westminster_hall,the_temple,1667,9,17,coach,Sir H. Cholmly
the_temple,home_seething_lane,1667,9,17,coach,
home_seething_lane,st_james_palace,1667,9,18,coach,Captain Cocke
st_james_palace,home_seething_lane,1667,9,18,coach,
home_seething_lane,navy_office,1667,9,19,walk,
navy_office,home_seething_lane,1667,9,19,walk,
home_seething_lane,navy_office,1667,9,20,walk,
navy_office,kings_playhouse,1667,9,20,coach,Sir W. Pen
kings_playhouse,home_seething_lane,1667,9,20,coach,
home_seething_lane,navy_office,1667,9,21,walk,
navy_office,home_seething_lane,1667,9,21,walk,
home_seething_lane,st_james_palace,1667,9,23,coach,
st_james_palace,lord_ashlys_house,1667,9,23,coach,
lord_ashlys_house,home_seething_lane,1667,9,23,coach,Elizabeth Pepys
home_seething_lane,navy_office,1667,9,24,walk,
navy_office,st_james_palace,1667,9,24,coach,Sir W. Batten; Sir W. Pen
st_james_palace,home_seething_lane,1667,9,24,coach,Sir W. Batten; Sir W. Pen
home_seething_lane,whitehall,1667,9,25,coach,Sir H. Cholmly
whitehall,sir_g_carterets_broad_st,1667,9,25,coach,
sir_g_carterets_broad_st,kings_playhouse,1667,9,25,coach,
kings_playhouse,home_seething_lane,1667,9,25,coach,
home_seething_lane,navy_office,1667,9,26,walk,
navy_office,kings_playhouse,1667,9,26,coach,Elizabeth Pepys
kings_playhouse,home_seething_lane,1667,9,26,coach,Elizabeth Pepys
home_seething_lane,navy_office,1667,9,27,walk,
navy_office,grays_inn_fields,1667,9,27,coach,Mr. Pelling
grays_inn_fields,home_seething_lane,1667,9,27,coach,
home_seething_lane,navy_office,1667,9,28,walk,
navy_office,dukes_playhouse,1667,9,28,coach,
dukes_playhouse,home_seething_lane,1667,9,28,coach,
home_seething_lane,whitehall,1667,9,30,boat,
whitehall,mrs_martins_new_lodging,1667,9,30,walk,
mrs_martins_new_lodging,home_seething_lane,1667,9,30,coach,
home_seething_lane,whitehall,1667,9,30,boat,
whitehall,home_seething_lane,1667,9,30,coach,
home_seething_lane,sir_g_carterets_broad_st,1667,10,1,walk,
sir_g_carterets_broad_st,whitehall,1667,10,1,coach,
whitehall,home_seething_lane,1667,10,1,coach,
home_seething_lane,navy_office,1667,10,2,walk,
navy_office,kings_playhouse,1667,10,2,coach,Elizabeth Pepys; Deb Willet
kings_playhouse,home_seething_lane,1667,10,2,coach,Elizabeth Pepys; Deb Willet
home_seething_lane,st_james_palace,1667,10,3,coach,
st_james_palace,home_seething_lane,1667,10,3,coach,
home_seething_lane,whitehall,1667,10,4,coach,
whitehall,lord_crews_house,1667,10,4,walk,
lord_crews_house,lord_ashlys_house,1667,10,4,coach,
lord_ashlys_house,mrs_martins_new_lodging,1667,10,4,walk,
mrs_martins_new_lodging,lord_crews_house,1667,10,4,coach,
lord_crews_house,home_seething_lane,1667,10,4,coach,
home_seething_lane,navy_office,1667,10,5,walk,
navy_office,lord_crews_house,1667,10,5,coach,
lord_crews_house,kings_playhouse,1667,10,5,coach,Elizabeth Pepys; Deb Willet
kings_playhouse,home_seething_lane,1667,10,5,coach,Elizabeth Pepys; Deb Willet
home_seething_lane,whitehall,1667,10,6,coach,
whitehall,home_seething_lane,1667,10,6,coach,
home_seething_lane,bishops_stortford,1667,10,7,coach,Elizabeth Pepys; Deb Willet; William Hewer
bishops_stortford,audley_end,1667,10,8,coach,Elizabeth Pepys; Deb Willet; William Hewer
audley_end,cambridge,1667,10,8,coach,Elizabeth Pepys; Deb Willet; William Hewer
cambridge,brampton,1667,10,9,coach,Elizabeth Pepys; Deb Willet; William Hewer
brampton,hinchingbroke,1667,10,9,walk,Elizabeth Pepys; Deb Willet
hinchingbroke,brampton,1667,10,9,walk,Elizabeth Pepys; Deb Willet
brampton,hinchingbroke,1667,10,10,coach,Elizabeth Pepys; Deb Willet; William Hewer
hinchingbroke,brampton,1667,10,10,walk,
brampton,stevenage,1667,10,11,coach,Elizabeth Pepys; Deb Willet; William Hewer; John Bowles
stevenage,home_seething_lane,1667,10,12,coach,Elizabeth Pepys; Deb Willet; William Hewer; John Bowles
home_seething_lane,st_james_palace,1667,10,13,boat,
st_james_palace,sir_g_carterets_whitehall,1667,10,13,walk,
sir_g_carterets_whitehall,home_seething_lane,1667,10,13,coach,
home_seething_lane,st_james_palace,1667,10,14,boat,
st_james_palace,westminster_hall,1667,10,14,walk,
westminster_hall,home_seething_lane,1667,10,14,coach,
home_seething_lane,dukes_playhouse,1667,10,14,coach,
dukes_playhouse,home_seething_lane,1667,10,14,coach,
home_seething_lane,dukes_playhouse,1667,10,15,coach,Elizabeth Pepys; Deb Willet
dukes_playhouse,home_seething_lane,1667,10,15,coach,Elizabeth Pepys; Deb Willet
home_seething_lane,sir_g_carterets_broad_st,1667,10,16,walk,
sir_g_carterets_broad_st,whitehall,1667,10,16,coach,Lord Bruncker
whitehall,dukes_playhouse,1667,10,16,coach,
dukes_playhouse,home_seething_lane,1667,10,16,coach,
home_seething_lane,navy_office,1667,10,17,walk,
navy_office,home_seething_lane,1667,10,17,walk,
home_seething_lane,whitehall,1667,10,18,coach,Sir W. Pen
whitehall,kings_playhouse,1667,10,18,coach,Elizabeth Pepys; Deb Willet; John Creed
kings_playhouse,home_seething_lane,1667,10,18,coach,Elizabeth Pepys; Deb Willet
home_seething_lane,navy_office,1667,10,19,walk,
navy_office,kings_playhouse,1667,10,19,coach,Elizabeth Pepys; Deb Willet
kings_playhouse,home_seething_lane,1667,10,19,coach,Elizabeth Pepys; Deb Willet
home_seething_lane,whitehall,1667,10,21,coach,
whitehall,sir_g_carterets_whitehall,1667,10,21,walk,Sir W. Pen
sir_g_carterets_whitehall,westminster_hall,1667,10,21,walk,
westminster_hall,home_seething_lane,1667,10,21,coach,
home_seething_lane,whitehall,1667,10,22,coach,Lord Bruncker; Sir W. Pen; Sir T. Harvey
whitehall,home_seething_lane,1667,10,22,coach,Sir W. Pen
home_seething_lane,whitehall,1667,10,23,coach,Sir W. Pen
whitehall,westminster_hall,1667,10,23,walk,
westminster_hall,kings_playhouse,1667,10,23,coach,Sir W. Pen
kings_playhouse,home_seething_lane,1667,10,23,coach,
home_seething_lane,navy_office,1667,10,24,walk,
navy_office,charing_cross,1667,10,24,coach,Elizabeth Pepys; Deb Willet
charing_cross,home_seething_lane,1667,10,24,coach,Elizabeth Pepys; Deb Willet
home_seething_lane,whitehall,1667,10,25,coach,Sir W. Pen
whitehall,home_seething_lane,1667,10,25,coach,Sir W. Pen
home_seething_lane,navy_office,1667,10,26,walk,
navy_office,home_seething_lane,1667,10,26,walk,
home_seething_lane,deptford,1667,10,27,boat,
deptford,home_seething_lane,1667,10,27,boat,
home_seething_lane,whitehall,1667,10,28,boat,
whitehall,home_seething_lane,1667,10,28,coach,
home_seething_lane,kings_playhouse,1667,10,28,coach,Elizabeth Pepys; Mercer; Deb Willet
kings_playhouse,home_seething_lane,1667,10,28,coach,Elizabeth Pepys
home_seething_lane,navy_office,1667,10,29,walk,
navy_office,westminster_hall,1667,10,29,coach,Lord Bruncker
westminster_hall,home_seething_lane,1667,10,29,coach,
home_seething_lane,whitehall,1667,10,30,coach,Sir W. Pen
whitehall,home_seething_lane,1667,10,30,coach,Sir W. Pen
home_seething_lane,westminster_hall,1667,10,31,boat,
westminster_hall,home_seething_lane,1667,10,31,coach,Mr. Gawden
home_seething_lane,whitehall,1667,11,1,boat,
whitehall,kings_playhouse,1667,11,1,coach,Elizabeth Pepys
kings_playhouse,home_seething_lane,1667,11,1,coach,Elizabeth Pepys
home_seething_lane,navy_office,1667,11,2,walk,
navy_office,kings_playhouse,1667,11,2,coach,Elizabeth Pepys; Deb Willet
kings_playhouse,home_seething_lane,1667,11,2,coach,Elizabeth Pepys; Deb Willet
home_seething_lane,whitehall,1667,11,4,boat,Sir R. Ford
whitehall,excise_office,1667,11,4,coach,Sir H. Cholmly
excise_office,home_seething_lane,1667,11,4,coach,
home_seething_lane,westminster_hall,1667,11,4,coach,
westminster_hall,home_seething_lane,1667,11,4,coach,Elizabeth Pepys
home_seething_lane,navy_office,1667,11,5,walk,
navy_office,home_seething_lane,1667,11,5,walk,
home_seething_lane,westminster_hall,1667,11,6,walk,
westminster_hall,home_seething_lane,1667,11,6,coach,
home_seething_lane,dukes_playhouse,1667,11,6,coach,Elizabeth Pepys; Deb Willet
dukes_playhouse,home_seething_lane,1667,11,6,coach,Elizabeth Pepys; Deb Willet
home_seething_lane,navy_office,1667,11,7,walk,
navy_office,dukes_playhouse,1667,11,7,coach,Elizabeth Pepys; Deb Willet; Sir W. Pen
dukes_playhouse,home_seething_lane,1667,11,7,coach,Sir W. Pen
home_seething_lane,whitehall,1667,11,10,coach,Sir W. Pen
whitehall,home_seething_lane,1667,11,10,coach,Sir W. Pen
home_seething_lane,sir_g_carterets_broad_st,1667,11,11,walk,Sir G. Carteret
sir_g_carterets_broad_st,kings_playhouse,1667,11,11,coach,Elizabeth Pepys; Deb Willet
kings_playhouse,home_seething_lane,1667,11,11,coach,Elizabeth Pepys; Deb Willet
home_seething_lane,navy_office,1667,11,12,walk,
navy_office,home_seething_lane,1667,11,12,walk,
home_seething_lane,westminster_hall,1667,11,13,boat,
westminster_hall,home_seething_lane,1667,11,13,coach,
home_seething_lane,dukes_playhouse,1667,11,13,coach,Elizabeth Pepys; Deb Willet
dukes_playhouse,home_seething_lane,1667,11,13,coach,Elizabeth Pepys; Deb Willet
home_seething_lane,navy_office,1667,11,14,walk,
navy_office,home_seething_lane,1667,11,14,walk,
home_seething_lane,westminster_hall,1667,11,15,walk,
westminster_hall,home_seething_lane,1667,11,15,coach,Elizabeth Pepys
home_seething_lane,navy_office,1667,11,16,walk,
navy_office,whitehall,1667,11,16,coach,
whitehall,home_seething_lane,1667,11,16,coach,
home_seething_lane,whitehall,1667,11,18,coach,
whitehall,home_seething_lane,1667,11,18,coach,Elizabeth Pepys
home_seething_lane,westminster_hall,1667,11,19,walk,
westminster_hall,home_seething_lane,1667,11,19,coach,
home_seething_lane,navy_office,1667,11,20,walk,
navy_office,home_seething_lane,1667,11,20,walk,
home_seething_lane,navy_office,1667,11,21,walk,
navy_office,arundell_house,1667,11,21,coach,
arundell_house,home_seething_lane,1667,11,21,coach,
home_seething_lane,whitehall,1667,11,22,boat,
whitehall,the_temple,1667,11,22,coach,John Creed
the_temple,home_seething_lane,1667,11,22,coach,
home_seething_lane,the_temple,1667,11,26,coach,
the_temple,home_seething_lane,1667,11,26,coach,
home_seething_lane,navy_office,1667,11,27,walk,
navy_office,home_seething_lane,1667,11,27,walk,
home_seething_lane,whitehall,1667,11,28,coach,Lord Bruncker; Sir J. Minnes; Sir T. Harvey
whitehall,kings_playhouse,1667,11,28,coach,
kings_playhouse,home_seething_lane,1667,11,28,coach,Elizabeth Pepys
home_seething_lane,navy_office,1667,11,29,walk,
navy_office,home_seething_lane,1667,11,29,walk,
home_seething_lane,arundell_house,1667,11,30,coach,
arundell_house,cary_house,1667,11,30,walk,
cary_house,home_seething_lane,1667,11,30,coach,
home_seething_lane,westminster_hall,1667,12,2,coach,Sir H. Cholmly
westminster_hall,lord_crews_house,1667,12,2,walk,
lord_crews_house,whitehall,1667,12,2,coach,
whitehall,home_seething_lane,1667,12,2,coach,Elizabeth Pepys
home_seething_lane,st_james_palace,1667,12,3,coach,
st_james_palace,navy_office,1667,12,3,coach,
navy_office,home_seething_lane,1667,12,3,walk,
home_seething_lane,whitehall,1667,12,4,coach,Elizabeth Pepys; Deb Willet
whitehall,home_seething_lane,1667,12,4,coach,Elizabeth Pepys; Deb Willet
home_seething_lane,navy_office,1667,12,5,walk,
navy_office,home_seething_lane,1667,12,5,walk,
home_seething_lane,whitehall,1667,12,6,coach,Sir J. Minnes
whitehall,home_seething_lane,1667,12,6,coach,Sir J. Minnes
home_seething_lane,whitehall,1667,12,8,boat,
whitehall,home_seething_lane,1667,12,8,boat,
home_seething_lane,navy_office,1667,12,9,walk,
navy_office,home_seething_lane,1667,12,9,walk,
home_seething_lane,navy_office,1667,12,10,walk,
navy_office,westminster_hall,1667,12,10,coach,Elizabeth Pepys; Deb Willet
westminster_hall,home_seething_lane,1667,12,10,coach,Elizabeth Pepys; Deb Willet
home_seething_lane,whitehall,1667,12,11,coach,
whitehall,home_seething_lane,1667,12,11,coach,
home_seething_lane,whitehall,1667,12,12,coach,
whitehall,navy_office,1667,12,12,coach,
navy_office,dukes_playhouse,1667,12,12,coach,
dukes_playhouse,home_seething_lane,1667,12,12,coach,
home_seething_lane,westminster_hall,1667,12,13,walk,
westminster_hall,home_seething_lane,1667,12,13,coach,Roger Pepys; John Creed
home_seething_lane,exeter_house,1667,12,13,coach,Sir W. Warren
exeter_house,home_seething_lane,1667,12,13,walk,Sir W. Warren
home_seething_lane,whitehall,1667,12,17,coach,Sir W. Pen; Sir T. Harvey
whitehall,home_seething_lane,1667,12,17,coach,Sir W. Pen
home_seething_lane,navy_office,1667,12,18,walk,
navy_office,home_seething_lane,1667,12,18,walk,
home_seething_lane,navy_office,1667,12,19,walk,
navy_office,westminster_hall,1667,12,19,coach,
westminster_hall,home_seething_lane,1667,12,19,coach,
home_seething_lane,navy_office,1667,12,20,walk,
navy_office,home_seething_lane,1667,12,20,walk,
home_seething_lane,whitehall,1667,12,23,coach,
whitehall,royal_exchange,1667,12,23,coach,John Creed
royal_exchange,home_seething_lane,1667,12,23,walk,
home_seething_lane,whitehall,1667,12,24,coach,
whitehall,home_seething_lane,1667,12,24,coach,
home_seething_lane,westminster_hall,1667,12,26,walk,
westminster_hall,kings_playhouse,1667,12,26,coach,Elizabeth Pepys
kings_playhouse,home_seething_lane,1667,12,26,coach,Elizabeth Pepys; Sir W. Pen
home_seething_lane,whitehall,1667,12,27,boat,
whitehall,home_seething_lane,1667,12,27,coach,Sir W. Pen; Commissioner Middleton
home_seething_lane,navy_office,1667,12,28,walk,
navy_office,kings_playhouse,1667,12,28,coach,Elizabeth Pepys; Deb Willet
kings_playhouse,home_seething_lane,1667,12,28,coach,Elizabeth Pepys; Deb Willet
home_seething_lane,whitehall,1667,12,30,coach,
whitehall,sir_g_carterets_broad_st,1667,12,30,coach,
sir_g_carterets_broad_st,kings_playhouse,1667,12,30,coach,
kings_playhouse,home_seething_lane,1667,12,30,coach,
home_seething_lane,whitehall,1667,12,31,coach,
whitehall,navy_office,1667,12,31,walk,
navy_office,home_seething_lane,1667,12,31,walk,
home_seething_lane,lord_crews_house,1668,1,1,coach,
lord_crews_house,dukes_playhouse,1668,1,1,coach,
dukes_playhouse,whitehall,1668,1,1,coach,
whitehall,home_seething_lane,1668,1,1,coach,
home_seething_lane,whitehall,1668,1,2,coach,Sir J. Minnes
whitehall,westminster_hall,1668,1,2,walk,
westminster_hall,home_seething_lane,1668,1,2,coach,
home_seething_lane,whitehall,1668,1,5,coach,
whitehall,sir_g_carterets_broad_st,1668,1,5,coach,
sir_g_carterets_broad_st,whitehall,1668,1,5,coach,Sir G. Carteret
whitehall,home_seething_lane,1668,1,5,coach,
home_seething_lane,whitehall,1668,1,6,coach,
whitehall,home_seething_lane,1668,1,6,coach,
home_seething_lane,dukes_playhouse,1668,1,6,coach,Elizabeth Pepys; Deb Willet; Mrs. Pierce; Mrs. Knipp
dukes_playhouse,home_seething_lane,1668,1,6,coach,Elizabeth Pepys; Deb Willet; Mrs. Pierce; Mrs. Knipp; Henry Harris
home_seething_lane,whitehall,1668,1,7,coach,
whitehall,nursery_theatre,1668,1,7,coach,
nursery_theatre,home_seething_lane,1668,1,7,coach,
home_seething_lane,whitehall,1668,1,8,coach,
whitehall,captain_cockes_house,1668,1,8,coach,Lord Bruncker
captain_cockes_house,whitehall,1668,1,8,coach,Lord Bruncker
whitehall,home_seething_lane,1668,1,8,coach,Elizabeth Pepys; Mercer
home_seething_lane,navy_office,1668,1,9,walk,
navy_office,home_seething_lane,1668,1,9,walk,
home_seething_lane,whitehall,1668,1,10,coach,Sir Denis Gawden
whitehall,home_seething_lane,1668,1,10,coach,
home_seething_lane,kings_playhouse,1668,1,10,coach,Elizabeth Pepys; Deb Willet
kings_playhouse,home_seething_lane,1668,1,10,coach,Elizabeth Pepys; Deb Willet
home_seething_lane,navy_office,1668,1,11,walk,
navy_office,kings_playhouse,1668,1,11,coach,Elizabeth Pepys; Mercer; Deb Willet
kings_playhouse,home_seething_lane,1668,1,11,coach,Elizabeth Pepys; Deb Willet
home_seething_lane,parish_church,1668,1,12,walk,Elizabeth Pepys
parish_church,home_seething_lane,1668,1,12,walk,Elizabeth Pepys
home_seething_lane,whitehall,1668,1,13,coach,Sir W. Pen
whitehall,home_seething_lane,1668,1,13,coach,Elizabeth Pepys; Deb Willet
home_seething_lane,the_temple,1668,1,14,coach,Elizabeth Pepys; Deb Willet
the_temple,mrs_pierces_covent_garden,1668,1,14,coach,
mrs_pierces_covent_garden,home_seething_lane,1668,1,14,coach,Elizabeth Pepys; Deb Willet
home_seething_lane,deptford,1668,1,15,walk,
deptford,home_seething_lane,1668,1,15,walk,
home_seething_lane,navy_office,1668,1,16,walk,
navy_office,home_seething_lane,1668,1,16,walk,
home_seething_lane,whitehall,1668,1,17,coach,
whitehall,home_seething_lane,1668,1,17,coach,
home_seething_lane,navy_office,1668,1,18,walk,
navy_office,home_seething_lane,1668,1,18,walk,
home_seething_lane,deptford,1668,1,19,walk,Captain Perryman
deptford,home_seething_lane,1668,1,19,walk,Captain Perryman
home_seething_lane,exchequer,1668,1,20,coach,
exchequer,lord_crews_house,1668,1,20,walk,
lord_crews_house,home_seething_lane,1668,1,20,coach,
home_seething_lane,navy_office,1668,1,21,walk,
navy_office,whitehall,1668,1,21,coach,
whitehall,home_seething_lane,1668,1,21,coach,
home_seething_lane,sir_d_gawdens,1668,1,22,coach,Lord Bruncker
sir_d_gawdens,home_seething_lane,1668,1,22,coach,
home_seething_lane,navy_office,1668,1,23,walk,
navy_office,home_seething_lane,1668,1,23,walk,
home_seething_lane,whitehall,1668,1,24,coach,
whitehall,kings_playhouse,1668,1,24,coach,
kings_playhouse,home_seething_lane,1668,1,24,coach,Elizabeth Pepys; Deb Willet
home_seething_lane,whitehall,1668,1,27,coach,
whitehall,home_seething_lane,1668,1,27,coach,
home_seething_lane,whitehall,1668,1,28,coach,
whitehall,home_seething_lane,1668,1,28,coach,Elizabeth Pepys; Deb Willet
home_seething_lane,st_james_palace,1668,1,29,coach,
st_james_palace,home_seething_lane,1668,1,29,coach,
home_seething_lane,whitehall,1668,1,29,coach,
whitehall,home_seething_lane,1668,1,29,coach,
home_seething_lane,the_temple,1668,1,30,boat,Mr. Gibson
the_temple,home_seething_lane,1668,1,30,coach,
home_seething_lane,durham_yard,1668,1,31,coach,
durham_yard,whitehall,1668,1,31,coach,
whitehall,home_seething_lane,1668,1,31,coach,Elizabeth Pepys; Deb Willet
home_seething_lane,navy_office,1668,2,1,walk,
navy_office,islington,1668,2,1,coach,Elizabeth Pepys
islington,home_seething_lane,1668,2,1,coach,Elizabeth Pepys
home_seething_lane,dukes_playhouse,1668,2,3,coach,Elizabeth Pepys; Deb Willet
dukes_playhouse,home_seething_lane,1668,2,3,coach,Elizabeth Pepys; Deb Willet
home_seething_lane,navy_office,1668,2,4,walk,
navy_office,home_seething_lane,1668,2,4,walk,
home_seething_lane,durham_yard,1668,2,5,coach,
durham_yard,home_seething_lane,1668,2,5,coach,Captain Cocke
home_seething_lane,navy_office,1668,2,6,walk,
navy_office,dukes_playhouse,1668,2,6,coach,Elizabeth Pepys; Deb Willet
dukes_playhouse,hercules_pillars,1668,2,6,coach,Elizabeth Pepys; Deb Willet; Betty Turner; Mercer
hercules_pillars,home_seething_lane,1668,2,6,coach,Elizabeth Pepys; Deb Willet
home_seething_lane,westminster_hall,1668,2,7,walk,
westminster_hall,durham_yard,1668,2,7,walk,
durham_yard,whitehall,1668,2,7,coach,
whitehall,kings_playhouse,1668,2,7,coach,Lord Bruncker; Sir W. Pen
kings_playhouse,home_seething_lane,1668,2,7,coach,Sir W. Pen
home_seething_lane,navy_office,1668,2,8,walk,
navy_office,home_seething_lane,1668,2,8,walk,
home_seething_lane,westminster_hall,1668,2,10,coach,Elizabeth Pepys
westminster_hall,the_temple,1668,2,10,walk,
the_temple,home_seething_lane,1668,2,10,coach,Captain Cocke
home_seething_lane,westminster_hall,1668,2,10,coach,
westminster_hall,home_seething_lane,1668,2,10,coach,John Creed
home_seething_lane,westminster_hall,1668,2,11,coach,
westminster_hall,dukes_playhouse,1668,2,11,coach,
dukes_playhouse,home_seething_lane,1668,2,11,coach,Captain Cocke
home_seething_lane,navy_office,1668,2,12,walk,
navy_office,durham_yard,1668,2,12,coach,
durham_yard,home_seething_lane,1668,2,12,coach,Elizabeth Pepys; Deb Willet
home_seething_lane,whitehall,1668,2,13,coach,Elizabeth Pepys; Deb Willet
whitehall,home_seething_lane,1668,2,13,coach,Elizabeth Pepys; Deb Willet
home_seething_lane,durham_yard,1668,2,14,walk,
durham_yard,whitehall,1668,2,14,coach,
whitehall,the_temple,1668,2,14,coach,
the_temple,home_seething_lane,1668,2,14,coach,
home_seething_lane,the_temple,1668,2,15,coach,Captain Cocke
the_temple,home_seething_lane,1668,2,15,coach,
home_seething_lane,durham_yard,1668,2,17,coach,
durham_yard,westminster_hall,1668,2,17,walk,
westminster_hall,home_seething_lane,1668,2,17,coach,
home_seething_lane,old_swan,1668,2,18,walk,
old_swan,whitehall,1668,2,18,walk,
whitehall,westminster_hall,1668,2,18,walk,
westminster_hall,home_seething_lane,1668,2,18,coach,
home_seething_lane,navy_office,1668,2,19,walk,
navy_office,whitehall,1668,2,19,coach,
whitehall,home_seething_lane,1668,2,19,coach,Elizabeth Pepys
home_seething_lane,whitehall,1668,2,20,coach,
whitehall,kings_playhouse,1668,2,20,coach,
kings_playhouse,home_seething_lane,1668,2,20,coach,
home_seething_lane,whitehall,1668,2,21,coach,
whitehall,home_seething_lane,1668,2,21,coach,
home_seething_lane,westminster_hall,1668,2,22,coach,
westminster_hall,dukes_playhouse,1668,2,22,coach,
dukes_playhouse,home_seething_lane,1668,2,22,coach,
home_seething_lane,falcon_bankside,1668,2,23,boat,
falcon_bankside,whitehall,1668,2,23,boat,
whitehall,sir_g_carterets_broad_st,1668,2,23,coach,
sir_g_carterets_broad_st,whitehall,1668,2,23,coach,
whitehall,home_seething_lane,1668,2,23,coach,Sir W. Pen
home_seething_lane,navy_office,1668,2,24,walk,
navy_office,new_exchange,1668,2,24,coach,Elizabeth Pepys; Deb Willet
new_exchange,nursery_theatre,1668,2,24,coach,Elizabeth Pepys; Deb Willet
nursery_theatre,home_seething_lane,1668,2,24,coach,Elizabeth Pepys; Deb Willet
home_seething_lane,navy_office,1668,2,25,walk,
navy_office,home_seething_lane,1668,2,25,walk,
home_seething_lane,whitehall,1668,2,26,boat,
whitehall,westminster_hall,1668,2,26,walk,
westminster_hall,home_seething_lane,1668,2,26,coach,
home_seething_lane,navy_office,1668,2,27,walk,
navy_office,home_seething_lane,1668,2,27,walk,
home_seething_lane,whitehall,1668,2,28,coach,
whitehall,dukes_playhouse,1668,2,28,coach,Elizabeth Pepys; Deb Willet
dukes_playhouse,home_seething_lane,1668,2,28,coach,Elizabeth Pepys; Deb Willet
home_seething_lane,whitehall,1668,2,29,coach,Captain Cocke
whitehall,the_temple,1668,2,29,coach,Captain Cocke
the_temple,home_seething_lane,1668,2,29,coach,
home_seething_lane,st_james_palace,1668,3,1,coach,
st_james_palace,home_seething_lane,1668,3,1,coach,
home_seething_lane,mrs_martins_new_lodging,1668,3,1,coach,
mrs_martins_new_lodging,home_seething_lane,1668,3,1,coach,
home_seething_lane,kings_playhouse,1668,3,2,coach,Elizabeth Pepys; Mercer; Deb Willet
kings_playhouse,home_seething_lane,1668,3,2,coach,Elizabeth Pepys
home_seething_lane,deptford,1668,3,3,boat,Lord Bruncker; Sir W. Pen; Sir T. Harvey; Commissioner Middleton
deptford,home_seething_lane,1668,3,3,boat,
home_seething_lane,whitehall,1668,3,4,coach,Sir W. Pen
whitehall,home_seething_lane,1668,3,4,coach,Sir J. Minnes
home_seething_lane,old_swan,1668,3,5,walk,
old_swan,westminster_hall,1668,3,5,boat,Mr. Hater; William Hewer
westminster_hall,kings_playhouse,1668,3,5,coach,Lord Bruncker; Sir T. Harvey; Sir W. Pen
kings_playhouse,home_seething_lane,1668,3,5,coach,Sir W. Pen
home_seething_lane,st_james_palace,1668,3,6,coach,Sir Denis Gawden
st_james_palace,whitehall,1668,3,6,coach,
whitehall,home_seething_lane,1668,3,6,coach,
home_seething_lane,kings_playhouse,1668,3,7,coach,Elizabeth Pepys; Mercer; Deb Willet
kings_playhouse,home_seething_lane,1668,3,7,coach,Elizabeth Pepys
home_seething_lane,whitehall,1668,3,8,coach,
whitehall,sir_g_carterets_broad_st,1668,3,8,coach,Sir G. Carteret
sir_g_carterets_broad_st,home_seething_lane,1668,3,8,coach,
home_seething_lane,whitehall,1668,3,9,coach,Sir W. Warren
whitehall,home_seething_lane,1668,3,9,coach,
home_seething_lane,westminster_hall,1668,3,10,coach,Sir Denis Gawden
westminster_hall,home_seething_lane,1668,3,10,coach,Sir Denis Gawden
home_seething_lane,whitehall,1668,3,11,boat,
whitehall,home_seething_lane,1668,3,11,coach,
home_seething_lane,westminster_hall,1668,3,12,coach,Elizabeth Pepys; Deb Willet
westminster_hall,arundell_house,1668,3,12,coach,
arundell_house,home_seething_lane,1668,3,12,coach,
home_seething_lane,westminster_hall,1668,3,13,walk,
westminster_hall,whitehall,1668,3,13,walk,
whitehall,lord_crews_house,1668,3,13,coach,
lord_crews_house,home_seething_lane,1668,3,13,coach,
home_seething_lane,westminster_hall,1668,3,14,walk,
westminster_hall,home_seething_lane,1668,3,14,walk,
home_seething_lane,whitehall,1668,3,15,walk,
whitehall,home_seething_lane,1668,3,15,coach,
home_seething_lane,westminster_hall,1668,3,16,boat,Mr. Hater
westminster_hall,home_seething_lane,1668,3,16,coach,Sir W. Pen
home_seething_lane,navy_office,1668,3,17,walk,
navy_office,home_seething_lane,1668,3,17,walk,
home_seething_lane,westminster_hall,1668,3,18,coach,
westminster_hall,whitehall,1668,3,18,coach,Sir W. Pen
whitehall,home_seething_lane,1668,3,18,coach,
home_seething_lane,whitehall,1668,3,19,boat,
whitehall,home_seething_lane,1668,3,19,walk,
home_seething_lane,navy_office,1668,3,20,walk,
navy_office,home_seething_lane,1668,3,20,walk,
home_seething_lane,whitehall,1668,3,22,coach,
whitehall,home_seething_lane,1668,3,22,coach,
home_seething_lane,whitehall,1668,3,23,coach,
whitehall,home_seething_lane,1668,3,23,coach,
home_seething_lane,barn_elms,1668,3,23,boat,Elizabeth Pepys; Deb Willet; Mrs. Pierce; Mrs. Manuel; Mr. Pelling
barn_elms,mrs_pierces_covent_garden,1668,3,23,boat,Elizabeth Pepys; Deb Willet; Mrs. Pierce; Mrs. Manuel
mrs_pierces_covent_garden,home_seething_lane,1668,3,23,coach,Elizabeth Pepys; Deb Willet
home_seething_lane,whitehall,1668,3,24,walk,
whitehall,lord_crews_house,1668,3,24,walk,John Creed
lord_crews_house,whitehall,1668,3,24,coach,John Creed
whitehall,home_seething_lane,1668,3,24,coach,Sir W. Pen
home_seething_lane,whitehall,1668,3,25,walk,
whitehall,home_seething_lane,1668,3,25,coach,
home_seething_lane,kings_playhouse,1668,3,25,coach,Elizabeth Pepys; Deb Willet
kings_playhouse,islington,1668,3,25,coach,Elizabeth Pepys; Deb Willet
islington,home_seething_lane,1668,3,25,coach,Elizabeth Pepys; Deb Willet
home_seething_lane,navy_office,1668,3,26,walk,
navy_office,dukes_playhouse,1668,3,26,coach,Elizabeth Pepys; Deb Willet
dukes_playhouse,blue_balls_tavern,1668,3,26,walk,Elizabeth Pepys; Deb Willet; Mrs. Pierce; Betty Turner
blue_balls_tavern,home_seething_lane,1668,3,26,coach,Elizabeth Pepys; Deb Willet; William Batelier
home_seething_lane,whitehall,1668,3,27,boat,
whitehall,home_seething_lane,1668,3,27,coach,Elizabeth Pepys
home_seething_lane,kings_playhouse,1668,3,28,coach,Elizabeth Pepys; Deb Willet
kings_playhouse,home_seething_lane,1668,3,28,coach,Elizabeth Pepys; Deb Willet
home_seething_lane,parish_church,1668,3,29,walk,
parish_church,home_seething_lane,1668,3,29,walk,
home_seething_lane,coopers_house,1668,3,30,coach,Elizabeth Pepys; Deb Willet; William Hewer
coopers_house,whitehall,1668,3,30,coach,
whitehall,home_seething_lane,1668,3,30,coach,John Creed
home_seething_lane,westminster_hall,1668,3,31,coach,
westminster_hall,home_seething_lane,1668,3,31,coach,Elizabeth Pepys; Deb Willet
home_seething_lane,kings_playhouse,1668,4,1,coach,
kings_playhouse,home_seething_lane,1668,4,1,coach,
home_seething_lane,the_temple,1668,4,2,coach,Lord Bruncker
the_temple,arundell_house,1668,4,2,walk,Lord Bruncker
arundell_house,home_seething_lane,1668,4,2,coach,
home_seething_lane,whitehall,1668,4,3,boat,
whitehall,dukes_playhouse,1668,4,3,coach,Lord Bruncker
dukes_playhouse,home_seething_lane,1668,4,3,coach,
home_seething_lane,whitehall,1668,4,4,coach,
whitehall,home_seething_lane,1668,4,4,coach,
home_seething_lane,whitehall,1668,4,6,coach,
whitehall,home_seething_lane,1668,4,6,coach,John Creed
home_seething_lane,kings_playhouse,1668,4,7,coach,
kings_playhouse,home_seething_lane,1668,4,7,coach,
home_seething_lane,whitehall,1668,4,8,coach,Sir J. Minnes
whitehall,dukes_playhouse,1668,4,8,coach,Lord Bruncker
dukes_playhouse,home_seething_lane,1668,4,8,coach,
home_seething_lane,navy_office,1668,4,9,walk,
navy_office,home_seething_lane,1668,4,9,walk,
home_seething_lane,whitehall,1668,4,10,coach,Sir W. Pen
whitehall,home_seething_lane,1668,4,10,coach,
home_seething_lane,whitehall,1668,4,13,coach,
whitehall,lord_crews_house,1668,4,13,walk,
lord_crews_house,home_seething_lane,1668,4,13,coach,
home_seething_lane,westminster_hall,1668,4,14,boat,
westminster_hall,durham_yard,1668,4,14,walk,
durham_yard,kings_playhouse,1668,4,14,coach,
kings_playhouse,home_seething_lane,1668,4,14,coach,
home_seething_lane,whitehall,1668,4,15,coach,
whitehall,kings_playhouse,1668,4,15,coach,
kings_playhouse,home_seething_lane,1668,4,15,coach,John Creed
home_seething_lane,whitehall,1668,4,16,coach,
whitehall,home_seething_lane,1668,4,16,coach,
home_seething_lane,whitehall,1668,4,17,coach,
whitehall,kings_playhouse,1668,4,17,coach,Lord Bruncker
kings_playhouse,kensington_grotto,1668,4,17,coach,Mrs. Knipp
kensington_grotto,home_seething_lane,1668,4,17,coach,
home_seething_lane,whitehall,1668,4,18,boat,
whitehall,kings_playhouse,1668,4,18,coach,
kings_playhouse,home_seething_lane,1668,4,18,coach,
home_seething_lane,whitehall,1668,4,19,boat,Roger Pepys
whitehall,home_seething_lane,1668,4,19,coach,
home_seething_lane,whitehall,1668,4,20,coach,
whitehall,durham_yard,1668,4,20,walk,
durham_yard,home_seething_lane,1668,4,20,coach,John Creed
home_seething_lane,kings_playhouse,1668,4,21,coach,Mrs. Turner
kings_playhouse,kensington_grotto,1668,4,21,coach,Mrs. Knipp
kensington_grotto,home_seething_lane,1668,4,21,coach,Mrs. Turner
home_seething_lane,whitehall,1668,4,22,coach,
whitehall,home_seething_lane,1668,4,22,coach,
home_seething_lane,tower,1668,4,23,walk,Mrs. Knipp; Mrs. Pierce
tower,fox_hall,1668,4,23,boat,Mrs. Knipp
fox_hall,home_seething_lane,1668,4,23,walk,
home_seething_lane,whitehall,1668,4,24,boat,
whitehall,kings_playhouse,1668,4,24,coach,
kings_playhouse,home_seething_lane,1668,4,24,coach,
home_seething_lane,navy_office,1668,4,25,walk,
navy_office,dukes_playhouse,1668,4,25,coach,
dukes_playhouse,home_seething_lane,1668,4,25,coach,
home_seething_lane,parish_church,1668,4,26,walk,
parish_church,home_seething_lane,1668,4,26,walk,
home_seething_lane,westminster_hall,1668,4,27,walk,
westminster_hall,lord_crews_house,1668,4,27,walk,John Creed
lord_crews_house,kings_playhouse,1668,4,27,coach,
kings_playhouse,home_seething_lane,1668,4,27,coach,
home_seething_lane,whitehall,1668,4,28,boat,
whitehall,westminster_hall,1668,4,28,walk,
westminster_hall,kings_playhouse,1668,4,28,coach,John Creed
kings_playhouse,home_seething_lane,1668,4,28,coach,
home_seething_lane,whitehall,1668,4,29,coach,
whitehall,dukes_playhouse,1668,4,29,coach,Lord Bruncker
dukes_playhouse,home_seething_lane,1668,4,29,coach,
home_seething_lane,dolphin_tavern,1668,4,30,walk,Sir J. Minnes
dolphin_tavern,dukes_playhouse,1668,4,30,coach,
dukes_playhouse,home_seething_lane,1668,4,30,coach,Mrs. Turner
home_seething_lane,westminster_hall,1668,5,1,coach,
westminster_hall,kings_playhouse,1668,5,1,coach,
kings_playhouse,home_seething_lane,1668,5,1,boat,
home_seething_lane,dukes_playhouse,1668,5,2,coach,Lord Bruncker
dukes_playhouse,home_seething_lane,1668,5,2,coach,
home_seething_lane,islington,1668,5,3,coach,Sir W. Pen
islington,home_seething_lane,1668,5,3,coach,Sir W. Pen
home_seething_lane,whitehall,1668,5,4,boat,
whitehall,dukes_playhouse,1668,5,4,coach,
dukes_playhouse,home_seething_lane,1668,5,4,coach,
home_seething_lane,dukes_playhouse,1668,5,5,coach,John Creed
dukes_playhouse,home_seething_lane,1668,5,5,boat,
home_seething_lane,whitehall,1668,5,6,boat,
whitehall,mrs_pierces_covent_garden,1668,5,6,coach,
mrs_pierces_covent_garden,kings_playhouse,1668,5,6,coach,
kings_playhouse,home_seething_lane,1668,5,6,walk,
home_seething_lane,dukes_playhouse,1668,5,7,coach,Mercer; Mrs. Turner
dukes_playhouse,marrowbone_gardens,1668,5,7,coach,Mrs. Knipp; Mercer; Mrs. Turner
marrowbone_gardens,home_seething_lane,1668,5,7,coach,
home_seething_lane,lord_crews_house,1668,5,8,boat,
lord_crews_house,whitehall,1668,5,8,coach,
whitehall,home_seething_lane,1668,5,8,coach,Sir W. Pen
home_seething_lane,westminster_hall,1668,5,9,boat,
westminster_hall,kings_playhouse,1668,5,9,coach,Sir W. Pen
kings_playhouse,home_seething_lane,1668,5,9,boat,
home_seething_lane,fox_hall,1668,5,10,boat,Lady Pen; Mrs. Lowther
fox_hall,home_seething_lane,1668,5,10,boat,Lady Pen; Mrs. Lowther
home_seething_lane,dukes_playhouse,1668,5,11,coach,Mercer
dukes_playhouse,fox_hall,1668,5,11,boat,Mercer
fox_hall,home_seething_lane,1668,5,11,boat,Mercer
home_seething_lane,islington,1668,5,12,coach,Mercer; Mrs. Gayet
islington,home_seething_lane,1668,5,12,coach,Mercer; Mrs. Gayet
home_seething_lane,whitehall,1668,5,13,boat,
whitehall,home_seething_lane,1668,5,13,boat,
home_seething_lane,kings_playhouse,1668,5,14,coach,Mercer; Mrs. Gayet
kings_playhouse,fox_hall,1668,5,14,boat,Mercer; Mrs. Gayet
fox_hall,home_seething_lane,1668,5,14,walk,Mercer; Mrs. Gayet
home_seething_lane,whitehall,1668,5,15,coach,
whitehall,kings_playhouse,1668,5,15,coach,Lord Bruncker
kings_playhouse,home_seething_lane,1668,5,15,coach,
home_seething_lane,kings_playhouse,1668,5,16,coach,
kings_playhouse,home_seething_lane,1668,5,16,coach,
home_seething_lane,parish_church,1668,5,17,walk,
parish_church,home_seething_lane,1668,5,17,walk,
home_seething_lane,whitehall,1668,5,18,coach,
whitehall,home_seething_lane,1668,5,18,coach,
home_seething_lane,whitehall,1668,5,19,coach,
whitehall,home_seething_lane,1668,5,19,coach,
home_seething_lane,whitehall,1668,5,20,coach,Commissioner Middleton
whitehall,kings_playhouse,1668,5,20,walk,
kings_playhouse,home_seething_lane,1668,5,20,coach,John Creed
home_seething_lane,navy_office,1668,5,21,walk,
navy_office,home_seething_lane,1668,5,21,walk,
home_seething_lane,dukes_playhouse,1668,5,22,coach,
dukes_playhouse,home_seething_lane,1668,5,22,coach,
home_seething_lane,cambridge,1668,5,23,coach,
cambridge,brampton,1668,5,24,horse,
brampton,hinchingbroke,1668,5,24,horse,
hinchingbroke,brampton,1668,5,24,horse,
brampton,cambridge,1668,5,25,horse,
cambridge,home_seething_lane,1668,5,26,coach,
home_seething_lane,whitehall,1668,5,27,boat,
whitehall,sir_d_gawdens,1668,5,27,coach,Lord Bruncker; Sir J. Minnes
sir_d_gawdens,home_seething_lane,1668,5,27,coach,
home_seething_lane,fox_hall,1668,5,28,boat,Mercer; Mrs. Gayet
fox_hall,home_seething_lane,1668,5,28,boat,Mercer; Mrs. Gayet
home_seething_lane,whitehall,1668,5,29,boat,
whitehall,sir_g_carterets_broad_st,1668,5,29,coach,
sir_g_carterets_broad_st,home_seething_lane,1668,5,29,coach,
home_seething_lane,kings_playhouse,1668,5,30,coach,
kings_playhouse,fox_hall,1668,5,30,boat,Henry Harris
fox_hall,home_seething_lane,1668,5,30,coach,
home_seething_lane,fox_hall,1668,5,31,boat,Mrs. Knipp; Mrs. Pierce; Mrs. Manuel; William Howe
fox_hall,home_seething_lane,1668,5,31,boat,William Howe
home_seething_lane,westminster_hall,1668,6,1,coach,Sir J. Minnes
westminster_hall,whitehall,1668,6,1,walk,
whitehall,fox_hall,1668,6,1,walk,
fox_hall,home_seething_lane,1668,6,1,walk,
home_seething_lane,old_ford,1668,6,2,coach,Mercer
old_ford,deptford,1668,6,2,boat,
deptford,home_seething_lane,1668,6,2,boat,
home_seething_lane,whitehall,1668,6,3,coach,Sir Denis Gawden
whitehall,kings_playhouse,1668,6,3,coach,
kings_playhouse,home_seething_lane,1668,6,3,coach,
home_seething_lane,whitehall,1668,6,4,coach,
whitehall,home_seething_lane,1668,6,4,coach,
home_seething_lane,brampton,1668,6,5,coach,Elizabeth Pepys; Deb Willet; William Hewer
brampton,newport_pagnell,1668,6,8,coach,Elizabeth Pepys; Deb Willet; William Hewer; Betty Turner
newport_pagnell,oxford,1668,6,9,coach,Elizabeth Pepys; Deb Willet; William Hewer; Betty Turner
oxford,abingdon,1668,6,9,coach,Elizabeth Pepys; Deb Willet; William Hewer; Betty Turner
abingdon,salisbury,1668,6,10,coach,Elizabeth Pepys; Deb Willet; William Hewer; Betty Turner
salisbury,stonehenge,1668,6,11,horse,Elizabeth Pepys; Deb Willet; William Hewer
stonehenge,salisbury,1668,6,11,horse,Elizabeth Pepys; Deb Willet; William Hewer
salisbury,bath,1668,6,12,coach,Elizabeth Pepys; Deb Willet; William Hewer; Betty Turner
bath,bristol,1668,6,13,coach,Elizabeth Pepys; Deb Willet; William Hewer; Betty Turner
bristol,bath,1668,6,13,coach,Elizabeth Pepys; Deb Willet; William Hewer; Betty Turner
bath,marlborough,1668,6,15,coach,Elizabeth Pepys; Deb Willet; William Hewer; Betty Turner
marlborough,reading,1668,6,16,coach,Elizabeth Pepys; Deb Willet; William Hewer; Betty Turner
reading,home_seething_lane,1668,6,17,coach,Elizabeth Pepys; Deb Willet; William Hewer; Betty Turner
home_seething_lane,navy_office,1668,6,18,walk,
navy_office,home_seething_lane,1668,6,18,walk,
home_seething_lane,whitehall,1668,6,19,coach,
whitehall,home_seething_lane,1668,6,19,coach,Sir W. Pen
home_seething_lane,kings_playhouse,1668,6,20,coach,Elizabeth Pepys
kings_playhouse,home_seething_lane,1668,6,20,coach,Elizabeth Pepys
home_seething_lane,whitehall,1668,6,22,coach,
whitehall,home_seething_lane,1668,6,22,coach,
home_seething_lane,navy_office,1668,6,23,walk,
navy_office,home_seething_lane,1668,6,23,walk,
home_seething_lane,dukes_playhouse,1668,6,24,coach,Elizabeth Pepys; Mercer; Deb Willet; William Hewer
dukes_playhouse,fox_hall,1668,6,24,boat,Elizabeth Pepys; Mercer; Deb Willet; William Hewer
fox_hall,home_seething_lane,1668,6,24,boat,Elizabeth Pepys; Mercer; Deb Willet
home_seething_lane,dolphin_tavern,1668,6,26,walk,
dolphin_tavern,home_seething_lane,1668,6,26,coach,Elizabeth Pepys
home_seething_lane,kings_playhouse,1668,6,27,coach,Elizabeth Pepys; Deb Willet
kings_playhouse,home_seething_lane,1668,6,27,coach,Elizabeth Pepys; Deb Willet
home_seething_lane,whitehall,1668,6,29,coach,Sir J. Minnes
whitehall,kings_playhouse,1668,6,29,coach,Elizabeth Pepys
kings_playhouse,islington,1668,6,29,coach,Elizabeth Pepys
islington,home_seething_lane,1668,6,29,coach,Elizabeth Pepys
home_seething_lane,navy_office,1668,6,30,walk,
navy_office,home_seething_lane,1668,6,30,walk,
home_seething_lane,whitehall,1668,7,1,coach,Commissioner Middleton
whitehall,home_seething_lane,1668,7,1,coach,
home_seething_lane,navy_office,1668,7,2,walk,
navy_office,home_seething_lane,1668,7,2,walk,
home_seething_lane,brooke_house,1668,7,3,coach,
brooke_house,home_seething_lane,1668,7,3,coach,Elizabeth Pepys
home_seething_lane,st_james_palace,1668,7,4,coach,
st_james_palace,home_seething_lane,1668,7,4,coach,
home_seething_lane,st_james_palace,1668,7,6,coach,
st_james_palace,coopers_house,1668,7,6,coach,
coopers_house,dukes_playhouse,1668,7,6,coach,Elizabeth Pepys; Deb Willet
dukes_playhouse,fox_hall,1668,7,6,coach,Elizabeth Pepys; Deb Willet
fox_hall,home_seething_lane,1668,7,6,coach,Elizabeth Pepys; Deb Willet
home_seething_lane,navy_office,1668,7,7,walk,
navy_office,home_seething_lane,1668,7,7,walk,
home_seething_lane,whitehall,1668,7,8,boat,
whitehall,coopers_house,1668,7,8,coach,
coopers_house,whitehall,1668,7,8,coach,
whitehall,home_seething_lane,1668,7,8,coach,Elizabeth Pepys; Deb Willet
home_seething_lane,coopers_house,1668,7,10,coach,Elizabeth Pepys; Deb Willet; William Hewer
coopers_house,home_seething_lane,1668,7,10,coach,Elizabeth Pepys; Deb Willet
home_seething_lane,kings_playhouse,1668,7,11,coach,
kings_playhouse,home_seething_lane,1668,7,11,coach,
home_seething_lane,whitehall,1668,7,13,boat,
whitehall,coopers_house,1668,7,13,coach,Elizabeth Pepys; Deb Willet; William Hewer
coopers_house,home_seething_lane,1668,7,13,coach,
home_seething_lane,whitehall,1668,7,15,coach,
whitehall,home_seething_lane,1668,7,15,coach,Elizabeth Pepys; Deb Willet
home_seething_lane,arundell_house,1668,7,16,boat,Lord Bruncker
arundell_house,coopers_house,1668,7,16,coach,
coopers_house,home_seething_lane,1668,7,16,coach,
home_seething_lane,whitehall,1668,7,17,coach,
whitehall,kings_playhouse,1668,7,17,coach,Elizabeth Pepys; Deb Willet
kings_playhouse,fox_hall,1668,7,17,coach,Elizabeth Pepys; Deb Willet
fox_hall,home_seething_lane,1668,7,17,coach,Elizabeth Pepys; Deb Willet
home_seething_lane,coopers_house,1668,7,18,coach,
coopers_house,home_seething_lane,1668,7,18,coach,
home_seething_lane,navy_office,1668,7,20,walk,
navy_office,home_seething_lane,1668,7,20,walk,
home_seething_lane,navy_office,1668,7,21,walk,
navy_office,home_seething_lane,1668,7,21,walk,
home_seething_lane,whitehall,1668,7,22,coach,
whitehall,home_seething_lane,1668,7,22,coach,
home_seething_lane,st_james_palace,1668,7,24,boat,
st_james_palace,whitehall,1668,7,24,walk,
whitehall,home_seething_lane,1668,7,24,coach,Sir J. Minnes
home_seething_lane,coopers_house,1668,7,25,coach,
coopers_house,home_seething_lane,1668,7,25,coach,
home_seething_lane,coopers_house,1668,7,27,coach,
coopers_house,fox_hall,1668,7,27,boat,Elizabeth Pepys; Deb Willet; Mercer
fox_hall,home_seething_lane,1668,7,27,boat,Elizabeth Pepys; Deb Willet; Mercer
home_seething_lane,dukes_playhouse,1668,7,28,coach,Elizabeth Pepys; Deb Willet
dukes_playhouse,home_seething_lane,1668,7,28,coach,Elizabeth Pepys; Deb Willet
home_seething_lane,kings_playhouse,1668,7,29,coach,Elizabeth Pepys; Deb Willet; Mercer
kings_playhouse,home_seething_lane,1668,7,29,boat,Elizabeth Pepys; Deb Willet; Mercer
home_seething_lane,whitehall,1668,7,30,boat,
whitehall,home_seething_lane,1668,7,30,coach,
home_seething_lane,whitehall,1668,7,31,coach,Sir J. Minnes
whitehall,kings_playhouse,1668,7,31,coach,Sir J. Minnes; Elizabeth Pepys; Deb Willet
kings_playhouse,home_seething_lane,1668,7,31,coach,Elizabeth Pepys; Deb Willet
home_seething_lane,kings_playhouse,1668,8,1,coach,Elizabeth Pepys; Deb Willet
kings_playhouse,home_seething_lane,1668,8,1,coach,Elizabeth Pepys; Deb Willet
home_seething_lane,putney,1668,8,2,boat,
putney,barn_elms,1668,8,2,walk,
barn_elms,home_seething_lane,1668,8,2,boat,
home_seething_lane,whitehall,1668,8,3,boat,
whitehall,islington,1668,8,3,coach,Elizabeth Pepys; Mercer; Deb Willet
islington,home_seething_lane,1668,8,3,coach,Elizabeth Pepys; Mercer; Deb Willet
home_seething_lane,whitehall,1668,8,4,coach,
whitehall,home_seething_lane,1668,8,4,coach,
home_seething_lane,whitehall,1668,8,5,coach,
whitehall,home_seething_lane,1668,8,5,coach,
home_seething_lane,liphook,1668,8,6,coach,Elizabeth Pepys; Deb Willet
liphook,petersfield,1668,8,7,coach,Elizabeth Pepys; Deb Willet
petersfield,guildford,1668,8,7,coach,Elizabeth Pepys; Deb Willet
guildford,home_seething_lane,1668,8,8,coach,Elizabeth Pepys; Deb Willet
home_seething_lane,whitehall,1668,8,9,coach,
whitehall,home_seething_lane,1668,8,9,coach,
home_seething_lane,goring_house,1668,8,10,boat,
goring_house,coopers_house,1668,8,10,coach,
coopers_house,home_seething_lane,1668,8,10,boat,
home_seething_lane,whitehall,1668,8,11,boat,
whitehall,home_seething_lane,1668,8,11,boat,
home_seething_lane,dukes_playhouse,1668,8,12,coach,Elizabeth Pepys; Mercer; Deb Willet
dukes_playhouse,home_seething_lane,1668,8,12,coach,Elizabeth Pepys; Mercer; Deb Willet
home_seething_lane,whitehall,1668,8,14,boat,
whitehall,home_seething_lane,1668,8,14,coach,
home_seething_lane,kings_playhouse,1668,8,15,coach,Elizabeth Pepys; Mercer; Deb Willet
kings_playhouse,home_seething_lane,1668,8,15,coach,Elizabeth Pepys; Mercer; Deb Willet
home_seething_lane,hampstead,1668,8,17,coach,Mr. Wren
hampstead,dukes_playhouse,1668,8,17,coach,
dukes_playhouse,home_seething_lane,1668,8,17,coach,
home_seething_lane,whitehall,1668,8,21,boat,
whitehall,home_seething_lane,1668,8,21,coach,
home_seething_lane,st_james_palace,1668,8,23,coach,
st_james_palace,home_seething_lane,1668,8,23,coach,
home_seething_lane,st_james_palace,1668,8,25,boat,
st_james_palace,home_seething_lane,1668,8,25,boat,
home_seething_lane,whitehall,1668,8,26,boat,
whitehall,home_seething_lane,1668,8,26,coach,Sir Denis Gawden
home_seething_lane,st_james_palace,1668,8,27,boat,
st_james_palace,navy_office,1668,8,27,boat,
navy_office,bartholomew_fair,1668,8,27,coach,Elizabeth Pepys; Deb Willet; William Batelier
bartholomew_fair,home_seething_lane,1668,8,27,coach,Elizabeth Pepys; Deb Willet
home_seething_lane,whitehall,1668,8,28,boat,
whitehall,home_seething_lane,1668,8,28,coach,
home_seething_lane,surgeons_hall,1668,8,29,coach,Henry Harris
surgeons_hall,bartholomew_fair,1668,8,29,coach,Elizabeth Pepys; Mercer; Deb Willet
bartholomew_fair,home_seething_lane,1668,8,29,coach,Elizabeth Pepys; Mercer; Deb Willet
home_seething_lane,whitehall,1668,8,30,walk,
whitehall,home_seething_lane,1668,8,30,boat,
home_seething_lane,whitehall,1668,8,31,boat,
whitehall,dukes_playhouse,1668,8,31,coach,Elizabeth Pepys; Deb Willet; Mercer; William Batelier; William Hewer
dukes_playhouse,bartholomew_fair,1668,8,31,walk,Elizabeth Pepys; Deb Willet
bartholomew_fair,home_seething_lane,1668,8,31,coach,Elizabeth Pepys; Deb Willet
home_seething_lane,bartholomew_fair,1668,9,1,walk,
bartholomew_fair,home_seething_lane,1668,9,1,coach,
home_seething_lane,durham_yard,1668,9,3,walk,
durham_yard,whitehall,1668,9,3,boat,
whitehall,home_seething_lane,1668,9,3,coach,
home_seething_lane,bartholomew_fair,1668,9,4,coach,Elizabeth Pepys; Deb Willet; Mercer; William Hewer
bartholomew_fair,hercules_pillars,1668,9,4,coach,Elizabeth Pepys; Mrs. Knipp
hercules_pillars,home_seething_lane,1668,9,4,coach,Elizabeth Pepys
home_seething_lane,navy_office,1668,9,5,walk,
navy_office,home_seething_lane,1668,9,5,walk,
home_seething_lane,gravesend,1668,9,6,boat,
gravesend,home_seething_lane,1668,9,6,boat,
home_seething_lane,whitehall,1668,9,7,coach,
whitehall,bartholomew_fair,1668,9,7,coach,Lord Bruncker; Sir J. Minnes; Sir W. Pen
bartholomew_fair,home_seething_lane,1668,9,7,coach,Lord Bruncker; Sir W. Pen
home_seething_lane,st_james_palace,1668,9,8,boat,
st_james_palace,home_seething_lane,1668,9,8,boat,
home_seething_lane,whitehall,1668,9,9,coach,
whitehall,home_seething_lane,1668,9,9,coach,Lord Bruncker; Sir W. Pen
home_seething_lane,whitehall,1668,9,10,boat,
whitehall,dukes_playhouse,1668,9,10,coach,Elizabeth Pepys; Mercer; Deb Willet; William Hewer
dukes_playhouse,home_seething_lane,1668,9,10,boat,Elizabeth Pepys; Mercer; Deb Willet
home_seething_lane,st_james_palace,1668,9,13,coach,
st_james_palace,home_seething_lane,1668,9,13,coach,
home_seething_lane,st_james_palace,1668,9,14,coach,
st_james_palace,whitehall,1668,9,14,walk,
whitehall,home_seething_lane,1668,9,14,boat,
home_seething_lane,kings_playhouse,1668,9,15,coach,
kings_playhouse,whitehall,1668,9,15,coach,
whitehall,home_seething_lane,1668,9,15,boat,
home_seething_lane,st_james_palace,1668,9,16,walk,
st_james_palace,home_seething_lane,1668,9,16,coach,
home_seething_lane,kings_playhouse,1668,9,17,coach,Mrs. Knipp
kings_playhouse,home_seething_lane,1668,9,17,coach,
home_seething_lane,st_james_palace,1668,9,18,walk,
st_james_palace,whitehall,1668,9,18,walk,
whitehall,kings_playhouse,1668,9,18,coach,
kings_playhouse,home_seething_lane,1668,9,18,coach,
home_seething_lane,kings_playhouse,1668,9,19,coach,
kings_playhouse,home_seething_lane,1668,9,19,coach,
home_seething_lane,parish_church,1668,9,20,walk,
parish_church,home_seething_lane,1668,9,20,walk,
home_seething_lane,whitehall,1668,9,21,boat,
whitehall,home_seething_lane,1668,9,21,boat,
home_seething_lane,whitehall,1668,9,23,boat,
whitehall,home_seething_lane,1668,9,23,coach,Sir J. Minnes
home_seething_lane,whitehall,1668,9,25,coach,
whitehall,home_seething_lane,1668,9,25,coach,
home_seething_lane,whitehall,1668,9,27,walk,
whitehall,home_seething_lane,1668,9,27,boat,
home_seething_lane,lord_burlingtons_house,1668,9,28,boat,
lord_burlingtons_house,kings_playhouse,1668,9,28,coach,William Howe
kings_playhouse,whitehall,1668,9,28,coach,
whitehall,home_seething_lane,1668,9,28,coach,Alderman Backewell
home_seething_lane,whitehall,1668,10,12,boat,Mr. Turner
whitehall,kings_playhouse,1668,10,12,coach,Elizabeth Pepys; Mercer; Deb Willet; William Hewer
kings_playhouse,home_seething_lane,1668,10,12,coach,Elizabeth Pepys; Mercer; Deb Willet
home_seething_lane,navy_office,1668,10,13,walk,
navy_office,home_seething_lane,1668,10,13,walk,Mr. Turner
home_seething_lane,whitehall,1668,10,14,boat,
whitehall,kings_playhouse,1668,10,14,coach,
kings_playhouse,home_seething_lane,1668,10,14,coach,Sir W. Pen
home_seething_lane,navy_office,1668,10,15,walk,
navy_office,home_seething_lane,1668,10,15,walk,
home_seething_lane,whitehall,1668,10,16,coach,Elizabeth Pepys; Deb Willet
whitehall,home_seething_lane,1668,10,16,coach,Sir J. Minnes
home_seething_lane,navy_office,1668,10,17,walk,
navy_office,home_seething_lane,1668,10,17,walk,
home_seething_lane,whitehall,1668,10,18,coach,Lord Bruncker
whitehall,home_seething_lane,1668,10,18,coach,
home_seething_lane,dukes_playhouse,1668,10,19,coach,Elizabeth Pepys; Deb Willet
dukes_playhouse,home_seething_lane,1668,10,19,coach,Elizabeth Pepys; Deb Willet
home_seething_lane,navy_office,1668,10,20,walk,
navy_office,home_seething_lane,1668,10,20,walk,
home_seething_lane,whitehall,1668,10,21,coach,
whitehall,home_seething_lane,1668,10,21,coach,Elizabeth Pepys
home_seething_lane,arundell_house,1668,10,22,coach,Elizabeth Pepys; Deb Willet
arundell_house,home_seething_lane,1668,10,22,coach,
home_seething_lane,whitehall,1668,10,23,coach,Commissioner Middleton
whitehall,home_seething_lane,1668,10,23,coach,
home_seething_lane,navy_office,1668,10,24,walk,
navy_office,home_seething_lane,1668,10,24,walk,
home_seething_lane,whitehall,1668,10,26,boat,
whitehall,home_seething_lane,1668,10,26,coach,
home_seething_lane,navy_office,1668,10,27,walk,
navy_office,home_seething_lane,1668,10,27,walk,
home_seething_lane,whitehall,1668,10,28,coach,Mr. Gibson
whitehall,home_seething_lane,1668,10,28,coach,
home_seething_lane,navy_office,1668,10,29,walk,
navy_office,home_seething_lane,1668,10,29,walk,
home_seething_lane,navy_office,1668,10,30,walk,
navy_office,home_seething_lane,1668,10,30,walk,
home_seething_lane,navy_office,1668,10,31,walk,
navy_office,home_seething_lane,1668,10,31,walk,
home_seething_lane,whitehall,1668,11,2,boat,
whitehall,home_seething_lane,1668,11,2,coach,
home_seething_lane,whitehall,1668,11,4,coach,
whitehall,home_seething_lane,1668,11,4,coach,
home_seething_lane,whitehall,1668,11,5,boat,
whitehall,home_seething_lane,1668,11,5,coach,
home_seething_lane,navy_office,1668,11,6,walk,
navy_office,home_seething_lane,1668,11,6,walk,
home_seething_lane,whitehall,1668,11,9,coach,
whitehall,home_seething_lane,1668,11,9,coach,
home_seething_lane,navy_office,1668,11,10,walk,
navy_office,home_seething_lane,1668,11,10,walk,
home_seething_lane,navy_office,1668,11,11,walk,
navy_office,home_seething_lane,1668,11,11,walk,
home_seething_lane,navy_office,1668,11,12,walk,
navy_office,home_seething_lane,1668,11,12,walk,
home_seething_lane,whitehall,1668,11,13,coach,Sir W. Pen
whitehall,home_seething_lane,1668,11,13,coach,
home_seething_lane,whitehall,1668,11,16,boat,
whitehall,home_seething_lane,1668,11,16,coach,
home_seething_lane,navy_office,1668,11,17,walk,
navy_office,home_seething_lane,1668,11,17,walk,
home_seething_lane,whitehall,1668,11,18,coach,
whitehall,home_seething_lane,1668,11,18,coach,
home_seething_lane,navy_office,1668,11,19,walk,
navy_office,home_seething_lane,1668,11,19,walk,
home_seething_lane,whitehall,1668,11,20,boat,William Hewer
whitehall,home_seething_lane,1668,11,20,coach,William Hewer
home_seething_lane,navy_office,1668,11,21,walk,William Hewer
navy_office,home_seething_lane,1668,11,21,coach,William Hewer
home_seething_lane,whitehall,1668,11,23,boat,William Hewer
whitehall,home_seething_lane,1668,11,23,coach,Elizabeth Pepys; William Hewer
home_seething_lane,whitehall,1668,11,25,coach,William Hewer
whitehall,dukes_playhouse,1668,11,25,coach,Elizabeth Pepys
dukes_playhouse,home_seething_lane,1668,11,25,coach,Elizabeth Pepys
home_seething_lane,navy_office,1668,11,26,walk,
navy_office,home_seething_lane,1668,11,26,walk,
home_seething_lane,whitehall,1668,11,27,coach,William Hewer
whitehall,home_seething_lane,1668,11,27,coach,William Hewer
home_seething_lane,navy_office,1668,11,28,walk,
navy_office,home_seething_lane,1668,11,28,walk,
home_seething_lane,whitehall,1668,11,30,boat,William Hewer
whitehall,arundell_house,1668,11,30,boat,Mr. Povy; John Creed
arundell_house,home_seething_lane,1668,11,30,coach,
home_seething_lane,kings_playhouse,1668,12,2,coach,Elizabeth Pepys
kings_playhouse,whitehall,1668,12,2,coach,Elizabeth Pepys
whitehall,home_seething_lane,1668,12,2,coach,Elizabeth Pepys
home_seething_lane,whitehall,1668,12,3,boat,William Hewer
whitehall,dukes_playhouse,1668,12,3,coach,Elizabeth Pepys
dukes_playhouse,home_seething_lane,1668,12,3,coach,Elizabeth Pepys
home_seething_lane,whitehall,1668,12,4,boat,William Hewer
whitehall,home_seething_lane,1668,12,4,coach,
home_seething_lane,st_james_palace,1668,12,7,walk,William Hewer
st_james_palace,whitehall,1668,12,7,walk,Lord Sandwich
whitehall,home_seething_lane,1668,12,7,coach,Elizabeth Pepys
home_seething_lane,dukes_playhouse,1668,12,8,coach,Elizabeth Pepys
dukes_playhouse,home_seething_lane,1668,12,8,coach,Elizabeth Pepys
home_seething_lane,dukes_playhouse,1668,12,9,coach,Elizabeth Pepys
dukes_playhouse,home_seething_lane,1668,12,9,coach,Elizabeth Pepys
home_seething_lane,whitehall,1668,12,11,boat,William Hewer
whitehall,home_seething_lane,1668,12,11,coach,William Hewer
home_seething_lane,whitehall,1668,12,14,boat,
whitehall,home_seething_lane,1668,12,14,coach,Elizabeth Pepys
home_seething_lane,brooke_house,1668,12,18,coach,
brooke_house,home_seething_lane,1668,12,18,coach,
home_seething_lane,kings_playhouse,1668,12,19,coach,Elizabeth Pepys
kings_playhouse,home_seething_lane,1668,12,19,coach,Elizabeth Pepys
home_seething_lane,whitehall,1668,12,20,coach,Elizabeth Pepys; William Hewer
whitehall,home_seething_lane,1668,12,20,coach,Elizabeth Pepys; William Hewer
home_seething_lane,whitehall,1668,12,21,coach,
whitehall,dukes_playhouse,1668,12,21,coach,Elizabeth Pepys; Talbot Pepys; William Hewer
dukes_playhouse,home_seething_lane,1668,12,21,coach,Elizabeth Pepys; Talbot Pepys; William Hewer
home_seething_lane,navy_office,1668,12,23,walk,
navy_office,home_seething_lane,1668,12,23,walk,
home_seething_lane,dukes_playhouse,1668,12,26,coach,Elizabeth Pepys
dukes_playhouse,home_seething_lane,1668,12,26,coach,Elizabeth Pepys
home_seething_lane,whitehall,1668,12,27,walk,William Hewer
whitehall,home_seething_lane,1668,12,27,coach,
home_seething_lane,dukes_playhouse,1668,12,30,coach,Elizabeth Pepys
dukes_playhouse,home_seething_lane,1668,12,30,coach,Elizabeth Pepys
home_seething_lane,kings_playhouse,1669,1,1,coach,Elizabeth Pepys
kings_playhouse,home_seething_lane,1669,1,1,walk,Elizabeth Pepys
home_seething_lane,whitehall,1669,1,3,coach,
whitehall,home_seething_lane,1669,1,3,coach,
home_seething_lane,whitehall,1669,1,4,coach,William Hewer
whitehall,home_seething_lane,1669,1,4,coach,Elizabeth Pepys; William Hewer
home_seething_lane,kings_playhouse,1669,1,7,coach,Elizabeth Pepys
kings_playhouse,home_seething_lane,1669,1,7,coach,Elizabeth Pepys
home_seething_lane,whitehall,1669,1,8,coach,Commissioner Middleton
whitehall,home_seething_lane,1669,1,8,coach,Elizabeth Pepys
home_seething_lane,whitehall,1669,1,8,coach,Elizabeth Pepys
whitehall,home_seething_lane,1669,1,11,walk,William Hewer
home_seething_lane,whitehall,1669,1,11,coach,William Hewer
whitehall,kings_playhouse,1669,1,11,coach,Elizabeth Pepys
kings_playhouse,home_seething_lane,1669,1,11,coach,Elizabeth Pepys
home_seething_lane,whitehall,1669,1,12,walk,
whitehall,home_seething_lane,1669,1,12,walk,
home_seething_lane,whitehall,1669,1,13,coach,
whitehall,kings_playhouse,1669,1,13,coach,Elizabeth Pepys; Talbot Pepys
kings_playhouse,home_seething_lane,1669,1,13,coach,Elizabeth Pepys
home_seething_lane,st_james_palace,1669,1,15,coach,William Hewer
st_james_palace,dukes_playhouse,1669,1,15,coach,Elizabeth Pepys
dukes_playhouse,home_seething_lane,1669,1,15,coach,Elizabeth Pepys
home_seething_lane,whitehall,1669,1,17,coach,William Hewer
whitehall,home_seething_lane,1669,1,17,coach,William Hewer
home_seething_lane,st_james_palace,1669,1,18,coach,William Hewer
st_james_palace,dukes_playhouse,1669,1,18,coach,Elizabeth Pepys
dukes_playhouse,home_seething_lane,1669,1,18,coach,Elizabeth Pepys
home_seething_lane,kings_playhouse,1669,1,19,coach,Elizabeth Pepys
kings_playhouse,home_seething_lane,1669,1,19,coach,Elizabeth Pepys
home_seething_lane,whitehall,1669,1,20,coach,Elizabeth Pepys; William Hewer
whitehall,dukes_playhouse,1669,1,20,coach,Elizabeth Pepys
dukes_playhouse,home_seething_lane,1669,1,20,coach,Elizabeth Pepys
home_seething_lane,whitehall,1669,1,21,coach,
whitehall,dukes_playhouse,1669,1,21,coach,Elizabeth Pepys
dukes_playhouse,home_seething_lane,1669,1,21,coach,Elizabeth Pepys
home_seething_lane,navy_office,1669,1,23,walk,
navy_office,home_seething_lane,1669,1,23,walk,
home_seething_lane,essex_house,1669,1,24,coach,
essex_house,home_seething_lane,1669,1,24,coach,Elizabeth Pepys
home_seething_lane,whitehall,1669,1,26,coach,Elizabeth Pepys
whitehall,home_seething_lane,1669,1,26,coach,Elizabeth Pepys
home_seething_lane,whitehall,1669,1,27,coach,Sir J. Minnes
whitehall,dukes_playhouse,1669,1,27,coach,Roger Pepys; Elizabeth Pepys
dukes_playhouse,home_seething_lane,1669,1,27,coach,Elizabeth Pepys
home_seething_lane,whitehall,1669,1,29,coach,William Hewer
whitehall,home_seething_lane,1669,1,29,coach,
home_seething_lane,whitehall,1669,2,1,boat,
whitehall,dukes_playhouse,1669,2,1,coach,Elizabeth Pepys
dukes_playhouse,home_seething_lane,1669,2,1,coach,Elizabeth Pepys
home_seething_lane,kings_playhouse,1669,2,2,coach,Elizabeth Pepys; Mr. Sheres
kings_playhouse,home_seething_lane,1669,2,2,coach,Elizabeth Pepys
home_seething_lane,st_james_palace,1669,2,5,coach,
st_james_palace,home_seething_lane,1669,2,5,coach,
home_seething_lane,kings_playhouse,1669,2,6,coach,Elizabeth Pepys
kings_playhouse,home_seething_lane,1669,2,6,coach,Elizabeth Pepys
home_seething_lane,whitehall,1669,2,8,coach,Elizabeth Pepys; William Hewer
whitehall,home_seething_lane,1669,2,8,coach,Elizabeth Pepys
home_seething_lane,kings_playhouse,1669,2,9,coach,Elizabeth Pepys
kings_playhouse,home_seething_lane,1669,2,9,coach,Elizabeth Pepys
home_seething_lane,whitehall,1669,2,10,coach,Elizabeth Pepys; William Hewer
whitehall,home_seething_lane,1669,2,10,coach,Elizabeth Pepys
home_seething_lane,whitehall,1669,2,12,coach,Elizabeth Pepys
whitehall,home_seething_lane,1669,2,12,coach,Elizabeth Pepys
home_seething_lane,st_james_palace,1669,2,14,coach,
st_james_palace,whitehall,1669,2,14,coach,William Hewer
whitehall,home_seething_lane,1669,2,14,walk,Elizabeth Pepys
home_seething_lane,whitehall,1669,2,15,coach,
whitehall,home_seething_lane,1669,2,15,coach,Elizabeth Pepys
home_seething_lane,whitehall,1669,2,17,coach,William Hewer
whitehall,home_seething_lane,1669,2,17,coach,
home_seething_lane,kings_playhouse,1669,2,19,coach,Elizabeth Pepys
kings_playhouse,home_seething_lane,1669,2,19,coach,Elizabeth Pepys
home_seething_lane,dukes_playhouse,1669,2,20,coach,Elizabeth Pepys; Bab Pepys; Betty Pepys
dukes_playhouse,home_seething_lane,1669,2,20,coach,Elizabeth Pepys
home_seething_lane,whitehall,1669,2,22,coach,Elizabeth Pepys; Bab Pepys; Betty Pepys
whitehall,home_seething_lane,1669,2,22,coach,Elizabeth Pepys; Bab Pepys; Betty Pepys
home_seething_lane,westminster_hall,1669,2,23,coach,Elizabeth Pepys; Bab Pepys; Betty Pepys
westminster_hall,home_seething_lane,1669,2,23,coach,Elizabeth Pepys; Bab Pepys; Betty Pepys
home_seething_lane,dukes_playhouse,1669,2,25,coach,Elizabeth Pepys; Bab Pepys; Betty Pepys
dukes_playhouse,home_seething_lane,1669,2,25,coach,Elizabeth Pepys
home_seething_lane,kings_playhouse,1669,2,26,coach,Elizabeth Pepys; Bab Pepys; Betty Pepys
kings_playhouse,home_seething_lane,1669,2,26,coach,Elizabeth Pepys
home_seething_lane,whitehall,1669,3,1,coach,
whitehall,home_seething_lane,1669,3,1,coach,
home_seething_lane,whitehall,1669,3,3,coach,
whitehall,dukes_playhouse,1669,3,3,coach,
dukes_playhouse,home_seething_lane,1669,3,3,coach,
home_seething_lane,whitehall,1669,3,4,coach,
whitehall,tower,1669,3,4,coach,
tower,deptford,1669,3,4,boat,
deptford,home_seething_lane,1669,3,4,boat,
home_seething_lane,whitehall,1669,3,5,boat,
whitehall,tower,1669,3,5,coach,Elizabeth Pepys
tower,home_seething_lane,1669,3,5,coach,Elizabeth Pepys
home_seething_lane,tower,1669,3,6,walk,
tower,home_seething_lane,1669,3,6,walk,
home_seething_lane,tower,1669,3,7,coach,Elizabeth Pepys
tower,whitehall,1669,3,7,coach,Elizabeth Pepys
whitehall,home_seething_lane,1669,3,7,coach,Elizabeth Pepys
home_seething_lane,whitehall,1669,3,8,coach,William Hewer
whitehall,kings_playhouse,1669,3,8,coach,Elizabeth Pepys
kings_playhouse,home_seething_lane,1669,3,8,coach,Elizabeth Pepys
home_seething_lane,tower,1669,3,9,walk,
tower,home_seething_lane,1669,3,9,walk,
home_seething_lane,whitehall,1669,3,10,coach,
whitehall,dukes_playhouse,1669,3,10,coach,Elizabeth Pepys
dukes_playhouse,home_seething_lane,1669,3,10,coach,Elizabeth Pepys
home_seething_lane,tower,1669,3,11,walk,
tower,home_seething_lane,1669,3,11,walk,
home_seething_lane,whitehall,1669,3,12,coach,
whitehall,home_seething_lane,1669,3,12,coach,
home_seething_lane,tower,1669,3,13,walk,
tower,kings_playhouse,1669,3,13,coach,Elizabeth Pepys
kings_playhouse,home_seething_lane,1669,3,13,coach,Elizabeth Pepys
home_seething_lane,whitehall,1669,3,15,boat,William Hewer
whitehall,home_seething_lane,1669,3,15,coach,
home_seething_lane,tower,1669,3,16,walk,
tower,kings_playhouse,1669,3,16,coach,Elizabeth Pepys
kings_playhouse,home_seething_lane,1669,3,16,coach,Elizabeth Pepys
home_seething_lane,whitehall,1669,3,17,boat,
whitehall,dukes_playhouse,1669,3,17,coach,Elizabeth Pepys
dukes_playhouse,home_seething_lane,1669,3,17,coach,Elizabeth Pepys
home_seething_lane,tower,1669,3,18,walk,
tower,kings_playhouse,1669,3,18,coach,Elizabeth Pepys
kings_playhouse,home_seething_lane,1669,3,18,coach,Elizabeth Pepys
home_seething_lane,whitehall,1669,3,19,boat,
whitehall,dukes_playhouse,1669,3,19,coach,Elizabeth Pepys
dukes_playhouse,home_seething_lane,1669,3,19,coach,Elizabeth Pepys
home_seething_lane,tower,1669,3,20,walk,
tower,kings_playhouse,1669,3,20,coach,Elizabeth Pepys
kings_playhouse,home_seething_lane,1669,3,20,coach,Elizabeth Pepys
home_seething_lane,kings_playhouse,1669,3,21,coach,Elizabeth Pepys
kings_playhouse,home_seething_lane,1669,3,21,coach,Elizabeth Pepys
home_seething_lane,whitehall,1669,3,22,boat,William Hewer
whitehall,kings_playhouse,1669,3,22,coach,Elizabeth Pepys
kings_playhouse,home_seething_lane,1669,3,22,coach,Elizabeth Pepys
home_seething_lane,chatham,1669,3,23,coach,Commissioner Middleton; Mr. Hutchinson
chatham,maidstone,1669,3,24,coach,Mr. Gibson
maidstone,chatham,1669,3,24,coach,Mr. Gibson
chatham,home_seething_lane,1669,3,27,coach,Commissioner Middleton; Mr. Hutchinson
home_seething_lane,whitehall,1669,3,29,boat,
whitehall,greenwich,1669,3,29,boat,
greenwich,home_seething_lane,1669,3,29,boat,
home_seething_lane,st_james_palace,1669,3,30,coach,
st_james_palace,home_seething_lane,1669,3,30,coach,
home_seething_lane,whitehall,1669,3,31,boat,
whitehall,home_seething_lane,1669,3,31,coach,Elizabeth Pepys
home_seething_lane,navy_office,1669,4,1,walk,Commissioner Middleton
navy_office,home_seething_lane,1669,4,1,coach,Elizabeth Pepys
home_seething_lane,whitehall,1669,4,2,boat,William Hewer
whitehall,home_seething_lane,1669,4,2,coach,
home_seething_lane,whitehall,1669,4,4,coach,Sir J. Minnes; Commissioner Middleton
whitehall,home_seething_lane,1669,4,4,coach,
home_seething_lane,whitehall,1669,4,5,coach,
whitehall,home_seething_lane,1669,4,5,coach,Elizabeth Pepys; Mr. Sheres; Betty Turner
home_seething_lane,whitehall,1669,4,6,coach,
whitehall,home_seething_lane,1669,4,6,coach,
home_seething_lane,whitehall,1669,4,7,coach,
whitehall,home_seething_lane,1669,4,7,coach,
home_seething_lane,whitehall,1669,4,8,coach,
whitehall,islington,1669,4,8,coach,Elizabeth Pepys
islington,home_seething_lane,1669,4,8,coach,Elizabeth Pepys
home_seething_lane,whitehall,1669,4,9,boat,William Hewer
whitehall,home_seething_lane,1669,4,9,coach,
home_seething_lane,whitehall,1669,4,11,coach,Elizabeth Pepys; Balthasar St. Michel
whitehall,home_seething_lane,1669,4,11,coach,Elizabeth Pepys
home_seething_lane,whitehall,1669,4,12,boat,
whitehall,bear_garden,1669,4,12,boat,Elizabeth Pepys; Mr. Sheres
bear_garden,home_seething_lane,1669,4,12,coach,Elizabeth Pepys; Mr. Sheres
home_seething_lane,whitehall,1669,4,13,boat,William Hewer
whitehall,home_seething_lane,1669,4,13,boat,William Hewer
home_seething_lane,whitehall,1669,4,14,coach,William Hewer
whitehall,dukes_playhouse,1669,4,14,coach,Elizabeth Pepys
dukes_playhouse,home_seething_lane,1669,4,14,coach,Elizabeth Pepys
home_seething_lane,navy_office,1669,4,15,walk,
navy_office,home_seething_lane,1669,4,15,coach,Elizabeth Pepys
home_seething_lane,kings_playhouse,1669,4,17,coach,Elizabeth Pepys; Mr. Pierce
kings_playhouse,whitehall,1669,4,17,coach,Elizabeth Pepys
whitehall,home_seething_lane,1669,4,17,coach,Elizabeth Pepys
home_seething_lane,whitehall,1669,4,18,coach,
whitehall,home_seething_lane,1669,4,18,coach,
home_seething_lane,whitehall,1669,4,19,coach,
whitehall,home_seething_lane,1669,4,19,coach,
home_seething_lane,navy_office,1669,4,20,walk,
navy_office,home_seething_lane,1669,4,20,coach,
home_seething_lane,whitehall,1669,4,21,coach,
whitehall,home_seething_lane,1669,4,21,coach,Elizabeth Pepys
home_seething_lane,whitehall,1669,4,26,coach,William Hewer
whitehall,kings_playhouse,1669,4,26,coach,Elizabeth Pepys
kings_playhouse,home_seething_lane,1669,4,26,coach,Elizabeth Pepys
home_seething_lane,navy_office,1669,4,28,walk,
navy_office,home_seething_lane,1669,4,28,walk,
home_seething_lane,st_james_palace,1669,4,30,coach,
st_james_palace,home_seething_lane,1669,4,30,coach,
home_seething_lane,navy_office,1669,5,1,walk,
navy_office,home_seething_lane,1669,5,1,coach,Elizabeth Pepys; Mr. Sheres
home_seething_lane,whitehall,1669,5,2,boat,
whitehall,home_seething_lane,1669,5,2,coach,Elizabeth Pepys
home_seething_lane,st_james_palace,1669,5,3,coach,
st_james_palace,home_seething_lane,1669,5,3,coach,
home_seething_lane,navy_office,1669,5,4,walk,
navy_office,home_seething_lane,1669,5,4,walk,
home_seething_lane,whitehall,1669,5,5,coach,
whitehall,home_seething_lane,1669,5,5,coach,
home_seething_lane,navy_office,1669,5,6,walk,
navy_office,home_seething_lane,1669,5,6,coach,Elizabeth Pepys
home_seething_lane,whitehall,1669,5,7,coach,
whitehall,home_seething_lane,1669,5,7,coach,Elizabeth Pepys
home_seething_lane,westminster_hall,1669,5,9,coach,Elizabeth Pepys
westminster_hall,home_seething_lane,1669,5,9,coach,Elizabeth Pepys
home_seething_lane,whitehall,1669,5,10,coach,Mr. Gibson
whitehall,lord_crews_house,1669,5,10,walk,
lord_crews_house,whitehall,1669,5,10,walk,
whitehall,home_seething_lane,1669,5,10,coach,Elizabeth Pepys
home_seething_lane,putney,1669,5,11,boat,Elizabeth Pepys
putney,home_seething_lane,1669,5,11,boat,Elizabeth Pepys
home_seething_lane,dukes_playhouse,1669,5,12,coach,Elizabeth Pepys
dukes_playhouse,home_seething_lane,1669,5,12,coach,Elizabeth Pepys
home_seething_lane,whitehall,1669,5,14,coach,
whitehall,home_seething_lane,1669,5,14,boat,Elizabeth Pepys; John Pepys Jr.
home_seething_lane,kings_playhouse,1669,5,17,coach,Elizabeth Pepys; John Pepys Jr.
kings_playhouse,home_seething_lane,1669,5,17,coach,Elizabeth Pepys
home_seething_lane,whitehall,1669,5,19,coach,
whitehall,home_seething_lane,1669,5,19,coach,Elizabeth Pepys
home_seething_lane,navy_office,1669,5,20,walk,
navy_office,home_seething_lane,1669,5,20,walk,
home_seething_lane,whitehall,1669,5,24,coach,William Hewer
whitehall,home_seething_lane,1669,5,24,coach,Elizabeth Pepys
home_seething_lane,whitehall,1669,5,26,coach,
whitehall,home_seething_lane,1669,5,26,coach,Elizabeth Pepys
home_seething_lane,whitehall,1669,5,28,coach,
whitehall,home_seething_lane,1669,5,28,boat,Elizabeth Pepys; John Pepys Jr.
home_seething_lane,whitehall,1669,5,29,coach,
whitehall,home_seething_lane,1669,5,29,coach,Elizabeth Pepys
home_seething_lane,whitehall,1669,5,30,boat,
whitehall,home_seething_lane,1669,5,30,coach,Elizabeth Pepys
home_seething_lane,whitehall,1669,5,31,boat,
whitehall,home_seething_lane,1669,5,31,coach,Elizabeth Pepys
