n1_source,n1_target,my_source,my_target,year,month,day,mode,companion
17,1,174,264,1660,January,1,walk,Elizabeth Pepys
1,170,264,566,1660,January,2,walk,
66,528,374,642,1660,January,2,walk,Thomas Moore
528,674,642,412,1660,January,2,walk,
1,71,264,122,1660,January,3,walk,
71,170,122,566,1660,January,3,walk,
674,1,412,264,1660,January,3,walk,
15,12,169,659,1660,January,4,walk,
12,13,659,610,1660,January,4,walk,
13,104,610,562,1660,January,4,walk,
104,1,562,264,1660,January,4,walk,
15,6,169,650,1660,January,5,walk,
6,15,650,169,1660,January,5,walk,
674,687,412,692,1660,January,5,walk,
687,17,692,174,1660,January,5,walk,
17,674,174,412,1660,January,5,walk,
1,134,264,231,1660,January,6,walk,John Pepys Jr.
134,15,231,169,1660,January,6,walk,
1,990,264,694,1660,January,6,walk,
990,1,694,264,1660,January,6,walk,Elizabeth Pepys
674,6,412,650,1660,January,7,walk,
6,1,650,264,1660,January,7,walk,
17,745,174,123,1660,January,8,walk,Elizabeth Pepys
745,71,123,122,1660,January,8,walk,
71,17,122,174,1660,January,8,walk,
15,286,169,4,1660,January,10,walk,
286,167,4,553,1660,January,10,walk,
167,694,553,107,1660,January,10,walk,
694,992,107,642,1660,January,10,walk,
66,674,374,412,1660,January,11,walk,
12,1,659,264,1660,January,12,walk,
1,682,264,224,1660,January,12,walk,
15,12,169,659,1660,January,13,walk,
1,15,264,169,1660,January,14,walk,
15,13,169,610,1660,January,14,walk,
13,75,610,204,1660,January,14,walk,Henry Moore
75,1,204,264,1660,January,14,walk,
15,987,169,693,1660,January,16,walk,
987,993,693,209,1660,January,16,walk,
13,995,610,590,1660,January,17,coach,Elizabeth Pepys
694,134,107,231,1660,January,17,walk,
12,246,659,4,1660,January,18,walk,
246,6,4,650,1660,January,18,walk,
6,66,650,374,1660,January,18,walk,
987,674,693,412,1660,January,19,walk,Edward Shepley; Thomas Moore
674,996,412,86,1660,January,19,walk,
996,676,86,642,1660,January,19,walk,
987,13,693,610,1660,January,20,walk,
13,444,610,177,1660,January,20,boat,
444,694,177,107,1660,January,20,walk,
13,1,610,264,1660,January,20,walk,
1,6,264,650,1660,January,21,walk,
6,15,650,169,1660,January,21,walk,
15,987,169,693,1660,January,21,walk,
987,66,693,374,1660,January,21,walk,Mr. Hawly
683,674,194,412,1660,January,21,walk,
1,745,264,123,1660,January,22,walk,
745,17,123,174,1660,January,22,walk,Elizabeth Pepys
1141,15,693,169,1660,January,23,walk,
1,674,264,412,1660,January,23,walk,
674,1,412,264,1660,January,23,walk,
12,5,659,394,1660,January,24,walk,Elizabeth Pepys
5,694,394,107,1660,January,24,walk,
694,1,107,264,1660,January,24,walk,
1,24,264,592,1660,January,25,boat,
24,1,592,264,1660,January,25,walk,
15,12,169,659,1660,January,26,walk,
12,1,659,264,1660,January,26,walk,
1,694,264,107,1660,January,26,walk,
694,1,107,264,1660,January,26,walk,
1,574,264,372,1660,January,27,walk,
574,13,372,610,1660,January,27,walk,
13,331,610,191,1660,January,27,walk,
331,1,191,264,1660,January,27,walk,
1,134,264,231,1660,January,28,walk,
134,15,231,169,1660,January,28,walk,
15,13,169,610,1660,January,28,walk,
13,66,610,374,1660,January,28,walk,
66,1,374,264,1660,January,28,walk,
66,1,374,264,1660,January,29,walk,
1,70,264,46,1660,January,29,walk,
70,17,46,174,1660,January,29,walk,
1,6,264,650,1660,January,31,walk,
6,134,650,231,1660,January,31,walk,
134,15,231,169,1660,January,31,walk,
674,134,412,231,1660,January,31,walk,
134,1,231,264,1660,January,31,walk,
674,1,412,264,1660,February,1,walk,
1,66,264,374,1660,February,1,walk,
66,12,374,659,1660,February,1,walk,
1,75,264,204,1660,February,2,walk,
75,76,204,642,1660,February,2,walk,
76,1,642,264,1660,February,2,walk,
1,3,264,642,1660,February,2,boat,
3,1,642,264,1660,February,2,boat,
13,83,610,476,1660,February,3,walk,Roger Pepys
83,246,476,4,1660,February,3,walk,Betty Turner; Joyce Norton
246,1,4,264,1660,February,3,walk,Betty Turner; Joyce Norton
3,107,642,541,1660,February,3,walk,Elizabeth Pepys
115,673,85,331,1660,February,3,walk,
673,1,331,264,1660,February,3,walk,
15,13,169,610,1660,February,4,walk,
12,679,659,642,1660,February,4,walk,
679,717,642,564,1660,February,4,boat,
717,156,564,204,1660,February,4,walk,
66,677,374,691,1660,February,4,walk,
677,674,691,412,1660,February,4,walk,
674,1,412,264,1660,February,4,walk,
1,13,264,610,1660,February,5,boat,Elizabeth Pepys
13,1,610,264,1660,February,5,boat,
66,13,374,610,1660,February,6,walk,
13,104,610,562,1660,February,6,walk,
13,1,610,264,1660,February,6,walk,John Pepys Sr
1,678,264,63,1660,February,6,walk,John Pepys Sr
678,673,63,331,1660,February,6,walk,
673,12,331,659,1660,February,6,walk,
1,15,264,169,1660,February,7,walk,
15,170,169,566,1660,February,7,walk,
170,675,566,546,1660,February,7,walk,
675,451,546,548,1660,February,7,walk,
451,1,548,264,1660,February,7,walk,
1,13,264,610,1660,February,7,walk,
66,673,374,331,1660,February,7,walk,
673,1,331,264,1660,February,7,walk,
104,12,562,659,1660,February,8,walk,
12,83,659,476,1660,February,8,walk,
83,1,476,264,1660,February,8,walk,
1,674,264,412,1660,February,8,walk,
674,170,412,566,1660,February,8,walk,
170,17,566,174,1660,February,8,walk,
1,689,264,279,1660,February,10,walk,
689,15,279,169,1660,February,10,walk,
1,15,264,169,1660,February,10,walk,
15,1,169,264,1660,February,10,walk,
15,13,169,610,1660,February,11,walk,
13,688,610,560,1660,February,11,walk,
688,724,560,83,1660,February,11,walk,
724,725,83,453,1660,February,11,walk,
105,691,222,579,1660,February,11,walk,
691,105,579,222,1660,February,11,walk,
105,167,222,553,1660,February,11,walk,
167,693,553,94,1660,February,11,walk,
693,1,94,264,1660,February,11,walk,
1,23,264,789,1660,February,11,walk,Elizabeth Pepys
23,1,789,264,1660,February,11,walk,Elizabeth Pepys
1,3,264,642,1660,February,12,walk,
1,72,264,359,1660,February,12,walk,Thomas Pepys
72,21,359,546,1660,February,12,walk,
21,71,546,122,1660,February,12,walk,Elizabeth Pepys
71,17,122,174,1660,February,12,walk,Elizabeth Pepys
17,1,174,264,1660,February,12,walk,Elizabeth Pepys
15,1,169,264,1660,February,13,walk,
1,674,264,412,1660,February,13,walk,
1,174,264,458,1660,February,13,walk,Elizabeth Pepys
174,17,458,174,1660,February,13,walk,Elizabeth Pepys
687,17,692,174,1660,February,13,walk,
17,1,174,264,1660,February,13,walk,Elizabeth Pepys
674,1,412,264,1660,February,14,walk,
66,712,374,775,1660,February,15,walk,
712,21,775,546,1660,February,15,walk,
17,715,174,305,1660,February,15,walk,
715,674,305,412,1660,February,15,walk,
107,686,541,541,1660,February,17,walk,
15,13,169,610,1660,February,18,walk,
13,1,610,264,1660,February,18,walk,
1,6,264,650,1660,February,18,walk,
6,682,650,224,1660,February,18,walk,
1,3,264,642,1660,February,19,coach,Colonel Slingsby; Mrs Turner
3,1,642,264,1660,February,19,coach,
15,1,169,264,1660,February,20,walk,
1,13,264,610,1660,February,20,walk,
13,695,610,659,1660,February,21,walk,
695,1,659,264,1660,February,21,walk,
1,6,264,650,1660,February,22,walk,
6,1,650,264,1660,February,22,walk,
12,13,659,610,1660,February,22,walk,
13,17,610,174,1660,February,22,walk,
674,3,412,642,1660,February,22,walk,
3,17,642,174,1660,February,22,walk,
17,1,174,264,1660,February,22,walk,Elizabeth Pepys
3,1,642,264,1660,February,23,walk,
1,13,264,610,1660,February,23,walk,
696,5,637,394,1660,February,24,horse,
5,458,394,466,1660,February,24,horse,James Pierce
458,698,466,94,1660,February,24,horse,James Pierce
698,699,94,68,1660,February,25,horse,
203,699,66,68,1660,February,25,walk,John Pepys Sr
699,701,68,349,1660,February,25,walk,
701,699,349,68,1660,February,25,walk,
699,459,68,67,1660,February,25,walk,John Pepys Sr
703,701,71,349,1660,February,25,walk,
699,467,68,69,1660,February,26,walk,John Pepys Sr
467,699,69,68,1660,February,26,walk,John Pepys Sr
699,706,68,612,1660,February,27,horse,
706,707,612,12,1660,February,27,walk,
707,706,12,612,1660,February,27,walk,
706,708,612,163,1660,February,27,horse,
117,1,545,264,1660,February,28,horse,
1,66,264,374,1660,February,28,walk,
677,710,691,4,1660,February,28,walk,William Howe
710,53,4,220,1660,February,28,walk,
53,674,220,412,1660,February,28,walk,
1,6,264,650,1660,March,1,walk,
6,15,650,169,1660,March,1,walk,
15,66,169,374,1660,March,1,walk,
285,1,561,264,1660,March,1,walk,
17,745,174,123,1660,March,4,walk,Elizabeth Pepys
745,17,123,174,1660,March,4,walk,Elizabeth Pepys
1,12,264,659,1660,March,5,walk,
12,728,659,489,1660,March,5,boat,
728,13,489,610,1660,March,5,boat,
13,1,610,264,1660,March,5,walk,
1,66,264,374,1660,March,6,walk,
66,3,374,642,1660,March,6,walk,
12,1,659,264,1660,March,6,walk,
1,743,264,406,1660,March,6,walk,
66,380,374,540,1660,March,7,coach,
380,3,540,642,1660,March,7,walk,
15,731,169,7,1660,March,7,walk,
731,1,7,264,1660,March,7,walk,
3,733,642,642,1660,March,8,walk,
730,58,780,6,1660,March,8,walk,
58,134,6,231,1660,March,8,walk,
134,1,231,264,1660,March,8,walk,
1,6,264,650,1660,March,9,coach,
6,9,650,422,1660,March,9,coach,
9,66,422,374,1660,March,9,walk,
66,3,374,642,1660,March,9,walk,
3,730,642,780,1660,March,9,walk,
730,134,780,231,1660,March,9,walk,
134,1,231,264,1660,March,9,walk,
17,300,174,177,1660,March,10,walk,
300,1,177,264,1660,March,10,coach,
674,677,412,691,1660,March,10,walk,
3,15,642,169,1660,March,10,walk,
15,3,169,642,1660,March,10,walk,
23,246,789,4,1660,March,12,walk,Elizabeth Pepys
246,736,4,474,1660,March,12,horse,
736,735,474,273,1660,March,12,horse,
735,6,273,650,1660,March,13,horse,
6,17,650,174,1660,March,13,walk,
17,3,174,642,1660,March,13,walk,
1,6,264,650,1660,March,14,walk,
6,380,650,540,1660,March,14,walk,James Pierce
3,676,642,642,1660,March,14,walk,
730,674,780,412,1660,March,14,coach,
674,677,412,691,1660,March,14,walk,
677,1,691,264,1660,March,14,walk,
1,12,264,659,1660,March,15,walk,
12,13,659,610,1660,March,15,walk,
15,134,169,231,1660,March,15,walk,
134,300,231,177,1660,March,15,boat,Elizabeth Pepys
300,6,177,650,1660,March,15,walk,
6,674,650,412,1660,March,15,coach,
674,739,412,7,1660,March,15,walk,
739,13,7,610,1660,March,15,walk,
1,15,264,169,1660,March,16,boat,
15,740,169,83,1660,March,16,walk,
740,17,83,174,1660,March,16,walk,Elizabeth Pepys
17,730,174,780,1660,March,16,walk,
66,693,374,94,1660,March,17,walk,Elizabeth Pepys
693,730,94,780,1660,March,17,walk,
743,744,406,287,1660,March,18,walk,
744,6,287,650,1660,March,18,walk,
6,745,650,123,1660,March,18,walk,
745,66,123,374,1660,March,18,walk,
743,6,406,650,1660,March,19,walk,
6,730,650,780,1660,March,19,walk,
730,246,780,4,1660,March,19,walk,
1,6,264,650,1660,March,20,walk,
6,3,650,642,1660,March,20,coach,
3,676,642,642,1660,March,20,walk,
678,6,63,650,1660,March,20,walk,
6,765,650,642,1660,March,21,walk,
17,743,174,406,1660,March,21,walk,
66,741,374,459,1660,March,22,walk,
741,66,459,374,1660,March,22,walk,
66,6,374,650,1660,March,22,walk,
6,43,650,583,1660,March,23,coach,
748,750,251,136,1660,April,30,boat,William Howe
750,751,136,778,1660,April,30,walk,William Howe
754,753,495,572,1660,May,14,coach,
754,753,495,572,1660,May,17,coach,
753,755,572,137,1660,May,18,schuit,
755,753,137,572,1660,May,18,schuit,
1599,754,89,495,1660,May,19,wagon,
754,1598,495,730,1660,May,19,walk,
1598,753,730,572,1660,May,19,walk,
753,756,572,422,1660,May,19,walk,
756,753,422,572,1660,May,19,walk,
754,748,495,251,1660,May,20,boat,
759,163,203,102,1660,June,9,boat,Henry Moore; William Howe
163,66,102,374,1660,June,9,walk,
17,409,174,319,1660,June,10,walk,Elizabeth Pepys
409,17,319,174,1660,June,10,walk,Elizabeth Pepys
10,730,314,780,1660,June,11,walk,
730,66,780,374,1660,June,11,walk,
6,775,650,132,1660,June,12,walk,
775,66,132,374,1660,June,12,walk,
66,1134,374,176,1660,June,12,walk,
1134,226,176,146,1660,June,12,walk,
226,6,146,650,1660,June,12,walk,
6,17,650,174,1660,June,12,walk,
3,730,642,780,1660,June,13,walk,
730,83,780,476,1660,June,13,walk,
66,778,374,305,1660,June,14,walk,
778,12,305,659,1660,June,14,walk,
9,17,422,174,1660,June,15,walk,
3,730,642,780,1660,June,16,walk,
730,66,780,374,1660,June,16,walk,
3,715,642,305,1660,June,16,walk,
715,17,305,174,1660,June,16,walk,
336,784,451,659,1660,June,18,walk,
784,763,659,588,1660,June,18,boat,
763,730,588,780,1660,June,18,boat,
730,6,780,650,1660,June,18,walk,
3,778,642,305,1660,June,19,walk,
778,6,305,650,1660,June,19,walk,
3,779,642,82,1660,June,19,walk,
779,17,82,174,1660,June,19,walk,
336,1,451,264,1660,June,20,walk,Elizabeth Pepys
1,778,264,305,1660,June,20,walk,
778,450,305,155,1660,June,20,walk,
450,730,155,780,1660,June,20,walk,
730,115,780,85,1660,June,20,walk,
17,67,174,32,1660,June,20,walk,
67,17,32,174,1660,June,20,walk,
321,58,621,6,1660,June,21,walk,
58,66,6,374,1660,June,21,walk,
3,17,642,174,1660,June,21,walk,
134,331,231,191,1660,June,24,walk,
331,17,191,174,1660,June,24,walk,Elizabeth Pepys
66,745,374,123,1660,June,24,walk,Henry Moore
745,3,123,642,1660,June,24,walk,
1,3,264,642,1660,June,25,walk,
3,10,642,314,1660,June,25,walk,
10,730,314,780,1660,June,25,walk,
730,66,780,374,1660,June,25,coach,
66,774,374,704,1660,June,25,coach,Elizabeth Pepys
1,765,264,642,1660,June,26,walk,
765,766,642,71,1660,June,26,walk,
766,155,71,576,1660,June,26,walk,
155,773,576,578,1660,June,26,walk,Elizabeth Pepys
773,155,578,576,1660,June,26,walk,
155,400,576,3,1660,June,26,walk,
400,17,3,174,1660,June,26,walk,
17,6,174,650,1660,June,27,walk,
3,764,642,265,1660,June,27,walk,
764,3,265,642,1660,June,27,walk,
3,17,642,174,1660,June,27,coach,
785,314,788,372,1660,June,28,walk,
314,1141,372,693,1660,June,28,walk,
1141,5,693,394,1660,June,28,walk,
5,6,394,650,1660,June,28,walk,
6,785,650,788,1660,June,28,walk,
785,760,788,100,1660,June,28,walk,Elizabeth Pepys; Elizabeth Pierce
82,785,396,788,1660,June,28,walk,
13,10,610,314,1660,June,29,walk,
769,6,690,650,1660,June,30,walk,
6,3,650,642,1660,June,30,walk,
770,769,690,690,1660,June,30,walk,
743,829,406,503,1660,July,1,walk,
829,1,503,264,1660,July,1,walk,
787,829,36,503,1660,July,2,walk,
829,785,503,788,1660,July,2,walk,
785,532,788,193,1660,July,4,boat,Elizabeth Pepys
9,400,422,3,1660,July,4,walk,
400,829,3,503,1660,July,4,walk,
829,285,503,561,1660,July,4,walk,
285,829,561,503,1660,July,4,walk,
829,785,503,788,1660,July,4,walk,
785,3,788,642,1660,July,5,walk,
3,730,642,780,1660,July,5,walk,
730,829,780,503,1660,July,5,walk,
829,785,503,788,1660,July,5,walk,
785,829,788,503,1660,July,6,walk,
829,13,503,610,1660,July,6,walk,
285,829,561,503,1660,July,6,walk,
829,9,503,422,1660,July,6,walk,
283,829,741,503,1660,July,6,walk,
829,785,503,788,1660,July,6,walk,
785,829,788,503,1660,July,7,walk,
829,321,503,621,1660,July,7,walk,
24,82,592,396,1660,July,7,walk,
82,9,396,422,1660,July,7,walk,
9,829,422,503,1660,July,7,walk,
829,785,503,788,1660,July,7,walk,
170,829,566,503,1660,July,9,walk,
829,785,503,788,1660,July,9,walk,
785,104,788,562,1660,July,10,walk,
104,3,562,642,1660,July,10,walk,
3,785,642,788,1660,July,10,walk,Elizabeth Pepys
785,9,788,422,1660,July,11,boat,William Penn
4,785,465,788,1660,July,11,coach,
785,3,788,642,1660,July,12,coach,
3,829,642,503,1660,July,12,walk,
829,165,503,268,1660,July,12,walk,
165,186,268,668,1660,July,12,walk,
186,9,668,422,1660,July,12,walk,
9,785,422,788,1660,July,12,walk,
785,186,788,668,1660,July,13,walk,
186,785,668,788,1660,July,13,walk,
785,829,788,503,1660,July,14,walk,
829,134,503,231,1660,July,14,walk,
134,829,231,503,1660,July,14,walk,
829,13,503,610,1660,July,14,walk,
82,829,396,503,1660,July,14,walk,
829,785,503,788,1660,July,14,walk,Elizabeth Pepys
785,246,788,4,1660,July,15,walk,
246,103,4,609,1660,July,15,walk,
103,829,609,503,1660,July,15,walk,
829,107,503,541,1660,July,15,walk,
134,829,231,503,1660,July,15,walk,
829,785,503,788,1660,July,15,walk,
785,829,788,503,1660,July,17,walk,
829,785,503,788,1660,July,17,walk,
9,3,422,642,1660,July,18,walk,
3,829,642,503,1660,July,18,walk,
829,785,503,788,1660,July,18,walk,
785,17,788,174,1660,July,18,walk,
532,829,193,503,1660,July,19,walk,
829,13,503,610,1660,July,19,walk,
13,58,610,6,1660,July,19,walk,
58,730,6,780,1660,July,19,walk,
730,785,780,788,1660,July,19,boat,
785,788,788,45,1660,July,21,walk,
788,829,45,503,1660,July,21,walk,
829,301,503,521,1660,July,21,walk,
301,3,521,642,1660,July,21,walk,
232,829,591,503,1660,July,22,walk,
829,107,503,541,1660,July,22,walk,
107,134,541,231,1660,July,22,walk,
134,829,231,503,1660,July,22,walk,
829,785,503,788,1660,July,22,boat,
785,159,788,324,1660,July,23,walk,
159,829,324,503,1660,July,23,walk,
829,765,503,642,1660,July,23,walk,
765,819,642,195,1660,July,23,walk,
819,785,195,788,1660,July,23,boat,
785,3,788,642,1660,July,26,walk,
3,4,642,465,1660,July,26,walk,
4,10,465,314,1660,July,26,walk,
10,790,314,541,1660,July,26,walk,
790,785,541,788,1660,July,26,walk,
785,13,788,610,1660,July,28,walk,
13,104,610,562,1660,July,28,walk,
104,785,562,788,1660,July,28,walk,
785,3,788,642,1660,July,29,walk,
3,95,642,619,1660,July,29,walk,
95,829,619,503,1660,July,29,walk,
829,107,503,541,1660,July,29,walk,
107,134,541,231,1660,July,29,walk,
134,829,231,503,1660,July,29,walk,
829,785,503,788,1660,July,29,walk,
9,13,422,610,1660,July,30,walk,
13,83,610,476,1660,July,30,walk,
83,785,476,788,1660,July,30,walk,
785,3,788,642,1660,August,1,boat,
3,829,642,503,1660,August,1,walk,
829,4,503,465,1660,August,1,walk,
10,300,314,177,1660,August,1,walk,
300,785,177,788,1660,August,1,boat,
4,397,465,63,1660,August,3,walk,
785,3,788,642,1660,August,4,walk,
3,829,642,503,1660,August,4,walk,
829,4,503,465,1660,August,4,walk,
336,410,451,523,1660,August,4,coach,
410,785,523,788,1660,August,4,coach,
228,17,152,174,1660,August,5,walk,
17,3,174,642,1660,August,5,walk,
3,22,642,543,1660,August,5,walk,
22,5,543,394,1660,August,5,walk,
5,829,394,503,1660,August,5,walk,
829,317,503,757,1660,August,5,walk,
317,785,757,788,1660,August,5,boat,
9,785,422,788,1660,August,6,walk,
785,4,788,465,1660,August,6,walk,
82,829,396,503,1660,August,6,walk,
829,785,503,788,1660,August,6,walk,
4,792,465,131,1660,August,7,coach,
792,678,131,63,1660,August,7,walk,
678,785,63,788,1660,August,7,walk,
785,4,788,465,1660,August,8,boat,Elizabeth Pepys
4,829,465,503,1660,August,8,walk,
829,26,503,388,1660,August,8,walk,Elizabeth Pepys
26,829,388,503,1660,August,9,walk,
829,83,503,476,1660,August,9,walk,
10,794,314,404,1660,August,9,walk,Elizabeth Pepys
794,785,404,788,1660,August,9,walk,Elizabeth Pepys
9,785,422,788,1660,August,10,walk,
785,4,788,465,1660,August,10,boat,
382,829,275,503,1660,August,10,walk,
829,785,503,788,1660,August,10,coach,
785,829,788,503,1660,August,11,walk,
829,4,503,465,1660,August,11,walk,
4,829,465,503,1660,August,11,walk,
829,785,503,788,1660,August,11,walk,
785,829,788,503,1660,August,12,walk,
829,95,503,619,1660,August,12,walk,
95,829,619,503,1660,August,12,walk,
829,107,503,541,1660,August,12,walk,
107,829,541,503,1660,August,12,walk,
829,82,503,396,1660,August,12,walk,
82,17,396,174,1660,August,12,walk,
17,785,174,788,1660,August,12,walk,
9,4,422,465,1660,August,13,walk,John Pepys Sr
83,829,476,503,1660,August,13,walk,
829,785,503,788,1660,August,13,coach,
4,829,465,503,1660,August,14,walk,
829,4,503,465,1660,August,14,walk,
3,13,642,610,1660,August,15,walk,
13,829,610,503,1660,August,15,walk,
829,785,503,788,1660,August,15,walk,
785,66,788,374,1660,August,16,coach,
66,3,374,642,1660,August,16,walk,
3,4,642,465,1660,August,16,walk,
4,785,465,788,1660,August,16,walk,
9,785,422,788,1660,August,17,walk,
785,3,788,642,1660,August,17,boat,Elizabeth Pepys
785,532,788,193,1660,August,18,boat,Elizabeth Pepys
532,4,193,465,1660,August,18,walk,
4,10,465,314,1660,August,18,walk,
10,785,314,788,1660,August,18,walk,Elizabeth Pepys
186,165,668,268,1660,August,20,walk,
165,785,268,788,1660,August,20,walk,
3,314,642,372,1660,August,21,walk,
314,730,372,780,1660,August,21,walk,
730,13,780,610,1660,August,21,walk,
13,66,610,374,1660,August,21,walk,
9,3,422,642,1660,August,22,walk,
3,336,642,451,1660,August,22,walk,
336,17,451,174,1660,August,22,walk,John Pepys Sr
17,21,174,546,1660,August,22,walk,
21,785,546,788,1660,August,22,boat,
730,13,780,610,1660,August,23,walk,
13,58,610,6,1660,August,23,walk,
58,785,6,788,1660,August,23,boat,
785,9,788,422,1660,August,24,walk,
9,176,422,544,1660,August,24,walk,William Batten; William Penn
176,415,544,4,1660,August,24,walk,William Batten; William Penn
415,3,4,642,1660,August,24,walk,
3,4,642,465,1660,August,24,walk,
785,304,788,147,1660,August,25,coach,
304,3,147,642,1660,August,25,walk,
785,3,788,642,1660,August,27,walk,
3,4,642,465,1660,August,27,walk,
4,678,465,63,1660,August,27,walk,
678,785,63,788,1660,August,27,walk,
13,813,610,148,1660,August,30,walk,
813,5,148,394,1660,August,30,walk,
5,785,394,788,1660,August,30,walk,
785,829,788,503,1660,August,31,walk,
829,285,503,561,1660,August,31,walk,
285,785,561,788,1660,August,31,walk,
3,829,642,503,1660,September,1,walk,
829,801,503,180,1660,September,1,walk,
801,785,180,788,1660,September,1,walk,
785,23,788,789,1660,September,3,walk,
23,829,789,503,1660,September,3,walk,
829,358,503,309,1660,September,3,coach,
358,66,309,374,1660,September,3,walk,Henry Moore
3,801,642,180,1660,September,4,walk,
3,9,642,422,1660,September,6,walk,
9,829,422,503,1660,September,6,walk,
829,785,503,788,1660,September,6,walk,
63,9,519,422,1660,September,11,walk,William Batten; William Penn
9,63,422,519,1660,September,11,walk,
63,785,519,788,1660,September,11,walk,
785,63,788,519,1660,September,11,walk,
13,785,610,788,1660,September,13,boat,
785,9,788,422,1660,September,15,walk,
9,13,422,610,1660,September,15,walk,
785,9,788,422,1660,September,17,walk,
9,3,422,642,1660,September,17,walk,Henry Moore
9,13,422,610,1660,September,18,coach,William Batten; William Penn
3,1,642,264,1660,September,20,walk,
1,785,264,788,1660,September,20,walk,
785,9,788,422,1660,September,24,walk,
131,785,567,788,1660,September,24,walk,
9,31,422,145,1660,September,25,boat,William Batten; Robert Slingsby
31,785,145,788,1660,September,25,boat,
9,176,422,544,1660,September,26,walk,
785,829,788,503,1660,September,26,walk,
829,785,503,788,1660,September,26,walk,
785,829,788,503,1660,September,27,walk,
829,785,503,788,1660,September,27,walk,
785,829,788,503,1660,October,1,walk,
829,9,503,422,1660,October,1,walk,
9,785,422,788,1660,October,1,walk,John Pepys Sr
785,112,788,358,1660,October,1,walk,John Pepys Sr
3,58,642,6,1660,October,2,walk,
58,103,6,609,1660,October,2,walk,
103,829,609,503,1660,October,4,walk,
829,805,503,148,1660,October,4,walk,
805,785,148,788,1660,October,4,boat,
9,3,422,642,1660,October,6,walk,
9,13,422,610,1660,October,8,walk,Henry Moore
13,17,610,174,1660,October,8,walk,Henry Moore
66,829,374,503,1660,October,8,walk,
829,785,503,788,1660,October,8,boat,Henry Moore
785,9,788,422,1660,October,9,walk,
9,3,422,642,1660,October,9,walk,William Penn
3,829,642,503,1660,October,9,walk,
829,30,503,475,1660,October,9,boat,William Penn
785,829,788,503,1660,October,11,walk,
829,83,503,476,1660,October,11,walk,
9,80,422,149,1660,October,12,walk,
785,829,788,503,1660,October,12,walk,
829,785,503,788,1660,October,12,walk,
785,829,788,503,1660,October,13,walk,
829,115,503,85,1660,October,13,walk,
115,829,85,503,1660,October,13,walk,
829,285,503,561,1660,October,13,walk,
9,245,422,46,1660,October,15,boat,Elizabeth Pepys
245,829,46,503,1660,October,15,walk,
829,785,503,788,1660,October,15,coach,Elizabeth Pepys
785,9,788,422,1660,October,16,walk,
9,96,422,104,1660,October,16,walk,Henry Moore
785,829,788,503,1660,October,16,walk,
829,785,503,788,1660,October,16,boat,
785,797,788,440,1660,October,18,walk,
797,232,440,591,1660,October,18,walk,
17,829,174,503,1660,October,18,walk,
829,794,503,404,1660,October,18,walk,
785,829,788,503,1660,October,20,walk,
829,785,503,788,1660,October,20,walk,
9,785,422,788,1660,October,22,walk,
785,829,788,503,1660,October,22,walk,
829,785,503,788,1660,October,22,walk,
785,829,788,503,1660,October,23,walk,
829,3,503,642,1660,October,23,walk,
10,785,314,788,1660,October,23,walk,
3,411,642,390,1660,October,24,walk,
785,21,788,546,1660,October,27,walk,
3,15,642,169,1660,October,27,walk,
15,21,169,546,1660,October,27,walk,
785,829,788,503,1660,October,29,walk,
829,155,503,576,1660,October,29,walk,
155,785,576,788,1660,October,29,walk,
811,430,601,213,1660,November,1,horse,William Penn; William Batten
430,785,213,788,1660,November,1,horse,William Penn; William Batten
358,829,309,503,1660,November,2,walk,
829,785,503,788,1660,November,2,walk,
13,1572,610,610,1660,November,3,walk,
3,829,642,503,1660,November,6,walk,
829,13,503,610,1660,November,6,walk,
285,246,561,4,1660,November,6,walk,
246,9,4,422,1660,November,6,walk,
6,9,650,422,1660,November,7,boat,
9,13,422,610,1660,November,7,walk,
13,785,610,788,1660,November,7,boat,
785,9,788,422,1660,November,8,barge,William Batten; Robert Slingsby
9,31,422,145,1660,November,8,barge,William Batten; Robert Slingsby
829,677,503,691,1660,November,9,walk,
677,785,691,788,1660,November,9,walk,
9,3,422,642,1660,November,10,walk,
3,336,642,451,1660,November,10,walk,
336,21,451,546,1660,November,10,walk,
785,63,788,519,1660,November,11,walk,
63,176,519,544,1660,November,11,walk,
785,6,788,650,1660,November,11,boat,
6,785,650,788,1660,November,11,boat,
785,9,788,422,1660,November,12,walk,
9,449,422,505,1660,November,12,walk,Robert Slingsby
13,813,610,148,1660,November,12,walk,
813,816,148,381,1660,November,12,walk,
816,17,381,174,1660,November,12,walk,
785,829,788,503,1660,November,13,walk,Henry Moore
829,155,503,576,1660,November,13,boat,Henry Moore
155,825,576,435,1660,November,13,walk,
825,785,435,788,1660,November,13,walk,
3,785,642,788,1660,November,14,walk,
785,13,788,610,1660,November,15,boat,
13,411,610,390,1660,November,15,walk,
411,829,390,503,1660,November,15,walk,
829,63,503,519,1660,November,15,walk,
63,785,519,788,1660,November,15,walk,
3,829,642,503,1660,November,17,walk,
829,226,503,146,1660,November,17,walk,
6,82,650,396,1660,November,17,walk,
82,785,396,788,1660,November,17,walk,
785,9,788,422,1660,November,19,walk,
9,3,422,642,1660,November,19,coach,Sir G. Carteret
3,9,642,422,1660,November,19,coach,Sir George Carteret
785,829,788,503,1660,November,20,walk,
829,170,503,566,1660,November,20,walk,Henry Moore
170,193,566,158,1660,November,20,walk,
193,17,158,174,1660,November,20,walk,
17,785,174,788,1660,November,20,walk,
23,785,789,788,1660,November,22,walk,Elizabeth Pepys
785,829,788,503,1660,November,24,walk,
829,83,503,476,1660,November,24,walk,
83,411,476,390,1660,November,24,walk,
411,829,390,503,1660,November,24,boat,
829,785,503,788,1660,November,24,boat,
176,131,544,567,1660,November,25,walk,
131,17,567,174,1660,November,25,walk,
13,96,610,104,1660,November,27,walk,
96,17,104,174,1660,November,27,walk,
17,785,174,788,1660,November,27,walk,
785,3,788,642,1660,November,28,walk,
3,829,642,503,1660,November,28,walk,
829,285,503,561,1660,November,28,walk,
9,3,422,642,1660,November,30,boat,
3,785,642,788,1660,November,30,boat,
785,3,788,642,1660,December,1,walk,
3,4,642,465,1660,December,1,walk,
4,829,465,503,1660,December,1,walk,
829,159,503,324,1660,December,1,walk,
159,21,324,546,1660,December,1,walk,
21,832,546,546,1660,December,1,walk,
832,785,546,788,1660,December,1,walk,
3,829,642,503,1660,December,4,walk,
829,785,503,788,1660,December,4,boat,
785,63,788,519,1660,December,4,walk,
63,785,519,788,1660,December,4,walk,
9,785,422,788,1660,December,5,walk,
785,842,788,577,1660,December,5,walk,
785,9,788,422,1660,December,6,walk,Elizabeth Pepys
9,532,422,193,1660,December,6,walk,Elizabeth Pepys
532,3,193,642,1660,December,6,walk,
3,4,642,465,1660,December,6,walk,
4,829,465,503,1660,December,6,walk,
829,10,503,314,1660,December,6,walk,Henry Moore
10,785,314,788,1660,December,6,walk,
9,829,422,503,1660,December,7,walk,
829,4,503,465,1660,December,7,walk,
4,825,465,435,1660,December,7,walk,
825,785,435,788,1660,December,7,boat,
785,3,788,642,1660,December,8,walk,
3,4,642,465,1660,December,8,walk,
4,9,465,422,1660,December,8,boat,William Penn
9,296,422,180,1660,December,8,walk,
296,785,180,788,1660,December,8,walk,Elizabeth Pepys; James Pierce
785,27,788,516,1660,December,9,walk,
27,3,516,642,1660,December,9,boat,
3,6,642,650,1660,December,9,walk,
6,785,650,788,1660,December,9,boat,
785,159,788,324,1660,December,10,walk,
159,835,324,360,1660,December,10,walk,Elizabeth Pepys
835,13,360,610,1660,December,10,walk,
13,785,610,788,1660,December,10,walk,Robert Slingsby
785,631,788,106,1660,December,10,walk,
631,785,106,788,1660,December,10,walk,
785,9,788,422,1660,December,11,barge,Elizabeth Pepys; William Batten; William Penn
9,37,422,667,1660,December,11,barge,
4,785,465,788,1660,December,11,boat,Henry Moore
3,829,642,503,1660,December,12,walk,
829,4,503,465,1660,December,12,walk,
4,825,465,435,1660,December,12,walk,
825,17,435,174,1660,December,12,coach,
17,785,174,788,1660,December,12,walk,
785,9,788,422,1660,December,13,walk,
9,785,422,788,1660,December,13,walk,
9,631,422,106,1660,December,14,walk,
631,785,106,788,1660,December,14,walk,
3,17,642,174,1660,December,16,walk,
785,829,788,503,1660,December,19,walk,
829,785,503,788,1660,December,19,walk,
785,532,788,193,1660,December,21,boat,Elizabeth Pepys
532,3,193,642,1660,December,21,walk,
3,4,642,465,1660,December,21,walk,
4,829,465,503,1660,December,21,walk,
829,785,503,788,1660,December,21,walk,
9,829,422,503,1660,December,21,walk,
785,9,788,422,1660,December,22,walk,
9,300,422,177,1660,December,22,walk,
300,785,177,788,1660,December,22,walk,William Penn
66,829,374,503,1660,December,26,walk,
829,9,503,422,1660,December,26,walk,
9,835,422,360,1660,December,26,boat,Elizabeth Pepys
835,785,360,788,1660,December,26,boat,Elizabeth Pepys
400,829,3,503,1660,December,27,walk,
829,63,503,519,1660,December,27,walk,Elizabeth Pepys
63,785,519,788,1660,December,27,walk,Elizabeth Pepys
785,829,788,503,1660,December,29,walk,
829,400,503,3,1660,December,29,walk,
400,17,3,174,1660,December,29,walk,
232,17,591,174,1660,December,29,walk,John Pepys Sr
17,785,174,788,1660,December,29,walk,John Pepys Sr
66,842,374,577,1660,December,31,walk,
842,829,577,503,1660,December,31,walk,
829,134,503,231,1660,December,31,walk,
134,785,231,788,1660,December,31,coach,
785,17,788,174,1661,January,1,walk,
17,3,174,642,1661,January,1,coach,Elizabeth Pepys
4,5,465,394,1661,January,1,walk,Elizabeth Pepys
5,785,394,788,1661,January,1,walk,Elizabeth Pepys
785,829,788,503,1661,January,2,walk,
829,785,503,788,1661,January,2,walk,
842,785,577,788,1661,January,3,walk,
9,3,422,642,1661,January,4,walk,Henry Moore
3,829,642,503,1661,January,4,walk,
829,193,503,158,1661,January,4,walk,Henry Moore
193,19,158,234,1661,January,4,walk,
785,829,788,503,1661,January,5,walk,
829,13,503,610,1661,January,5,walk,
785,176,788,544,1661,January,6,walk,Elizabeth Pepys
176,785,544,788,1661,January,6,walk,Elizabeth Pepys
785,176,788,544,1661,January,6,walk,
176,785,544,788,1661,January,6,walk,
785,9,788,422,1661,January,7,walk,
9,785,422,788,1661,January,7,walk,
785,829,788,503,1661,January,8,walk,
829,193,503,158,1661,January,8,walk,
193,829,158,503,1661,January,8,walk,
829,785,503,788,1661,January,8,walk,
23,24,789,592,1661,January,9,walk,John Pepys Sr
785,9,788,422,1661,January,10,walk,
9,801,422,180,1661,January,10,walk,
801,3,180,642,1661,January,10,boat,
3,829,642,503,1661,January,10,walk,
829,26,503,388,1661,January,10,walk,Elizabeth Pepys
26,24,388,592,1661,January,10,coach,Elizabeth Pepys
24,63,592,519,1661,January,10,walk,Elizabeth Pepys
63,785,519,788,1661,January,10,walk,Elizabeth Pepys
9,785,422,788,1661,January,11,walk,
785,21,788,546,1661,January,11,walk,
21,631,546,106,1661,January,11,walk,
631,785,106,788,1661,January,11,walk,
785,9,788,422,1661,January,12,boat,Robert Slingsby
9,30,422,475,1661,January,12,walk,Robert Slingsby
31,1036,145,143,1661,January,12,walk,
1036,836,143,376,1661,January,12,walk,
836,785,376,788,1661,January,12,boat,
836,176,376,544,1661,January,13,walk,
176,36,544,217,1661,January,13,coach,
36,836,217,376,1661,January,13,coach,
836,37,376,667,1661,January,14,coach,
37,417,667,667,1661,January,15,walk,
785,449,788,505,1661,January,16,coach,Robert Slingsby
449,3,505,642,1661,January,16,coach,Robert Slingsby
3,47,642,478,1661,January,16,horse,
47,829,478,503,1661,January,16,horse,
829,845,503,212,1661,January,17,barge,
845,426,212,259,1661,January,17,boat,
426,847,259,242,1661,January,17,boat,
1061,119,90,237,1661,January,17,coach,
119,785,237,788,1661,January,18,horse,
785,449,788,505,1661,January,19,walk,Robert Slingsby
449,3,505,642,1661,January,19,coach,Robert Slingsby
829,10,503,314,1661,January,19,walk,
10,193,314,158,1661,January,19,walk,
193,850,158,4,1661,January,19,walk,
850,785,4,788,1661,January,19,walk,
785,176,788,544,1661,January,19,walk,
176,785,544,788,1661,January,19,walk,
3,785,642,788,1661,January,19,walk,
785,176,788,544,1661,January,20,walk,
176,785,544,788,1661,January,20,walk,
785,176,788,544,1661,January,20,walk,Elizabeth Pepys
176,785,544,788,1661,January,20,walk,Elizabeth Pepys
27,785,516,788,1661,January,20,walk,
3,825,642,435,1661,January,21,walk,
825,785,435,788,1661,January,21,walk,
785,63,788,519,1661,January,21,walk,Elizabeth Pepys
63,785,519,788,1661,January,21,walk,Elizabeth Pepys
785,449,788,505,1661,January,22,coach,Robert Slingsby
449,57,505,355,1661,January,22,coach,Robert Slingsby
447,835,381,360,1661,January,22,walk,Elizabeth Pepys
835,58,360,6,1661,January,22,walk,
58,785,6,788,1661,January,22,walk,
9,23,422,789,1661,January,23,walk,
23,61,789,219,1661,January,23,walk,
61,785,219,788,1661,January,23,walk,
785,176,788,544,1661,January,27,walk,
176,785,544,788,1661,January,27,walk,
785,1498,788,359,1661,January,27,walk,Sir William Penn
1498,785,359,788,1661,January,27,walk,Sir William Penn
9,64,422,133,1661,January,28,walk,
64,66,133,374,1661,January,28,walk,
66,193,374,158,1661,January,28,walk,
193,66,158,374,1661,January,28,walk,Henry Moore
66,17,374,174,1661,January,28,walk,John Pepys Sr
17,67,174,32,1661,January,28,walk,John Pepys Sr
67,602,32,4,1661,January,28,walk,
602,785,4,788,1661,January,28,walk,
785,9,788,422,1661,January,29,walk,
9,358,422,309,1661,January,29,boat,Henry Moore
358,829,309,503,1661,January,29,walk,Henry Moore
829,70,503,46,1661,January,29,walk,
70,852,46,122,1661,January,29,boat,
852,785,122,788,1661,January,29,walk,
785,176,788,544,1661,January,30,walk,
176,785,544,788,1661,January,30,walk,
1498,785,359,788,1661,January,30,walk,Sir William Penn
3,829,642,503,1661,January,31,walk,
829,193,503,158,1661,January,31,walk,
193,17,158,174,1661,January,31,walk,
785,75,788,204,1661,February,2,walk,
75,76,204,642,1661,February,2,walk,Thomas Moore
76,785,642,788,1661,February,2,walk,
77,78,503,180,1661,February,2,walk,Colonel Slingsby
78,785,180,788,1661,February,2,walk,
785,79,788,493,1661,February,3,walk,
6,7,650,642,1661,February,3,walk,
7,785,642,788,1661,February,3,boat,
80,785,149,788,1661,February,4,walk,
785,63,788,519,1661,February,4,walk,Elizabeth Pepys
63,785,519,788,1661,February,4,walk,Elizabeth Pepys
13,58,610,6,1661,February,5,walk,Elizabeth Pepys; Captain Murford
58,16,6,577,1661,February,5,coach,
9,785,422,788,1661,February,6,walk,
9,63,422,519,1661,February,6,walk,
63,785,519,788,1661,February,6,walk,
6,98,650,148,1661,February,7,walk,Edward Shepley; John Creed
98,785,148,788,1661,February,7,walk,
9,63,422,519,1661,February,7,walk,
63,785,519,788,1661,February,7,walk,
9,23,422,789,1661,February,8,walk,
6,84,650,86,1661,February,9,walk,John Creed
84,85,86,614,1661,February,9,walk,John Creed
785,9,788,422,1661,February,11,walk,
785,15,788,169,1661,February,11,walk,
15,3,169,642,1661,February,11,walk,Mr Warren
66,17,374,174,1661,February,11,walk,Thomas Moore
17,89,174,642,1661,February,11,walk,Thomas Moore
89,785,642,788,1661,February,11,walk,
82,63,396,519,1661,February,13,walk,Uncle Wight
63,785,519,788,1661,February,13,walk,
785,63,788,519,1661,February,14,walk,
63,31,519,145,1661,February,14,boat,Sir William Batten; Lady Batten; Elizabeth Pepys
31,90,145,241,1661,February,14,boat,Sir William Batten; Lady Batten; Elizabeth Pepys
90,785,241,788,1661,February,14,boat,Sir William Batten; Lady Batten; Elizabeth Pepys
785,22,788,543,1661,February,17,walk,
22,785,543,788,1661,February,17,walk,
6,785,650,788,1661,February,17,walk,
785,24,788,592,1661,February,17,walk,Elizabeth Pepys
23,91,789,4,1661,February,18,walk,Elizabeth Pepys; Mrs Martha Batten
91,785,4,788,1661,February,18,walk,Elizabeth Pepys; Mrs Martha Batten
3,56,642,422,1661,February,19,walk,Colonel Slingsby
56,92,422,659,1661,February,19,walk,Colonel Slingsby
92,6,659,650,1661,February,19,walk,
785,6,788,650,1661,February,21,coach,Sir William Penn
6,13,650,610,1661,February,21,walk,
17,71,174,122,1661,February,22,walk,Theophila Turner
71,93,122,4,1661,February,22,coach,Theophila Turner; Joyce Norton
93,785,4,788,1661,February,22,coach,Theophila Turner
785,63,788,519,1661,February,22,walk,Elizabeth Pepys
63,785,519,788,1661,February,22,walk,Elizabeth Pepys
785,400,788,3,1661,February,23,walk,
400,94,3,555,1661,February,23,walk,Mr Hartlibb
94,3,555,642,1661,February,23,boat,Mr Hartlibb
785,22,788,543,1661,February,24,walk,
22,63,543,519,1661,February,24,walk,Elizabeth Pepys
63,785,519,788,1661,February,24,walk,Elizabeth Pepys
6,9,650,422,1661,February,25,boat,
785,71,788,122,1661,February,26,walk,
71,66,122,374,1661,February,26,walk,
66,71,374,122,1661,February,26,walk,
71,93,122,4,1661,February,26,coach,Theophila Turner
93,785,4,788,1661,February,26,coach,Theophila Turner
785,63,788,519,1661,February,26,walk,
63,80,519,149,1661,February,26,walk,Sir William Batten
80,785,149,788,1661,February,26,walk,
785,82,788,396,1661,February,27,walk,John Pepys
82,21,396,546,1661,February,27,walk,John Pepys
99,100,470,6,1661,February,28,walk,Captain Cuttance; Captain Teddiman
100,30,6,475,1661,February,28,boat,Captain Cuttance
30,31,475,145,1661,February,28,walk,Captain Cuttance
31,101,145,74,1661,February,28,walk,
101,102,74,226,1661,February,28,walk,Sir William Penn; Lady Batten
102,30,226,475,1661,February,28,walk,Sir William Penn; Lady Batten
30,785,475,788,1661,February,28,boat,Sir William Penn
785,85,788,614,1661,March,1,walk,
785,22,788,543,1661,March,3,walk,
22,785,543,788,1661,March,3,walk,
6,9,650,422,1661,March,4,walk,
9,785,422,788,1661,March,4,walk,
785,3,788,642,1661,March,4,walk,
3,92,642,659,1661,March,4,walk,Thomas Moore
92,785,659,788,1661,March,4,walk,
785,9,788,422,1661,March,5,walk,
785,63,788,519,1661,March,6,walk,Sir William Batten; Elizabeth Pepys
63,3,519,642,1661,March,6,walk,Captain Cuttle
785,3,788,642,1661,March,7,walk,
3,6,642,650,1661,March,7,walk,
3,107,642,541,1661,March,9,walk,John Creed
107,6,541,650,1661,March,9,walk,
6,71,650,122,1661,March,9,walk,
71,17,122,174,1661,March,9,walk,
785,176,788,544,1661,March,10,walk,
176,785,544,788,1661,March,10,walk,
785,16,788,577,1661,March,11,walk,
81,785,180,788,1661,March,12,walk,
785,105,788,222,1661,March,12,walk,
6,92,650,659,1661,March,14,walk,John Creed
92,6,659,650,1661,March,14,walk,
785,27,788,516,1661,March,16,walk,
27,6,516,650,1661,March,16,walk,
785,22,788,543,1661,March,17,walk,
22,63,543,519,1661,March,17,walk,Elizabeth Pepys; Sir William Batten; Lady Batten
63,22,519,543,1661,March,17,walk,
22,785,543,788,1661,March,17,walk,
785,63,788,519,1661,March,17,walk,Elizabeth Pepys
63,785,519,788,1661,March,17,walk,Elizabeth Pepys
785,26,788,388,1661,March,18,boat,Elizabeth Pepys
26,56,388,422,1661,March,18,walk,
56,26,422,388,1661,March,18,walk,
26,108,388,383,1661,March,18,walk,
108,785,383,788,1661,March,18,walk,Elizabeth Pepys
785,63,788,519,1661,March,18,walk,
63,785,519,788,1661,March,18,walk,
785,6,788,650,1661,March,19,walk,
785,3,788,642,1661,March,20,walk,
3,785,642,788,1661,March,20,boat,
785,63,788,519,1661,March,20,walk,Elizabeth Pepys
63,785,519,788,1661,March,20,walk,Elizabeth Pepys
785,6,788,650,1661,March,21,walk,
849,31,135,145,1661,March,22,coach,Lady Batten; Sir William Penn
31,63,145,519,1661,March,22,coach,Lady Batten; Sir William Penn
63,785,519,788,1661,March,22,walk,
785,397,788,63,1661,March,23,walk,
397,111,63,88,1661,March,23,walk,
111,397,88,63,1661,March,23,walk,
397,112,63,358,1661,March,23,walk,Uncle Wight
785,22,788,543,1661,March,24,walk,Elizabeth Pepys
22,63,543,519,1661,March,24,walk,Sir William Batten; Lady Batten; Elizabeth Pepys
63,22,519,543,1661,March,24,walk,
22,785,543,788,1661,March,24,walk,
9,113,422,265,1661,March,25,walk,Mr Salisbury
113,3,265,642,1661,March,25,boat,Mr Salisbury
6,7,650,642,1661,March,25,walk,
7,86,642,488,1661,March,25,boat,Captain Ferrers
86,71,488,122,1661,March,25,walk,
71,17,122,174,1661,March,25,walk,
785,44,788,114,1661,March,28,walk,John Creed
44,2,114,120,1661,March,28,coach,John Creed
785,63,788,519,1661,March,29,walk,
63,785,519,788,1661,March,29,walk,
785,22,788,543,1661,March,31,walk,
22,17,543,174,1661,March,31,walk,
17,71,174,122,1661,March,31,walk,
71,785,122,788,1661,March,31,walk,
9,63,422,519,1661,April,1,walk,
63,114,519,195,1661,April,1,walk,Dr Castle
17,115,174,85,1661,April,2,walk,Elizabeth Pepys
115,107,85,541,1661,April,2,walk,
785,4,788,465,1661,April,2,walk,
4,785,465,788,1661,April,2,walk,
9,63,422,519,1661,April,3,walk,William Batten; Sir William Penn
63,785,519,788,1661,April,3,walk,
785,4,788,465,1661,April,4,walk,
4,785,465,788,1661,April,4,walk,
785,63,788,519,1661,April,5,walk,
63,785,519,788,1661,April,5,walk,
785,4,788,465,1661,April,6,walk,
10,7,314,642,1661,April,6,walk,
7,86,642,488,1661,April,6,boat,John Creed
785,117,788,545,1661,April,7,walk,
785,63,788,519,1661,April,7,walk,
63,785,519,788,1661,April,7,walk,
47,119,478,237,1661,April,8,coach,
119,1061,237,90,1661,April,9,coach,Sir William Batten
1061,119,90,237,1661,April,9,coach,Sir William Batten
119,48,237,259,1661,April,9,boat,
48,119,259,237,1661,April,9,boat,
119,121,237,89,1661,April,10,walk,
121,122,89,112,1661,April,10,walk,
122,123,112,256,1661,April,10,walk,
123,119,256,237,1661,April,10,walk,
119,124,237,481,1661,April,10,coach,
126,127,385,74,1661,April,10,walk,
127,47,74,478,1661,April,11,coach,Sir William Batten; Lady Batten; Captain Cuttance
47,849,478,135,1661,April,11,coach,Sir William Batten; Lady Batten; Captain Cuttance
785,63,788,519,1661,April,11,walk,
63,785,519,788,1661,April,11,walk,
785,63,788,519,1661,April,12,walk,
63,785,519,788,1661,April,12,walk,
785,43,788,583,1661,April,13,walk,
43,3,583,642,1661,April,13,boat,Sir William Penn
6,92,650,659,1661,April,13,walk,Captain Cuttance; Captain Clark
92,3,659,642,1661,April,13,walk,
3,128,642,20,1661,April,13,walk,
6,7,650,642,1661,April,13,walk,
7,785,642,788,1661,April,13,boat,
785,130,788,347,1661,April,14,walk,
130,17,347,174,1661,April,14,walk,
17,131,174,567,1661,April,14,walk,
131,6,567,650,1661,April,14,walk,Thomas Moore
9,400,422,3,1661,April,15,walk,
400,785,3,788,1661,April,15,walk,
785,44,788,114,1661,April,15,coach,Colonel Slingsby
44,24,114,592,1661,April,15,walk,
785,9,788,422,1661,April,15,walk,
785,17,788,174,1661,April,15,walk,
785,43,788,583,1661,April,16,walk,
43,31,583,145,1661,April,16,boat,Mr Coventry; Colonel Slingsby
31,35,145,89,1661,April,16,walk,
35,1036,89,143,1661,April,16,walk,
1036,785,143,788,1661,April,16,boat,
785,63,788,519,1661,April,16,walk,
63,785,519,788,1661,April,16,walk,
785,17,788,174,1661,April,16,walk,
17,9,174,422,1661,April,17,walk,
9,63,422,519,1661,April,17,walk,
63,785,519,788,1661,April,17,walk,
9,785,422,788,1661,April,17,walk,
785,63,788,519,1661,April,19,walk,
63,785,519,788,1661,April,19,walk,
112,785,358,788,1661,April,19,walk,
785,17,788,174,1661,April,19,boat,
17,3,174,642,1661,April,20,boat,
3,4,642,465,1661,April,20,walk,
4,92,465,659,1661,April,20,walk,John Creed; Thomas Moore
92,6,659,650,1661,April,20,walk,
6,128,650,20,1661,April,20,walk,Lady Sandwich; Lady Wright
128,6,20,650,1661,April,20,walk,Lady Sandwich
96,134,104,231,1661,April,20,walk,John Creed
134,135,231,373,1661,April,20,walk,John Creed
135,17,373,174,1661,April,21,walk,
785,7,788,642,1661,April,22,walk,
7,6,642,650,1661,April,22,boat,
59,134,367,231,1661,April,23,walk,
134,59,231,367,1661,April,23,walk,
59,785,367,788,1661,April,23,walk,Elizabeth Pepys; Mrs Frankleyn
26,117,388,545,1661,April,24,coach,Elizabeth Pepys; Mrs Frankleyn
117,785,545,788,1661,April,24,coach,Elizabeth Pepys
785,63,788,519,1661,April,24,walk,Elizabeth Pepys
63,785,519,788,1661,April,24,walk,
785,139,788,293,1661,April,25,walk,Thomas Moore
139,785,293,788,1661,April,25,walk,
785,112,788,358,1661,April,25,walk,Edward Shepley; Mr Pierce surgeon
785,6,788,650,1661,April,27,walk,
6,16,650,577,1661,April,27,walk,John Creed; Captain Ferrers
63,785,519,788,1661,April,27,walk,
17,140,174,21,1661,April,28,walk,
140,17,21,174,1661,April,28,walk,Betty Turner
785,6,788,650,1661,April,29,coach,
6,785,650,788,1661,April,29,walk,
785,63,788,519,1661,April,29,walk,
63,71,519,122,1661,April,29,walk,
71,785,122,788,1661,April,29,walk,
785,142,788,177,1661,April,30,coach,Elizabeth Pepys; John Creed
142,143,177,313,1661,April,30,coach,Elizabeth Pepys; John Creed; Mr Hater; Mrs Hater
145,146,455,198,1661,May,1,coach,Elizabeth Pepys; John Creed; Mr Hater
146,147,198,462,1661,May,2,walk,John Creed
147,146,462,198,1661,May,2,walk,
146,147,198,462,1661,May,2,walk,
148,146,250,198,1661,May,2,boat,
146,149,198,155,1661,May,2,walk,
149,146,155,198,1661,May,2,walk,
146,145,198,455,1661,May,3,coach,Elizabeth Pepys; John Creed
145,151,455,198,1661,May,4,coach,Elizabeth Pepys; John Creed; Mr Hater
151,152,198,21,1661,May,5,walk,John Creed
152,151,21,198,1661,May,5,walk,
151,785,198,788,1661,May,6,coach,Elizabeth Pepys
785,63,788,519,1661,May,6,walk,
63,785,519,788,1661,May,6,walk,
6,153,650,180,1661,May,7,walk,John Creed
153,785,180,788,1661,May,7,walk,
785,63,788,519,1661,May,7,walk,
63,785,519,788,1661,May,7,walk,
785,6,788,650,1661,May,9,walk,
6,77,650,503,1661,May,9,walk,
104,785,562,788,1661,May,9,boat,
785,80,788,149,1661,May,10,walk,Mr Blackburne; John Creed
785,63,788,519,1661,May,10,walk,
63,785,519,788,1661,May,10,walk,
79,156,493,204,1661,May,12,walk,John Creed
156,157,204,282,1661,May,12,walk,John Creed
157,158,282,522,1661,May,12,walk,John Creed
158,785,522,788,1661,May,12,walk,
23,153,789,180,1661,May,13,walk,John Creed
153,785,180,788,1661,May,13,walk,John Creed
785,6,788,650,1661,May,14,boat,
6,92,650,659,1661,May,14,walk,Edward Shepley; Mr Pinkny
92,785,659,788,1661,May,14,walk,
785,112,788,358,1661,May,14,walk,Edward Shepley
785,79,788,493,1661,May,16,boat,
23,153,789,180,1661,May,17,walk,Lieutenant Lambert
153,9,180,422,1661,May,17,walk,
785,43,788,583,1661,May,18,walk,
43,159,583,324,1661,May,18,boat,
159,13,324,610,1661,May,18,boat,
23,153,789,180,1661,May,20,walk,John Creed
153,112,180,358,1661,May,20,walk,John Creed
31,163,145,102,1661,May,21,boat,Colonel Slingsby
163,17,102,174,1661,May,21,walk,
785,6,788,650,1661,May,22,walk,
6,155,650,576,1661,May,22,boat,Mr Howe
83,785,476,788,1661,May,23,boat,
785,164,788,131,1661,May,23,coach,
164,9,131,422,1661,May,23,coach,
9,785,422,788,1661,May,23,walk,
9,155,422,576,1661,May,24,walk,
785,174,788,458,1661,May,25,walk,
174,16,458,577,1661,May,25,walk,
785,22,788,543,1661,May,26,walk,
22,785,543,788,1661,May,26,walk,
112,63,358,519,1661,May,26,walk,
63,785,519,788,1661,May,26,walk,
165,10,268,314,1661,May,27,walk,
155,166,576,74,1661,May,28,walk,John Bowles
166,23,74,789,1661,May,28,walk,Edward Shepley
785,132,788,601,1661,May,29,coach,Sir William Penn
132,175,601,21,1661,May,29,walk,
175,132,21,601,1661,May,29,walk,
132,168,601,601,1661,May,29,walk,
168,169,601,601,1661,May,29,walk,
169,785,601,788,1661,May,29,coach,Sir William Penn
170,108,566,383,1661,May,30,walk,
108,171,383,9,1661,May,30,walk,Ralph Greatorex
171,172,9,9,1661,May,30,walk,
172,173,9,578,1661,May,30,boat,
173,785,578,788,1661,May,30,walk,
9,29,422,106,1661,May,30,walk,Colonel Slingsby
29,785,106,788,1661,May,30,walk,
170,785,566,788,1661,May,30,walk,
37,177,667,6,1661,June,1,walk,Captain Poole
177,31,6,145,1661,June,1,boat,Sir William Penn
31,102,145,226,1661,June,1,walk,
102,30,226,475,1661,June,1,walk,
30,785,475,788,1661,June,1,boat,
785,43,788,583,1661,June,3,walk,John Creed
785,182,788,32,1661,June,3,boat,Dr Pierce
182,155,32,576,1661,June,3,boat,Dr Pierce
785,177,788,6,1661,June,3,walk,Dr Pierce
177,155,6,576,1661,June,3,walk,Dr Pierce
155,7,576,642,1661,June,3,walk,
7,785,642,788,1661,June,3,walk,John Creed
9,785,422,788,1661,June,3,walk,
159,163,324,102,1661,June,4,walk,Colonel Slingsby
163,17,102,174,1661,June,4,walk,
182,66,32,374,1661,June,4,walk,
66,16,374,577,1661,June,4,walk,
159,178,324,143,1661,June,4,walk,Colonel Slingsby
178,170,143,566,1661,June,4,walk,Colonel Slingsby
17,179,174,78,1661,June,4,walk,John Pepys; John Holcroft
179,180,78,56,1661,June,4,walk,John Pepys
180,16,56,577,1661,June,4,walk,
785,155,788,576,1661,June,5,walk,
155,6,576,650,1661,June,5,walk,
6,9,650,422,1661,June,5,walk,
9,44,422,114,1661,June,5,walk,Sir William Penn; Colonel Slingsby
44,785,114,788,1661,June,5,walk,Sir William Penn
785,9,788,422,1661,June,5,walk,
785,178,788,143,1661,June,6,boat,Captain Lambert
178,179,143,78,1661,June,6,boat,Captain Lambert
785,186,788,668,1661,June,6,boat,Captain Lambert
186,176,668,544,1661,June,6,walk,Captain Lambert
176,186,544,668,1661,June,6,boat,
186,9,668,422,1661,June,6,boat,
9,187,422,74,1661,June,6,walk,Captain Lambert
187,785,74,788,1661,June,6,walk,
9,63,422,519,1661,June,7,walk,
63,785,519,788,1661,June,7,walk,
785,63,788,519,1661,June,7,walk,
6,184,650,422,1661,June,8,walk,Edward Shepley; John Creed
184,16,422,577,1661,June,8,walk,
16,185,577,560,1661,June,8,walk,John Creed
185,82,560,396,1661,June,8,walk,
6,181,650,579,1661,June,8,walk,Edward Shepley; John Creed
181,16,579,577,1661,June,8,walk,
16,182,577,32,1661,June,8,walk,John Creed
182,82,32,396,1661,June,8,walk,
785,155,788,576,1661,June,9,walk,Elizabeth Pepys
3,7,642,642,1661,June,9,walk,
785,5,788,394,1661,June,9,walk,Mr Pierce; Mr Symons
3,66,642,374,1661,June,9,boat,Dean Fuller; Mr Howe
66,155,374,576,1661,June,9,boat,Mr Howe
6,187,650,74,1661,June,10,walk,Edward Shepley; Mr Walden; Mr Rolt; Alderman Backwell
187,155,74,576,1661,June,10,walk,
155,9,576,422,1661,June,10,walk,
155,9,576,422,1661,June,10,walk,
3,181,642,579,1661,June,12,boat,Captain Rolt; Captain Ferrers
181,159,579,324,1661,June,12,boat,
159,785,324,788,1661,June,12,boat,
3,785,642,788,1661,June,12,walk,
785,159,788,324,1661,June,12,walk,
159,785,324,788,1661,June,12,walk,
155,400,576,3,1661,June,13,walk,
400,155,3,576,1661,June,13,walk,
155,3,576,642,1661,June,13,boat,Lord Sandwich
3,7,642,642,1661,June,13,walk,
7,31,642,145,1661,June,13,boat,Lord Sandwich
31,36,145,217,1661,June,13,boat,Captain Ferrers
36,176,217,544,1661,June,13,boat,Captain Ferrers; Captain Poole
176,195,544,154,1661,June,13,walk,Captain Ferrers
195,196,154,194,1661,June,13,walk,
196,43,194,583,1661,June,13,boat,
43,785,583,788,1661,June,13,walk,
17,400,174,3,1661,June,15,walk,
400,785,3,788,1661,June,15,walk,
785,17,788,174,1661,June,15,walk,
785,400,788,3,1661,June,15,walk,
785,186,788,668,1661,June,18,boat,Elizabeth Pepys
186,785,668,788,1661,June,18,boat,Elizabeth Pepys
155,785,576,788,1661,June,19,walk,
785,191,788,546,1661,June,21,walk,John Pepys
191,785,546,788,1661,June,21,walk,
785,15,788,169,1661,June,21,walk,
785,189,788,241,1661,June,21,walk,John Pepys
189,785,241,788,1661,June,21,walk,
785,66,788,374,1661,June,22,walk,
66,16,374,577,1661,June,22,walk,
785,180,788,56,1661,June,22,walk,
180,16,56,577,1661,June,22,walk,
176,63,544,519,1661,June,23,walk,Sir William Batten
63,176,519,544,1661,June,23,walk,
176,156,544,204,1661,June,23,walk,
156,157,204,282,1661,June,23,walk,
785,22,788,543,1661,June,23,walk,
22,63,543,519,1661,June,23,walk,Sir William Batten
63,22,519,543,1661,June,23,walk,
22,156,543,204,1661,June,23,walk,
785,153,788,180,1661,June,24,walk,John Pepys; Dr Williams
153,785,180,788,1661,June,24,walk,
785,63,788,519,1661,June,24,walk,
63,785,519,788,1661,June,24,walk,
785,13,788,610,1661,June,26,walk,
13,155,610,576,1661,June,26,boat,Dean Fuller
155,17,576,174,1661,June,26,coach,
17,196,174,194,1661,June,27,walk,John Pepys
196,785,194,788,1661,June,27,walk,
785,16,788,577,1661,June,27,coach,Lady Batten; Mrs Rebecca Allen; Mrs Thompson
16,63,577,519,1661,June,27,coach,
63,785,519,788,1661,June,27,walk,
17,190,174,34,1661,June,27,walk,John Pepys
190,785,34,788,1661,June,27,walk,
9,72,422,359,1661,June,28,coach,Sir William Penn
785,9,788,422,1661,June,28,walk,
785,191,788,546,1661,June,29,walk,
191,785,546,788,1661,June,29,walk,
3,156,642,204,1661,June,30,walk,
156,785,204,788,1661,June,30,walk,
785,22,788,543,1661,June,30,walk,
22,785,543,788,1661,June,30,walk,
13,193,610,158,1661,July,2,coach,
9,63,422,519,1661,July,3,walk,Colonel Slingsby
63,785,519,788,1661,July,3,walk,
785,193,788,158,1661,July,3,walk,
193,155,158,576,1661,July,3,walk,
155,194,576,191,1661,July,3,walk,
194,9,191,422,1661,July,3,walk,
9,63,422,519,1661,July,5,walk,
63,785,519,788,1661,July,5,walk,
24,155,592,576,1661,July,6,walk,
155,197,576,566,1661,July,6,walk,
197,198,566,8,1661,July,6,walk,
198,199,8,51,1661,July,6,horse,
199,200,51,680,1661,July,7,walk,
200,199,680,51,1661,July,7,walk,
202,199,31,51,1661,July,14,walk,
199,202,51,31,1661,July,15,horse,
202,203,31,66,1661,July,15,walk,
203,1295,66,483,1661,July,15,walk,Dr Fairbrother
199,203,51,66,1661,July,15,horse,
203,206,66,202,1661,July,15,horse,
206,207,202,438,1661,July,15,horse,
207,208,438,552,1661,July,15,horse,
208,199,552,51,1661,July,15,horse,
199,207,51,438,1661,July,16,horse,John Pepys
207,208,438,552,1661,July,16,horse,
208,199,552,51,1661,July,16,horse,
199,209,51,270,1661,July,16,horse,John Pepys
209,210,270,682,1661,July,16,horse,
210,199,682,51,1661,July,16,horse,
210,211,682,271,1661,July,20,walk,
211,199,271,51,1661,July,20,walk,
199,212,51,767,1661,July,20,walk,John Pepys; Tom Trice
199,211,51,271,1661,July,20,horse,
211,212,271,767,1661,July,20,walk,
212,213,767,232,1661,July,20,horse,
213,199,232,51,1661,July,20,horse,
199,232,51,591,1661,July,20,horse,
232,199,591,51,1661,July,20,horse,
199,1088,51,459,1661,July,22,horse,
1088,216,459,180,1661,July,22,horse,
216,217,180,510,1661,July,22,walk,
217,216,510,180,1661,July,22,walk,
216,158,180,522,1661,July,22,horse,
158,218,522,180,1661,July,22,walk,
218,17,180,174,1661,July,22,walk,
17,155,174,576,1661,July,22,walk,
155,785,576,788,1661,July,22,walk,
785,13,788,610,1661,July,23,walk,
3,2,642,120,1661,July,24,walk,
2,155,120,576,1661,July,24,walk,
785,23,788,789,1661,July,25,walk,
17,16,174,577,1661,July,25,walk,Thomas Moore
16,785,577,788,1661,July,25,walk,
785,153,788,180,1661,July,26,walk,Thomas Moore
153,9,180,422,1661,July,26,walk,
785,84,788,86,1661,July,26,walk,Thomas Moore
84,9,86,422,1661,July,26,walk,
785,194,788,191,1661,July,27,walk,
194,13,191,610,1661,July,27,walk,
155,216,576,180,1661,July,27,walk,Mr Townsend; Captain Cooke
216,155,180,576,1661,July,27,walk,
155,166,576,74,1661,July,27,walk,Mr Townsend; Captain Cooke
166,155,74,576,1661,July,27,walk,
176,785,544,788,1661,July,28,walk,Elizabeth Pepys
785,27,788,516,1661,July,28,walk,Elizabeth Pepys
27,785,516,788,1661,July,28,walk,Elizabeth Pepys
785,22,788,543,1661,July,28,walk,Elizabeth Pepys
22,785,543,788,1661,July,28,walk,Elizabeth Pepys
785,217,788,510,1661,July,29,walk,Colonel Slingsby
9,785,422,788,1661,July,29,walk,
785,17,788,174,1661,July,29,walk,Thomas Pepys Jr
17,785,174,788,1661,July,29,walk,
155,785,576,788,1661,July,30,walk,
785,9,788,422,1661,July,30,walk,Thomas Moore
9,19,422,234,1661,July,30,walk,Mr Salisbury
785,132,788,601,1661,August,1,coach,Sir William Batten; Lady Batten; Sir William Penn; Margaret Penn
132,168,601,601,1661,August,1,walk,
168,785,601,788,1661,August,1,coach,Sir William Batten; Sir William Penn
274,1295,65,483,1661,August,3,walk,
205,202,277,31,1661,August,4,walk,
202,276,31,21,1661,August,4,walk,
276,205,21,277,1661,August,4,walk,
213,217,232,510,1661,August,7,horse,
217,213,510,232,1661,August,7,horse,
785,155,788,576,1661,August,7,walk,
155,785,576,788,1661,August,7,walk,
785,4,788,465,1661,August,8,walk,
4,155,465,576,1661,August,8,walk,Thomas Moore
155,4,576,465,1661,August,8,walk,
4,218,465,180,1661,August,8,walk,M. Eschar; Thomas Moore
218,785,180,788,1661,August,8,walk,
9,5,422,394,1661,August,9,walk,
5,9,394,422,1661,August,9,walk,
9,785,422,788,1661,August,9,walk,
785,3,788,642,1661,August,9,walk,
3,5,642,394,1661,August,9,walk,M. Eschar
5,17,394,174,1661,August,9,coach,
17,785,174,788,1661,August,9,coach,
785,29,788,106,1661,August,10,walk,John Pepys
29,155,106,576,1661,August,10,walk,
155,16,576,577,1661,August,10,walk,Lady Jemimah; Lady Paulina; Captain Ferrers
16,785,577,788,1661,August,10,coach,
785,155,788,576,1661,August,10,boat,
155,785,576,788,1661,August,10,boat,
176,785,544,788,1661,August,11,walk,
785,223,788,99,1661,August,11,walk,
223,156,99,204,1661,August,11,walk,
156,17,204,174,1661,August,11,walk,
785,677,788,691,1661,August,12,walk,
677,155,691,576,1661,August,12,walk,
785,4,788,465,1661,August,13,walk,
4,155,465,576,1661,August,13,walk,
155,16,576,577,1661,August,14,walk,Captain Ferrers
16,117,577,545,1661,August,14,coach,Sir William Penn; Captain Ferrers
117,785,545,788,1661,August,14,coach,Sir William Penn
785,80,788,149,1661,August,14,walk,Sir William Penn
80,63,149,519,1661,August,14,walk,Sir William Penn
63,785,519,788,1661,August,14,walk,
785,4,788,465,1661,August,15,walk,
4,117,465,545,1661,August,15,coach,Sir William Penn
117,155,545,576,1661,August,15,walk,
193,785,158,788,1661,August,15,walk,Sir William Penn
785,80,788,149,1661,August,15,walk,Sir William Penn
80,785,149,788,1661,August,15,walk,
785,225,788,500,1661,August,16,walk,John Pepys
225,785,500,788,1661,August,16,walk,
785,4,788,465,1661,August,17,walk,
4,107,465,541,1661,August,17,walk,Ned Pickering
785,176,788,544,1661,August,18,walk,
176,785,544,788,1661,August,18,walk,
3,5,642,394,1661,August,18,walk,
5,107,394,541,1661,August,18,walk,
785,186,788,668,1661,August,19,walk,
186,227,668,340,1661,August,19,coach,Thomas Moore
227,785,340,788,1661,August,19,walk,Thomas Moore
228,229,152,770,1661,August,21,walk,John Pepys
229,230,770,8,1661,August,21,walk,John Pepys
232,234,591,591,1661,August,22,walk,
234,24,591,592,1661,August,22,walk,Elizabeth Pepys; Aunt Wight
237,230,4,8,1661,August,23,walk,
230,193,8,158,1661,August,23,walk,Elizabeth Pepys
785,217,788,510,1661,August,24,walk,Colonel Slingsby
217,785,510,788,1661,August,24,walk,
785,112,788,358,1661,August,24,walk,Captain Isham
193,191,158,546,1661,August,24,walk,Mr Spong
191,785,546,788,1661,August,24,walk,
785,176,788,544,1661,August,25,walk,
176,785,544,788,1661,August,25,walk,
24,117,592,545,1661,August,25,walk,John Pepys
117,785,545,788,1661,August,25,walk,
17,233,174,591,1661,August,26,walk,John Pepys
233,155,591,576,1661,August,26,walk,
155,16,576,577,1661,August,26,walk,
16,226,577,146,1661,August,26,walk,Mr Bostock
785,2,788,120,1661,August,27,coach,Elizabeth Pepys
785,23,788,789,1661,August,28,walk,
785,54,788,546,1661,August,29,walk,
54,232,546,591,1661,August,29,walk,
240,241,27,27,1661,August,31,walk,Luellin
240,243,27,97,1661,August,31,walk,Lady Jemimah; Lady Paulina; Mr Pickering
176,785,544,788,1661,September,1,walk,
785,63,788,519,1661,September,1,walk,
63,3,519,642,1661,September,1,coach,Captain Holmes
3,5,642,394,1661,September,1,walk,
5,17,394,174,1661,September,1,walk,
3,245,642,46,1661,September,2,boat,Mr Battersby
245,155,46,576,1661,September,2,walk,
83,13,476,610,1661,September,2,walk,Mr Pickering
13,159,610,324,1661,September,2,boat,Mr Pickering
159,112,324,358,1661,September,2,walk,
107,246,541,4,1661,September,4,walk,Elizabeth Pepys
5,17,394,174,1661,September,4,walk,Elizabeth Pepys
232,248,591,642,1661,September,5,walk,Elizabeth Pepys; Margaret Pepys; Paulina Pepys
248,232,642,591,1661,September,5,walk,Elizabeth Pepys; Aunt Bell
240,785,27,788,1661,September,5,walk,Elizabeth Pepys
785,16,788,577,1661,September,6,walk,
16,251,577,180,1661,September,6,walk,Sir William Penn; Sir G. Askew; Sir Theophilus Jones
251,785,180,788,1661,September,6,coach,Sir William Penn
4,252,465,296,1661,September,9,walk,Captain Morrice
252,253,296,297,1661,September,9,walk,Captain Morrice
253,13,297,610,1661,September,9,walk,
86,785,488,788,1661,September,9,walk,
785,80,788,149,1661,September,9,walk,
785,232,788,591,1661,September,10,walk,
232,244,591,59,1661,September,10,walk,
785,233,788,591,1661,September,11,walk,
233,228,591,152,1661,September,11,walk,
785,228,788,152,1661,September,11,walk,
228,193,152,158,1661,September,11,walk,Dr Williams
193,785,158,788,1661,September,11,walk,
785,155,788,576,1661,September,11,walk,
785,4,788,465,1661,September,12,walk,
4,155,465,576,1661,September,12,boat,
155,785,576,788,1661,September,12,boat,
785,63,788,519,1661,September,12,walk,
63,785,519,788,1661,September,12,walk,
785,155,788,576,1661,September,12,walk,
155,785,576,788,1661,September,12,walk,
785,232,788,591,1661,September,13,walk,
232,256,591,6,1661,September,13,walk,Dr Williams
155,257,576,475,1661,September,13,boat,Elizabeth Pepys
257,785,475,788,1661,September,13,boat,Elizabeth Pepys
785,255,788,240,1661,September,14,boat,Colonel Slingsby; Lady Slingsby; Elizabeth Pepys
255,785,240,788,1661,September,14,boat,
785,249,788,13,1661,September,15,walk,
249,785,13,788,1661,September,15,walk,
785,176,788,544,1661,September,15,walk,Elizabeth Pepys
176,254,544,13,1661,September,15,walk,Elizabeth Pepys
254,785,13,788,1661,September,15,walk,Elizabeth Pepys
785,233,788,591,1661,September,16,walk,Dr Williams
244,785,59,788,1661,September,16,walk,
785,267,788,299,1661,September,17,coach,Elizabeth Pepys
267,268,299,606,1661,September,17,horse,Elizabeth Pepys
268,202,606,31,1661,September,18,horse,Elizabeth Pepys
202,203,31,66,1661,September,18,walk,
203,202,66,31,1661,September,18,walk,
202,205,31,277,1661,September,18,horse,Elizabeth Pepys
205,202,277,31,1661,September,19,horse,John Pepys; Elizabeth Pepys
202,264,31,31,1661,September,19,walk,John Pepys
264,265,31,67,1661,September,19,walk,John Pepys
265,264,67,31,1661,September,19,walk,
264,266,31,771,1661,September,19,horse,Elizabeth Pepys; John Pepys Jr
266,264,771,31,1661,September,19,horse,
206,259,202,379,1661,September,20,walk,
259,207,379,438,1661,September,20,horse,Uncle Thomas
199,200,51,680,1661,September,22,walk,
200,199,680,51,1661,September,22,walk,
260,261,18,557,1661,September,23,horse,Elizabeth Pepys
785,2,788,120,1661,September,25,coach,Sir William Penn
2,3,120,642,1661,September,25,coach,Colonel Slingsby
3,179,642,78,1661,September,25,walk,
179,16,78,577,1661,September,25,walk,
785,16,788,577,1661,September,28,coach,Sir William Penn; Margaret Penn; Elizabeth Pepys
785,176,788,544,1661,September,29,walk,
176,785,544,788,1661,September,29,walk,
785,176,788,544,1661,September,29,walk,
176,27,544,516,1661,September,29,walk,
27,785,516,788,1661,September,29,walk,
785,4,788,465,1661,September,30,walk,
4,269,465,474,1661,September,30,walk,
4,186,465,668,1661,September,30,walk,
186,227,668,340,1661,September,30,coach,Thomas Moore
227,3,340,642,1661,September,30,coach,Thomas Moore
3,155,642,576,1661,September,30,walk,
155,317,576,757,1661,September,30,boat,
317,271,757,755,1661,September,30,walk,
271,160,755,672,1661,September,30,walk,
160,272,672,528,1661,September,30,walk,
272,785,528,788,1661,September,30,coach,
249,277,13,4,1661,October,2,walk,Uncle Fenner
277,278,4,7,1661,October,2,walk,Uncle Fenner
278,785,7,788,1661,October,2,walk,
279,785,582,788,1661,October,3,walk,Thomas Moore
785,112,788,358,1661,October,3,walk,Thomas Moore; Mr Battersby
112,63,358,519,1661,October,3,walk,
63,785,519,788,1661,October,3,walk,
3,194,642,191,1661,October,4,walk,
194,280,191,684,1661,October,4,walk,
785,80,788,149,1661,October,5,walk,Sir William Penn
176,785,544,788,1661,October,6,walk,
785,281,788,536,1661,October,6,walk,
785,63,788,519,1661,October,6,walk,
63,785,519,788,1661,October,6,walk,
785,63,788,519,1661,October,8,walk,
63,16,519,577,1661,October,8,coach,Mrs Martha Batten
16,5,577,394,1661,October,9,walk,
5,282,394,123,1661,October,9,walk,Luellin; Blurton; Frank Bagge
282,785,123,788,1661,October,9,coach,
785,230,788,8,1661,October,10,walk,Sir William Penn
230,16,8,577,1661,October,10,coach,Sir William Penn; Elizabeth Pepys
283,284,741,148,1661,October,14,walk,Captain Ferrers; Mr Pim
284,785,148,788,1661,October,14,walk,
785,15,788,169,1661,October,17,walk,Captain Lambert
285,286,561,4,1661,October,17,walk,Captain Lambert
286,785,4,788,1661,October,17,walk,
785,194,788,191,1661,October,18,walk,
194,155,191,576,1661,October,18,walk,
155,785,576,788,1661,October,18,walk,
176,785,544,788,1661,October,20,walk,
785,227,788,340,1661,October,21,coach,Thomas Moore
227,4,340,465,1661,October,21,coach,Thomas Moore
785,4,788,465,1661,October,21,coach,
4,785,465,788,1661,October,21,walk,
785,44,788,114,1661,October,22,walk,
44,24,114,592,1661,October,22,walk,
24,785,592,788,1661,October,22,walk,
3,289,642,642,1661,October,23,walk,Sir William Penn
289,10,642,314,1661,October,23,walk,Sir William Penn
10,227,314,340,1661,October,23,coach,Sir William Penn
227,193,340,158,1661,October,23,coach,Sir William Penn
193,44,158,114,1661,October,23,walk,
44,785,114,788,1661,October,23,walk,
785,244,788,59,1661,October,24,walk,Elizabeth Pepys
244,785,59,788,1661,October,24,walk,Elizabeth Pepys
785,44,788,114,1661,October,24,walk,
44,785,114,788,1661,October,24,walk,
785,155,788,576,1661,October,25,walk,Elizabeth Pepys
193,290,158,361,1661,October,25,walk,
290,785,361,788,1661,October,25,walk,
785,16,788,577,1661,October,26,coach,Sir William Penn; Elizabeth Pepys
16,82,577,396,1661,October,26,walk,Sir William Penn; Elizabeth Pepys
82,785,396,788,1661,October,26,walk,
785,290,788,361,1661,October,28,walk,
290,16,361,577,1661,October,28,walk,Captain Ferrers
785,31,788,145,1661,October,30,walk,Captain Lambert
31,292,145,499,1661,October,30,walk,Captain Lambert
292,31,499,145,1661,October,30,walk,
31,785,145,788,1661,October,30,walk,
785,63,788,519,1661,October,30,walk,
63,785,519,788,1661,October,30,walk,
293,232,682,591,1661,October,31,walk,
232,785,591,788,1661,October,31,walk,
3,194,642,191,1661,November,1,walk,
194,3,191,642,1661,November,1,walk,
3,766,642,71,1661,November,1,walk,Sir William Penn
766,16,71,577,1661,November,1,walk,Sir William Penn
785,155,788,576,1661,November,2,walk,
3,112,642,358,1661,November,4,walk,
785,63,788,519,1661,November,5,walk,
63,785,519,788,1661,November,5,walk,
785,80,788,149,1661,November,5,walk,Sir William Penn; Captain Cock
80,63,149,519,1661,November,5,walk,
785,162,788,597,1661,November,6,walk,
162,3,597,642,1661,November,6,walk,Thomas Moore
3,4,642,465,1661,November,6,walk,
4,785,465,788,1661,November,6,walk,
785,233,788,591,1661,November,7,walk,
233,228,591,152,1661,November,7,walk,
228,75,152,204,1661,November,7,walk,
75,232,204,591,1661,November,7,walk,
232,785,591,788,1661,November,7,walk,
785,186,788,668,1661,November,8,walk,
186,13,668,610,1661,November,8,walk,
13,300,610,177,1661,November,8,walk,Commissioner Pett
300,155,177,576,1661,November,8,walk,
785,155,788,576,1661,November,9,walk,
281,785,536,788,1661,November,10,walk,
785,24,788,592,1661,November,10,walk,Elizabeth Pepys
24,785,592,788,1661,November,10,walk,Elizabeth Pepys
785,63,788,519,1661,November,10,walk,
63,296,519,180,1661,November,10,walk,Captain Cock
296,785,180,788,1661,November,10,walk,
155,297,576,63,1661,November,11,walk,Mr Townsend; Thomas Moore
297,233,63,591,1661,November,11,walk,Thomas Moore
233,155,591,576,1661,November,11,walk,
785,16,788,577,1661,November,12,coach,Sir William Penn; Elizabeth Pepys
16,53,577,220,1661,November,12,walk,Sir William Penn; Elizabeth Pepys
53,785,220,788,1661,November,12,walk,
785,3,788,642,1661,November,13,walk,
3,5,642,394,1661,November,13,walk,
5,179,394,78,1661,November,13,walk,
179,16,78,577,1661,November,13,walk,
785,4,788,465,1661,November,15,walk,
4,785,465,788,1661,November,15,walk,
785,170,788,566,1661,November,16,walk,
176,785,544,788,1661,November,17,walk,
785,27,788,516,1661,November,17,walk,Elizabeth Pepys
27,785,516,788,1661,November,17,walk,Elizabeth Pepys
170,304,566,147,1661,November,19,walk,
304,785,147,788,1661,November,19,walk,
21,785,546,788,1661,November,21,walk,
785,80,788,149,1661,November,21,walk,Sir William Batten
80,170,149,566,1661,November,21,walk,
170,785,566,788,1661,November,21,walk,
170,315,566,566,1661,November,22,walk,
785,59,788,367,1661,November,23,walk,Elizabeth Pepys
59,305,367,491,1661,November,23,coach,Commissioner Pett
155,785,576,788,1661,November,23,walk,
155,71,576,122,1661,November,24,walk,
71,112,122,358,1661,November,24,walk,Mr Young
112,63,358,519,1661,November,24,walk,
63,785,519,788,1661,November,24,walk,
13,58,610,6,1661,November,25,walk,Captain Lambert
58,104,6,562,1661,November,25,walk,Sir William Penn; Major General Massy
104,16,562,577,1661,November,25,walk,Sir William Penn
193,282,158,123,1661,November,25,walk,Mr Sanchy; Mrs Mary Archer
282,309,123,358,1661,November,25,coach,Mr Sanchy
309,310,358,684,1661,November,25,walk,Mr Sanchy
310,309,684,358,1661,November,25,walk,Mr Sanchy
785,312,788,422,1661,November,28,walk,Mr Gauden
312,311,422,343,1661,November,28,coach,Mr Gauden
311,186,343,668,1661,November,28,coach,Mr Gauden
186,284,668,148,1661,November,28,walk,Mr Gauden; Mr Dugdale; Mr Simons; Mr Kipps
284,785,148,788,1661,November,28,walk,Mr Gauden
785,13,788,610,1661,November,29,walk,
13,314,610,372,1661,November,29,walk,
155,785,576,788,1661,November,30,walk,
9,170,422,566,1661,November,30,walk,
170,785,566,788,1661,November,30,walk,
3,317,642,757,1661,December,4,boat,
317,170,757,566,1661,December,4,walk,
170,318,566,566,1661,December,4,walk,
318,766,566,71,1661,December,4,walk,Sir William Batten; Sir William Penn; Colonel Treswell; Mr Falconer
766,305,71,491,1661,December,4,boat,Elizabeth Pepys
305,193,491,158,1661,December,4,coach,Elizabeth Pepys
193,16,158,577,1661,December,4,coach,Elizabeth Pepys
16,785,577,788,1661,December,4,coach,Elizabeth Pepys
305,319,491,422,1661,December,5,walk,
319,785,422,788,1661,December,5,walk,Sir William Penn
193,170,158,566,1661,December,5,walk,
170,71,566,122,1661,December,5,walk,
71,785,122,788,1661,December,5,walk,
13,58,610,6,1661,December,6,walk,Mr Spicer; Mr Hawley; Washington; Mr Ashwell
58,77,6,503,1661,December,6,walk,
77,320,503,297,1661,December,6,walk,
320,77,297,503,1661,December,6,walk,
77,321,503,621,1661,December,6,walk,
321,785,621,788,1661,December,6,coach,Sir William Batten; Sir William Penn
785,43,788,583,1661,December,7,walk,
43,322,583,582,1661,December,7,walk,
322,785,582,788,1661,December,7,walk,
3,246,642,4,1661,December,7,walk,
246,4,4,465,1661,December,7,walk,
9,27,422,516,1661,December,7,walk,
27,785,516,788,1661,December,7,walk,
785,9,788,422,1661,December,7,walk,
785,4,788,465,1661,December,7,walk,
4,785,465,788,1661,December,7,walk,
170,324,566,10,1661,December,9,walk,Thomas Moore; Mr Walpole
324,323,10,102,1661,December,9,walk,Thomas Moore; Mr Walpole
323,785,102,788,1661,December,9,coach,
785,179,788,78,1661,December,10,coach,
179,9,78,422,1661,December,10,walk,
325,785,440,788,1661,December,11,walk,
785,112,788,358,1661,December,11,walk,
112,15,358,169,1661,December,11,walk,
15,785,169,788,1661,December,11,walk,
785,72,788,359,1661,December,11,coach,Sir William Penn
72,326,359,19,1661,December,11,walk,Sir William Penn
326,785,19,788,1661,December,11,coach,Sir William Penn
785,63,788,519,1661,December,11,walk,
63,785,519,788,1661,December,11,walk,
305,785,491,788,1661,December,13,walk,Elizabeth Pepys
9,94,422,555,1661,December,13,walk,Sir William Batten; Sir William Penn
94,785,555,788,1661,December,13,coach,
155,227,576,340,1661,December,16,coach,Thomas Moore
227,13,340,610,1661,December,16,coach,Thomas Moore
305,785,491,788,1661,December,17,walk,
785,4,788,465,1661,December,17,walk,
170,71,566,122,1661,December,18,walk,Thomas Pepys
71,155,122,576,1661,December,18,walk,
13,58,610,6,1661,December,21,walk,Exchequer men
58,244,6,59,1661,December,21,walk,
244,9,59,422,1661,December,21,coach,
155,227,576,340,1661,December,23,coach,Thomas Moore
227,13,340,610,1661,December,23,coach,
13,319,610,422,1661,December,23,boat,
319,244,422,59,1661,December,23,walk,
176,785,544,788,1661,December,25,walk,
785,27,788,516,1661,December,25,walk,Elizabeth Pepys
785,319,788,422,1661,December,26,walk,Sir William Penn
319,785,422,788,1661,December,26,walk,Sir William Penn
72,326,359,19,1661,December,26,walk,Sir William Penn
326,785,19,788,1661,December,26,coach,
785,26,788,388,1661,December,29,coach,Elizabeth Pepys
26,103,388,609,1661,December,29,walk,
3,26,642,388,1661,December,29,walk,Elizabeth Pepys
26,155,388,576,1661,December,29,coach,Elizabeth Pepys
112,27,358,516,1661,December,30,walk,
27,785,516,788,1661,December,30,walk,
305,785,491,788,1661,December,31,walk,Elizabeth Pepys
785,9,788,422,1661,December,31,walk,
785,155,788,576,1662,January,2,walk,
155,9,576,422,1662,January,2,boat,
785,244,788,59,1662,January,3,walk,
244,179,59,78,1662,January,3,walk,
179,1134,78,176,1662,January,3,walk,
6,246,650,4,1662,January,4,walk,Elizabeth Pepys; Old East
246,785,4,788,1662,January,4,coach,Elizabeth Pepys
785,27,788,516,1662,January,4,walk,Elizabeth Pepys
176,63,544,519,1662,January,5,walk,
63,785,519,788,1662,January,5,walk,
785,305,788,491,1662,January,6,walk,
305,27,491,516,1662,January,6,walk,
785,27,788,516,1662,January,6,walk,
785,27,788,516,1662,January,7,walk,
155,785,576,788,1662,January,8,walk,
785,63,788,519,1662,January,8,walk,
63,785,519,788,1662,January,8,walk,
155,26,576,388,1662,January,10,walk,
26,785,388,788,1662,January,10,coach,Elizabeth Pepys
785,244,788,59,1662,January,11,walk,Thomas Pepys
244,23,59,789,1662,January,11,walk,
23,785,789,788,1662,January,11,walk,
9,63,422,519,1662,January,11,walk,
63,785,519,788,1662,January,11,walk,
785,5,788,394,1662,January,12,coach,Elizabeth Pepys
5,71,394,122,1662,January,12,walk,Elizabeth Pepys
71,785,122,788,1662,January,12,walk,Elizabeth Pepys
785,9,788,422,1662,January,15,walk,
9,785,422,788,1662,January,15,walk,
305,785,491,788,1662,January,16,walk,
785,63,788,519,1662,January,16,walk,
63,785,519,788,1662,January,16,walk,
785,13,788,610,1662,January,17,walk,Thomas Moore
13,179,610,78,1662,January,17,walk,Thomas Moore
179,331,78,191,1662,January,17,walk,
331,179,191,78,1662,January,17,walk,
179,155,78,576,1662,January,17,walk,
155,9,576,422,1662,January,18,walk,
785,6,788,650,1662,January,18,coach,Thomas Moore
6,332,650,305,1662,January,18,coach,Thomas Moore
332,785,305,788,1662,January,18,coach,
785,71,788,122,1662,January,19,walk,Elizabeth Pepys
71,325,122,440,1662,January,19,walk,Elizabeth Pepys
785,63,788,519,1662,January,19,walk,
63,785,519,788,1662,January,19,walk,
9,63,422,519,1662,January,20,walk,
63,9,519,422,1662,January,20,walk,
785,331,788,191,1662,January,22,walk,
155,98,576,148,1662,January,22,walk,Tom Trice; Dr Williams
98,155,148,576,1662,January,22,walk,
232,333,591,127,1662,January,23,walk,
333,24,127,592,1662,January,23,coach,Elizabeth Pepys
24,9,592,422,1662,January,23,walk,
9,24,422,592,1662,January,23,walk,
24,785,592,788,1662,January,23,walk,Elizabeth Pepys
785,305,788,491,1662,January,24,walk,
305,155,491,576,1662,January,24,walk,
155,1088,576,459,1662,January,24,walk,
1088,785,459,788,1662,January,24,walk,
785,334,788,588,1662,January,25,walk,Sir William Penn
785,43,788,583,1662,January,27,walk,
43,31,583,145,1662,January,27,boat,Sir William Batten; Sir William Penn
37,188,667,380,1662,January,27,walk,
188,785,380,788,1662,January,27,boat,Sir William Batten; Sir William Penn
305,785,491,788,1662,January,28,walk,Elizabeth Pepys
785,336,788,451,1662,January,29,walk,
336,155,451,576,1662,January,29,walk,
785,27,788,516,1662,January,29,walk,
27,785,516,788,1662,January,29,walk,
785,305,788,491,1662,February,1,walk,Commissioner Pett
785,63,788,519,1662,February,3,walk,
63,9,519,422,1662,February,3,walk,Sir George Carteret; Sir William Batten
785,334,788,588,1662,February,3,walk,Lady Batten
334,785,588,788,1662,February,3,walk,
13,179,610,78,1662,February,4,walk,
179,9,78,422,1662,February,4,walk,
16,785,577,788,1662,February,5,walk,
785,27,788,516,1662,February,5,walk,Elizabeth Pepys
785,245,788,46,1662,February,7,boat,Commissioner Pett; Elizabeth Pepys
245,155,46,576,1662,February,7,walk,Commissioner Pett
155,305,576,491,1662,February,7,walk,
305,785,491,788,1662,February,7,coach,
785,3,788,642,1662,February,8,walk,
3,6,642,650,1662,February,8,walk,
6,785,650,788,1662,February,8,walk,
785,318,788,566,1662,February,12,walk,
318,13,566,610,1662,February,12,walk,
13,179,610,78,1662,February,12,walk,
179,155,78,576,1662,February,12,walk,
13,92,610,659,1662,February,14,walk,Sergeant Pierce
92,59,659,367,1662,February,14,walk,
59,155,367,576,1662,February,14,walk,Elizabeth Pepys
9,63,422,519,1662,February,15,walk,
63,785,519,788,1662,February,15,walk,
785,176,788,544,1662,February,16,walk,
176,785,544,788,1662,February,16,walk,
785,140,788,21,1662,February,16,walk,
140,71,21,122,1662,February,16,walk,Betty Turner
71,24,122,592,1662,February,16,walk,
37,188,667,380,1662,February,17,walk,
188,785,380,788,1662,February,17,boat,Sir William Batten; Sir William Penn
155,305,576,491,1662,February,20,walk,
305,9,491,422,1662,February,20,walk,
785,179,788,78,1662,February,21,walk,
179,318,78,566,1662,February,21,walk,
318,785,566,788,1662,February,21,walk,
155,324,576,10,1662,February,22,walk,Thomas Moore
324,785,10,788,1662,February,22,walk,
785,29,788,106,1662,February,25,walk,Thomas Moore
785,54,788,546,1662,February,26,walk,
54,230,546,8,1662,February,26,walk,
230,785,8,788,1662,February,26,walk,
785,5,788,394,1662,February,27,walk,Commissioner Pett
5,23,394,789,1662,February,27,walk,
23,785,789,788,1662,February,27,coach,Commissioner Pett
785,305,788,491,1662,March,1,coach,Elizabeth Pepys
305,193,491,158,1662,March,1,coach,Elizabeth Pepys
176,63,544,519,1662,March,2,walk,
63,785,519,788,1662,March,2,walk,
785,305,788,491,1662,March,5,walk,
305,244,491,59,1662,March,5,walk,
155,785,576,788,1662,March,5,walk,
785,80,788,149,1662,March,6,walk,
9,63,422,519,1662,March,6,walk,
63,785,519,788,1662,March,6,walk,
785,95,788,619,1662,March,7,walk,
95,3,619,642,1662,March,7,walk,Thomas Moore
155,9,576,422,1662,March,7,walk,
176,785,544,788,1662,March,9,walk,
785,63,788,519,1662,March,9,walk,
63,785,519,788,1662,March,9,walk,
785,27,788,516,1662,March,9,walk,Sir William Penn
785,63,788,519,1662,March,10,walk,
63,319,519,422,1662,March,10,walk,Sir William Penn
319,63,422,519,1662,March,10,walk,
63,785,519,788,1662,March,10,walk,
785,24,788,592,1662,March,14,walk,
24,785,592,788,1662,March,14,walk,
3,9,642,422,1662,March,15,walk,
9,23,422,789,1662,March,15,walk,
23,785,789,788,1662,March,15,walk,
785,155,788,576,1662,March,16,walk,
3,107,642,541,1662,March,16,walk,
107,244,541,59,1662,March,16,walk,
244,785,59,788,1662,March,16,walk,
785,27,788,516,1662,March,16,walk,Elizabeth Pepys
27,785,516,788,1662,March,16,walk,Elizabeth Pepys
23,785,789,788,1662,March,17,walk,
785,43,788,583,1662,March,18,walk,
43,341,583,605,1662,March,18,boat,Sir William Penn
341,785,605,788,1662,March,18,boat,Sir William Penn
785,23,788,789,1662,March,20,walk,
785,43,788,583,1662,March,22,walk,
43,343,583,605,1662,March,22,boat,Sir William Batten; Sir William Penn
343,785,605,788,1662,March,22,boat,Sir William Batten; Sir William Penn
785,176,788,544,1662,March,23,walk,
176,785,544,788,1662,March,23,walk,Sir William Batten
785,26,788,388,1662,March,23,coach,Elizabeth Pepys
26,3,388,642,1662,March,23,walk,
3,26,642,388,1662,March,23,walk,Elizabeth Pepys
26,155,388,576,1662,March,23,coach,Elizabeth Pepys
785,43,788,583,1662,March,24,walk,
43,344,583,499,1662,March,24,boat,Sir George Carteret; Sir William Batten; Sir William Penn
344,785,499,788,1662,March,24,boat,
159,177,324,6,1662,March,24,walk,Elizabeth Pepys; Elizabeth Pierce
177,9,6,422,1662,March,24,walk,
13,244,610,59,1662,March,24,walk,
785,31,788,145,1662,March,27,coach,Sir George Carteret; Sir William Batten; Sir William Penn
31,9,145,422,1662,March,27,coach,Sir William Batten; Sir William Penn
785,244,788,59,1662,March,31,walk,
244,179,59,78,1662,March,31,walk,
179,347,78,337,1662,March,31,walk,
347,16,337,577,1662,March,31,walk,
785,27,788,516,1662,March,31,walk,
27,785,516,788,1662,March,31,walk,
193,348,158,74,1662,April,1,walk,Lady Paulina
348,193,74,158,1662,April,1,walk,Lady Paulina
157,1330,282,282,1662,April,1,walk,
785,43,788,583,1662,April,4,walk,
43,31,583,145,1662,April,4,barge,Sir George Carteret; Sir William Batten; Sir William Penn
31,1036,145,143,1662,April,4,walk,Sir William Batten
1036,31,143,145,1662,April,4,walk,
785,155,788,576,1662,April,5,walk,Elizabeth Pepys
155,23,576,789,1662,April,5,walk,
24,785,592,788,1662,April,5,walk,Elizabeth Pepys
785,72,788,359,1662,April,5,coach,Elizabeth Pepys; ladies
157,155,282,576,1662,April,5,coach,Elizabeth Pepys; ladies
155,785,576,788,1662,April,5,boat,Elizabeth Pepys
3,95,642,619,1662,April,6,walk,
95,77,619,503,1662,April,6,walk,
77,107,503,541,1662,April,6,walk,
107,173,541,578,1662,April,6,walk,
173,156,578,204,1662,April,6,boat,
155,1167,576,545,1662,April,6,walk,
1167,785,545,788,1662,April,6,boat,
785,27,788,516,1662,April,6,walk,Elizabeth Pepys
27,785,516,788,1662,April,6,walk,Elizabeth Pepys
785,3,788,642,1662,April,7,boat,
3,336,642,451,1662,April,7,walk,
165,352,268,170,1662,April,7,walk,
352,244,170,59,1662,April,7,boat,
244,23,59,789,1662,April,7,coach,Elizabeth Pepys
23,785,789,788,1662,April,7,coach,Elizabeth Pepys
785,23,788,789,1662,April,7,walk,Uncle Wight
23,82,789,396,1662,April,7,walk,Uncle Wight
82,9,396,422,1662,April,7,walk,
785,3,788,642,1662,April,8,coach,
23,785,789,788,1662,April,9,walk,
785,3,788,642,1662,April,10,boat,Sir William Batten; Sir William Penn
3,155,642,576,1662,April,10,walk,Thomas Moore
31,353,145,76,1662,April,11,boat,Sir William Penn
353,37,76,667,1662,April,11,walk,Sir William Penn; Captain Minnes
37,353,667,76,1662,April,11,boat,Sir William Penn
353,354,76,76,1662,April,11,walk,Sir William Penn
354,180,76,56,1662,April,11,walk,
180,785,56,788,1662,April,11,boat,Sir William Penn
155,131,576,567,1662,April,13,walk,
131,156,567,204,1662,April,13,walk,
156,785,204,788,1662,April,13,walk,
785,27,788,516,1662,April,13,walk,Sir William Warren
27,785,516,788,1662,April,13,walk,
785,305,788,491,1662,April,14,walk,Elizabeth Pepys
785,99,788,470,1662,April,17,walk,
99,4,470,465,1662,April,17,walk,
4,785,465,788,1662,April,17,walk,
3,95,642,619,1662,April,20,walk,
95,356,619,364,1662,April,20,walk,Mr Blagrave
356,785,364,788,1662,April,20,boat,
785,13,788,610,1662,April,21,walk,
13,179,610,78,1662,April,21,walk,
179,347,78,337,1662,April,21,walk,
3,357,642,8,1662,April,21,walk,
357,785,8,788,1662,April,21,coach,Antony Joyce
785,159,788,324,1662,April,22,coach,Sir William Penn
159,358,324,309,1662,April,22,coach,Sir William Penn
358,359,309,221,1662,April,22,coach,Sir William Penn; Sir George Carteret; Dr Clerke
359,145,221,455,1662,April,23,coach,Sir William Penn; Sir George Carteret; Dr Clerke
362,363,461,394,1662,April,23,walk,Dr Clerke
370,371,687,343,1662,April,26,walk,Sir George Carteret
371,147,343,462,1662,April,26,horse,Sir George Carteret
362,372,461,461,1662,April,27,walk,
372,373,461,461,1662,April,27,walk,
362,375,461,461,1662,April,27,walk,
375,376,461,461,1662,April,27,walk,Sir George Carteret; Sir William Penn
377,147,418,462,1662,April,29,walk,Dr Clerke
377,375,418,461,1662,April,30,walk,Elizabeth Pierce
147,377,462,418,1662,April,30,walk,Elizabeth Pierce
147,377,462,418,1662,April,30,walk,
359,378,221,422,1662,May,2,coach,Sir George Carteret; Sir William Penn
378,785,422,788,1662,May,2,coach,Sir George Carteret; Sir William Penn
785,26,788,388,1662,May,2,coach,Elizabeth Pepys; Mr Hunt; Mrs Hunt
6,26,650,388,1662,May,2,walk,Elizabeth Pepys
26,785,388,788,1662,May,2,walk,Elizabeth Pepys
785,155,788,576,1662,May,3,walk,Lady Sandwich children
244,131,59,567,1662,May,4,walk,Elizabeth Pepys
131,170,567,566,1662,May,4,walk,
170,71,566,122,1662,May,4,walk,
71,156,122,204,1662,May,4,walk,Elizabeth Pepys
156,357,204,8,1662,May,4,walk,Elizabeth Pepys
357,785,8,788,1662,May,4,walk,Elizabeth Pepys
785,27,788,516,1662,May,4,walk,Elizabeth Pepys
27,785,516,788,1662,May,4,walk,Elizabeth Pepys
9,23,422,789,1662,May,6,walk,
13,179,610,78,1662,May,7,walk,
179,347,78,337,1662,May,7,walk,
21,71,546,122,1662,May,7,walk,
71,16,122,577,1662,May,7,walk,Betty Turner; Mrs Lucin
382,71,275,122,1662,May,7,coach,
71,785,122,788,1662,May,7,walk,
785,352,788,170,1662,May,9,walk,
352,383,170,377,1662,May,9,walk,
155,9,576,422,1662,May,10,walk,
176,785,544,788,1662,May,11,walk,
785,3,788,642,1662,May,11,walk,
155,1167,576,545,1662,May,12,walk,Elizabeth Pepys; Lady Sandwich ladies; Mr Townsend family
1167,386,545,422,1662,May,12,barge,Elizabeth Pepys; Lady Sandwich ladies; Mr Townsend family
386,1055,422,422,1662,May,12,walk,Mr Townsend
1055,388,422,422,1662,May,12,barge,
388,1052,422,228,1662,May,12,walk,Mr Townsend
785,155,788,576,1662,May,14,walk,
785,4,788,465,1662,May,15,walk,
4,785,465,788,1662,May,15,walk,
155,9,576,422,1662,May,17,walk,
9,244,422,59,1662,May,17,walk,
3,95,642,619,1662,May,18,walk,
95,77,619,503,1662,May,18,walk,
77,95,503,619,1662,May,18,walk,
95,321,619,621,1662,May,18,walk,
321,785,621,788,1662,May,18,coach,
785,59,788,367,1662,May,21,boat,Elizabeth Pepys
59,6,367,650,1662,May,21,walk,Elizabeth Pepys
6,3,650,642,1662,May,21,walk,Elizabeth Pepys
3,392,642,642,1662,May,21,walk,Elizabeth Pepys
392,246,642,4,1662,May,21,walk,Elizabeth Pepys
246,16,4,577,1662,May,21,walk,Elizabeth Pepys
244,71,59,122,1662,May,21,walk,Elizabeth Pepys
71,244,122,59,1662,May,21,walk,Elizabeth Pepys
785,16,788,577,1662,May,22,coach,Sir William Penn; Margaret Penn; Elizabeth Pepys
16,785,577,788,1662,May,22,coach,
785,27,788,516,1662,May,22,walk,
27,785,516,788,1662,May,22,walk,
155,193,576,158,1662,May,23,walk,Elizabeth Pepys
785,27,788,516,1662,May,23,walk,
27,785,516,788,1662,May,23,walk,
155,167,576,553,1662,May,24,walk,John Creed
167,23,553,789,1662,May,24,walk,John Creed
23,785,789,788,1662,May,24,walk,John Creed
785,142,788,177,1662,May,24,walk,John Creed
142,9,177,422,1662,May,24,walk,
9,31,422,145,1662,May,24,boat,Sir William Penn
31,562,145,77,1662,May,24,walk,Sir William Penn
562,102,77,226,1662,May,24,walk,Sir William Penn
102,785,226,788,1662,May,24,walk,Sir William Penn
785,176,788,544,1662,May,25,walk,
176,785,544,788,1662,May,25,walk,
785,395,788,46,1662,May,25,walk,John Creed
395,155,46,576,1662,May,25,walk,
155,396,576,195,1662,May,25,coach,Captain Ferrers
396,155,195,576,1662,May,25,walk,
155,785,576,788,1662,May,26,walk,
785,334,788,588,1662,May,26,walk,
334,244,588,59,1662,May,26,boat,
244,397,59,63,1662,May,26,walk,Elizabeth Pepys
397,72,63,359,1662,May,26,coach,Elizabeth Pepys
785,155,788,576,1662,May,27,walk,
155,244,576,59,1662,May,27,walk,
785,155,788,576,1662,May,28,walk,John Creed
155,398,576,670,1662,May,28,walk,John Creed
398,785,670,788,1662,May,28,walk,
785,399,788,726,1662,May,28,walk,John Pepys Sr; Uncle Wight
155,400,576,3,1662,May,29,walk,
400,785,3,788,1662,May,29,walk,
785,401,788,185,1662,May,29,boat,Elizabeth Pepys
401,402,185,185,1662,May,29,walk,Elizabeth Pepys
785,43,788,583,1662,May,30,walk,
43,1062,583,203,1662,May,30,boat,Elizabeth Pepys
1062,102,203,226,1662,May,30,boat,Edward Shepley; Elizabeth Pepys
102,785,226,788,1662,May,30,boat,
785,155,788,576,1662,May,30,walk,
155,785,576,788,1662,May,30,walk,
9,244,422,59,1662,May,31,walk,
244,155,59,576,1662,May,31,walk,
71,785,122,788,1662,June,2,coach,Elizabeth Pepys
37,785,667,788,1662,June,4,boat,Sir William Batten
785,155,788,576,1662,June,4,walk,
155,3,576,642,1662,June,4,walk,
785,400,788,3,1662,June,5,walk,Thomas Moore
400,785,3,788,1662,June,5,walk,
9,334,422,588,1662,June,7,walk,Mr Coventry; Sir William Batten
176,785,544,788,1662,June,8,walk,
785,407,788,361,1662,June,9,walk,
785,244,788,59,1662,June,10,walk,
244,54,59,546,1662,June,10,walk,
54,785,546,788,1662,June,10,walk,
244,155,59,576,1662,June,13,walk,
155,785,576,788,1662,June,13,walk,
785,102,788,226,1662,June,13,walk,Elizabeth Pepys
102,785,226,788,1662,June,13,walk,Elizabeth Pepys
9,279,422,582,1662,June,14,walk,
279,9,582,422,1662,June,14,walk,
9,334,422,588,1662,June,14,walk,
785,279,788,582,1662,June,16,walk,William Hewer
279,408,582,471,1662,June,16,walk,William Hewer
408,31,471,145,1662,June,16,boat,William Hewer
31,279,145,582,1662,June,16,walk,
279,785,582,788,1662,June,16,boat,
9,785,422,788,1662,June,16,walk,
785,155,788,576,1662,June,16,boat,Elizabeth Pepys
155,178,576,143,1662,June,16,boat,Elizabeth Pepys; Sandwich children
178,180,143,56,1662,June,16,walk,
180,155,56,576,1662,June,16,boat,Elizabeth Pepys
9,63,422,519,1662,June,17,walk,
63,785,519,788,1662,June,17,walk,
785,409,788,319,1662,June,18,walk,John Creed
409,179,319,78,1662,June,18,walk,
179,410,78,523,1662,June,18,walk,Commissioner Pett
410,411,523,390,1662,June,18,walk,Commissioner Pett
411,412,390,134,1662,June,18,walk,Commissioner Pett
412,170,134,566,1662,June,18,walk,
785,400,788,3,1662,June,19,walk,Thomas Moore
785,102,788,226,1662,June,19,boat,Elizabeth Pepys
102,785,226,788,1662,June,19,boat,Elizabeth Pepys
785,400,788,3,1662,June,20,walk,Thomas Moore
23,1088,789,459,1662,June,20,walk,
1088,785,459,788,1662,June,20,walk,
785,102,788,226,1662,June,20,boat,Elizabeth Pepys
102,785,226,788,1662,June,20,boat,Elizabeth Pepys
785,155,788,576,1662,June,22,walk,Edward Shepley
155,244,576,59,1662,June,22,walk,Thomas Pepys
244,155,59,576,1662,June,22,walk,Thomas Pepys
155,785,576,788,1662,June,22,walk,Thomas Pepys
785,413,788,605,1662,June,23,boat,Sir William Warren
155,415,576,4,1662,June,25,walk,
415,785,4,788,1662,June,25,walk,
785,23,788,789,1662,June,25,walk,
23,785,789,788,1662,June,25,walk,
785,155,788,576,1662,June,27,walk,
155,9,576,422,1662,June,27,walk,
785,31,788,145,1662,June,27,boat,
31,102,145,226,1662,June,27,walk,
102,785,226,788,1662,June,27,boat,
155,589,576,77,1662,June,30,coach,Elizabeth Pepys; Lady Sandwich
589,785,77,788,1662,June,30,coach,Elizabeth Pepys; Lady Sandwich
785,353,788,76,1662,June,30,boat,Lady Sandwich
353,245,76,46,1662,June,30,boat,Lady Sandwich
245,155,46,576,1662,June,30,walk,Lady Sandwich
31,102,145,226,1662,July,1,walk,Mr Cowly
102,785,226,788,1662,July,1,boat,
785,43,788,583,1662,July,2,walk,Commissioner Pett
43,31,583,145,1662,July,2,boat,Mr Coventry; Commissioner Pett
9,80,422,149,1662,July,3,walk,
785,176,788,544,1662,July,6,walk,
176,785,544,788,1662,July,6,walk,
785,13,788,610,1662,July,7,boat,Elizabeth Pepys
13,59,610,367,1662,July,7,walk,Elizabeth Pepys
59,785,367,788,1662,July,7,boat,Elizabeth Pepys
785,155,788,576,1662,July,8,walk,
155,785,576,788,1662,July,8,boat,Thomas Moore
785,43,788,583,1662,July,11,walk,Commissioner Pett
43,31,583,145,1662,July,11,boat,Mr Coventry; Commissioner Pett
37,417,667,667,1662,July,11,walk,
417,37,667,667,1662,July,11,walk,
380,170,540,566,1662,July,11,boat,Commissioner Pett
170,785,566,788,1662,July,11,boat,
785,43,788,583,1662,July,13,walk,Mr Turner
43,31,583,145,1662,July,13,boat,Mr Turner
785,415,788,4,1662,July,14,walk,Mr Green
415,785,4,788,1662,July,14,walk,
785,15,788,169,1662,July,14,walk,Dr Tom Pepys
785,341,788,605,1662,July,15,boat,Mr Cooper
341,785,605,788,1662,July,15,boat,
785,155,788,576,1662,July,16,walk,
155,419,576,373,1662,July,16,walk,John Creed
785,155,788,576,1662,July,17,walk,
155,785,576,788,1662,July,17,walk,
785,176,788,544,1662,July,20,walk,
176,785,544,788,1662,July,20,walk,
37,1077,667,76,1662,July,21,walk,
1077,785,76,788,1662,July,21,boat,
785,59,788,367,1662,July,21,coach,Elizabeth Pepys
59,13,367,610,1662,July,21,walk,
13,155,610,576,1662,July,21,walk,Elizabeth Pepys
155,785,576,788,1662,July,21,coach,Elizabeth Pepys
176,785,544,788,1662,July,27,walk,
785,59,788,367,1662,July,27,boat,Elizabeth Pepys
59,107,367,541,1662,July,27,walk,
785,27,788,516,1662,July,27,walk,Elizabeth Pepys
27,785,516,788,1662,July,27,walk,Elizabeth Pepys
420,43,262,583,1662,July,28,boat,
43,9,583,422,1662,July,28,walk,
9,63,422,519,1662,July,29,walk,Sir George Carteret; Mr Coventry
63,785,519,788,1662,July,29,walk,
785,31,788,145,1662,July,29,walk,Mr Cooper
31,102,145,226,1662,July,29,walk,
102,785,226,788,1662,July,29,boat,
785,6,788,650,1662,July,30,boat,
421,785,612,788,1662,July,30,boat,Sir William Warren
9,23,422,789,1662,July,31,coach,Mr Coventry
37,785,667,788,1662,July,31,boat,Mr Coventry
785,23,788,789,1662,August,1,walk,John Creed; Thomas Moore
785,1077,788,76,1662,August,2,boat,
1062,424,203,478,1662,August,2,horse,Captain Cocke; Mr Hemson; Lt Carteret
424,108,478,383,1662,August,2,barge,
108,109,383,454,1662,August,3,walk,Captain Cocke
109,397,454,63,1662,August,3,walk,
397,111,63,88,1662,August,3,coach,Commissioner Pett
111,108,88,383,1662,August,3,coach,
108,111,383,88,1662,August,3,walk,
111,109,88,454,1662,August,3,walk,Commissioner Pett
109,108,454,383,1662,August,3,walk,Mr Barrow
426,847,259,242,1662,August,4,barge,
109,108,454,383,1662,August,4,walk,
108,109,383,454,1662,August,4,walk,
109,424,454,478,1662,August,4,barge,
1062,178,203,143,1662,August,4,boat,Captain Cocke
178,43,143,583,1662,August,5,boat,
43,785,583,788,1662,August,5,walk,
785,3,788,642,1662,August,6,boat,
188,178,380,143,1662,August,8,walk,Mr Coventry
178,31,143,145,1662,August,8,boat,Mr Coventry
31,102,145,226,1662,August,8,walk,Mr Coventry
102,159,226,324,1662,August,8,walk,Mr Coventry
159,785,324,788,1662,August,8,walk,
334,79,588,493,1662,August,9,coach,Mr Coventry
79,785,493,788,1662,August,9,boat,
785,429,788,133,1662,August,10,walk,
429,244,133,59,1662,August,10,walk,
244,140,59,21,1662,August,10,walk,
140,71,21,122,1662,August,10,walk,Betty Turner
71,785,122,788,1662,August,10,walk,Thomas Moore
9,442,422,728,1662,August,11,walk,Dean Fuller
80,9,149,422,1662,August,11,walk,
9,178,422,143,1662,August,13,boat,Commissioner Pett
178,441,143,213,1662,August,13,walk,
441,358,213,309,1662,August,13,boat,Commissioner Pett
9,23,422,789,1662,August,15,walk,
23,444,789,177,1662,August,15,walk,
444,21,177,546,1662,August,15,walk,
21,785,546,788,1662,August,15,walk,
785,244,788,59,1662,August,17,walk,
244,71,59,122,1662,August,17,walk,
71,429,122,133,1662,August,17,walk,
429,785,133,788,1662,August,17,coach,
785,71,788,122,1662,August,17,walk,
71,429,122,133,1662,August,17,walk,
785,430,788,213,1662,August,18,horse,
430,431,213,702,1662,August,18,horse,Mr Deane
431,1048,702,422,1662,August,18,horse,Mr Deane
1048,433,422,21,1662,August,18,horse,Mr Deane
433,430,21,213,1662,August,18,horse,Mr Deane
430,785,213,788,1662,August,18,horse,
785,6,788,650,1662,August,20,walk,
31,785,145,788,1662,August,22,boat,
785,13,788,610,1662,August,22,boat,
6,435,650,642,1662,August,22,walk,John Creed
435,785,642,788,1662,August,22,boat,
3,128,642,20,1662,August,23,walk,
128,6,20,650,1662,August,23,walk,
6,437,650,372,1662,August,23,walk,
437,113,372,265,1662,August,23,boat,
113,785,265,788,1662,August,23,walk,
785,24,788,592,1662,August,24,walk,
785,648,788,212,1662,August,25,boat,
648,37,212,667,1662,August,25,boat,
188,37,380,667,1662,August,25,walk,
37,439,667,89,1662,August,25,walk,
439,31,89,145,1662,August,25,boat,
31,785,145,788,1662,August,25,boat,
785,63,788,519,1662,August,25,walk,
63,785,519,788,1662,August,25,walk,
9,31,422,145,1662,August,26,boat,Sir William Batten
31,440,145,77,1662,August,26,walk,
440,443,77,130,1662,August,26,boat,
785,63,788,519,1662,August,27,walk,
63,785,519,788,1662,August,27,walk,
785,63,788,519,1662,August,28,walk,Mr Coventry
63,785,519,788,1662,August,28,walk,
380,6,540,650,1662,September,1,walk,
9,63,422,519,1662,September,2,walk,Sir William Penn
63,9,519,422,1662,September,2,walk,
785,102,788,226,1662,September,3,boat,
102,31,226,145,1662,September,3,walk,Mr Coventry; Sir William Penn
31,9,145,422,1662,September,3,boat,
9,244,422,59,1662,September,3,walk,
244,445,59,555,1662,September,3,walk,Dr Fairbrother
445,6,555,650,1662,September,3,boat,
6,785,650,788,1662,September,3,boat,
6,43,650,583,1662,September,4,boat,
43,785,583,788,1662,September,4,walk,
9,334,422,588,1662,September,4,walk,
334,9,588,422,1662,September,4,walk,
37,178,667,143,1662,September,5,walk,
178,31,143,145,1662,September,5,boat,
31,102,145,226,1662,September,5,walk,
102,785,226,788,1662,September,5,boat,
785,446,788,365,1662,September,5,walk,
446,63,365,519,1662,September,5,walk,
63,9,519,422,1662,September,5,walk,
785,95,788,619,1662,September,7,coach,Sir John Minnes
95,447,619,381,1662,September,7,walk,Mr Fox
447,6,381,650,1662,September,7,walk,
6,26,650,388,1662,September,7,walk,
26,410,388,523,1662,September,7,walk,Mr Pierce
410,785,523,788,1662,September,7,walk,
785,113,788,265,1662,September,8,walk,
113,3,265,642,1662,September,8,boat,
380,15,540,169,1662,September,8,walk,
15,285,169,561,1662,September,8,walk,Mr Townsend
285,448,561,173,1662,September,8,walk,Mr Townsend
448,113,173,265,1662,September,8,boat,
113,23,265,789,1662,September,8,walk,
43,102,583,226,1662,September,8,boat,Sir William Warren
102,31,226,145,1662,September,8,walk,
31,785,145,788,1662,September,8,barge,
31,9,145,422,1662,September,9,boat,
9,449,422,505,1662,September,9,walk,Mr Coventry; Sir John Minnes
449,9,505,422,1662,September,9,walk,
244,23,59,789,1662,September,10,walk,
9,27,422,516,1662,September,11,walk,Sir William Penn
27,9,516,422,1662,September,11,walk,
785,10,788,314,1662,September,14,boat,
10,380,314,540,1662,September,14,walk,
380,95,540,619,1662,September,14,walk,
95,3,619,642,1662,September,14,walk,
3,77,642,503,1662,September,14,walk,
77,785,503,788,1662,September,14,boat,
785,176,788,544,1662,September,14,walk,
176,785,544,788,1662,September,14,walk,
785,63,788,519,1662,September,14,walk,
63,9,519,422,1662,September,14,walk,
785,3,788,642,1662,September,15,boat,Sir William Penn
3,450,642,155,1662,September,15,walk,
450,785,155,788,1662,September,15,walk,
785,31,788,145,1662,September,15,boat,Lady Batten; Betty Turner
31,785,145,788,1662,September,15,barge,Lady Batten; Betty Turner
785,31,788,145,1662,September,19,boat,
31,102,145,226,1662,September,19,walk,
102,785,226,788,1662,September,19,boat,
380,107,540,541,1662,September,21,walk,Thomas Pepys; Mr Cooke
453,95,468,619,1662,September,21,walk,
95,3,619,642,1662,September,21,walk,
785,380,788,540,1662,September,22,coach,Sir John Minnes; Sir William Batten; Sir William Penn
380,407,540,361,1662,September,22,walk,
407,179,361,78,1662,September,22,walk,
179,244,78,59,1662,September,22,walk,
244,454,59,676,1662,September,22,walk,Mr Cooke
454,155,676,576,1662,September,22,walk,
155,785,576,788,1662,September,22,walk,
785,179,788,78,1662,September,24,walk,
179,398,78,670,1662,September,24,walk,
398,244,670,59,1662,September,24,walk,
244,785,59,788,1662,September,24,boat,
785,63,788,519,1662,September,25,walk,
63,785,519,788,1662,September,25,walk,
785,9,788,422,1662,September,26,walk,
9,785,422,788,1662,September,26,walk,
785,9,788,422,1662,September,27,walk,
9,785,422,788,1662,September,27,walk,
244,455,59,187,1662,September,28,walk,Thomas Pepys
455,244,187,59,1662,September,28,walk,
244,75,59,204,1662,September,29,coach,Thomas Moore
75,3,204,642,1662,September,29,coach,Thomas Moore
16,71,577,122,1662,September,29,coach,Elizabeth Pepys
71,785,122,788,1662,September,29,coach,Margaret Penn
9,785,422,788,1662,September,30,walk,
785,27,788,516,1662,September,30,walk,Elizabeth Pepys
27,193,516,158,1662,September,30,coach,Elizabeth Pepys
785,9,788,422,1662,October,1,walk,
9,31,422,145,1662,October,1,boat,
785,9,788,422,1662,October,1,walk,
9,785,422,788,1662,October,1,walk,
9,75,422,204,1662,October,2,coach,Thomas Moore
75,6,204,650,1662,October,2,coach,Thomas Moore
6,785,650,788,1662,October,2,walk,
785,6,788,650,1662,October,3,walk,
176,244,544,59,1662,October,5,walk,
785,9,788,422,1662,October,5,walk,
9,785,422,788,1662,October,5,walk,
37,421,667,612,1662,October,6,walk,
421,417,612,667,1662,October,6,walk,
31,102,145,226,1662,October,6,walk,
102,43,226,583,1662,October,6,boat,Sir William Penn
43,3,583,642,1662,October,6,boat,Mr Coventry
785,9,788,422,1662,October,6,walk,
9,785,422,788,1662,October,6,walk,
785,63,788,519,1662,October,7,walk,
63,785,519,788,1662,October,7,walk,
6,3,650,642,1662,October,8,walk,
3,6,642,650,1662,October,8,walk,
9,785,422,788,1662,October,9,walk,
785,268,788,606,1662,October,9,horse,William Hewer
205,458,277,466,1662,October,10,horse,
199,200,51,680,1662,October,12,walk,
200,199,680,51,1662,October,12,walk,
199,464,51,51,1662,October,13,walk,John Pepys Sr
464,199,51,51,1662,October,13,walk,
199,200,51,680,1662,October,13,walk,John Pepys Sr
200,199,680,51,1662,October,13,walk,
199,466,51,51,1662,October,14,walk,
466,199,51,51,1662,October,14,walk,John Pepys Sr
202,264,31,31,1662,October,14,walk,Thomas Pepys; Mr Cooke; William Hewer
264,467,31,69,1662,October,15,walk,Mr Cooke
467,468,69,66,1662,October,15,walk,Mr Cooke
13,419,610,373,1662,October,17,walk,John Creed; Captain Ferrers
419,155,373,576,1662,October,17,boat,
155,341,576,605,1662,October,17,boat,Commissioner Pett
341,31,605,145,1662,October,17,boat,Commissioner Pett
9,27,422,516,1662,October,20,walk,
27,785,516,788,1662,October,20,walk,
785,331,788,191,1662,October,22,coach,Elizabeth Pepys; Balthasar St Michel
331,6,191,650,1662,October,22,walk,
9,63,422,519,1662,October,23,walk,
63,9,519,422,1662,October,23,walk,
785,27,788,516,1662,October,24,walk,
27,785,516,788,1662,October,24,walk,
319,63,422,519,1662,October,24,walk,
63,785,519,788,1662,October,24,walk,
785,63,788,519,1662,October,26,walk,
63,785,519,788,1662,October,26,walk,
785,24,788,592,1662,October,26,walk,
13,471,610,86,1662,October,27,walk,John Creed
471,3,86,642,1662,October,27,walk,John Creed
785,63,788,519,1662,October,27,walk,
63,27,519,516,1662,October,27,walk,
27,9,516,422,1662,October,27,walk,
785,63,788,519,1662,October,29,walk,
63,785,519,788,1662,October,29,walk,
43,472,583,582,1662,October,30,walk,
472,473,582,131,1662,October,30,walk,Mr Wade; Mr Lee
473,9,131,422,1662,October,30,walk,Mr Lee
43,9,583,422,1662,November,1,walk,
9,80,422,149,1662,November,1,walk,Mr Wade; Captain Evett
785,63,788,519,1662,November,2,walk,
63,27,519,516,1662,November,2,walk,
27,785,516,788,1662,November,2,walk,
6,246,650,4,1662,November,3,walk,John Creed; Thomas Moore; Mr Howe
246,117,4,545,1662,November,3,coach,Thomas Moore
117,785,545,788,1662,November,3,walk,
785,9,788,422,1662,November,3,walk,
9,785,422,788,1662,November,3,walk,
785,27,788,516,1662,November,4,walk,
43,3,583,642,1662,November,7,coach,
3,6,642,650,1662,November,7,walk,
785,9,788,422,1662,November,7,walk,
9,785,422,788,1662,November,7,walk,
785,176,788,544,1662,November,9,walk,
176,244,544,59,1662,November,9,walk,
155,281,576,536,1662,November,9,walk,Thomas Moore
281,155,536,576,1662,November,9,walk,Thomas Moore
785,63,788,519,1662,November,9,walk,
63,785,519,788,1662,November,9,walk,
9,3,422,642,1662,November,10,coach,Sir John Minnes; Sir William Batten
13,179,610,78,1662,November,10,boat,
179,244,78,59,1662,November,10,walk,
244,474,59,114,1662,November,10,walk,Jack Cole
474,244,114,59,1662,November,10,walk,
6,244,650,59,1662,November,10,coach,Elizabeth Pepys; John Creed
244,785,59,788,1662,November,10,coach,Elizabeth Pepys
785,409,788,319,1662,November,12,coach,
21,785,546,788,1662,November,12,walk,
785,80,788,149,1662,November,12,walk,Mr Wade; Mr Evett
80,9,149,422,1662,November,12,walk,
9,304,422,147,1662,November,15,walk,
304,785,147,788,1662,November,15,walk,
13,170,610,566,1662,November,17,walk,
170,785,566,788,1662,November,17,walk,
113,170,265,566,1662,November,17,boat,Elizabeth Pepys; Mrs Gosnell
170,3,566,642,1662,November,17,boat,Elizabeth Pepys; John Creed
9,63,422,519,1662,November,18,walk,Sir John Minnes
63,318,519,566,1662,November,18,walk,Mr Phillips
318,170,566,566,1662,November,18,walk,Uncle Thomas
170,785,566,788,1662,November,18,walk,
785,170,788,566,1662,November,22,walk,
170,155,566,576,1662,November,22,walk,
155,785,576,788,1662,November,22,walk,
27,63,516,519,1662,November,23,walk,
63,9,519,422,1662,November,23,walk,
785,9,788,422,1662,November,24,walk,
9,43,422,583,1662,November,24,coach,Sir John Minnes; Sir William Batten
3,179,642,78,1662,November,24,walk,
179,318,78,566,1662,November,24,walk,
318,170,566,566,1662,November,24,walk,
80,170,149,566,1662,November,25,coach,Mr Coventry
170,407,566,361,1662,November,25,walk,
407,6,361,650,1662,November,25,coach,
785,479,788,100,1662,November,28,walk,
479,785,100,788,1662,November,28,walk,
9,71,422,122,1662,November,29,coach,Mr Coventry
71,170,122,566,1662,November,29,walk,
6,246,650,4,1662,November,29,walk,
246,6,4,650,1662,November,29,walk,
6,71,650,122,1662,November,29,walk,
71,170,122,566,1662,November,29,walk,
170,785,566,788,1662,November,29,walk,
785,643,788,187,1662,November,30,walk,
643,785,187,788,1662,November,30,walk,
380,3,540,642,1662,December,1,walk,
3,456,642,104,1662,December,1,walk,
1036,31,143,145,1662,December,3,walk,
31,482,145,317,1662,December,3,boat,Commissioner Pett
244,170,59,566,1662,December,5,walk,
170,478,566,200,1662,December,5,coach,Uncle Thomas
478,785,200,788,1662,December,5,walk,
785,9,788,422,1662,December,5,walk,
9,785,422,788,1662,December,5,walk,
785,82,788,396,1662,December,6,walk,
785,643,788,187,1662,December,7,walk,
643,785,187,788,1662,December,7,walk,
24,785,592,788,1662,December,7,walk,
785,27,788,516,1662,December,7,walk,Elizabeth Pepys
785,484,788,102,1662,December,8,coach,Mrs Gosnell
484,3,102,642,1662,December,8,walk,
107,380,541,540,1662,December,8,walk,
380,785,540,788,1662,December,8,coach,
9,319,422,422,1662,December,9,walk,
319,9,422,422,1662,December,9,walk,
785,77,788,503,1662,December,10,walk,
77,9,503,422,1662,December,10,coach,Sir John Minnes
3,6,642,650,1662,December,14,walk,
6,95,650,619,1662,December,14,walk,
6,419,650,373,1662,December,14,walk,John Creed; Captain Ferrers
419,6,373,650,1662,December,14,walk,
419,6,373,650,1662,December,15,walk,
3,486,642,675,1662,December,15,coach,
486,487,675,422,1662,December,15,coach,
487,785,422,788,1662,December,15,coach,
63,27,519,516,1662,December,15,walk,
27,785,516,788,1662,December,15,walk,
489,9,368,422,1662,December,18,walk,
785,9,788,422,1662,December,19,walk,
9,785,422,788,1662,December,19,walk,
6,419,650,373,1662,December,21,walk,John Creed; Captain Ferrers
419,6,373,650,1662,December,21,walk,John Creed
419,6,373,650,1662,December,22,walk,
3,107,642,541,1662,December,22,walk,Mr Coventry
107,358,541,309,1662,December,22,horse,Mr Coventry
3,21,642,546,1662,December,22,coach,
21,785,546,788,1662,December,22,coach,
785,63,788,519,1662,December,24,walk,
63,785,519,788,1662,December,24,walk,
785,54,788,546,1662,December,24,walk,
398,179,670,78,1662,December,24,walk,
179,21,78,546,1662,December,24,walk,
785,95,788,619,1662,December,25,walk,
27,9,516,422,1662,December,25,walk,
9,785,422,788,1662,December,25,walk,
9,23,422,789,1662,December,27,walk,
785,643,788,187,1662,December,28,walk,
643,785,187,788,1662,December,28,walk,Thomas Pepys
785,24,788,592,1662,December,28,walk,
13,98,610,148,1662,December,29,walk,Jack Spicer
98,3,148,642,1662,December,29,walk,
128,492,20,230,1662,December,29,walk,John Creed; Will Howe
492,785,230,788,1662,December,29,coach,
9,82,422,396,1662,December,30,walk,
785,493,788,659,1662,December,30,coach,Elizabeth Pepys
493,3,659,642,1662,December,30,walk,Elizabeth Pepys
3,6,642,650,1662,December,30,walk,Elizabeth Pepys
6,785,650,788,1662,December,30,walk,
13,98,610,148,1662,December,31,walk,Mr Bowyer
98,534,148,287,1662,December,31,walk,
534,6,287,650,1662,December,31,walk,
6,130,650,347,1662,December,31,coach,Elizabeth Pepys
130,3,347,642,1662,December,31,walk,
3,130,642,347,1662,December,31,walk,
130,6,347,650,1662,December,31,coach,Elizabeth Pepys
785,9,788,422,1663,January,1,walk,
9,785,422,788,1663,January,1,walk,
9,319,422,422,1663,January,2,walk,Sir William Batten
785,27,788,516,1663,January,2,walk,
27,9,516,422,1663,January,2,walk,
3,95,642,619,1663,January,4,walk,
95,26,619,388,1663,January,4,walk,Elizabeth Pepys
6,380,650,540,1663,January,5,walk,
380,3,540,642,1663,January,5,walk,
6,380,650,540,1663,January,6,walk,
380,244,540,59,1663,January,6,coach,Elizabeth Pepys
21,117,546,545,1663,January,6,walk,John Creed
117,785,545,788,1663,January,6,walk,
23,495,789,4,1663,January,6,walk,
495,244,4,59,1663,January,6,walk,John Creed
9,31,422,145,1663,January,7,boat,Mr Waith
785,9,788,422,1663,January,9,walk,
9,112,422,358,1663,January,9,walk,Major Tolhurst; Mr Beane
785,9,788,422,1663,January,9,walk,
9,785,422,788,1663,January,9,walk,
27,63,516,519,1663,January,11,walk,
63,9,519,422,1663,January,11,walk,
785,63,788,519,1663,January,12,walk,
63,27,519,516,1663,January,12,walk,
6,380,650,540,1663,January,12,walk,Lord Sandwich
380,6,540,650,1663,January,12,walk,
6,471,650,86,1663,January,12,walk,John Creed
471,496,86,85,1663,January,12,walk,John Creed
496,23,85,789,1663,January,12,walk,John Creed
446,63,365,519,1663,January,12,walk,
63,785,519,788,1663,January,12,walk,
9,31,422,145,1663,January,15,horse,Mr Coventry
193,497,158,74,1663,January,17,walk,John Creed
497,785,74,788,1663,January,17,walk,
785,27,788,516,1663,January,18,walk,
6,380,650,540,1663,January,19,walk,
380,3,540,642,1663,January,19,walk,Mr Coventry
785,6,788,650,1663,January,20,coach,
6,654,650,429,1663,January,20,walk,
654,6,429,650,1663,January,20,walk,
6,785,650,788,1663,January,20,walk,
785,501,788,143,1663,January,21,coach,Mrs Ackworth
501,785,143,788,1663,January,21,walk,
9,502,422,534,1663,January,22,walk,
502,785,534,788,1663,January,22,walk,
419,6,373,650,1663,January,22,walk,
6,785,650,788,1663,January,22,walk,
785,63,788,519,1663,January,23,walk,Sir William Batten
63,9,519,422,1663,January,23,walk,
9,27,422,516,1663,January,23,walk,
27,9,516,422,1663,January,23,walk,
9,23,422,789,1663,January,24,walk,
23,489,789,368,1663,January,24,walk,
489,785,368,788,1663,January,24,walk,
785,102,788,226,1663,January,24,boat,
102,785,226,788,1663,January,24,boat,
13,179,610,78,1663,January,26,coach,M. Raby
179,498,78,395,1663,January,26,walk,
785,9,788,422,1663,January,26,walk,
9,785,422,788,1663,January,26,walk,
6,170,650,566,1663,January,28,walk,
176,785,544,788,1663,January,30,walk,
785,6,788,650,1663,February,1,walk,
785,380,788,540,1663,February,2,coach,Sir John Minnes; Sir William Batten
380,6,540,650,1663,February,2,walk,
498,107,395,541,1663,February,2,walk,Mr Povy
3,380,642,540,1663,February,2,walk,Mr Coventry
170,244,566,59,1663,February,2,walk,
170,785,566,788,1663,February,4,walk,
785,170,788,566,1663,February,5,walk,Uncle Thomas
170,785,566,788,1663,February,5,walk,
409,507,319,154,1663,February,6,walk,
507,498,154,395,1663,February,6,walk,
498,170,395,566,1663,February,6,walk,
170,6,566,650,1663,February,6,walk,
6,23,650,789,1663,February,6,coach,
23,785,789,788,1663,February,6,walk,
785,9,788,422,1663,February,6,walk,
9,785,422,788,1663,February,6,walk,
785,6,788,650,1663,February,8,walk,
6,95,650,619,1663,February,8,walk,
95,471,619,86,1663,February,8,walk,John Creed
9,23,422,789,1663,February,10,walk,
23,785,789,788,1663,February,10,walk,
785,176,788,544,1663,February,11,walk,
176,785,544,788,1663,February,11,walk,
785,244,788,59,1663,February,13,coach,Elizabeth Pepys
244,170,59,566,1663,February,13,walk,
170,785,566,788,1663,February,13,coach,Elizabeth Pepys
785,170,788,566,1663,February,14,coach,Uncle Thomas
170,785,566,788,1663,February,14,coach,Uncle Thomas
6,508,650,659,1663,February,16,walk,
508,13,659,610,1663,February,16,walk,
13,179,610,78,1663,February,16,walk,
179,318,78,566,1663,February,16,walk,John Creed
318,170,566,566,1663,February,16,walk,John Creed
170,155,566,576,1663,February,16,walk,John Creed
155,785,576,788,1663,February,16,walk,
27,9,516,422,1663,February,16,walk,
9,785,422,788,1663,February,16,walk,
785,170,788,566,1663,February,17,coach,
170,13,566,610,1663,February,17,walk,
13,508,610,659,1663,February,17,walk,
508,6,659,650,1663,February,17,walk,
31,178,145,143,1663,February,20,boat,
178,37,143,667,1663,February,20,boat,Commissioner Pett
37,509,667,701,1663,February,20,boat,Commissioner Pett
509,170,701,566,1663,February,20,boat,
170,785,566,788,1663,February,20,walk,
785,9,788,422,1663,February,20,walk,
9,785,422,788,1663,February,20,walk,
785,37,788,667,1663,February,20,boat,
785,478,788,200,1663,February,21,walk,Captain Taylor; Mr Bowry
63,785,519,788,1663,February,21,walk,
785,63,788,519,1663,February,22,walk,
63,27,519,516,1663,February,22,walk,
3,380,642,540,1663,February,23,walk,
380,6,540,650,1663,February,23,walk,
6,43,650,583,1663,February,23,boat,
43,785,583,788,1663,February,23,walk,
785,193,788,158,1663,February,23,coach,Elizabeth Pepys; John Creed
3,456,642,104,1663,February,23,walk,Elizabeth Pepys
456,785,104,788,1663,February,23,coach,Elizabeth Pepys
9,13,422,610,1663,February,24,boat,
13,508,610,659,1663,February,24,walk,
508,6,659,650,1663,February,24,walk,
785,170,788,566,1663,February,25,walk,
170,244,566,59,1663,February,25,walk,
43,785,583,788,1663,February,26,walk,
9,510,422,422,1663,February,27,walk,Commissioner Pett
510,9,422,422,1663,February,27,walk,
9,63,422,519,1663,February,27,walk,
63,9,519,422,1663,February,27,walk,
9,63,422,519,1663,February,28,walk,
63,170,519,566,1663,February,28,walk,Uncle Thomas
170,13,566,610,1663,February,28,boat,Roger Pepys
13,6,610,650,1663,February,28,walk,Roger Pepys
6,170,650,566,1663,February,28,walk,Roger Pepys
170,3,566,642,1663,February,28,walk,
785,95,788,619,1663,March,1,walk,
95,3,619,642,1663,March,1,walk,
785,170,788,566,1663,March,2,coach,
170,21,566,546,1663,March,2,walk,
21,785,546,788,1663,March,2,walk,
15,785,169,788,1663,March,3,walk,
785,6,788,650,1663,March,4,coach,
6,785,650,788,1663,March,4,coach,
9,23,422,789,1663,March,5,walk,
23,785,789,788,1663,March,5,walk,
9,176,422,544,1663,March,7,walk,Elizabeth Pepys
176,193,544,158,1663,March,7,walk,Elizabeth Pepys
193,785,158,788,1663,March,7,walk,Elizabeth Pepys
785,9,788,422,1663,March,8,walk,
9,785,422,788,1663,March,8,walk,
785,193,788,158,1663,March,8,walk,Elizabeth Pepys
193,785,158,788,1663,March,8,walk,Elizabeth Pepys
334,9,588,422,1663,March,11,walk,
9,314,422,372,1663,March,13,walk,
314,785,372,788,1663,March,13,walk,
785,244,788,59,1663,March,14,walk,
244,9,59,422,1663,March,14,walk,
9,244,422,59,1663,March,14,walk,
244,785,59,788,1663,March,14,walk,
785,59,788,367,1663,March,16,coach,Elizabeth Pepys; Mrs Ashwell
59,6,367,650,1663,March,16,coach,Mrs Ashwell
6,380,650,540,1663,March,16,walk,
380,3,540,642,1663,March,16,walk,
6,170,650,566,1663,March,16,coach,Elizabeth Pepys
170,785,566,788,1663,March,16,coach,Elizabeth Pepys
512,513,526,180,1663,March,17,walk,
513,512,180,526,1663,March,17,walk,
512,43,526,583,1663,March,17,boat,Sir William Batten
43,473,583,131,1663,March,17,coach,Sir William Batten
473,785,131,788,1663,March,17,walk,
785,244,788,59,1663,March,18,walk,
244,71,59,122,1663,March,18,walk,
71,398,122,670,1663,March,18,walk,
398,244,670,59,1663,March,18,walk,
244,176,59,544,1663,March,18,walk,
176,17,544,174,1663,March,18,walk,
17,785,174,788,1663,March,18,walk,
785,244,788,59,1663,March,19,coach,Elizabeth Pepys
244,785,59,788,1663,March,19,coach,
785,9,788,422,1663,March,20,walk,
9,785,422,788,1663,March,20,walk,
785,9,788,422,1663,March,22,walk,
9,785,422,788,1663,March,22,walk,
785,24,788,592,1663,March,22,walk,
24,785,592,788,1663,March,22,walk,
785,59,788,367,1663,March,23,coach,Elizabeth Pepys; Mrs Ashwell
59,6,367,650,1663,March,23,coach,Mrs Ashwell
6,3,650,642,1663,March,23,walk,
785,178,788,143,1663,March,24,boat,
178,37,143,667,1663,March,24,walk,
37,31,667,145,1663,March,24,walk,Captain Grove
31,30,145,475,1663,March,24,walk,
30,785,475,788,1663,March,24,boat,
785,95,788,619,1663,March,25,boat,
95,3,619,642,1663,March,25,walk,
3,107,642,541,1663,March,25,walk,
107,785,541,788,1663,March,25,walk,
15,19,169,234,1663,March,27,walk,John Creed
19,21,234,546,1663,March,27,walk,
21,785,546,788,1663,March,27,walk,
9,233,422,591,1663,March,28,walk,
233,17,591,174,1663,March,28,walk,
785,9,788,422,1663,March,30,walk,
9,3,422,642,1663,March,30,coach,Sir William Penn
3,785,642,788,1663,March,30,coach,
9,63,422,519,1663,March,31,walk,
63,785,519,788,1663,March,31,walk,
244,170,59,566,1663,April,1,walk,
170,244,566,59,1663,April,1,walk,
244,522,59,705,1663,April,1,walk,
522,785,705,788,1663,April,1,walk,
785,9,788,422,1663,April,1,walk,
9,63,422,519,1663,April,1,walk,
63,785,519,788,1663,April,1,walk,
785,113,788,265,1663,April,3,walk,
113,3,265,642,1663,April,3,boat,
3,95,642,619,1663,April,3,walk,
95,3,619,642,1663,April,3,walk,
3,785,642,788,1663,April,3,walk,
3,6,642,650,1663,April,3,walk,
785,348,788,74,1663,April,4,coach,Aunt Wight; Uncle Wight; Betty Turner; Roger Pepys
348,785,74,788,1663,April,4,coach,
9,77,422,503,1663,April,6,walk,
77,785,503,788,1663,April,6,walk,
785,170,788,566,1663,April,8,walk,Commissioner Pett
170,3,566,642,1663,April,8,boat,Commissioner Pett
3,95,642,619,1663,April,8,walk,
95,3,619,642,1663,April,8,walk,
785,31,788,145,1663,April,8,boat,John Pepys; Elizabeth Pepys; Mrs Ashwell
31,785,145,788,1663,April,8,boat,
37,178,667,143,1663,April,8,walk,John Pepys
178,353,143,76,1663,April,8,walk,
353,37,76,667,1663,April,8,walk,
9,23,422,789,1663,April,10,walk,
3,107,642,541,1663,April,10,walk,
107,6,541,650,1663,April,10,walk,Elizabeth Pepys
785,24,788,592,1663,April,11,walk,John Pepys
24,785,592,788,1663,April,11,walk,
176,785,544,788,1663,April,12,walk,
785,6,788,650,1663,April,12,walk,Elizabeth Pepys
6,3,650,642,1663,April,12,walk,John Creed
3,6,642,650,1663,April,12,walk,
6,156,650,204,1663,April,12,coach,Elizabeth Pepys; John Creed
156,785,204,788,1663,April,12,coach,
785,94,788,555,1663,April,13,walk,Sir William Batten
3,380,642,540,1663,April,13,walk,
380,3,540,642,1663,April,13,walk,
484,155,102,576,1663,April,13,walk,
188,178,380,143,1663,April,14,walk,
178,31,143,145,1663,April,14,boat,
31,102,145,226,1663,April,14,walk,
102,785,226,788,1663,April,14,boat,
785,413,788,605,1663,April,15,boat,Mr Maynes
176,24,544,592,1663,April,19,walk,John Pepys
24,785,592,788,1663,April,19,walk,
9,526,422,422,1663,April,20,walk,
3,311,642,343,1663,April,20,coach,Sir George Carteret; Sir John Minnes
785,9,788,422,1663,April,22,walk,
9,23,422,789,1663,April,22,walk,
785,9,788,422,1663,April,22,walk,
9,785,422,788,1663,April,22,walk,
9,63,422,519,1663,April,23,walk,
63,9,519,422,1663,April,23,walk,
785,23,788,789,1663,April,24,walk,Captain Holland
785,102,788,226,1663,April,24,walk,Elizabeth Pepys; Mrs Ashwell
102,785,226,788,1663,April,24,walk,Elizabeth Pepys; Mrs Ashwell
785,23,788,789,1663,April,25,walk,
6,170,650,566,1663,April,25,boat,
170,785,566,788,1663,April,25,walk,
785,102,788,226,1663,April,26,boat,Elizabeth Pepys; Mrs Ashwell
102,785,226,788,1663,April,26,walk,Elizabeth Pepys; Mrs Ashwell
6,528,650,642,1663,April,27,walk,John Creed
528,13,642,610,1663,April,27,walk,John Creed
529,530,737,650,1663,April,29,coach,John Pepys
530,21,650,546,1663,April,29,coach,John Pepys
21,785,546,788,1663,April,29,coach,John Pepys
785,63,788,519,1663,April,30,walk,
63,785,519,788,1663,April,30,walk,
785,531,788,44,1663,May,1,horse,John Pepys; Thomas Pepys; Will Stankes
531,348,44,74,1663,May,1,horse,
348,785,74,788,1663,May,1,horse,
785,341,788,605,1663,May,4,boat,
341,785,605,788,1663,May,4,boat,
785,179,788,78,1663,May,4,coach,Elizabeth Pepys
179,380,78,540,1663,May,4,walk,
3,130,642,347,1663,May,4,walk,Elizabeth Pepys
130,23,347,789,1663,May,4,walk,Elizabeth Pepys; John Creed
23,532,789,193,1663,May,4,boat,Elizabeth Pepys
532,71,193,122,1663,May,4,walk,Elizabeth Pepys
71,244,122,59,1663,May,4,walk,Elizabeth Pepys
244,785,59,788,1663,May,4,coach,Elizabeth Pepys
9,23,422,789,1663,May,6,walk,John Creed
23,21,789,546,1663,May,6,walk,
21,334,546,588,1663,May,6,walk,
334,9,588,422,1663,May,6,walk,
228,244,152,59,1663,May,7,walk,
244,13,59,610,1663,May,7,walk,
13,179,610,78,1663,May,7,coach,
179,244,78,59,1663,May,7,coach,Elizabeth Pepys
244,785,59,788,1663,May,7,coach,Elizabeth Pepys
785,341,788,605,1663,May,7,boat,Elizabeth Pepys
341,785,605,788,1663,May,7,boat,Elizabeth Pepys
785,410,788,523,1663,May,8,boat,
410,533,523,153,1663,May,8,walk,
533,179,153,78,1663,May,8,walk,
179,170,78,566,1663,May,8,walk,
170,244,566,59,1663,May,8,walk,
244,533,59,153,1663,May,8,coach,Elizabeth Pepys; Mrs Ashwell
533,785,153,788,1663,May,8,boat,Elizabeth Pepys; Mrs Ashwell
9,785,422,788,1663,May,8,walk,
785,244,788,59,1663,May,9,walk,
244,534,59,287,1663,May,9,walk,
534,785,287,788,1663,May,9,boat,
380,471,540,86,1663,May,10,walk,John Creed
471,107,86,541,1663,May,10,walk,John Creed
37,178,667,143,1663,May,11,walk,
178,785,143,788,1663,May,11,boat,
785,538,788,99,1663,May,11,coach,Sir William Penn; Margaret Penn
538,380,99,540,1663,May,11,coach,Sir William Penn
380,66,540,374,1663,May,11,boat,
66,451,374,548,1663,May,11,walk,Mr Crumlum
451,537,548,121,1663,May,11,walk,
537,785,121,788,1663,May,11,walk,
170,241,566,27,1663,May,14,walk,Thomas Moore
241,785,27,788,1663,May,14,walk,
13,179,610,78,1663,May,15,coach,
179,380,78,540,1663,May,15,coach,
3,107,642,541,1663,May,18,walk,John Creed
9,43,422,583,1663,May,19,walk,Sir John Minnes
43,9,583,422,1663,May,19,walk,
9,102,422,226,1663,May,19,boat,Elizabeth Pepys; Mrs Ashwell; Pembleton
102,443,226,130,1663,May,19,boat,
443,785,130,788,1663,May,19,walk,
334,785,588,788,1663,May,20,walk,
785,178,788,143,1663,May,20,boat,Elizabeth Pepys; Mrs Ashwell; Mr Howe
178,536,143,667,1663,May,20,walk,
785,178,788,143,1663,May,22,boat,John Creed
178,37,143,667,1663,May,22,walk,John Creed
37,178,667,143,1663,May,22,walk,John Creed
178,31,143,145,1663,May,22,boat,John Creed
31,102,145,226,1663,May,22,walk,John Creed
102,3,226,642,1663,May,22,boat,
785,170,788,566,1663,May,23,boat,
170,407,566,361,1663,May,23,walk,
407,3,361,642,1663,May,23,coach,Sir John Minnes; Sir William Penn
3,407,642,361,1663,May,23,boat,
407,785,361,788,1663,May,23,boat,
176,785,544,788,1663,May,24,walk,
785,27,788,516,1663,May,24,walk,Sir John Minnes
785,380,788,540,1663,May,25,coach,Elizabeth Pepys; Mrs Ashwell
380,499,540,336,1663,May,25,coach,Elizabeth Pepys; Mrs Ashwell
499,6,336,650,1663,May,25,walk,
6,785,650,788,1663,May,25,coach,Elizabeth Pepys
785,170,788,566,1663,May,27,boat,Commissioner Pett
170,380,566,540,1663,May,27,walk,Commissioner Pett
380,1005,540,131,1663,May,27,walk,Commissioner Pett
1005,13,131,610,1663,May,27,walk,
13,516,610,93,1663,May,27,boat,
516,530,93,650,1663,May,27,walk,
530,785,650,788,1663,May,27,boat,
785,9,788,422,1663,May,27,walk,
9,785,422,788,1663,May,27,walk,
785,228,788,152,1663,May,28,walk,
228,23,152,789,1663,May,28,walk,
785,16,788,577,1663,May,28,boat,John Creed; Elizabeth Pepys
16,193,577,158,1663,May,28,boat,John Creed; Elizabeth Pepys
193,170,158,566,1663,May,28,walk,John Creed
170,785,566,788,1663,May,28,walk,John Creed; Elizabeth Pepys
785,102,788,226,1663,May,28,boat,John Creed; Elizabeth Pepys
102,443,226,130,1663,May,28,boat,Elizabeth Pepys; John Creed
443,785,130,788,1663,May,28,walk,
785,176,788,544,1663,May,29,walk,
176,785,544,788,1663,May,29,walk,
785,16,788,577,1663,May,29,boat,John Creed
16,193,577,158,1663,May,29,boat,John Creed
244,139,59,293,1663,May,29,walk,
139,244,293,59,1663,May,29,walk,
244,785,59,788,1663,May,29,walk,
785,9,788,422,1663,May,29,walk,
9,785,422,788,1663,May,29,walk,
785,241,788,27,1663,May,30,boat,John Creed
244,785,59,788,1663,May,30,walk,
785,176,788,544,1663,May,31,walk,
176,785,544,788,1663,May,31,walk,
785,244,788,59,1663,June,1,walk,
244,380,59,540,1663,June,1,walk,
193,542,158,89,1663,June,1,walk,
542,785,89,788,1663,June,1,walk,
63,9,519,422,1663,June,2,walk,
9,27,422,516,1663,June,2,walk,
27,785,516,788,1663,June,2,walk,
785,9,788,422,1663,June,2,walk,
9,785,422,788,1663,June,2,walk,
9,519,422,561,1663,June,3,walk,
519,23,561,789,1663,June,3,walk,
13,59,610,367,1663,June,4,walk,Elizabeth Pepys; Mrs Ashwell
59,13,367,610,1663,June,4,walk,
785,59,788,367,1663,June,5,coach,Elizabeth Pepys
59,244,367,59,1663,June,5,walk,
244,21,59,546,1663,June,5,walk,
21,31,546,145,1663,June,5,boat,
31,102,145,226,1663,June,5,walk,
102,3,226,642,1663,June,5,boat,
6,179,650,78,1663,June,5,walk,Elizabeth Pepys
179,71,78,122,1663,June,5,walk,Elizabeth Pepys
71,785,122,788,1663,June,5,coach,Elizabeth Pepys
785,170,788,566,1663,June,6,boat,
785,176,788,544,1663,June,7,walk,
176,785,544,788,1663,June,7,walk,
785,63,788,519,1663,June,7,walk,
63,27,519,516,1663,June,7,walk,
27,785,516,788,1663,June,7,walk,
785,16,788,577,1663,June,10,boat,John Creed
16,547,577,224,1663,June,10,walk,John Creed
785,27,788,516,1663,June,10,walk,
27,785,516,788,1663,June,10,walk,
785,9,788,422,1663,June,12,walk,
9,23,422,789,1663,June,12,walk,
785,16,788,577,1663,June,12,boat,Elizabeth Pepys
23,9,789,422,1663,June,12,walk,
9,27,422,516,1663,June,12,walk,
27,785,516,788,1663,June,12,walk,
785,94,788,555,1663,June,13,walk,
94,3,555,642,1663,June,13,boat,
77,284,503,148,1663,June,13,walk,Mr Cutler
284,9,148,422,1663,June,13,walk,
9,13,422,610,1663,June,13,walk,Mr Wayth
13,285,610,561,1663,June,13,walk,Mr Wayth
285,532,561,193,1663,June,13,boat,Mr Wayth
532,23,193,789,1663,June,13,walk,
23,785,789,788,1663,June,13,walk,
785,16,788,577,1663,June,13,boat,
16,26,577,388,1663,June,13,walk,Elizabeth Pepys
26,785,388,788,1663,June,13,coach,Elizabeth Pepys
785,176,788,544,1663,June,14,walk,
176,785,544,788,1663,June,14,walk,
785,27,788,516,1663,June,14,walk,
27,785,516,788,1663,June,14,walk,
785,94,788,555,1663,June,15,walk,
94,785,555,788,1663,June,15,walk,
785,550,788,77,1663,June,15,boat,
550,551,77,787,1663,June,15,walk,
551,334,787,588,1663,June,15,barge,Sir William Batten; Lord Sandwich
334,70,588,46,1663,June,15,barge,Lord Sandwich
70,785,46,788,1663,June,15,walk,
9,63,422,519,1663,June,16,walk,
3,785,642,788,1663,June,17,boat,
785,63,788,519,1663,June,18,walk,
63,785,519,788,1663,June,18,walk,
9,23,422,789,1663,June,19,walk,
23,785,789,788,1663,June,19,walk,
785,101,788,74,1663,June,19,boat,John Creed; Thomas Moore
101,3,74,642,1663,June,19,boat,
3,4,642,465,1663,June,19,walk,
4,107,465,541,1663,June,19,walk,
107,554,541,659,1663,June,19,walk,
554,83,659,476,1663,June,19,walk,
3,380,642,540,1663,June,21,walk,Mr Coventry
380,3,540,642,1663,June,21,coach,Mr Coventry
176,449,544,505,1663,June,21,walk,Sir John Minnes
449,27,505,516,1663,June,21,walk,
27,9,516,422,1663,June,21,walk,
785,13,788,610,1663,June,22,coach,Sir William Batten
107,380,541,540,1663,June,22,walk,John Creed
380,107,540,541,1663,June,22,walk,John Creed
785,63,788,519,1663,June,22,walk,
63,556,519,422,1663,June,22,coach,young Mr Batten
170,785,566,788,1663,June,23,boat,
785,23,788,789,1663,June,23,walk,
23,785,789,788,1663,June,23,walk,
6,471,650,86,1663,June,24,walk,John Creed
471,557,86,86,1663,June,24,walk,John Creed
557,107,86,541,1663,June,24,walk,John Creed
107,785,541,788,1663,June,24,boat,
785,178,788,143,1663,June,24,boat,John Creed
178,558,143,212,1663,June,24,walk,John Creed
558,785,212,788,1663,June,24,boat,John Creed
785,1295,788,483,1663,June,25,horse,
1295,785,483,788,1663,June,25,horse,
559,13,610,610,1663,June,26,boat,Thomas Moore
13,785,610,788,1663,June,26,boat,
785,413,788,605,1663,June,27,boat,Sir William Warren
413,9,605,422,1663,June,27,boat,
785,170,788,566,1663,June,27,boat,
170,380,566,540,1663,June,29,boat,
380,107,540,541,1663,June,29,walk,John Creed
3,170,642,566,1663,June,29,boat,Roger Pepys
170,156,566,204,1663,June,29,walk,Roger Pepys; Mr Goldsborough
156,170,204,566,1663,June,29,walk,
170,785,566,788,1663,June,29,boat,
785,63,788,519,1663,June,29,walk,
63,785,519,788,1663,June,29,walk,
785,562,788,77,1663,June,30,boat,
562,31,77,145,1663,June,30,walk,John Creed
31,785,145,788,1663,June,30,boat,John Creed
13,334,610,588,1663,July,1,boat,Sir William Batten
785,170,788,566,1663,July,1,boat,
170,244,566,59,1663,July,1,walk,
244,785,59,788,1663,July,1,walk,
785,9,788,422,1663,July,2,walk,
9,23,422,789,1663,July,2,walk,
785,9,788,422,1663,July,2,walk,
9,785,422,788,1663,July,2,walk,
785,380,788,540,1663,July,3,coach,Sir John Minnes; Sir William Batten
13,101,610,74,1663,July,3,boat,John Creed
101,563,74,526,1663,July,3,walk,John Creed
563,23,526,789,1663,July,3,boat,
785,9,788,422,1663,July,3,walk,
9,27,422,516,1663,July,3,boat,
27,785,516,788,1663,July,3,walk,
380,471,540,86,1663,July,4,walk,John Creed
471,348,86,74,1663,July,4,coach,John Creed; Mr Cutler
348,380,74,540,1663,July,4,walk,
380,101,540,74,1663,July,4,boat,
101,785,74,788,1663,July,4,walk,
565,566,601,601,1663,July,5,horse,Sir John Minnes
785,37,788,667,1663,July,7,barge,Sir John Minnes
37,178,667,143,1663,July,7,walk,Mr Deane
178,31,143,145,1663,July,7,boat,
9,63,422,519,1663,July,8,walk,
63,785,519,788,1663,July,8,walk,
785,70,788,46,1663,July,9,boat,
301,318,521,566,1663,July,9,walk,
318,785,566,788,1663,July,9,walk,
785,31,788,145,1663,July,9,boat,
31,27,145,516,1663,July,9,walk,
1062,225,203,500,1663,July,10,horse,
119,1061,237,90,1663,July,11,walk,
1061,119,90,237,1663,July,11,coach,Commissioner Pett
119,1061,237,90,1663,July,11,coach,
570,119,74,237,1663,July,11,barge,
119,1573,237,90,1663,July,12,walk,Sir John Minnes
1573,119,90,237,1663,July,12,walk,
119,1573,237,90,1663,July,12,walk,
1573,1061,90,90,1663,July,12,walk,
1061,119,90,237,1663,July,12,walk,
119,1061,237,90,1663,July,13,walk,
1061,119,90,237,1663,July,13,walk,
119,424,237,478,1663,July,13,barge,
424,785,478,788,1663,July,13,coach,Sir John Minnes; Mrs Allen
3,785,642,788,1663,July,13,boat,
785,63,788,519,1663,July,13,walk,
63,785,519,788,1663,July,13,walk,
9,23,422,789,1663,July,14,walk,Mr Hunt
785,94,788,555,1663,July,16,walk,Anthony Joyce; Mr Stacy
785,341,788,605,1663,July,16,boat,
341,129,605,604,1663,July,16,boat,
9,63,422,519,1663,July,16,walk,
63,785,519,788,1663,July,16,walk,
785,102,788,226,1663,July,17,boat,
102,27,226,516,1663,July,17,walk,
27,579,516,141,1663,July,17,walk,Mr Bagwell
579,102,141,226,1663,July,17,walk,Mr Bagwell
102,785,226,788,1663,July,17,boat,
785,21,788,546,1663,July,18,walk,
21,577,546,280,1663,July,18,walk,
577,170,280,566,1663,July,18,walk,
13,574,610,372,1663,July,18,walk,Mrs Lane
574,170,372,566,1663,July,18,boat,
170,785,566,788,1663,July,18,walk,
785,37,788,667,1663,July,20,walk,
37,575,667,76,1663,July,20,walk,Captain Cocke
575,9,76,422,1663,July,20,boat,
9,3,422,642,1663,July,20,boat,
380,178,540,143,1663,July,20,boat,
178,785,143,788,1663,July,20,boat,
785,576,788,526,1663,July,21,boat,Sir William Batten; Sir John Minnes; Lady Batten
576,9,526,422,1663,July,21,boat,Sir William Batten; Sir John Minnes
9,170,422,566,1663,July,21,boat,
244,179,59,78,1663,July,22,walk,
179,398,78,670,1663,July,22,walk,
398,21,670,546,1663,July,22,walk,
21,785,546,788,1663,July,22,walk,
785,408,788,471,1663,July,22,boat,
408,31,471,145,1663,July,22,boat,
31,27,145,516,1663,July,22,walk,
785,37,788,667,1663,July,23,boat,
37,500,667,362,1663,July,23,walk,
500,785,362,788,1663,July,23,boat,
785,170,788,566,1663,July,24,boat,Roger Pepys
170,13,566,610,1663,July,24,walk,
13,301,610,521,1663,July,24,walk,
785,446,788,365,1663,July,24,walk,
446,785,365,788,1663,July,24,walk,
3,344,642,499,1663,July,25,boat,
344,1057,499,719,1663,July,25,coach,John Creed
1057,581,719,164,1663,July,25,horse,John Creed
581,785,164,788,1663,July,25,coach,
785,1258,788,26,1663,July,26,horse,John Creed
1258,583,26,164,1663,July,26,walk,John Creed
583,584,164,21,1663,July,26,walk,John Creed
584,581,21,164,1663,July,26,horse,John Creed
585,586,168,435,1663,July,26,horse,John Creed
585,785,168,788,1663,July,27,horse,John Creed
785,1258,788,26,1663,July,27,horse,John Creed
1258,585,26,168,1663,July,27,horse,John Creed
585,1258,168,26,1663,July,27,horse,John Creed
785,413,788,605,1663,July,29,boat,
413,785,605,788,1663,July,29,boat,
785,63,788,519,1663,July,29,walk,
63,27,519,516,1663,July,29,walk,
31,589,145,77,1663,July,30,walk,Sir George Carteret
589,31,77,145,1663,July,30,walk,
785,155,788,576,1663,July,31,walk,Thomas Moore
1061,122,90,112,1663,August,1,walk,
122,119,112,237,1663,August,1,walk,
119,1061,237,90,1663,August,2,walk,
1061,1574,90,499,1663,August,2,boat,Mr Coventry; Commissioner Pett
1574,119,499,237,1663,August,2,walk,
119,1573,237,90,1663,August,2,walk,
1573,1061,90,90,1663,August,2,walk,
1061,570,90,74,1663,August,2,boat,
570,119,74,237,1663,August,2,walk,
119,1061,237,90,1663,August,3,walk,
1061,122,90,112,1663,August,3,walk,
122,1062,112,203,1663,August,3,horse,Mr Coventry
1062,785,203,788,1663,August,3,horse,Mr Coventry
1062,9,203,422,1663,August,4,boat,Mr Coventry
590,13,605,610,1663,August,4,boat,
13,534,610,287,1663,August,4,walk,
534,591,287,360,1663,August,4,boat,Mr Jervas
591,13,360,610,1663,August,4,boat,Mr Jervas
13,113,610,265,1663,August,4,boat,
113,785,265,788,1663,August,4,walk,
785,1062,788,203,1663,August,4,boat,
13,592,610,757,1663,August,5,walk,Mrs Lane
592,593,757,309,1663,August,5,boat,Mrs Lane
593,594,309,213,1663,August,5,walk,Mrs Lane
594,785,213,788,1663,August,5,coach,
9,23,422,789,1663,August,6,walk,Sir William Warren
785,518,788,361,1663,August,7,walk,
518,785,361,788,1663,August,7,walk,
37,178,667,143,1663,August,8,walk,John Pepys
178,129,143,604,1663,August,8,boat,
176,785,544,788,1663,August,9,walk,
785,63,788,519,1663,August,9,walk,
63,597,519,422,1663,August,9,walk,Lady Batten
597,598,422,74,1663,August,9,walk,
598,785,74,788,1663,August,9,walk,
785,24,788,592,1663,August,9,walk,
380,1182,540,305,1663,August,10,coach,Lord Sandwich; Lord Peterborough
1182,407,305,361,1663,August,10,walk,
407,785,361,788,1663,August,10,walk,
9,23,422,789,1663,August,11,walk,
785,498,788,395,1663,August,11,coach,Betty Turner; Mrs Morrice
13,600,610,659,1663,August,11,walk,Mrs Morrice
600,13,659,610,1663,August,11,walk,
13,178,610,143,1663,August,11,boat,Betty Turner; Mrs Morrice
178,601,143,474,1663,August,11,boat,Betty Turner; Mrs Morrice
601,71,474,122,1663,August,11,coach,Betty Turner; Mrs Morrice
3,244,642,59,1663,August,12,boat,
244,602,59,4,1663,August,12,walk,
602,785,4,788,1663,August,12,walk,
6,26,650,388,1663,August,13,walk,Elizabeth Pepys
26,107,388,541,1663,August,13,walk,
107,26,541,388,1663,August,13,walk,Elizabeth Pepys
26,71,388,122,1663,August,13,boat,Elizabeth Pepys
785,9,788,422,1663,August,14,walk,
9,785,422,788,1663,August,14,walk,
785,244,788,59,1663,August,14,walk,
244,785,59,788,1663,August,14,walk,
785,577,788,280,1663,August,15,walk,
577,31,280,145,1663,August,15,boat,Mr Palmer
31,785,145,788,1663,August,15,boat,
785,176,788,544,1663,August,16,walk,Elizabeth Pepys
176,785,544,788,1663,August,16,walk,
785,176,788,544,1663,August,16,walk,
176,449,544,505,1663,August,16,walk,
449,785,505,788,1663,August,16,walk,
785,27,788,516,1663,August,16,walk,Elizabeth Pepys
27,24,516,592,1663,August,16,walk,
24,785,592,788,1663,August,16,walk,
785,602,788,4,1663,August,17,walk,
602,244,4,59,1663,August,17,walk,
785,3,788,642,1663,August,19,walk,
3,244,642,59,1663,August,21,walk,
244,785,59,788,1663,August,21,walk,
31,514,145,77,1663,August,21,walk,Sir William Batten
514,178,77,143,1663,August,21,boat,Sir William Batten
178,603,143,216,1663,August,21,walk,
603,785,216,788,1663,August,21,boat,
785,37,788,667,1663,August,22,boat,Sir William Batten; Sir John Minnes
37,178,667,143,1663,August,22,walk,Mr Castle
178,31,143,145,1663,August,22,boat,
31,785,145,788,1663,August,22,boat,
785,155,788,576,1663,August,24,walk,Thomas Moore
155,785,576,788,1663,August,24,walk,
785,6,788,650,1663,August,24,walk,
9,604,422,317,1663,August,25,boat,
604,9,317,422,1663,August,25,boat,
9,23,422,789,1663,August,25,walk,Sir William Warren
9,341,422,605,1663,August,27,boat,Sir William Batten
341,9,605,422,1663,August,27,boat,
785,3,788,642,1663,August,29,boat,Elizabeth Pepys
3,6,642,650,1663,August,29,walk,Elizabeth Pepys
6,3,650,642,1663,August,29,walk,
3,534,642,287,1663,August,29,walk,
534,6,287,650,1663,August,29,walk,Elizabeth Pepys
478,785,200,788,1663,August,29,walk,Elizabeth Pepys
785,3,788,642,1663,September,2,coach,Sir John Minnes
785,63,788,519,1663,September,3,walk,
63,178,519,143,1663,September,3,boat,Lady Batten
178,31,143,145,1663,September,3,walk,
31,102,145,226,1663,September,3,walk,
102,785,226,788,1663,September,3,walk,
498,240,395,27,1663,September,4,coach,John Creed
785,240,788,27,1663,September,4,coach,Elizabeth Pepys
23,785,789,788,1663,September,5,walk,
785,478,788,200,1663,September,5,walk,Elizabeth Pepys; John Creed
478,785,200,788,1663,September,5,walk,Elizabeth Pepys
785,608,788,80,1663,September,5,walk,
608,9,80,422,1663,September,5,walk,
785,1295,788,483,1663,September,7,horse,Uncle Thomas
1295,179,483,78,1663,September,7,horse,
179,244,78,59,1663,September,7,walk,
244,602,59,4,1663,September,7,walk,
602,609,4,45,1663,September,7,walk,
240,610,27,27,1663,September,7,walk,
785,9,788,422,1663,September,7,walk,
9,785,422,788,1663,September,7,walk,
785,611,788,361,1663,September,8,walk,
37,178,667,143,1663,September,9,walk,Sir William Warren
178,413,143,605,1663,September,9,boat,
9,155,422,576,1663,September,10,walk,
155,785,576,788,1663,September,10,walk,
9,80,422,149,1663,September,11,walk,
80,785,149,788,1663,September,11,walk,Thomas Moore
612,179,509,78,1663,September,11,walk,
179,785,78,788,1663,September,11,walk,
612,785,509,788,1663,September,12,boat,
9,23,422,789,1663,September,12,walk,Uncle Thomas
23,785,789,788,1663,September,12,walk,Uncle Thomas
3,13,642,610,1663,September,12,walk,
785,531,788,44,1663,September,14,coach,Elizabeth Pepys
531,268,44,606,1663,September,14,horse,Elizabeth Pepys; Uncle Thomas; Thomas Moore
268,614,606,64,1663,September,14,horse,Elizabeth Pepys; Uncle Thomas; Thomas Moore
614,615,64,270,1663,September,15,horse,Elizabeth Pepys; Uncle Thomas; Thomas Moore
615,199,270,51,1663,September,15,horse,Elizabeth Pepys; Uncle Thomas; Thomas Moore
617,199,63,51,1663,September,16,walk,
199,618,51,270,1663,September,17,horse,Uncle Thomas; Thomas Jr
618,619,270,663,1663,September,18,horse,Uncle Thomas
619,620,663,270,1663,September,18,horse,Uncle Thomas
620,621,270,537,1663,September,19,horse,Uncle Thomas; Thomas Jr
621,199,537,51,1663,September,19,horse,
209,199,270,51,1663,September,19,walk,Edward Shepley
199,625,51,270,1663,September,20,walk,
626,260,41,18,1663,September,21,horse,Elizabeth Pepys
260,213,18,232,1663,September,21,horse,Elizabeth Pepys
213,785,232,788,1663,September,21,horse,
785,3,788,642,1663,September,22,boat,Elizabeth Pepys
3,59,642,367,1663,September,22,walk,Elizabeth Pepys
59,3,367,642,1663,September,22,walk,
3,6,642,650,1663,September,22,walk,
785,179,788,78,1663,September,23,boat,
179,13,78,610,1663,September,23,walk,
785,3,788,642,1663,September,24,boat,
3,612,642,509,1663,September,24,walk,
612,9,509,422,1663,September,24,boat,
785,13,788,610,1663,September,24,boat,
13,101,610,74,1663,September,24,boat,Mrs Lane
101,3,74,642,1663,September,24,boat,Mrs Lane
23,82,789,396,1663,September,26,walk,Mr Rawlinson; Mr Deane
82,785,396,788,1663,September,26,walk,
785,176,788,544,1663,September,27,walk,
176,785,544,788,1663,September,27,walk,
785,275,788,552,1663,September,28,coach,Sir John Minnes
275,3,552,642,1663,September,28,coach,Sir John Minnes
3,785,642,788,1663,September,28,coach,Sir John Minnes
785,31,788,145,1663,September,28,boat,Sir John Minnes; Sir William Batten
31,785,145,788,1663,September,28,boat,
3,785,642,788,1663,September,30,boat,Sir William Rider
9,785,422,788,1663,October,1,walk,
785,170,788,566,1663,October,5,coach,Sir John Minnes
170,244,566,59,1663,October,5,walk,
9,3,422,642,1663,October,6,coach,
3,77,642,503,1663,October,6,walk,
785,275,788,552,1663,October,7,coach,
275,785,552,788,1663,October,7,coach,
785,275,788,552,1663,October,8,walk,
275,785,552,788,1663,October,8,walk,
785,275,788,552,1663,October,12,coach,
275,380,552,540,1663,October,12,coach,
23,785,789,788,1663,October,12,coach,
785,23,788,789,1663,October,12,coach,
6,3,650,642,1663,October,12,walk,
3,6,642,650,1663,October,12,walk,Elizabeth Pepys
6,785,650,788,1663,October,12,coach,Elizabeth Pepys
785,23,788,789,1663,October,12,walk,Elizabeth Pepys
23,630,789,289,1663,October,12,walk,Elizabeth Pepys
537,785,121,788,1663,October,14,walk,
631,13,106,610,1663,October,14,coach,Elizabeth Pepys
244,785,59,788,1663,October,14,walk,
785,6,788,650,1663,October,16,coach,Elizabeth Pepys
6,3,650,642,1663,October,16,walk,
3,6,642,650,1663,October,16,walk,Elizabeth Pepys
6,350,650,530,1663,October,16,coach,Elizabeth Pepys
350,23,530,789,1663,October,16,walk,Elizabeth Pepys
785,27,788,516,1663,October,18,walk,Elizabeth Pepys
27,24,516,592,1663,October,18,walk,
24,785,592,788,1663,October,18,walk,
244,785,59,788,1663,October,19,walk,
380,639,540,610,1663,October,19,walk,John Creed
639,3,610,642,1663,October,19,walk,John Creed
9,473,422,131,1663,October,20,coach,Sir George Carteret; Sir John Minnes
473,785,131,788,1663,October,20,coach,
785,3,788,642,1663,October,20,coach,Elizabeth Pepys
3,6,642,650,1663,October,20,walk,Elizabeth Pepys
6,3,650,642,1663,October,20,walk,
3,6,642,650,1663,October,20,walk,
6,21,650,546,1663,October,20,coach,Elizabeth Pepys
21,785,546,788,1663,October,20,coach,Elizabeth Pepys
9,632,422,372,1663,October,20,coach,Sir George Carteret; Sir John Minnes
632,785,372,788,1663,October,20,coach,
785,6,788,650,1663,October,20,coach,Elizabeth Pepys
785,23,788,789,1663,October,21,walk,
334,94,588,555,1663,October,21,walk,
94,244,555,59,1663,October,21,walk,
785,9,788,422,1663,October,21,walk,
9,23,422,789,1663,October,21,walk,
334,244,588,59,1663,October,21,walk,
244,633,59,359,1663,October,21,walk,
633,23,359,789,1663,October,21,walk,Elizabeth Pepys
785,9,788,422,1663,October,23,walk,
9,633,422,359,1663,October,23,walk,Uncle Thomas
633,471,359,86,1663,October,23,walk,
471,301,86,521,1663,October,23,walk,
301,275,521,552,1663,October,23,walk,
275,82,552,396,1663,October,23,walk,
785,9,788,422,1663,October,23,walk,
9,785,422,788,1663,October,23,walk,
785,9,788,422,1663,October,23,walk,Uncle Thomas
9,634,422,532,1663,October,23,walk,Uncle Thomas
634,635,532,194,1663,October,23,walk,
635,21,194,546,1663,October,23,coach,T. Trice
21,785,546,788,1663,October,23,coach,
80,170,149,566,1663,October,24,coach,Mr Coventry
170,301,566,521,1663,October,24,walk,
301,398,521,670,1663,October,24,walk,
398,785,670,788,1663,October,24,walk,
785,176,788,544,1663,October,25,walk,Elizabeth Pepys
176,785,544,788,1663,October,25,walk,
785,3,788,642,1663,October,26,boat,
3,13,642,610,1663,October,26,walk,John Creed
13,471,610,86,1663,October,26,walk,John Creed
471,170,86,566,1663,October,26,walk,John Creed
170,634,566,532,1663,October,26,coach,John Creed
634,23,532,789,1663,October,26,coach,
23,635,789,194,1663,October,26,coach,Sir William Batten
635,785,194,788,1663,October,26,coach,Sir William Batten
785,471,788,86,1663,October,26,walk,John Creed
471,655,86,222,1663,October,26,walk,John Creed
655,653,222,165,1663,October,26,coach,John Creed
653,611,165,361,1663,October,26,coach,
611,654,361,429,1663,October,26,coach,Sir William Batten
654,785,429,788,1663,October,26,coach,
785,275,788,552,1663,October,27,coach,
275,301,552,521,1663,October,27,walk,Dr Williams
1088,21,459,546,1663,October,27,coach,T. Trice
21,785,546,788,1663,October,27,coach,
9,634,422,532,1663,October,27,coach,
634,301,532,521,1663,October,27,walk,Dr Williams
301,635,521,194,1663,October,27,walk,T. Trice; Dr Williams
635,785,194,788,1663,October,27,coach,
9,23,422,789,1663,October,28,walk,John Creed
9,82,422,396,1663,October,29,coach,John Creed
82,1088,396,459,1663,October,29,coach,John Creed
1088,170,459,566,1663,October,29,coach,John Creed
170,637,566,422,1663,October,29,walk,John Creed; Mr Greatorex
9,23,422,789,1663,October,30,walk,
23,785,789,788,1663,October,30,walk,
637,244,422,59,1663,October,30,walk,
244,785,59,788,1663,October,30,walk,
105,244,222,59,1663,October,30,walk,
3,785,642,788,1663,November,2,walk,
9,785,422,788,1663,November,4,walk,
9,112,422,358,1663,November,5,walk,
3,6,642,650,1663,November,6,walk,
9,23,422,789,1663,November,6,walk,
23,785,789,788,1663,November,6,walk,
785,6,788,650,1663,November,6,walk,John Creed
9,13,422,610,1663,November,7,coach,
503,304,593,147,1663,November,7,walk,
304,785,147,788,1663,November,7,walk,
785,13,788,610,1663,November,7,walk,
13,400,610,3,1663,November,7,walk,
400,641,3,2,1663,November,7,walk,
641,785,2,788,1663,November,7,walk,
785,176,788,544,1663,November,8,walk,
176,785,544,788,1663,November,8,walk,
13,471,610,86,1663,November,9,walk,John Creed; Ned Pickering
471,503,86,593,1663,November,9,coach,
503,785,593,788,1663,November,9,coach,
785,471,788,86,1663,November,9,coach,
471,350,86,530,1663,November,9,coach,
350,785,530,788,1663,November,9,coach,
785,9,788,422,1663,November,9,walk,
9,23,422,789,1663,November,10,walk,
785,105,788,222,1663,November,11,coach,Elizabeth Pepys
105,785,222,788,1663,November,11,coach,
23,785,789,788,1663,November,12,walk,Thomas Moore
785,6,788,650,1663,November,12,coach,Thomas Moore
6,785,650,788,1663,November,12,coach,
785,176,788,544,1663,November,15,walk,
176,785,544,788,1663,November,15,walk,
785,9,788,422,1663,November,15,walk,
9,785,422,788,1663,November,15,walk,
3,380,642,540,1663,November,16,walk,
380,6,540,650,1663,November,16,walk,
6,23,650,789,1663,November,16,coach,
23,657,789,74,1663,November,17,walk,Thomas Moore; Tom Trice; Uncle Wight
657,471,74,86,1663,November,17,walk,Thomas Moore; Tom Trice; Uncle Wight
471,646,86,180,1663,November,17,walk,Thomas Moore; Tom Trice; Uncle Wight
646,785,180,788,1663,November,17,walk,Thomas Moore
785,102,788,226,1663,November,18,boat,Mr Hater
102,31,226,145,1663,November,18,walk,
1036,785,143,788,1663,November,18,boat,
785,31,788,145,1663,November,18,walk,Captain Terne; Captain Berkeley
31,304,145,147,1663,November,18,walk,Captain Terne; Captain Berkeley
304,785,147,788,1663,November,18,walk,
77,311,503,343,1663,November,19,coach,Sir George Carteret
311,612,343,509,1663,November,19,walk,
612,170,509,566,1663,November,19,walk,Thomas Moore
170,13,566,610,1663,November,19,walk,
400,641,3,2,1663,November,19,walk,
641,785,2,788,1663,November,19,walk,
77,1036,503,143,1663,November,19,coach,Sir George Carteret
23,785,789,788,1663,November,20,walk,Mr Howe
785,59,788,367,1663,November,20,coach,Elizabeth Pepys
59,6,367,650,1663,November,20,walk,Thomas Moore
9,15,422,169,1663,November,21,walk,
15,70,169,46,1663,November,21,coach,
70,785,46,788,1663,November,21,walk,
9,23,422,789,1663,November,21,walk,
23,649,789,133,1663,November,21,walk,
649,21,133,546,1663,November,21,coach,
21,785,546,788,1663,November,21,walk,
785,170,788,566,1663,November,22,walk,
170,6,566,650,1663,November,22,coach,
3,95,642,619,1663,November,22,walk,
95,471,619,86,1663,November,22,walk,John Creed
471,176,86,544,1663,November,22,coach,
785,3,788,642,1663,November,22,walk,
3,471,642,86,1663,November,22,walk,
9,23,422,789,1663,November,24,walk,Mr Deane
23,785,789,788,1663,November,24,walk,
785,77,788,503,1663,November,25,walk,
77,3,503,642,1663,November,25,coach,Sir George Carteret
9,23,422,789,1663,November,26,walk,Mr Cutler
23,642,789,74,1663,November,26,walk,Mr Cutler
642,785,74,788,1663,November,26,walk,
23,650,789,500,1663,November,26,walk,Mr Cutler
650,785,500,788,1663,November,26,walk,
9,23,422,789,1663,November,27,walk,
9,23,422,789,1663,November,28,coach,Mr Coventry
23,785,789,788,1663,November,28,walk,
785,829,788,503,1663,November,29,walk,
829,3,503,642,1663,November,29,walk,
3,785,642,788,1663,November,29,coach,
3,785,642,788,1663,November,30,coach,Sir William Penn
785,9,788,422,1663,December,1,walk,
9,655,422,222,1663,December,1,walk,
785,9,788,422,1663,December,1,walk,
9,785,422,788,1663,December,1,walk,
785,1088,788,459,1663,December,1,walk,
1088,785,459,788,1663,December,1,walk,
785,646,788,180,1663,December,2,walk,Mr Bland
646,785,180,788,1663,December,2,walk,
9,23,422,789,1663,December,3,walk,Mr Coventry
9,657,422,74,1663,December,5,walk,Sir John Minnes; Sir William Batten; Captain Allen
657,9,74,422,1663,December,5,walk,
785,657,788,74,1663,December,5,walk,
657,785,74,788,1663,December,5,walk,
785,3,788,642,1663,December,7,walk,
3,380,642,540,1663,December,7,walk,
380,471,540,86,1663,December,7,coach,
471,785,86,788,1663,December,7,coach,
380,170,540,566,1663,December,7,coach,Sir William Batten; Captain Allen
170,3,566,642,1663,December,7,coach,
3,471,642,86,1663,December,7,walk,
9,23,422,789,1663,December,8,walk,
23,3,789,642,1663,December,8,coach,
785,23,788,789,1663,December,8,walk,
23,785,789,788,1663,December,8,walk,
785,3,788,642,1663,December,8,coach,
785,658,788,431,1663,December,9,walk,
658,785,431,788,1663,December,9,walk,
785,244,788,59,1663,December,10,walk,
244,21,59,546,1663,December,10,walk,
21,785,546,788,1663,December,10,walk,
155,21,576,546,1663,December,11,walk,
398,275,670,552,1663,December,11,walk,
275,785,552,788,1663,December,11,walk,
155,602,576,4,1663,December,11,walk,
602,21,4,546,1663,December,11,walk,
23,785,789,788,1663,December,12,walk,Mr Luellin
785,176,788,544,1663,December,13,walk,
176,785,544,788,1663,December,13,walk,
785,3,788,642,1663,December,14,coach,
3,380,642,540,1663,December,14,walk,
6,471,650,86,1663,December,14,walk,John Creed
471,785,86,788,1663,December,14,coach,
785,70,788,46,1663,December,15,coach,
70,3,46,642,1663,December,15,coach,
3,21,642,546,1663,December,15,coach,Thomas Moore
21,785,546,788,1663,December,15,walk,
23,785,789,788,1663,December,16,walk,
785,23,788,789,1663,December,16,walk,
170,21,566,546,1663,December,17,walk,
21,785,546,788,1663,December,17,coach,
71,661,122,488,1663,December,17,walk,
661,170,488,566,1663,December,17,walk,
71,21,122,546,1663,December,17,coach,
785,648,788,212,1663,December,18,boat,
648,37,212,667,1663,December,18,boat,Mr Deane
37,417,667,667,1663,December,18,walk,
417,37,667,667,1663,December,18,walk,
37,31,667,145,1663,December,18,boat,
9,648,422,212,1663,December,18,boat,
648,37,212,667,1663,December,18,boat,Mr Deane
398,71,670,122,1663,December,19,walk,
9,446,422,365,1663,December,19,walk,Mr Bland
446,71,365,122,1663,December,19,coach,
380,649,540,133,1663,December,21,coach,Sir William Batten
649,71,133,122,1663,December,21,walk,
71,471,122,86,1663,December,21,walk,Mr Gauden; John Creed
547,59,224,367,1663,December,21,coach,
59,484,367,102,1663,December,21,coach,Elizabeth Pepys
785,380,788,540,1663,December,21,coach,Sir William Batten
380,649,540,133,1663,December,21,coach,Sir William Batten
649,71,133,122,1663,December,21,walk,
71,471,122,86,1663,December,21,walk,
588,785,324,788,1663,December,21,coach,Elizabeth Pepys
9,217,422,510,1663,December,22,walk,Sir R. Browne
217,785,510,788,1663,December,22,walk,
785,26,788,388,1663,December,22,coach,Elizabeth Pepys
26,13,388,610,1663,December,22,walk,
13,26,610,388,1663,December,22,walk,Elizabeth Pepys
26,785,388,788,1663,December,22,coach,Elizabeth Pepys
217,3,510,642,1663,December,22,coach,Elizabeth Pepys
3,26,642,388,1663,December,22,walk,Elizabeth Pepys
26,3,388,642,1663,December,22,walk,
3,13,642,610,1663,December,22,walk,
652,531,422,44,1663,December,23,coach,
531,785,44,788,1663,December,23,hackney,Elizabeth Pepys
785,531,788,44,1663,December,23,walk,
531,23,44,789,1663,December,23,walk,
652,531,422,44,1663,December,23,coach,
785,518,788,361,1663,December,26,walk,
518,478,361,200,1663,December,26,walk,
785,518,788,361,1663,December,26,walk,
643,176,187,544,1663,December,27,walk,
654,471,429,86,1663,December,28,walk,John Creed
471,275,86,552,1663,December,28,walk,
275,785,552,788,1663,December,28,walk,
3,471,642,86,1663,December,28,walk,
9,23,422,789,1663,December,29,walk,Mr Pierce
380,23,540,789,1663,December,30,coach,Mr Coventry
785,23,788,789,1663,December,30,walk,
6,3,650,642,1663,December,30,walk,Mr Coventry
3,641,642,2,1663,December,30,coach,Mr Coventry
9,23,422,789,1663,December,31,walk,
23,785,789,788,1663,December,31,walk,
785,533,788,153,1664,January,2,coach,Elizabeth Pepys
533,785,153,788,1664,January,2,coach,Elizabeth Pepys
9,785,422,788,1664,January,2,walk,
6,857,650,622,1664,January,4,walk,
857,6,622,650,1664,January,4,walk,
9,785,422,788,1664,January,4,walk,
23,631,789,106,1664,January,5,walk,
631,785,106,788,1664,January,5,walk,
9,785,422,788,1664,January,5,walk,
9,785,422,788,1664,January,6,walk,
861,867,516,11,1664,January,7,coach,Sir George Carteret; Sir John Minnes
867,852,11,122,1664,January,7,coach,
852,785,122,788,1664,January,7,coach,
9,785,422,788,1664,January,8,walk,
9,785,422,788,1664,January,9,walk,
13,818,610,148,1664,January,9,walk,
818,787,148,36,1664,January,9,walk,
787,13,36,610,1664,January,9,walk,
785,9,788,422,1664,January,10,walk,
9,24,422,592,1664,January,10,walk,Elizabeth Pepys
654,864,429,371,1664,January,11,walk,
785,9,788,422,1664,January,11,walk,
9,785,422,788,1664,January,11,walk,
9,785,422,788,1664,January,12,walk,
9,54,422,546,1664,January,13,walk,
54,641,546,2,1664,January,13,walk,
9,785,422,788,1664,January,13,walk,
77,9,503,422,1664,January,14,walk,
9,73,422,442,1664,January,14,walk,
73,785,442,788,1664,January,14,walk,
785,861,788,516,1664,January,14,walk,
861,785,516,788,1664,January,14,walk,
785,31,788,145,1664,January,15,boat,Mr. Hater
31,785,145,788,1664,January,15,walk,Mr. Hater
23,785,789,788,1664,January,16,walk,
785,13,788,610,1664,January,16,boat,
9,785,422,788,1664,January,16,walk,
23,785,789,788,1664,January,18,walk,
785,24,788,592,1664,January,18,walk,Elizabeth Pepys
23,642,789,74,1664,January,19,walk,Sir William Rider
642,73,74,442,1664,January,19,walk,
9,785,422,788,1664,January,19,walk,
654,244,429,59,1664,January,20,boat,
3,860,642,629,1664,January,20,walk,James Pierce
860,6,629,650,1664,January,20,walk,
785,9,788,422,1664,January,20,walk,
9,785,422,788,1664,January,20,walk,
866,785,422,788,1664,January,21,walk,
785,73,788,442,1664,January,21,walk,
631,9,106,422,1664,January,21,walk,
9,24,422,592,1664,January,21,walk,
9,785,422,788,1664,January,21,walk,
417,37,667,667,1664,January,22,walk,
785,9,788,422,1664,January,22,walk,
9,785,422,788,1664,January,22,walk,
785,6,788,650,1664,January,25,coach,
6,858,650,622,1664,January,25,walk,
858,857,622,622,1664,January,25,walk,Lord Sandwich
9,785,422,788,1664,January,25,walk,
785,9,788,422,1664,January,26,walk,
9,631,422,106,1664,January,26,walk,
631,23,106,789,1664,January,26,walk,
785,9,788,422,1664,January,26,walk,
9,785,422,788,1664,January,26,walk,
785,631,788,106,1664,January,27,walk,
23,785,789,788,1664,January,27,walk,Commissioner Pett
785,863,788,334,1664,January,27,coach,Elizabeth Pepys
863,71,334,122,1664,January,27,coach,Elizabeth Pepys
71,244,122,59,1664,January,27,coach,Elizabeth Pepys
9,785,422,788,1664,January,27,walk,
9,23,422,789,1664,January,28,walk,
23,77,789,503,1664,January,28,walk,
9,785,422,788,1664,January,28,walk,
785,870,788,604,1664,January,29,boat,Elizabeth Pepys; Mr. Hartlibb; Mr. Langley; Mr. Bostocke
870,785,604,788,1664,January,29,boat,Elizabeth Pepys
785,81,788,180,1664,January,29,walk,
785,13,788,610,1664,January,31,coach,Sir William Batten
13,1004,610,331,1664,January,31,walk,
1004,23,331,789,1664,January,31,coach,Sir William Batten
785,9,788,422,1664,January,31,walk,
9,785,422,788,1664,January,31,walk,
23,785,789,788,1664,February,1,walk,
785,533,788,153,1664,February,1,coach,Elizabeth Pepys
533,631,153,106,1664,February,1,coach,
785,9,788,422,1664,February,1,walk,
9,785,422,788,1664,February,1,walk,
9,785,422,788,1664,February,2,walk,
23,785,789,788,1664,February,3,walk,
785,112,788,358,1664,February,3,walk,
112,244,358,59,1664,February,3,coach,
244,293,59,682,1664,February,3,coach,
293,879,682,334,1664,February,3,coach,
879,785,334,788,1664,February,3,coach,
785,9,788,422,1664,February,4,walk,
9,451,422,548,1664,February,4,coach,
451,880,548,63,1664,February,4,walk,Mr. Pullen; Mr. Barnes
880,451,63,548,1664,February,4,walk,
451,54,548,546,1664,February,4,walk,
785,9,788,422,1664,February,4,walk,
9,785,422,788,1664,February,4,walk,
785,37,788,667,1664,February,5,boat,
9,785,422,788,1664,February,5,walk,
9,23,422,789,1664,February,6,walk,
23,785,789,788,1664,February,6,walk,
785,244,788,59,1664,February,6,walk,Elizabeth Pepys
244,887,59,67,1664,February,6,coach,Elizabeth Pepys
887,785,67,788,1664,February,6,coach,Elizabeth Pepys
785,318,788,566,1664,February,8,coach,
318,6,566,650,1664,February,8,walk,
23,785,789,788,1664,February,8,walk,
785,105,788,222,1664,February,8,walk,
785,9,788,422,1664,February,8,walk,
9,785,422,788,1664,February,8,walk,
9,785,422,788,1664,February,9,walk,
883,785,341,788,1664,February,10,coach,
785,498,788,395,1664,February,10,walk,Mr. Bland
3,170,642,566,1664,February,10,walk,
170,785,566,788,1664,February,10,walk,
785,244,788,59,1664,February,10,coach,
244,293,59,682,1664,February,10,coach,
293,631,682,106,1664,February,10,walk,
785,9,788,422,1664,February,10,walk,
9,785,422,788,1664,February,10,walk,
31,30,145,475,1664,February,12,walk,John Creed
30,785,475,788,1664,February,12,boat,John Creed
785,9,788,422,1664,February,13,walk,
9,641,422,2,1664,February,13,coach,Mr Coventry
641,885,2,422,1664,February,13,coach,John Creed
785,9,788,422,1664,February,13,walk,
9,785,422,788,1664,February,13,walk,
9,24,422,592,1664,February,14,walk,Elizabeth Pepys
785,6,788,650,1664,February,15,coach,Elizabeth Pepys
6,3,650,642,1664,February,15,walk,
3,857,642,622,1664,February,15,walk,
857,314,622,372,1664,February,15,walk,Mr Coventry
314,6,372,650,1664,February,15,walk,
6,631,650,106,1664,February,15,coach,Elizabeth Pepys
785,9,788,422,1664,February,15,walk,
9,785,422,788,1664,February,15,walk,
9,785,422,788,1664,February,16,walk,
785,888,788,123,1664,February,17,coach,Elizabeth Pepys
888,3,123,642,1664,February,17,walk,
3,107,642,541,1664,February,17,walk,James Pierce
107,23,541,789,1664,February,17,walk,
3,26,642,388,1664,February,17,walk,
26,785,388,788,1664,February,17,coach,Elizabeth Pepys
785,9,788,422,1664,February,17,walk,
9,785,422,788,1664,February,17,walk,
785,9,788,422,1664,February,18,walk,
9,641,422,2,1664,February,18,walk,Mr Coventry
785,9,788,422,1664,February,18,walk,
9,785,422,788,1664,February,18,walk,
24,886,592,114,1664,February,19,walk,Elizabeth Pepys; Aunt Wight; Mr. Maes
886,9,114,422,1664,February,19,walk,
9,886,422,114,1664,February,19,walk,
886,883,114,341,1664,February,19,coach,Elizabeth Pepys
883,887,341,67,1664,February,19,coach,Elizabeth Pepys
887,886,67,114,1664,February,19,coach,Elizabeth Pepys
886,24,114,592,1664,February,19,coach,Aunt Wight
23,785,789,788,1664,February,20,walk,
785,188,788,380,1664,February,20,boat,
188,37,380,667,1664,February,20,walk,
873,785,212,788,1664,February,20,boat,
9,785,422,788,1664,February,20,walk,
785,888,788,123,1664,February,22,coach,Elizabeth Pepys
888,107,123,541,1664,February,22,walk,
107,889,541,180,1664,February,22,walk,
889,23,180,789,1664,February,22,walk,
24,631,592,106,1664,February,22,walk,
9,785,422,788,1664,February,22,walk,
9,785,422,788,1664,February,23,walk,
3,107,642,541,1664,February,24,walk,
107,891,541,468,1664,February,24,walk,
891,892,468,172,1664,February,24,walk,
892,893,172,334,1664,February,24,walk,
893,631,334,106,1664,February,24,boat,
785,9,788,422,1664,February,24,walk,
9,785,422,788,1664,February,24,walk,
785,9,788,422,1664,February,25,walk,
9,641,422,2,1664,February,25,coach,Mr Coventry
785,244,788,59,1664,February,25,coach,Elizabeth Pepys; John Creed
244,883,59,341,1664,February,25,coach,John Creed
883,3,341,642,1664,February,25,coach,
3,244,642,59,1664,February,25,coach,
244,785,59,788,1664,February,25,coach,Elizabeth Pepys
785,9,788,422,1664,February,25,walk,
9,785,422,788,1664,February,25,walk,
785,894,788,373,1664,February,26,boat,
894,895,373,25,1664,February,26,horse,John Creed
895,883,25,341,1664,February,26,horse,John Creed; Lord Sandwich
883,785,341,788,1664,February,26,horse,
9,785,422,788,1664,February,26,walk,
9,785,422,788,1664,February,27,walk,
117,106,545,675,1664,February,28,coach,Sir John Robinson
106,896,675,69,1664,February,28,walk,Sir John Robinson
896,106,69,675,1664,February,28,walk,
106,785,675,788,1664,February,28,walk,
785,861,788,516,1664,February,28,walk,
861,785,516,788,1664,February,28,walk,
115,890,85,85,1664,February,29,walk,
23,785,789,788,1664,February,29,walk,
785,897,788,133,1664,February,29,coach,Elizabeth Pepys
897,3,133,642,1664,February,29,walk,
13,71,610,122,1664,February,29,boat,
785,9,788,422,1664,February,29,walk,
9,785,422,788,1664,February,29,walk,
9,785,422,788,1664,March,1,walk,
785,21,788,546,1664,March,2,walk,
21,785,546,788,1664,March,2,walk,
9,785,422,788,1664,March,2,walk,
170,31,566,145,1664,March,4,boat,Mr. Shish
31,37,145,667,1664,March,4,boat,
37,785,667,788,1664,March,4,walk,
23,631,789,106,1664,March,4,walk,
631,785,106,788,1664,March,4,walk,
9,785,422,788,1664,March,4,walk,
9,785,422,788,1664,March,5,walk,
193,244,158,59,1664,March,7,walk,Elizabeth Pepys
244,785,59,788,1664,March,7,walk,
193,244,158,59,1664,March,8,walk,Elizabeth Pepys
244,785,59,788,1664,March,8,walk,
9,785,422,788,1664,March,8,walk,
9,23,422,789,1664,March,10,walk,
23,785,789,788,1664,March,10,walk,
785,26,788,388,1664,March,10,coach,Elizabeth Pepys
26,3,388,642,1664,March,10,walk,
3,26,642,388,1664,March,10,walk,
26,785,388,788,1664,March,10,coach,Elizabeth Pepys
785,883,788,341,1664,March,11,coach,
883,785,341,788,1664,March,11,coach,
785,631,788,106,1664,March,11,walk,
9,785,422,788,1664,March,11,walk,
23,785,789,788,1664,March,12,walk,
785,31,788,145,1664,March,12,walk,
31,102,145,226,1664,March,12,walk,
102,785,226,788,1664,March,12,walk,
9,785,422,788,1664,March,12,walk,
785,9,788,422,1664,March,13,walk,
9,785,422,788,1664,March,13,walk,
232,244,591,59,1664,March,13,walk,Will Joyce
244,71,59,122,1664,March,13,walk,
71,785,122,788,1664,March,13,walk,
244,3,59,642,1664,March,14,walk,
3,857,642,622,1664,March,14,walk,
857,611,622,361,1664,March,14,coach,Sir William Batten
611,631,361,106,1664,March,14,walk,
631,23,106,789,1664,March,14,walk,
23,785,789,788,1664,March,14,walk,
71,232,122,591,1664,March,14,walk,Elizabeth Pepys
785,9,788,422,1664,March,14,walk,
9,785,422,788,1664,March,14,walk,
9,785,422,788,1664,March,15,walk,
244,71,59,122,1664,March,15,walk,
71,244,122,59,1664,March,15,walk,
244,785,59,788,1664,March,16,coach,
785,9,788,422,1664,March,16,walk,
9,785,422,788,1664,March,16,walk,
785,244,788,59,1664,March,17,walk,
244,71,59,122,1664,March,17,walk,
71,785,122,788,1664,March,17,coach,
244,71,59,122,1664,March,18,walk,
71,900,122,670,1664,March,18,walk,
244,140,59,21,1664,March,18,walk,
140,785,21,788,1664,March,18,walk,
785,140,788,21,1664,March,18,walk,Elizabeth Pepys
140,244,21,59,1664,March,18,walk,Elizabeth Pepys
785,9,788,422,1664,March,18,walk,
9,785,422,788,1664,March,18,walk,
785,9,788,422,1664,March,19,walk,
9,785,422,788,1664,March,19,walk,
785,498,788,395,1664,March,20,coach,John Creed
498,6,395,650,1664,March,20,coach,Mr. Povy
6,380,650,540,1664,March,20,coach,
380,23,540,789,1664,March,20,coach,
23,785,789,788,1664,March,20,coach,
785,9,788,422,1664,March,20,walk,
9,785,422,788,1664,March,20,walk,
9,785,422,788,1664,March,23,walk,
785,3,788,642,1664,March,25,boat,
3,95,642,619,1664,March,25,walk,
95,785,619,788,1664,March,25,boat,
785,9,788,422,1664,March,25,walk,
9,17,422,174,1664,March,25,walk,Elizabeth Pepys
785,9,788,422,1664,March,25,walk,
9,785,422,788,1664,March,25,walk,
785,107,788,541,1664,March,26,coach,Elizabeth Pepys; Uncle Wight; Aunt Wight
107,24,541,592,1664,March,26,coach,Elizabeth Pepys; Uncle Wight; Aunt Wight
24,785,592,788,1664,March,26,walk,Elizabeth Pepys
9,785,422,788,1664,March,26,walk,
785,902,788,539,1664,March,27,walk,
902,17,539,174,1664,March,27,walk,
785,233,788,591,1664,March,28,walk,
233,17,591,174,1664,March,28,walk,
17,13,174,610,1664,March,28,walk,
13,107,610,541,1664,March,28,walk,John Creed
13,10,610,314,1664,March,28,walk,Sir John Minnes
10,864,314,371,1664,March,28,walk,
864,785,371,788,1664,March,28,coach,Sir William Batten; Sir William Penn
785,63,788,519,1664,March,29,walk,
63,77,519,503,1664,March,29,walk,Sir John Minnes
785,9,788,422,1664,March,29,walk,
9,785,422,788,1664,March,29,walk,
785,9,788,422,1664,March,30,walk,
9,785,422,788,1664,March,30,walk,
785,9,788,422,1664,March,31,walk,
9,31,422,145,1664,March,31,walk,John Creed
785,9,788,422,1664,March,31,coach,Elizabeth Pepys
9,17,422,174,1664,March,31,coach,Elizabeth Pepys
17,901,174,74,1664,March,31,walk,
901,785,74,788,1664,March,31,coach,Elizabeth Pepys
785,117,788,545,1664,April,1,walk,W. Howe
117,785,545,788,1664,April,1,walk,
9,785,422,788,1664,April,1,walk,
23,188,789,380,1664,April,2,boat,Sir William Warren
188,37,380,667,1664,April,2,walk,
9,785,422,788,1664,April,2,walk,
883,908,341,448,1664,April,4,walk,
908,13,448,610,1664,April,4,walk,
357,909,8,562,1664,April,5,walk,
909,908,562,448,1664,April,5,walk,
908,3,448,642,1664,April,5,coach,
3,908,642,448,1664,April,5,walk,
908,909,448,562,1664,April,5,walk,
909,13,562,610,1664,April,5,boat,
910,909,414,562,1664,April,5,walk,
909,785,562,788,1664,April,5,coach,Mrs. Anthony Joyce
785,9,788,422,1664,April,5,walk,
9,785,422,788,1664,April,5,walk,
9,785,422,788,1664,April,6,walk,
785,280,788,684,1664,April,6,coach,Elizabeth Pepys
3,186,642,668,1664,April,6,walk,
186,23,668,789,1664,April,6,walk,
9,23,422,789,1664,April,7,walk,
785,31,788,145,1664,April,8,boat,Sir William Batten
31,550,145,77,1664,April,8,walk,Sir William Batten
550,31,77,145,1664,April,8,walk,
785,911,788,593,1664,April,9,coach,Elizabeth Pepys
785,9,788,422,1664,April,9,walk,
9,785,422,788,1664,April,9,walk,
785,63,788,519,1664,April,11,walk,
63,785,519,788,1664,April,11,walk,
785,24,788,592,1664,April,12,coach,Elizabeth Pepys
24,631,592,106,1664,April,12,walk,W. Howe
631,23,106,789,1664,April,12,walk,
23,24,789,592,1664,April,12,walk,W. Howe
24,883,592,341,1664,April,12,coach,Elizabeth Pepys
785,897,788,133,1664,April,13,coach,John Pepys Sr
897,864,133,371,1664,April,13,coach,
785,115,788,85,1664,April,14,walk,John Pepys Sr
115,864,85,371,1664,April,14,coach,Colonel Froud
3,879,642,334,1664,April,14,walk,John Creed
879,785,334,788,1664,April,14,coach,
9,785,422,788,1664,April,14,walk,
23,785,789,788,1664,April,15,walk,
785,193,788,158,1664,April,15,coach,Elizabeth Pepys
193,71,158,122,1664,April,15,coach,Elizabeth Pepys
71,24,122,592,1664,April,15,coach,Elizabeth Pepys
24,9,592,422,1664,April,15,walk,
9,24,422,592,1664,April,15,walk,
785,9,788,422,1664,April,15,walk,
9,785,422,788,1664,April,15,walk,
785,102,788,226,1664,April,16,walk,
102,785,226,788,1664,April,16,walk,Elizabeth Pepys
9,785,422,788,1664,April,16,walk,
785,13,788,610,1664,April,18,coach,
13,26,610,388,1664,April,18,walk,
26,107,388,541,1664,April,18,walk,Mrs. Hunt
382,24,275,592,1664,April,18,coach,Elizabeth Pepys
24,785,592,788,1664,April,18,walk,
785,9,788,422,1664,April,18,walk,
9,785,422,788,1664,April,18,walk,
864,913,371,541,1664,April,19,walk,John Creed; Mr. Vernaty
913,13,541,610,1664,April,19,walk,
785,9,788,422,1664,April,19,walk,
9,785,422,788,1664,April,19,walk,
13,104,610,562,1664,April,20,walk,
104,13,562,610,1664,April,20,walk,
13,785,610,788,1664,April,20,coach,Sir William Penn
785,9,788,422,1664,April,20,walk,
9,785,422,788,1664,April,20,walk,
785,9,788,422,1664,April,21,walk,
9,911,422,593,1664,April,21,coach,John Creed; Elizabeth Pepys
13,24,610,592,1664,April,21,coach,Elizabeth Pepys
24,23,592,789,1664,April,21,walk,
24,9,592,422,1664,April,21,walk,
9,785,422,788,1664,April,21,walk,
785,873,788,212,1664,April,22,boat,
37,188,667,380,1664,April,22,walk,
188,873,380,212,1664,April,22,walk,Mr. Deane
873,785,212,788,1664,April,22,boat,Mr. Deane
785,883,788,341,1664,April,22,coach,Elizabeth Pepys
9,785,422,788,1664,April,22,walk,
785,9,788,422,1664,April,23,walk,
9,129,422,604,1664,April,23,boat,
129,785,604,788,1664,April,23,boat,
785,23,788,789,1664,April,23,walk,
785,9,788,422,1664,April,23,walk,
9,785,422,788,1664,April,23,walk,
785,380,788,540,1664,April,25,coach,Sir William Penn
785,914,788,39,1664,April,25,coach,Elizabeth Pepys
914,915,39,223,1664,April,25,coach,Elizabeth Pepys
915,267,223,299,1664,April,25,coach,Elizabeth Pepys
267,916,299,432,1664,April,25,coach,Elizabeth Pepys
916,157,432,282,1664,April,25,coach,Elizabeth Pepys
157,397,282,63,1664,April,25,coach,Elizabeth Pepys
397,157,63,282,1664,April,25,coach,Elizabeth Pepys
157,785,282,788,1664,April,25,coach,Elizabeth Pepys
380,107,540,541,1664,April,26,walk,John Creed
785,9,788,422,1664,April,26,walk,
9,785,422,788,1664,April,26,walk,
785,13,788,610,1664,April,27,coach,
13,785,610,788,1664,April,27,coach,Alderman Backwell
785,23,788,789,1664,April,27,walk,
23,785,789,788,1664,April,27,walk,
785,9,788,422,1664,April,27,walk,
9,917,422,564,1664,April,27,coach,Elizabeth Pepys
917,883,564,341,1664,April,27,walk,
785,9,788,422,1664,April,27,walk,
9,785,422,788,1664,April,27,walk,
9,23,422,789,1664,April,28,walk,
23,785,789,788,1664,April,28,walk,
785,883,788,341,1664,April,29,coach,Elizabeth Pepys
785,9,788,422,1664,April,29,walk,
9,785,422,788,1664,April,29,walk,
73,785,442,788,1664,April,30,walk,
785,37,788,667,1664,April,30,boat,
37,188,667,380,1664,April,30,walk,Mr. Deane
188,785,380,788,1664,April,30,boat,Mr. Deane
9,785,422,788,1664,April,30,walk,
785,873,788,212,1664,May,1,boat,Elizabeth Pepys; Besse
873,31,212,145,1664,May,1,boat,
31,102,145,226,1664,May,1,walk,Mr. Wayth
102,785,226,788,1664,May,1,walk,Elizabeth Pepys; Besse
23,785,789,788,1664,May,2,walk,
785,883,788,341,1664,May,2,coach,Elizabeth Pepys
883,533,341,153,1664,May,2,coach,Elizabeth Pepys; Mademoiselle
533,382,153,275,1664,May,2,coach,Elizabeth Pepys; Mademoiselle
382,785,275,788,1664,May,2,coach,Elizabeth Pepys
785,9,788,422,1664,May,2,walk,
9,785,422,788,1664,May,2,walk,
785,446,788,365,1664,May,3,walk,
446,3,365,642,1664,May,3,boat,Mr. Bland
3,864,642,371,1664,May,3,walk,John Creed; Mr. Vernaty
24,23,592,789,1664,May,3,walk,
23,24,789,592,1664,May,3,walk,
9,23,422,789,1664,May,4,walk,
9,785,422,788,1664,May,4,walk,
785,23,788,789,1664,May,5,walk,
9,280,422,684,1664,May,9,coach,Elizabeth Pepys
785,9,788,422,1664,May,12,walk,
9,785,422,788,1664,May,12,walk,
908,10,448,314,1664,May,13,walk,Sir George Ascue; Sir William Penn
10,785,314,788,1664,May,13,walk,
785,9,788,422,1664,May,13,walk,
9,785,422,788,1664,May,13,walk,
785,9,788,422,1664,May,18,walk,
9,3,422,642,1664,May,18,coach,
115,3,85,642,1664,May,19,walk,
785,9,788,422,1664,May,19,walk,
9,785,422,788,1664,May,19,walk,
9,23,422,789,1664,May,21,walk,
23,785,789,788,1664,May,21,walk,
883,785,341,788,1664,May,21,coach,Elizabeth Pepys
785,3,788,642,1664,May,22,boat,
3,6,642,650,1664,May,22,walk,
6,380,650,540,1664,May,22,walk,
380,3,540,642,1664,May,22,walk,Mr Coventry
3,785,642,788,1664,May,22,walk,John Creed
785,188,788,380,1664,May,22,boat,Elizabeth Pepys; John Creed
188,37,380,667,1664,May,22,walk,
31,102,145,226,1664,May,22,walk,Mr. Wayth
102,785,226,788,1664,May,22,boat,Elizabeth Pepys
9,188,422,380,1664,May,23,boat,Elizabeth Pepys; Mr. Hater
188,37,380,667,1664,May,23,walk,Mr. Hater
37,417,667,667,1664,May,23,walk,
883,233,341,591,1664,May,26,walk,
233,293,591,682,1664,May,26,walk,
293,883,682,341,1664,May,26,walk,
9,23,422,789,1664,May,27,walk,
23,642,789,74,1664,May,27,walk,
642,785,74,788,1664,May,27,walk,
785,921,788,532,1664,May,27,walk,Mr. Wayth
921,785,532,788,1664,May,27,walk,
9,785,422,788,1664,May,27,walk,
9,23,422,789,1664,May,28,walk,
23,642,789,74,1664,May,28,walk,
642,785,74,788,1664,May,28,walk,
785,864,788,371,1664,May,29,walk,
864,3,371,642,1664,May,29,walk,Mr. Povy
3,320,642,297,1664,May,29,walk,Mr. Povy
320,498,297,395,1664,May,29,walk,Mr. Povy
9,785,422,788,1664,May,31,walk,
785,9,788,422,1664,May,31,walk,
9,923,422,305,1664,May,31,coach,Elizabeth Pepys
923,107,305,541,1664,May,31,walk,Elizabeth Pepys
107,785,541,788,1664,May,31,coach,Elizabeth Pepys
31,785,145,788,1664,June,1,boat,
785,925,788,523,1664,June,1,boat,
230,533,8,153,1664,June,1,walk,Elizabeth Pepys
785,9,788,422,1664,June,1,walk,
9,785,422,788,1664,June,1,walk,
23,864,789,371,1664,June,2,coach,Mr Coventry
864,3,371,642,1664,June,2,walk,
9,785,422,788,1664,June,2,walk,
785,9,788,422,1664,June,3,walk,
9,23,422,789,1664,June,3,walk,
23,785,789,788,1664,June,3,walk,
785,3,788,642,1664,June,3,coach,Elizabeth Pepys
3,26,642,388,1664,June,3,walk,
26,785,388,788,1664,June,3,coach,Elizabeth Pepys
785,9,788,422,1664,June,3,walk,
9,785,422,788,1664,June,3,walk,
9,864,422,371,1664,June,4,boat,Mr Coventry
864,3,371,642,1664,June,4,walk,
3,785,642,788,1664,June,4,coach,
785,9,788,422,1664,June,4,walk,
9,785,422,788,1664,June,4,walk,
785,31,788,145,1664,June,6,boat,Mr. Gauden
31,9,145,422,1664,June,6,boat,
9,3,422,642,1664,June,6,coach,Mr. Gauden
785,9,788,422,1664,June,6,walk,
9,785,422,788,1664,June,6,walk,
9,23,422,789,1664,June,7,walk,
23,785,789,788,1664,June,7,walk,
9,450,422,155,1664,June,9,coach,
450,785,155,788,1664,June,9,coach,
107,785,541,788,1664,June,10,boat,
785,9,788,422,1664,June,10,walk,
9,785,422,788,1664,June,10,walk,
9,23,422,789,1664,June,11,walk,
23,785,789,788,1664,June,11,walk,John Creed
785,937,788,39,1664,June,11,coach,Elizabeth Pepys
937,915,39,223,1664,June,11,coach,Elizabeth Pepys
915,785,223,788,1664,June,11,coach,Elizabeth Pepys
785,102,788,226,1664,June,12,boat,Elizabeth Pepys; John Creed
102,785,226,788,1664,June,12,walk,Elizabeth Pepys; John Creed
785,9,788,422,1664,June,12,walk,
9,785,422,788,1664,June,12,walk,
3,864,642,371,1664,June,13,walk,Mr Coventry
864,43,371,583,1664,June,13,boat,
43,873,583,212,1664,June,13,boat,John Creed
873,930,212,212,1664,June,13,walk,
928,785,291,788,1664,June,14,coach,Elizabeth Pepys
785,927,788,586,1664,June,15,walk,Captain Witham
927,162,586,597,1664,June,15,walk,
162,785,597,788,1664,June,15,walk,
785,873,788,212,1664,June,15,boat,Elizabeth Pepys; John Creed; Lady Jemimah; Lady Paulina; Lady Katherine
873,931,212,76,1664,June,15,walk,
931,930,76,212,1664,June,15,walk,
883,932,341,291,1664,June,15,walk,John Creed
932,1032,291,303,1664,June,16,walk,John Creed
785,9,788,422,1664,June,16,walk,
9,23,422,789,1664,June,16,walk,
785,37,788,667,1664,June,17,boat,
37,188,667,380,1664,June,17,walk,
188,31,380,145,1664,June,17,boat,
9,785,422,788,1664,June,17,walk,
9,785,422,788,1664,June,20,walk,
3,107,642,541,1664,June,21,walk,John Creed
785,23,788,789,1664,June,22,walk,
9,23,422,789,1664,June,23,walk,
23,785,789,788,1664,June,23,walk,
107,320,541,297,1664,June,24,walk,James Pierce
320,785,297,788,1664,June,24,walk,
380,785,540,788,1664,June,27,walk,
785,37,788,667,1664,June,27,boat,
785,170,788,566,1664,June,29,walk,Mr. Shepley
170,917,566,564,1664,June,29,walk,
785,9,788,422,1664,June,29,walk,
9,785,422,788,1664,June,29,walk,
37,873,667,212,1664,June,30,walk,
873,785,212,788,1664,June,30,boat,
785,9,788,422,1664,July,1,walk,
9,785,422,788,1664,July,1,walk,
9,785,422,788,1664,July,2,walk,
785,66,788,374,1664,July,4,walk,
66,785,374,788,1664,July,4,walk,
785,23,788,789,1664,July,4,walk,
23,785,789,788,1664,July,4,walk,
9,23,422,789,1664,July,5,walk,
23,785,789,788,1664,July,5,walk,W. Howe
43,939,583,573,1664,July,6,boat,Elizabeth Pepys; James Pierce; Elizabeth Pierce; Mrs. Clerke
939,873,573,212,1664,July,6,boat,Elizabeth Pepys; James Pierce; Elizabeth Pierce
873,785,212,788,1664,July,6,boat,Elizabeth Pepys
785,9,788,422,1664,July,7,walk,
9,785,422,788,1664,July,7,walk,
785,3,788,642,1664,July,7,walk,
785,9,788,422,1664,July,8,walk,
9,785,422,788,1664,July,8,walk,
785,9,788,422,1664,July,9,walk,
9,3,422,642,1664,July,9,coach,Sir John Minnes
785,9,788,422,1664,July,9,walk,
9,785,422,788,1664,July,9,walk,
410,883,523,341,1664,July,10,walk,Elizabeth Pepys
785,943,788,26,1664,July,11,horse,Elizabeth Pepys; William Hewer
943,785,26,788,1664,July,11,horse,William Hewer
785,9,788,422,1664,July,12,walk,
9,31,422,145,1664,July,12,boat,Sir George Carteret; Sir John Minnes; Sir William Batten
785,9,788,422,1664,July,12,walk,
9,785,422,788,1664,July,12,walk,
9,883,422,341,1664,July,13,walk,
883,429,341,133,1664,July,14,walk,
429,883,133,341,1664,July,14,walk,
499,9,336,422,1664,July,14,walk,
9,23,422,789,1664,July,14,walk,
23,1088,789,459,1664,July,14,walk,Mr. Alsopp; Mr. Lanyon
3,499,642,336,1664,July,14,walk,
499,942,336,180,1664,July,14,walk,Mr. Lanyon
942,499,180,336,1664,July,14,walk,
785,9,788,422,1664,July,14,walk,
9,785,422,788,1664,July,14,walk,
883,380,341,540,1664,July,15,walk,John Creed
785,9,788,422,1664,July,15,walk,
9,785,422,788,1664,July,15,walk,
785,9,788,422,1664,July,16,walk,
9,23,422,789,1664,July,16,walk,
785,9,788,422,1664,July,16,walk,
9,785,422,788,1664,July,16,walk,
785,9,788,422,1664,July,17,walk,
9,883,422,341,1664,July,17,walk,
883,785,341,788,1664,July,17,walk,
785,883,788,341,1664,July,18,walk,
883,380,341,540,1664,July,18,walk,
380,499,540,336,1664,July,18,walk,
23,785,789,788,1664,July,18,walk,
785,498,788,395,1664,July,18,coach,John Creed
498,499,395,336,1664,July,18,walk,
499,785,336,788,1664,July,18,coach,John Creed
9,37,422,667,1664,July,19,boat,Sir William Batten
947,31,145,145,1664,July,19,walk,
785,9,788,422,1664,July,20,walk,
9,3,422,642,1664,July,20,coach,
193,107,158,541,1664,July,20,walk,John Creed
107,785,541,788,1664,July,20,walk,
785,9,788,422,1664,July,20,walk,
9,785,422,788,1664,July,20,walk,
785,9,788,422,1664,July,21,walk,
9,63,422,519,1664,July,21,walk,
63,499,519,336,1664,July,21,walk,
499,910,336,414,1664,July,21,walk,
785,9,788,422,1664,July,21,walk,
9,785,422,788,1664,July,21,walk,
9,23,422,789,1664,July,22,walk,
23,785,789,788,1664,July,22,walk,
785,31,788,145,1664,July,22,boat,
31,785,145,788,1664,July,22,boat,
13,594,610,213,1664,July,23,boat,
594,949,213,181,1664,July,23,walk,
949,785,181,788,1664,July,23,walk,
785,9,788,422,1664,July,23,walk,
9,785,422,788,1664,July,23,walk,
9,785,422,788,1664,July,24,walk,
785,115,788,85,1664,July,25,walk,
115,911,85,593,1664,July,25,walk,
911,885,593,422,1664,July,25,walk,
885,785,422,788,1664,July,25,walk,
785,9,788,422,1664,July,25,walk,
9,785,422,788,1664,July,25,walk,
357,885,8,422,1664,July,26,walk,
885,785,422,788,1664,July,26,walk,
785,9,788,422,1664,July,26,walk,
9,785,422,788,1664,July,26,walk,
3,23,642,789,1664,July,27,walk,
23,3,789,642,1664,July,27,walk,
785,9,788,422,1664,July,28,walk,
9,23,422,789,1664,July,28,walk,
23,785,789,788,1664,July,28,walk,
785,193,788,158,1664,July,28,walk,
193,785,158,788,1664,July,28,coach,
785,9,788,422,1664,July,28,walk,
9,785,422,788,1664,July,28,walk,
785,9,788,422,1664,July,29,walk,
9,23,422,789,1664,July,29,walk,
23,233,789,591,1664,July,29,walk,
233,949,591,181,1664,July,29,walk,
949,785,181,788,1664,July,29,walk,
785,9,788,422,1664,July,30,walk,
9,23,422,789,1664,July,30,walk,
785,9,788,422,1664,July,30,walk,
9,785,422,788,1664,July,30,walk,
176,785,544,788,1664,July,31,walk,
785,449,788,505,1664,July,31,walk,Mr. Hill
785,9,788,422,1664,July,31,walk,
9,785,422,788,1664,July,31,walk,
356,499,364,336,1664,August,1,walk,
499,785,336,788,1664,August,1,walk,
785,9,788,422,1664,August,1,walk,
9,785,422,788,1664,August,1,walk,
785,9,788,422,1664,August,2,walk,
9,23,422,789,1664,August,2,walk,
23,533,789,153,1664,August,2,walk,
533,785,153,788,1664,August,2,walk,
785,9,788,422,1664,August,2,walk,
9,176,422,544,1664,August,2,walk,
176,785,544,788,1664,August,2,walk,
785,356,788,364,1664,August,3,walk,
356,3,364,642,1664,August,3,walk,
3,23,642,789,1664,August,3,walk,
23,785,789,788,1664,August,3,walk,
785,37,788,667,1664,August,3,boat,
37,785,667,788,1664,August,3,boat,
785,9,788,422,1664,August,3,walk,
9,785,422,788,1664,August,3,walk,
785,9,788,422,1664,August,4,walk,
9,861,422,516,1664,August,4,walk,
861,533,516,153,1664,August,4,coach,Sir William Penn
533,883,153,341,1664,August,4,coach,
883,785,341,788,1664,August,4,walk,
785,9,788,422,1664,August,4,walk,
9,785,422,788,1664,August,4,walk,
785,230,788,8,1664,August,5,horse,
230,943,8,26,1664,August,5,horse,Will Joyce
943,261,26,557,1664,August,5,horse,Will Joyce
785,9,788,422,1664,August,6,walk,
9,785,422,788,1664,August,6,walk,
785,82,788,396,1664,August,7,walk,
82,785,396,788,1664,August,7,walk,
785,533,788,153,1664,August,8,coach,Elizabeth Pepys
533,785,153,788,1664,August,8,coach,Elizabeth Pepys
785,9,788,422,1664,August,8,walk,
9,785,422,788,1664,August,8,walk,
785,956,788,422,1664,August,10,walk,
956,957,422,463,1664,August,10,walk,Captain Silas Taylor
957,785,463,788,1664,August,10,walk,
785,9,788,422,1664,August,10,walk,
9,785,422,788,1664,August,10,walk,
9,785,422,788,1664,August,11,walk,
785,9,788,422,1664,August,12,walk,
9,23,422,789,1664,August,12,walk,
23,785,789,788,1664,August,12,walk,
785,9,788,422,1664,August,12,walk,
9,785,422,788,1664,August,12,walk,
9,785,422,788,1664,August,13,walk,
785,193,788,158,1664,August,13,coach,Elizabeth Pepys; John Creed
785,170,788,566,1664,August,15,coach,John Creed; Elizabeth Pepys
170,356,566,364,1664,August,15,walk,Elizabeth Pepys
356,818,364,148,1664,August,15,walk,
818,356,148,364,1664,August,15,walk,
785,9,788,422,1664,August,15,walk,
9,785,422,788,1664,August,15,walk,
785,9,788,422,1664,August,16,walk,
9,23,422,789,1664,August,16,walk,
785,9,788,422,1664,August,16,walk,
9,785,422,788,1664,August,16,walk,
785,63,788,519,1664,August,17,walk,
63,17,519,174,1664,August,17,walk,
17,66,174,374,1664,August,17,walk,
66,883,374,341,1664,August,17,walk,
883,919,341,394,1664,August,17,coach,Elizabeth Pepys
919,3,394,642,1664,August,17,walk,
3,919,642,394,1664,August,17,walk,
919,785,394,788,1664,August,17,coach,Elizabeth Pepys
785,9,788,422,1664,August,18,walk,
9,13,422,610,1664,August,18,walk,
13,919,610,394,1664,August,18,walk,
919,155,394,576,1664,August,18,walk,
785,9,788,422,1664,August,18,walk,
9,785,422,788,1664,August,18,walk,
9,23,422,789,1664,August,20,walk,
23,63,789,519,1664,August,20,walk,
63,9,519,422,1664,August,20,walk,
3,13,642,610,1664,August,22,walk,
13,357,610,8,1664,August,22,walk,
785,9,788,422,1664,August,22,walk,
9,785,422,788,1664,August,22,walk,
23,785,789,788,1664,August,23,walk,
785,958,788,425,1664,August,23,walk,
156,960,204,735,1664,August,23,walk,
960,785,735,788,1664,August,23,walk,
9,785,422,788,1664,August,23,walk,
785,9,788,422,1664,August,24,walk,
9,3,422,642,1664,August,24,walk,
3,156,642,204,1664,August,24,walk,
156,785,204,788,1664,August,24,walk,
785,23,788,789,1664,August,24,walk,
23,3,789,642,1664,August,24,walk,John Creed
785,9,788,422,1664,August,24,walk,
9,785,422,788,1664,August,24,walk,
9,23,422,789,1664,August,25,walk,
23,785,789,788,1664,August,25,walk,
785,31,788,145,1664,August,26,boat,
31,417,145,667,1664,August,26,boat,Mr Pumpfield
417,31,667,145,1664,August,26,walk,
31,785,145,788,1664,August,26,boat,
23,1007,789,578,1664,August,26,boat,
1007,3,578,642,1664,August,26,boat,
785,9,788,422,1664,August,27,walk,
9,23,422,789,1664,August,27,walk,
23,642,789,74,1664,August,27,walk,
642,785,74,788,1664,August,27,walk,
785,9,788,422,1664,August,27,walk,
9,785,422,788,1664,August,27,walk,
176,785,544,788,1664,August,28,walk,
785,23,788,789,1664,August,28,walk,John Creed
785,883,788,341,1664,August,29,walk,John Creed
883,13,341,610,1664,August,29,walk,
13,785,610,788,1664,August,29,walk,
785,9,788,422,1664,August,29,walk,
9,785,422,788,1664,August,29,walk,
785,9,788,422,1664,August,31,walk,
9,785,422,788,1664,August,31,walk,
785,3,788,642,1664,August,31,coach,
3,785,642,788,1664,August,31,coach,
9,23,422,789,1664,September,1,walk,
785,23,788,789,1664,September,2,walk,Tom Edwards
23,785,789,788,1664,September,2,walk,
785,240,788,27,1664,September,2,coach,Elizabeth Pepys; Tom Edwards
785,9,788,422,1664,September,2,walk,
9,785,422,788,1664,September,2,walk,
3,911,642,593,1664,September,5,walk,Elizabeth Pepys
23,785,789,788,1664,September,5,walk,
785,37,788,667,1664,September,5,boat,
785,9,788,422,1664,September,5,walk,
9,785,422,788,1664,September,5,walk,
9,3,422,642,1664,September,6,coach,Mr. Andrews
3,230,642,8,1664,September,6,walk,
230,357,8,8,1664,September,6,walk,
357,785,8,788,1664,September,6,walk,
785,962,788,317,1664,September,7,walk,Mr. Margetts
962,23,317,789,1664,September,7,walk,
785,240,788,27,1664,September,7,walk,John Creed
240,785,27,788,1664,September,7,walk,
785,9,788,422,1664,September,7,walk,
9,785,422,788,1664,September,7,walk,
785,9,788,422,1664,September,8,walk,
9,37,422,667,1664,September,8,boat,
785,446,788,365,1664,September,8,walk,Mr. Povy
446,785,365,788,1664,September,8,walk,
785,9,788,422,1664,September,9,walk,
9,785,422,788,1664,September,9,walk,
9,23,422,789,1664,September,10,walk,
23,785,789,788,1664,September,10,walk,
785,193,788,158,1664,September,10,coach,Elizabeth Pepys; Mary Mercer
193,785,158,788,1664,September,10,coach,Elizabeth Pepys; Mary Mercer
176,785,544,788,1664,September,11,walk,
785,103,788,609,1664,September,11,walk,
103,24,609,592,1664,September,11,walk,
785,357,788,8,1664,September,12,walk,
357,380,8,540,1664,September,12,coach,
380,13,540,610,1664,September,12,walk,
13,103,610,609,1664,September,12,walk,
785,9,788,422,1664,September,13,walk,
9,963,422,179,1664,September,13,walk,
963,785,179,788,1664,September,13,walk,
785,9,788,422,1664,September,13,walk,
9,785,422,788,1664,September,13,walk,
785,9,788,422,1664,September,14,walk,
9,23,422,789,1664,September,14,walk,
23,785,789,788,1664,September,14,walk,
9,785,422,788,1664,September,15,walk,
519,785,561,788,1664,September,16,coach,
785,967,788,361,1664,September,16,walk,Tom Edwards
967,23,361,789,1664,September,16,walk,
9,785,422,788,1664,September,16,walk,
176,785,544,788,1664,September,18,walk,
785,965,788,609,1664,September,18,walk,Anthony Joyce; Will Joyce
23,24,789,592,1664,September,18,walk,
24,785,592,788,1664,September,18,walk,
3,13,642,610,1664,September,19,walk,
13,785,610,788,1664,September,19,coach,
785,9,788,422,1664,September,19,walk,
9,785,422,788,1664,September,19,walk,
9,23,422,789,1664,September,20,walk,
23,963,789,179,1664,September,20,walk,
963,785,179,788,1664,September,20,walk,
785,9,788,422,1664,September,21,walk,
9,785,422,788,1664,September,21,walk,
9,23,422,789,1664,September,22,walk,
9,410,422,523,1664,September,24,coach,
9,785,422,788,1664,September,26,walk,
9,963,422,179,1664,September,27,walk,
963,785,179,788,1664,September,27,walk,
193,230,158,8,1664,September,28,walk,
230,1245,8,290,1664,September,28,walk,
785,9,788,422,1664,September,29,walk,
9,77,422,503,1664,September,29,walk,John Creed
77,968,503,114,1664,September,29,walk,
968,785,114,788,1664,September,29,walk,
785,9,788,422,1664,September,29,walk,
9,785,422,788,1664,September,29,walk,
785,9,788,422,1664,September,30,walk,
9,785,422,788,1664,September,30,walk,
785,9,788,422,1664,October,1,walk,
9,785,422,788,1664,October,1,walk,
223,883,99,341,1664,October,2,walk,
883,223,341,99,1664,October,2,walk,
223,785,99,788,1664,October,2,walk,
380,23,540,789,1664,October,3,walk,
785,31,788,145,1664,October,3,boat,Mr Coventry
31,785,145,788,1664,October,3,boat,Mr Coventry
785,9,788,422,1664,October,3,walk,
9,785,422,788,1664,October,3,walk,
9,23,422,789,1664,October,4,walk,
23,631,789,106,1664,October,5,walk,
631,334,106,588,1664,October,5,walk,
334,785,588,788,1664,October,5,walk,
785,957,788,463,1664,October,5,walk,
785,9,788,422,1664,October,5,walk,
9,785,422,788,1664,October,5,walk,
785,9,788,422,1664,October,7,walk,
9,785,422,788,1664,October,7,walk,
9,785,422,788,1664,October,8,walk,
785,176,788,544,1664,October,9,walk,Elizabeth Pepys
176,785,544,788,1664,October,9,walk,
785,977,788,21,1664,October,9,walk,
977,176,21,544,1664,October,9,walk,
176,785,544,788,1664,October,9,walk,
785,24,788,592,1664,October,9,walk,
785,9,788,422,1664,October,10,walk,
9,785,422,788,1664,October,10,walk,
9,785,422,788,1664,October,11,walk,
785,963,788,179,1664,October,11,walk,
785,975,788,789,1664,October,12,walk,
975,785,789,788,1664,October,12,boat,
9,785,422,788,1664,October,12,walk,
785,9,788,422,1664,October,13,walk,
9,785,422,788,1664,October,13,walk,
972,973,4,265,1664,October,13,horse,Will Joyce; Tom Trice
973,199,265,51,1664,October,14,horse,Will Joyce; Tom Trice
213,943,232,26,1664,October,16,horse,Will Joyce
943,785,26,788,1664,October,16,horse,Will Joyce
785,9,788,422,1664,October,17,walk,
9,785,422,788,1664,October,17,walk,
9,963,422,179,1664,October,18,walk,
963,3,179,642,1664,October,18,coach,Mr. Gray
9,6,422,650,1664,October,20,walk,
6,785,650,788,1664,October,20,walk,Mr. Cholmely
785,9,788,422,1664,October,21,walk,
9,785,422,788,1664,October,21,walk,
785,9,788,422,1664,October,23,walk,
9,785,422,788,1664,October,23,walk,
785,23,788,789,1664,October,24,walk,
23,3,789,642,1664,October,24,walk,
3,785,642,788,1664,October,24,walk,
785,9,788,422,1664,October,24,walk,
9,785,422,788,1664,October,24,walk,
3,785,642,788,1664,October,25,walk,
182,785,32,788,1664,October,26,walk,
785,63,788,519,1664,October,26,walk,
63,785,519,788,1664,October,26,walk,
785,9,788,422,1664,October,27,walk,
9,80,422,149,1664,October,27,walk,Sir George Carteret; Sir John Minnes; Sir William Batten; Sir William Penn
80,3,149,642,1664,October,27,coach,Sir George Carteret
785,9,788,422,1664,October,27,walk,
9,785,422,788,1664,October,27,walk,
785,63,788,519,1664,October,28,walk,
63,785,519,788,1664,October,28,walk,
9,976,422,293,1664,October,29,walk,
785,9,788,422,1664,October,31,walk,
9,785,422,788,1664,October,31,walk,
9,963,422,179,1664,November,1,walk,
963,785,179,788,1664,November,1,walk,Mr. Parham
785,9,788,422,1664,November,2,walk,
785,9,788,422,1664,November,2,walk,
9,785,422,788,1664,November,2,walk,
785,9,788,422,1664,November,3,walk,
9,23,422,789,1664,November,3,walk,
785,9,788,422,1664,November,3,walk,
9,785,422,788,1664,November,3,walk,
3,981,642,629,1664,November,4,walk,Mr Coventry
981,23,629,789,1664,November,4,walk,
785,9,788,422,1664,November,4,walk,
9,785,422,788,1664,November,4,walk,
9,23,422,789,1664,November,5,walk,
23,785,789,788,1664,November,5,walk,
785,193,788,158,1664,November,5,coach,Elizabeth Pepys
193,785,158,788,1664,November,5,coach,Elizabeth Pepys
176,785,544,788,1664,November,6,walk,Elizabeth Pepys
785,9,788,422,1664,November,6,walk,
9,24,422,592,1664,November,6,walk,
3,883,642,341,1664,November,7,walk,
883,785,341,788,1664,November,7,coach,Elizabeth Pepys
785,9,788,422,1664,November,7,walk,
9,785,422,788,1664,November,7,walk,
785,9,788,422,1664,November,8,walk,
9,980,422,437,1664,November,8,walk,Sir John Minnes; Lord Berkeley
980,106,437,675,1664,November,8,walk,
106,785,675,788,1664,November,8,walk,
785,9,788,422,1664,November,8,walk,
9,785,422,788,1664,November,8,walk,
939,43,573,583,1664,November,9,boat,Tom Edwards
43,785,583,788,1664,November,9,walk,
785,3,788,642,1664,November,9,walk,
785,9,788,422,1664,November,9,walk,
9,785,422,788,1664,November,9,walk,
80,785,149,788,1664,November,10,walk,
785,499,788,336,1664,November,10,walk,
499,785,336,788,1664,November,10,walk,
785,321,788,621,1664,November,11,coach,Sir John Minnes; Sir William Batten
321,23,621,789,1664,November,11,coach,
785,9,788,422,1664,November,11,walk,
9,785,422,788,1664,November,11,walk,
9,785,422,788,1664,November,12,walk,
612,499,509,336,1664,November,14,walk,
23,785,789,788,1664,November,14,walk,
450,631,155,106,1664,November,14,walk,
785,9,788,422,1664,November,14,walk,
9,785,422,788,1664,November,14,walk,
785,9,788,422,1664,November,15,walk,
9,23,422,789,1664,November,15,walk,
23,72,789,359,1664,November,15,walk,
785,9,788,422,1664,November,15,walk,
9,785,422,788,1664,November,15,walk,
3,63,642,519,1664,November,16,walk,
63,9,519,422,1664,November,16,walk,
9,785,422,788,1664,November,16,walk,
9,23,422,789,1664,November,17,walk,
23,785,789,788,1664,November,17,walk,John Creed
785,9,788,422,1664,November,18,walk,
9,3,422,642,1664,November,18,walk,
23,785,789,788,1664,November,18,walk,
785,321,788,621,1664,November,18,walk,
321,785,621,788,1664,November,18,walk,
785,9,788,422,1664,November,18,walk,
9,785,422,788,1664,November,18,walk,
31,785,145,788,1664,November,19,boat,
9,785,422,788,1664,November,19,walk,
785,63,788,519,1664,November,20,walk,
63,785,519,788,1664,November,20,walk,
3,23,642,789,1664,November,21,walk,
785,63,788,519,1664,November,21,walk,
63,612,519,509,1664,November,21,coach,
612,3,509,642,1664,November,21,coach,
3,785,642,788,1664,November,21,coach,
785,9,788,422,1664,November,21,walk,
9,785,422,788,1664,November,21,walk,
9,785,422,788,1664,November,22,walk,
9,631,422,106,1664,November,24,walk,Commissioner Pett
631,336,106,451,1664,November,24,coach,
336,612,451,509,1664,November,24,walk,
612,785,509,788,1664,November,24,walk,
9,336,422,451,1664,November,25,walk,
336,23,451,789,1664,November,25,coach,
23,983,789,485,1664,November,25,walk,Mr. Deering; Mr. Luellin
983,785,485,788,1664,November,25,walk,
785,911,788,593,1664,November,25,coach,Elizabeth Pepys
785,9,788,422,1664,November,27,walk,
9,785,422,788,1664,November,27,walk,
3,785,642,788,1664,November,28,walk,
785,9,788,422,1664,November,28,walk,
9,785,422,788,1664,November,28,walk,
785,321,788,621,1664,November,29,walk,Sir William Batten
321,336,621,451,1664,November,29,walk,Sir William Batten
23,785,789,788,1664,November,30,walk,
3,77,642,503,1664,November,30,walk,Sir William Warren
77,911,503,593,1664,November,30,coach,Elizabeth Pepys
785,9,788,422,1664,November,30,walk,
9,785,422,788,1664,November,30,walk,
785,9,788,422,1664,December,1,walk,
9,785,422,788,1664,December,1,walk,
785,449,788,505,1664,December,2,walk,
449,785,505,788,1664,December,2,walk,
9,642,422,74,1664,December,3,walk,
642,3,74,642,1664,December,3,coach,Sir William Rider
785,176,788,544,1664,December,4,walk,
176,785,544,788,1664,December,4,walk,
785,71,788,122,1664,December,5,coach,Roger Pepys; Mrs. Turner
71,3,122,642,1664,December,5,walk,
785,3,788,642,1664,December,6,coach,Sir William Batten
3,13,642,610,1664,December,6,walk,
13,23,610,789,1664,December,6,walk,
23,983,789,485,1664,December,6,walk,
983,9,485,422,1664,December,6,walk,
9,785,422,788,1664,December,6,walk,
785,883,788,341,1664,December,7,walk,
883,3,341,642,1664,December,7,walk,
785,9,788,422,1664,December,7,walk,
9,785,422,788,1664,December,7,walk,
498,785,395,788,1664,December,9,walk,
785,13,788,610,1664,December,9,coach,
13,785,610,788,1664,December,9,coach,
785,9,788,422,1664,December,9,walk,
9,785,422,788,1664,December,9,walk,
785,9,788,422,1664,December,10,walk,
9,23,422,789,1664,December,10,coach,Lord Brouncker
23,984,789,442,1664,December,10,walk,Sir William Rider; Mr. Cutler
984,3,442,642,1664,December,10,walk,
785,9,788,422,1664,December,10,walk,
785,176,788,544,1664,December,11,walk,
176,785,544,788,1664,December,11,walk,
785,9,788,422,1664,December,12,walk,
9,785,422,788,1664,December,12,walk,
785,9,788,422,1664,December,14,walk,
9,23,422,789,1664,December,14,walk,
785,9,788,422,1664,December,14,walk,
9,785,422,788,1664,December,14,walk,
9,631,422,106,1664,December,15,walk,
9,785,422,788,1664,December,15,walk,
785,23,788,789,1664,December,16,walk,
23,785,789,788,1664,December,16,walk,
785,960,788,735,1664,December,16,coach,Elizabeth Pepys
960,785,735,788,1664,December,16,coach,Elizabeth Pepys
9,23,422,789,1664,December,17,walk,
23,785,789,788,1664,December,17,walk,
785,3,788,642,1664,December,17,coach,
176,9,544,422,1664,December,18,walk,
785,3,788,642,1664,December,19,walk,Sir John Minnes
23,72,789,359,1664,December,19,walk,
72,23,359,789,1664,December,19,walk,
785,9,788,422,1664,December,19,walk,
9,785,422,788,1664,December,19,walk,
785,9,788,422,1664,December,20,walk,
9,785,422,788,1664,December,20,walk,
785,279,788,582,1664,December,21,walk,
279,71,582,122,1664,December,21,walk,
785,9,788,422,1664,December,21,walk,
9,785,422,788,1664,December,21,walk,
785,9,788,422,1664,December,22,walk,
9,23,422,789,1664,December,22,walk,
23,30,789,475,1664,December,22,boat,
30,80,475,149,1664,December,22,walk,
80,9,149,422,1664,December,22,walk,
9,785,422,788,1664,December,22,walk,
785,9,788,422,1664,December,24,walk,
9,23,422,789,1664,December,24,walk,
785,9,788,422,1664,December,24,walk,
9,785,422,788,1664,December,24,walk,
785,63,788,519,1664,December,25,walk,
63,643,519,187,1664,December,25,walk,
643,1570,187,396,1664,December,25,walk,
1570,785,396,788,1664,December,25,walk,
3,631,642,106,1664,December,26,walk,
631,63,106,519,1664,December,26,walk,
63,785,519,788,1664,December,26,walk,
785,9,788,422,1664,December,26,walk,
9,785,422,788,1664,December,26,walk,
785,31,788,145,1664,December,27,boat,
31,37,145,667,1664,December,27,boat,
37,449,667,505,1664,December,27,boat,
449,9,505,422,1664,December,27,walk,
9,785,422,788,1664,December,27,walk,
785,321,788,621,1664,December,28,walk,Sir William Batten
321,785,621,788,1664,December,28,coach,Sir William Batten
785,883,788,341,1664,December,28,walk,
883,785,341,788,1664,December,28,walk,
785,9,788,422,1664,December,28,walk,
9,785,422,788,1664,December,28,walk,
785,9,788,422,1664,December,30,walk,
9,785,422,788,1664,December,30,walk,
3,104,642,562,1665,January,2,walk,
104,13,562,610,1665,January,2,walk,
13,1001,610,415,1665,January,2,walk,
1093,9,334,422,1665,January,2,walk,
9,612,422,509,1665,January,2,coach,
612,785,509,788,1665,January,2,coach,
612,1003,509,331,1665,January,3,walk,
1003,631,331,106,1665,January,3,walk,
9,63,422,519,1665,January,3,walk,
63,9,519,422,1665,January,3,walk,
1003,193,331,158,1665,January,4,walk,Thomas Moore
785,9,788,422,1665,January,6,walk,
9,785,422,788,1665,January,6,walk,
785,63,788,519,1665,January,7,walk,
63,785,519,788,1665,January,7,walk,
3,883,642,341,1665,January,8,walk,
883,103,341,609,1665,January,8,walk,
3,66,642,374,1665,January,9,coach,
66,3,374,642,1665,January,9,walk,
785,9,788,422,1665,January,9,walk,
9,785,422,788,1665,January,9,walk,
785,9,788,422,1665,January,10,walk,
9,785,422,788,1665,January,10,walk,
785,1141,788,693,1665,January,10,coach,Mr Gawden
1141,1093,693,334,1665,January,10,coach,
1093,785,334,788,1665,January,10,coach,
785,9,788,422,1665,January,11,walk,
9,23,422,789,1665,January,11,walk,
23,785,789,788,1665,January,11,walk,
785,61,788,219,1665,January,11,coach,Lord Brouncker; Commissioner Pett
785,9,788,422,1665,January,11,walk,
9,785,422,788,1665,January,11,walk,
785,9,788,422,1665,January,12,walk,
9,785,422,788,1665,January,12,walk,
612,23,509,789,1665,January,13,walk,
23,785,789,788,1665,January,13,walk,
785,533,788,153,1665,January,13,walk,
533,63,153,519,1665,January,13,walk,
63,785,519,788,1665,January,13,walk,
3,785,642,788,1665,January,14,walk,
785,23,788,789,1665,January,14,walk,
23,785,789,788,1665,January,14,walk,
785,533,788,153,1665,January,14,coach,Elizabeth Pepys
533,785,153,788,1665,January,14,coach,Sir William Penn
785,9,788,422,1665,January,14,walk,
9,785,422,788,1665,January,14,walk,
785,9,788,422,1665,January,15,walk,
9,176,422,544,1665,January,15,walk,
176,785,544,788,1665,January,15,walk,
785,499,788,336,1665,January,15,coach,Sir William Penn
785,3,788,642,1665,January,16,coach,Sir William Batten; Sir William Penn
498,883,395,341,1665,January,16,walk,
883,3,341,642,1665,January,16,walk,
785,9,788,422,1665,January,16,walk,
9,785,422,788,1665,January,16,walk,
498,1005,395,131,1665,January,17,walk,John Creed
1005,23,131,789,1665,January,17,walk,John Creed
23,785,789,788,1665,January,17,walk,
785,9,788,422,1665,January,17,walk,
9,63,422,519,1665,January,17,walk,
63,9,519,422,1665,January,17,walk,
9,785,422,788,1665,January,17,walk,
785,883,788,341,1665,January,18,walk,
883,498,341,395,1665,January,18,walk,
785,9,788,422,1665,January,19,walk,
9,785,422,788,1665,January,19,walk,
13,104,610,562,1665,January,20,walk,
104,883,562,341,1665,January,20,coach,
883,785,341,788,1665,January,20,walk,
785,9,788,422,1665,January,20,walk,
9,785,422,788,1665,January,20,walk,
785,9,788,422,1665,January,21,walk,
9,785,422,788,1665,January,21,walk,
176,785,544,788,1665,January,22,walk,
785,103,788,609,1665,January,22,walk,
103,785,609,788,1665,January,22,coach,
785,380,788,540,1665,January,23,coach,Sir William Batten; Sir William Penn
380,23,540,789,1665,January,23,walk,
785,9,788,422,1665,January,23,walk,
9,785,422,788,1665,January,23,walk,
785,336,788,451,1665,January,24,coach,
336,23,451,789,1665,January,24,walk,
785,9,788,422,1665,January,24,walk,
9,785,422,788,1665,January,24,walk,
785,9,788,422,1665,January,25,walk,
9,785,422,788,1665,January,25,walk,
631,449,106,505,1665,January,25,walk,
449,9,505,422,1665,January,25,walk,
785,498,788,395,1665,January,27,walk,
785,9,788,422,1665,January,27,walk,
9,785,422,788,1665,January,27,walk,
785,63,788,519,1665,January,29,walk,
63,785,519,788,1665,January,29,walk,
785,9,788,422,1665,January,30,walk,
9,785,422,788,1665,January,30,walk,
785,336,788,451,1665,January,31,coach,Sir William Batten
336,23,451,789,1665,January,31,coach,Sir William Batten
785,9,788,422,1665,January,31,walk,
9,785,422,788,1665,January,31,walk,
785,9,788,422,1665,February,2,walk,
9,23,422,789,1665,February,2,walk,
785,446,788,365,1665,February,2,walk,Mr. Povy
446,785,365,788,1665,February,2,walk,
24,883,592,341,1665,February,3,coach,
785,9,788,422,1665,February,3,walk,
9,785,422,788,1665,February,3,walk,
785,9,788,422,1665,February,4,walk,
9,519,422,561,1665,February,4,walk,
785,9,788,422,1665,February,4,walk,
9,785,422,788,1665,February,4,walk,
3,23,642,789,1665,February,6,walk,
785,9,788,422,1665,February,6,walk,
9,785,422,788,1665,February,6,walk,
785,1182,788,305,1665,February,8,coach,
1182,785,305,788,1665,February,8,coach,
785,9,788,422,1665,February,8,walk,
9,785,422,788,1665,February,8,walk,
785,21,788,546,1665,February,10,walk,
21,13,546,610,1665,February,10,coach,
13,785,610,788,1665,February,10,walk,
785,9,788,422,1665,February,10,walk,
9,785,422,788,1665,February,10,walk,
9,23,422,789,1665,February,11,coach,Lord Brouncker
23,785,789,788,1665,February,11,walk,
785,9,788,422,1665,February,12,walk,
9,785,422,788,1665,February,12,walk,
380,482,540,317,1665,February,13,boat,Mr. Stapely
785,9,788,422,1665,February,13,walk,
9,785,422,788,1665,February,13,walk,
785,13,788,610,1665,February,14,coach,Tom Edwards
13,23,610,789,1665,February,14,walk,
785,9,788,422,1665,February,14,walk,
9,785,422,788,1665,February,14,walk,
785,9,788,422,1665,February,15,walk,
9,334,422,588,1665,February,15,walk,John Creed
785,9,788,422,1665,February,16,walk,
9,785,422,788,1665,February,16,walk,
785,9,788,422,1665,February,17,walk,
9,785,422,788,1665,February,17,walk,
9,785,422,788,1665,February,18,walk,
785,63,788,519,1665,February,19,walk,
63,785,519,788,1665,February,19,walk,
380,1015,540,336,1665,February,20,walk,
1015,23,336,789,1665,February,20,walk,
519,9,561,422,1665,February,20,walk,
9,31,422,145,1665,February,20,boat,
785,9,788,422,1665,February,20,walk,
9,785,422,788,1665,February,20,walk,
9,63,422,519,1665,February,21,walk,
63,23,519,789,1665,February,21,walk,
23,883,789,341,1665,February,21,coach,Lord Brouncker
883,785,341,788,1665,February,21,coach,
9,23,422,789,1665,February,22,walk,
785,9,788,422,1665,February,23,walk,
9,23,422,789,1665,February,23,walk,
785,9,788,422,1665,February,23,walk,
9,785,422,788,1665,February,23,walk,
785,9,788,422,1665,February,25,walk,
9,23,422,789,1665,February,25,walk,
23,519,789,561,1665,February,25,walk,Sir William Warren; Mr. Gifford
519,785,561,788,1665,February,25,walk,
785,9,788,422,1665,February,25,walk,
9,785,422,788,1665,February,25,walk,
785,9,788,422,1665,February,26,walk,
9,785,422,788,1665,February,26,walk,
380,23,540,789,1665,February,27,walk,
23,785,789,788,1665,February,27,walk,
785,3,788,642,1665,February,27,coach,Elizabeth Pepys; Mary Mercer; Sir John Minnes
3,107,642,541,1665,February,27,walk,Mr Coventry
107,1016,541,471,1665,February,27,coach,
1016,612,471,509,1665,February,27,coach,
785,9,788,422,1665,February,27,walk,
9,785,422,788,1665,February,27,walk,
785,9,788,422,1665,February,28,walk,
9,23,422,789,1665,February,28,walk,
23,785,789,788,1665,February,28,walk,
785,63,788,519,1665,February,28,walk,Elizabeth Pepys
63,785,519,788,1665,February,28,walk,Elizabeth Pepys
785,9,788,422,1665,February,28,walk,
9,785,422,788,1665,February,28,walk,
785,9,788,422,1665,March,1,walk,
9,334,422,588,1665,March,1,walk,
61,785,219,788,1665,March,1,walk,
785,612,788,509,1665,March,1,coach,Elizabeth Pepys; Mary Mercer
785,9,788,422,1665,March,2,walk,
9,785,422,788,1665,March,2,walk,
785,71,788,122,1665,March,3,walk,
71,23,122,789,1665,March,3,walk,
785,9,788,422,1665,March,3,walk,
9,785,422,788,1665,March,3,walk,
785,883,788,341,1665,March,5,coach,
883,785,341,788,1665,March,5,coach,
785,9,788,422,1665,March,5,walk,
9,785,422,788,1665,March,5,walk,
785,9,788,422,1665,March,6,walk,
9,785,422,788,1665,March,6,walk,
785,9,788,422,1665,March,7,walk,
9,785,422,788,1665,March,7,walk,
23,785,789,788,1665,March,8,walk,
785,61,788,219,1665,March,8,walk,
785,9,788,422,1665,March,8,walk,
9,785,422,788,1665,March,8,walk,
451,785,548,788,1665,March,9,walk,
9,23,422,789,1665,March,10,walk,
23,785,789,788,1665,March,10,walk,
785,3,788,642,1665,March,10,walk,
3,785,642,788,1665,March,10,walk,
785,883,788,341,1665,March,12,coach,Elizabeth Pepys
883,785,341,788,1665,March,12,coach,Elizabeth Pepys
1001,3,415,642,1665,March,13,walk,Sir William Warren
785,9,788,422,1665,March,13,walk,
9,785,422,788,1665,March,13,walk,
785,9,788,422,1665,March,14,walk,
9,106,422,675,1665,March,14,walk,Sir William Batten; Sir John Minnes
106,785,675,788,1665,March,14,walk,
785,9,788,422,1665,March,14,walk,
9,785,422,788,1665,March,14,walk,
380,23,540,789,1665,March,15,walk,
785,61,788,219,1665,March,15,walk,
61,785,219,788,1665,March,15,walk,
785,9,788,422,1665,March,15,walk,
9,785,422,788,1665,March,15,walk,
3,23,642,789,1665,March,17,boat,Mr. Povy
23,785,789,788,1665,March,17,walk,
785,3,788,642,1665,March,17,coach,Elizabeth Pepys
498,1021,395,373,1665,March,19,walk,
1021,107,373,541,1665,March,19,walk,John Creed
107,883,541,341,1665,March,19,walk,
883,498,341,395,1665,March,19,walk,
3,61,642,219,1665,March,20,walk,
61,380,219,540,1665,March,20,walk,
785,498,788,395,1665,March,21,coach,Lord Brouncker
498,410,395,523,1665,March,21,walk,Mr. Povy
410,3,523,642,1665,March,21,walk,
3,785,642,788,1665,March,21,coach,Mr. Povy
785,9,788,422,1665,March,21,walk,
9,785,422,788,1665,March,21,walk,
785,9,788,422,1665,March,22,walk,
9,23,422,789,1665,March,22,walk,
785,9,788,422,1665,March,22,walk,
9,785,422,788,1665,March,22,walk,
785,23,788,789,1665,March,23,walk,
23,785,789,788,1665,March,23,walk,
785,104,788,562,1665,March,23,coach,Elizabeth Pepys
104,1001,562,415,1665,March,23,walk,
1001,785,415,788,1665,March,23,coach,Elizabeth Pepys
785,9,788,422,1665,March,23,walk,
9,785,422,788,1665,March,23,walk,
498,883,395,341,1665,March,24,walk,
883,785,341,788,1665,March,24,coach,Elizabeth Pepys
785,9,788,422,1665,March,24,walk,
9,785,422,788,1665,March,24,walk,
785,9,788,422,1665,March,25,walk,
9,63,422,519,1665,March,25,walk,
63,9,519,422,1665,March,25,walk,
9,785,422,788,1665,March,25,walk,
785,176,788,544,1665,March,26,walk,Elizabeth Pepys
176,785,544,788,1665,March,26,walk,Elizabeth Pepys
785,9,788,422,1665,March,26,walk,
9,785,422,788,1665,March,26,walk,
450,1001,155,415,1665,March,27,walk,
1001,1182,415,305,1665,March,27,walk,
1182,498,305,395,1665,March,27,walk,
498,785,395,788,1665,March,27,walk,
785,9,788,422,1665,March,27,walk,
9,785,422,788,1665,March,27,walk,
9,23,422,789,1665,March,28,walk,
23,631,789,106,1665,March,28,walk,Sir William Warren
498,785,395,788,1665,March,29,walk,Mr. Povy
785,9,788,422,1665,March,29,walk,
9,785,422,788,1665,March,29,walk,
9,3,422,642,1665,March,30,walk,
3,1001,642,415,1665,March,30,walk,
1001,785,415,788,1665,March,30,walk,
785,9,788,422,1665,March,30,walk,
9,785,422,788,1665,March,30,walk,
785,1005,788,131,1665,March,31,walk,John Creed
1005,612,131,509,1665,March,31,walk,
612,1023,509,331,1665,March,31,walk,
1023,883,331,341,1665,March,31,walk,
883,498,341,395,1665,March,31,walk,
498,883,395,341,1665,March,31,walk,
883,785,341,788,1665,March,31,coach,Elizabeth Pepys
785,9,788,422,1665,March,31,walk,
9,785,422,788,1665,March,31,walk,
785,612,788,509,1665,April,1,coach,
612,1024,509,76,1665,April,1,walk,
1024,311,76,343,1665,April,1,coach,Sir George Carteret
785,9,788,422,1665,April,1,walk,
9,785,422,788,1665,April,1,walk,
785,193,788,158,1665,April,3,coach,Elizabeth Pepys; John Creed; Mary Mercer
785,9,788,422,1665,April,3,walk,
9,785,422,788,1665,April,3,walk,
785,9,788,422,1665,April,4,walk,
9,23,422,789,1665,April,4,walk,
785,9,788,422,1665,April,4,walk,
9,785,422,788,1665,April,4,walk,
31,785,145,788,1665,April,5,boat,
785,915,788,223,1665,April,5,coach,Elizabeth Pepys; Mary Mercer; John Creed
785,9,788,422,1665,April,6,walk,
9,23,422,789,1665,April,6,walk,
785,3,788,642,1665,April,6,walk,
3,785,642,788,1665,April,6,coach,Elizabeth Pepys
785,9,788,422,1665,April,6,walk,
9,785,422,788,1665,April,6,walk,
785,9,788,422,1665,April,7,walk,
9,785,422,788,1665,April,7,walk,
785,9,788,422,1665,April,8,walk,
9,498,422,395,1665,April,8,walk,
499,785,336,788,1665,April,8,walk,
785,9,788,422,1665,April,8,walk,
9,785,422,788,1665,April,8,walk,
785,450,788,155,1665,April,10,walk,
3,23,642,789,1665,April,10,walk,
23,73,789,442,1665,April,10,walk,
785,9,788,422,1665,April,10,walk,
9,785,422,788,1665,April,10,walk,
785,9,788,422,1665,April,11,walk,
9,519,422,561,1665,April,11,walk,
519,9,561,422,1665,April,11,walk,
9,785,422,788,1665,April,11,walk,
3,63,642,519,1665,April,12,walk,
63,785,519,788,1665,April,12,walk,
785,9,788,422,1665,April,13,walk,
785,9,788,422,1665,April,13,walk,
9,785,422,788,1665,April,13,walk,
785,9,788,422,1665,April,14,walk,
9,785,422,788,1665,April,14,walk,
785,9,788,422,1665,April,15,walk,
9,785,422,788,1665,April,15,walk,
785,9,788,422,1665,April,16,walk,
9,785,422,788,1665,April,16,walk,
785,1028,788,69,1665,April,16,walk,John Creed
1028,785,69,788,1665,April,16,walk,
73,193,442,158,1665,April,17,coach,Elizabeth Pepys
193,785,158,788,1665,April,17,coach,Elizabeth Pepys
785,9,788,422,1665,April,17,walk,
9,785,422,788,1665,April,17,walk,
612,785,509,788,1665,April,18,walk,
785,227,788,340,1665,April,18,boat,Elizabeth Pepys; Thomas Moore
227,3,340,642,1665,April,18,walk,
3,785,642,788,1665,April,18,coach,Elizabeth Pepys
785,9,788,422,1665,April,18,walk,
9,785,422,788,1665,April,18,walk,
3,227,642,340,1665,April,19,coach,Thomas Moore
227,785,340,788,1665,April,19,coach,
785,23,788,789,1665,April,19,walk,
61,380,219,540,1665,April,19,walk,
380,785,540,788,1665,April,19,coach,Sir William Penn
785,9,788,422,1665,April,20,walk,
9,785,422,788,1665,April,20,walk,
9,519,422,561,1665,April,21,walk,John Creed; Mr. Povy; Mr. Andrews
785,9,788,422,1665,April,22,walk,
9,785,422,788,1665,April,22,walk,
3,492,642,230,1665,April,23,walk,
492,3,230,642,1665,April,23,walk,
785,3,788,642,1665,April,24,coach,John Creed; Sir William Batten
3,450,642,155,1665,April,24,walk,Sir William Batten
450,785,155,788,1665,April,24,walk,
785,883,788,341,1665,April,24,walk,Elizabeth Pepys
883,1031,341,155,1665,April,24,walk,
1031,919,155,394,1665,April,24,walk,John Creed
919,382,394,275,1665,April,24,coach,Elizabeth Pepys; Mary Mercer
785,9,788,422,1665,April,24,walk,
9,785,422,788,1665,April,24,walk,
785,9,788,422,1665,April,25,walk,
9,785,422,788,1665,April,25,walk,
785,498,788,395,1665,April,26,walk,
3,883,642,341,1665,April,26,walk,
883,785,341,788,1665,April,26,walk,
785,9,788,422,1665,April,26,walk,
9,785,422,788,1665,April,26,walk,
785,612,788,509,1665,April,28,walk,John Creed; Mr. Povy
612,1005,509,131,1665,April,28,walk,John Creed
1005,785,131,788,1665,April,28,walk,
785,3,788,642,1665,April,28,boat,
785,9,788,422,1665,April,28,walk,
9,785,422,788,1665,April,28,walk,
785,9,788,422,1665,April,29,walk,
9,311,422,343,1665,April,29,walk,
785,9,788,422,1665,April,29,walk,
9,785,422,788,1665,April,29,walk,
450,873,155,212,1665,May,1,boat,Lord Brouncker; Mr. Hooke; Dean Wilkins
873,1033,212,76,1665,May,1,coach,Lord Brouncker; Mr. Hooke; Dean Wilkins
1033,873,76,212,1665,May,1,coach,
873,1034,212,379,1665,May,1,boat,
9,1035,422,476,1665,May,2,walk,Sir William Batten; Lady Batten; Elizabeth Pepys
1035,785,476,788,1665,May,2,walk,
612,1005,509,131,1665,May,3,walk,
1005,311,131,343,1665,May,3,walk,
785,9,788,422,1665,May,3,walk,
9,785,422,788,1665,May,3,walk,
13,37,610,667,1665,May,5,boat,
37,41,667,47,1665,May,5,boat,
41,1036,47,143,1665,May,5,boat,
1036,1034,143,379,1665,May,5,walk,
498,1037,395,346,1665,May,5,coach,
785,9,788,422,1665,May,5,walk,
9,785,422,788,1665,May,5,walk,
785,9,788,422,1665,May,6,walk,
9,785,422,788,1665,May,6,walk,
785,9,788,422,1665,May,7,walk,
9,785,422,788,1665,May,7,walk,
785,450,788,155,1665,May,8,walk,Sir William Batten
785,9,788,422,1665,May,8,walk,
9,785,422,788,1665,May,8,walk,
785,9,788,422,1665,May,9,walk,
9,785,422,788,1665,May,9,walk,
785,1031,788,155,1665,May,10,walk,
1031,498,155,395,1665,May,10,walk,
498,23,395,789,1665,May,10,walk,
23,785,789,788,1665,May,10,walk,
785,9,788,422,1665,May,10,walk,
9,785,422,788,1665,May,10,walk,
785,9,788,422,1665,May,12,walk,
9,785,422,788,1665,May,12,walk,
785,23,788,789,1665,May,13,walk,
23,785,789,788,1665,May,13,walk,
785,9,788,422,1665,May,13,walk,
9,785,422,788,1665,May,13,walk,
785,176,788,544,1665,May,14,walk,Elizabeth Pepys
176,785,544,788,1665,May,14,walk,
785,533,788,153,1665,May,15,walk,
533,450,153,155,1665,May,15,walk,
104,492,562,230,1665,May,15,walk,
492,785,230,788,1665,May,15,walk,
785,9,788,422,1665,May,16,walk,
9,785,422,788,1665,May,16,walk,
104,1040,562,422,1665,May,17,walk,
1040,785,422,788,1665,May,17,walk,Elizabeth Pepys; Mary Mercer
785,9,788,422,1665,May,17,walk,
9,785,422,788,1665,May,17,walk,
785,450,788,155,1665,May,18,coach,Sir John Minnes
450,311,155,343,1665,May,18,coach,Duke of Albemarle
311,785,343,788,1665,May,18,walk,
785,9,788,422,1665,May,18,walk,
9,785,422,788,1665,May,18,walk,
3,873,642,212,1665,May,19,boat,Elizabeth Pepys; Mary Mercer
785,9,788,422,1665,May,20,walk,
9,785,422,788,1665,May,20,walk,
30,785,475,788,1665,May,22,walk,
785,9,788,422,1665,May,22,walk,
785,9,788,422,1665,May,23,walk,
9,785,422,788,1665,May,23,walk,
785,631,788,106,1665,May,24,walk,John Creed
631,785,106,788,1665,May,24,walk,
785,9,788,422,1665,May,24,walk,
9,785,422,788,1665,May,24,walk,
785,9,788,422,1665,May,26,walk,
785,9,788,422,1665,May,27,walk,
9,785,422,788,1665,May,27,walk,
785,450,788,155,1665,May,27,boat,
450,785,155,788,1665,May,27,boat,
785,450,788,155,1665,May,28,boat,
450,612,155,509,1665,May,28,walk,John Creed
612,883,509,341,1665,May,28,walk,
883,861,341,516,1665,May,28,walk,
861,785,516,788,1665,May,28,walk,
77,785,503,788,1665,May,30,walk,
785,1110,788,282,1665,May,30,coach,Elizabeth Pepys; Margaret Pepys; Mary Mercer
785,9,788,422,1665,May,30,walk,
9,785,422,788,1665,May,30,walk,
785,9,788,422,1665,May,31,walk,
9,13,422,610,1665,May,31,walk,
13,23,610,789,1665,May,31,walk,
23,785,789,788,1665,May,31,walk,John Creed; Thomas Moore
785,61,788,219,1665,May,31,walk,
61,966,219,274,1665,May,31,walk,
966,785,274,788,1665,May,31,walk,
785,9,788,422,1665,May,31,walk,
9,785,422,788,1665,May,31,walk,
9,23,422,789,1665,June,1,walk,
23,785,789,788,1665,June,1,walk,
785,1043,788,100,1665,June,1,coach,John Creed
1043,1044,100,106,1665,June,1,walk,
1044,13,106,610,1665,June,1,coach,
785,492,788,230,1665,June,2,walk,
3,450,642,155,1665,June,2,walk,
450,883,155,341,1665,June,2,walk,
883,785,341,788,1665,June,2,walk,
785,9,788,422,1665,June,2,walk,
9,785,422,788,1665,June,2,walk,
785,9,788,422,1665,June,3,walk,
9,785,422,788,1665,June,3,walk,
3,23,642,789,1665,June,5,walk,
23,785,789,788,1665,June,5,walk,
785,31,788,145,1665,June,5,boat,John Creed
785,9,788,422,1665,June,5,walk,
9,785,422,788,1665,June,5,walk,
785,9,788,422,1665,June,6,walk,
9,77,422,503,1665,June,6,walk,
77,9,503,422,1665,June,6,walk,
9,612,422,509,1665,June,6,coach,
612,883,509,341,1665,June,6,walk,
883,785,341,788,1665,June,6,coach,
785,9,788,422,1665,June,7,walk,
9,23,422,789,1665,June,7,walk,
23,80,789,149,1665,June,7,walk,
402,3,185,642,1665,June,7,boat,
3,785,642,788,1665,June,7,boat,
9,311,422,343,1665,June,8,walk,
311,1031,343,155,1665,June,8,walk,
1031,861,155,516,1665,June,8,walk,
861,71,516,122,1665,June,8,walk,
71,785,122,788,1665,June,8,walk,
785,23,788,789,1665,June,9,walk,
13,785,610,788,1665,June,12,walk,
785,31,788,145,1665,June,12,boat,
31,311,145,343,1665,June,12,walk,
785,9,788,422,1665,June,12,walk,
9,785,422,788,1665,June,12,walk,
9,1047,422,131,1665,June,13,walk,Sir George Carteret
1047,1048,131,422,1665,June,13,coach,Sir John Minnes
785,612,788,509,1665,June,14,walk,
612,311,509,343,1665,June,14,walk,
311,3,343,642,1665,June,14,walk,
3,13,642,610,1665,June,14,walk,
13,785,610,788,1665,June,14,walk,
785,9,788,422,1665,June,14,walk,
9,785,422,788,1665,June,14,walk,
785,9,788,422,1665,June,15,walk,
9,1245,422,290,1665,June,15,walk,
1245,23,290,789,1665,June,15,walk,Elizabeth Pepys; Mary Mercer
23,785,789,788,1665,June,15,walk,Elizabeth Pepys; Mary Mercer
9,3,422,642,1665,June,16,walk,
785,612,788,509,1665,June,17,walk,
612,3,509,642,1665,June,17,walk,
3,785,642,788,1665,June,17,coach,
785,9,788,422,1665,June,18,walk,
9,785,422,788,1665,June,18,walk,
785,9,788,422,1665,June,19,walk,
9,785,422,788,1665,June,19,walk,
785,9,788,422,1665,June,20,walk,
9,176,422,544,1665,June,20,walk,
176,80,544,149,1665,June,20,walk,
80,3,149,642,1665,June,20,coach,
3,402,642,185,1665,June,20,boat,
785,9,788,422,1665,June,20,walk,
9,785,422,788,1665,June,20,walk,
15,785,169,788,1665,June,21,walk,
785,3,788,642,1665,June,21,walk,
3,1050,642,422,1665,June,21,walk,
1050,785,422,788,1665,June,21,walk,
785,9,788,422,1665,June,21,walk,
9,785,422,788,1665,June,21,walk,
785,9,788,422,1665,June,22,walk,
9,785,422,788,1665,June,22,walk,
3,23,642,789,1665,June,23,walk,
23,785,789,788,1665,June,23,walk,
785,498,788,395,1665,June,23,coach,John Creed
498,785,395,788,1665,June,23,coach,
785,9,788,422,1665,June,23,walk,
9,785,422,788,1665,June,23,walk,
785,9,788,422,1665,June,24,walk,
9,77,422,503,1665,June,24,walk,
785,612,788,509,1665,June,24,walk,
612,785,509,788,1665,June,24,walk,
785,9,788,422,1665,June,24,walk,
9,785,422,788,1665,June,24,walk,
785,9,788,422,1665,June,25,walk,
9,785,422,788,1665,June,25,walk,
873,3,212,642,1665,June,25,boat,
77,883,503,341,1665,June,25,walk,
883,77,341,503,1665,June,25,walk,
77,785,503,788,1665,June,25,boat,
37,785,667,788,1665,June,26,boat,
785,9,788,422,1665,June,26,walk,
9,785,422,788,1665,June,26,walk,
9,63,422,519,1665,June,27,walk,
63,9,519,422,1665,June,27,walk,
3,21,642,546,1665,June,28,boat,
3,785,642,788,1665,June,28,walk,
3,492,642,230,1665,June,29,walk,
492,785,230,788,1665,June,29,walk,
785,410,788,523,1665,June,29,coach,
785,9,788,422,1665,June,29,walk,
9,785,422,788,1665,June,29,walk,
450,23,155,789,1665,June,30,walk,
23,785,789,788,1665,June,30,walk,
785,37,788,667,1665,June,30,walk,Elizabeth Pepys; Mary Mercer
3,785,642,788,1665,June,30,boat,
785,9,788,422,1665,July,1,walk,
9,785,422,788,1665,July,1,walk,
785,450,788,155,1665,July,1,walk,
450,492,155,230,1665,July,1,coach,
492,785,230,788,1665,July,1,coach,
450,104,155,562,1665,July,3,walk,
104,492,562,230,1665,July,3,walk,
785,9,788,422,1665,July,3,walk,
9,785,422,788,1665,July,3,walk,
785,9,788,422,1665,July,4,walk,
9,23,422,789,1665,July,4,walk,
23,80,789,149,1665,July,4,walk,
80,9,149,422,1665,July,4,walk,
9,785,422,788,1665,July,4,walk,
785,9,788,422,1665,July,5,walk,
9,23,422,789,1665,July,5,walk,
23,380,789,540,1665,July,5,walk,
3,77,642,503,1665,July,5,walk,
77,31,503,145,1665,July,5,coach,Sir George Carteret
31,37,145,667,1665,July,5,walk,
37,873,667,212,1665,July,5,walk,
873,785,212,788,1665,July,5,boat,
785,9,788,422,1665,July,6,walk,
9,3,422,642,1665,July,6,boat,
3,785,642,788,1665,July,6,coach,
785,63,788,519,1665,July,6,walk,
63,785,519,788,1665,July,6,walk,
785,13,788,610,1665,July,7,walk,
13,785,610,788,1665,July,7,walk,
785,9,788,422,1665,July,7,walk,
9,785,422,788,1665,July,7,walk,
785,9,788,422,1665,July,8,walk,
9,77,422,503,1665,July,8,boat,
77,37,503,667,1665,July,8,boat,
37,77,667,503,1665,July,9,boat,Elizabeth Pepys
77,785,503,788,1665,July,9,boat,
785,77,788,503,1665,July,9,boat,
77,37,503,667,1665,July,9,boat,Elizabeth Pepys
785,1053,788,55,1665,July,10,coach,
1053,1052,55,228,1665,July,10,horse,
1052,1054,228,422,1665,July,10,horse,
1054,1055,422,422,1665,July,10,boat,
1055,386,422,422,1665,July,10,walk,
386,785,422,788,1665,July,11,boat,
785,9,788,422,1665,July,11,walk,
9,785,422,788,1665,July,11,walk,
31,1052,145,228,1665,July,12,boat,
1052,785,228,788,1665,July,12,boat,
9,77,422,503,1665,July,13,boat,
77,785,503,788,1665,July,13,boat,Elizabeth Pepys
785,9,788,422,1665,July,14,walk,
9,785,422,788,1665,July,14,walk,
31,77,145,503,1665,July,15,walk,
77,873,503,212,1665,July,15,boat,Mr. Philip Carteret
873,1051,212,131,1665,July,15,coach,Mr. Philip Carteret
1051,785,131,788,1665,July,17,coach,Mr. Philip Carteret
785,77,788,503,1665,July,17,boat,Mr. Philip Carteret
77,9,503,422,1665,July,18,boat,
9,23,422,789,1665,July,18,walk,
785,31,788,145,1665,July,18,boat,
31,37,145,667,1665,July,18,walk,
37,785,667,788,1665,July,19,boat,
31,579,145,141,1665,July,19,walk,
579,77,141,503,1665,July,19,walk,
785,9,788,422,1665,July,20,walk,
785,9,788,422,1665,July,20,walk,
9,785,422,788,1665,July,20,walk,
785,15,788,169,1665,July,21,walk,
15,1058,169,130,1665,July,21,walk,Mr. Povy
1058,785,130,788,1665,July,21,walk,
785,9,788,422,1665,July,21,walk,
9,785,422,788,1665,July,21,walk,
3,1060,642,311,1665,July,22,walk,
1060,402,311,185,1665,July,22,walk,
402,3,185,642,1665,July,22,boat,
9,785,422,788,1665,July,22,walk,
785,1054,788,422,1665,July,23,coach,Mr. Cutler
1054,1052,422,228,1665,July,23,coach,Mr. Cutler
1052,1054,228,422,1665,July,23,walk,
1054,785,422,788,1665,July,23,boat,
77,9,503,422,1665,July,25,boat,
9,23,422,789,1665,July,25,walk,
23,785,789,788,1665,July,25,walk,
785,450,788,155,1665,July,25,coach,
450,23,155,789,1665,July,25,walk,
23,785,789,788,1665,July,25,walk,
785,9,788,422,1665,July,25,walk,
9,785,422,788,1665,July,25,walk,
77,37,503,667,1665,July,26,boat,
37,873,667,212,1665,July,26,boat,
785,9,788,422,1665,July,26,walk,
9,785,422,788,1665,July,26,walk,
402,1052,185,228,1665,July,27,coach,Mr. Gauden
1052,1057,228,719,1665,July,27,coach,Mr. Gauden; John Creed
1057,1059,719,226,1665,July,27,coach,Sir George Carteret
785,9,788,422,1665,July,27,walk,
9,785,422,788,1665,July,27,walk,
785,77,788,503,1665,July,28,walk,
77,1051,503,131,1665,July,28,coach,Lady Carteret
1051,37,131,667,1665,July,28,coach,
37,785,667,788,1665,July,29,boat,
785,9,788,422,1665,July,29,walk,
9,23,422,789,1665,July,29,walk,
23,785,789,788,1665,July,29,walk,
785,9,788,422,1665,July,29,walk,
9,785,422,788,1665,July,29,walk,
785,77,788,503,1665,July,31,walk,
77,1051,503,131,1665,July,31,coach,Sir George Carteret; Lady Carteret
785,9,788,422,1665,August,1,walk,
9,785,422,788,1665,August,1,walk,
785,9,788,422,1665,August,2,walk,
9,785,422,788,1665,August,2,walk,
1062,1061,203,90,1665,August,3,horse,Sir George Carteret
1061,1062,90,203,1665,August,4,horse,
1062,41,203,47,1665,August,4,boat,
41,785,47,788,1665,August,4,walk,
31,1059,145,226,1665,August,5,walk,Sir William Warren
1059,30,226,475,1665,August,5,walk,
30,785,475,788,1665,August,5,walk,
785,9,788,422,1665,August,5,walk,
785,9,788,422,1665,August,7,walk,
9,785,422,788,1665,August,7,walk,
9,63,422,519,1665,August,8,walk,
63,450,519,155,1665,August,8,walk,
1067,785,504,788,1665,August,10,walk,
785,9,788,422,1665,August,11,walk,
9,785,422,788,1665,August,11,walk,
785,77,788,503,1665,August,14,walk,
77,63,503,519,1665,August,14,coach,Lord Brouncker; Sir John Minnes
63,37,519,667,1665,August,14,boat,
77,449,503,505,1665,August,15,walk,
449,450,505,155,1665,August,15,boat,
1067,785,504,788,1665,August,16,walk,
9,785,422,788,1665,August,16,walk,
785,9,788,422,1665,August,17,walk,
9,37,422,667,1665,August,17,boat,
37,48,667,259,1665,August,18,boat,
48,1575,259,498,1665,August,18,boat,
1575,37,498,667,1665,August,18,boat,
37,785,667,788,1665,August,19,boat,
785,450,788,155,1665,August,19,boat,
450,1064,155,267,1665,August,19,horse,
1064,1065,267,549,1665,August,19,horse,
1065,1063,549,125,1665,August,19,horse,
1063,1065,125,549,1665,August,20,horse,
1065,1053,549,55,1665,August,20,horse,
1053,785,55,788,1665,August,20,boat,
450,63,155,519,1665,August,21,walk,
63,873,519,212,1665,August,21,boat,
873,37,212,667,1665,August,21,walk,
37,873,667,212,1665,August,22,walk,
873,1066,212,76,1665,August,22,walk,
1066,1036,76,143,1665,August,22,walk,
1036,579,143,141,1665,August,22,walk,
579,30,141,475,1665,August,22,walk,
785,9,788,422,1665,August,22,walk,
9,785,422,788,1665,August,22,walk,
785,9,788,422,1665,August,24,walk,
9,37,422,667,1665,August,24,boat,
37,785,667,788,1665,August,25,boat,
9,37,422,667,1665,August,25,boat,
37,785,667,788,1665,August,26,boat,
785,23,788,789,1665,August,28,walk,
23,785,789,788,1665,August,28,walk,
785,37,788,667,1665,August,28,walk,
9,31,422,145,1665,August,29,walk,
30,785,475,788,1665,August,29,walk,
785,9,788,422,1665,August,29,walk,
9,785,422,788,1665,August,29,walk,
785,72,788,359,1665,August,30,walk,
72,785,359,788,1665,August,30,walk,
785,9,788,422,1665,August,30,walk,
9,785,422,788,1665,August,30,walk,
785,873,788,212,1665,August,31,boat,
873,37,212,667,1665,August,31,boat,
873,785,212,788,1665,September,1,boat,
37,873,667,212,1665,September,2,walk,
873,31,212,145,1665,September,2,boat,
31,873,145,212,1665,September,2,boat,
873,37,212,667,1665,September,2,walk,
37,873,667,212,1665,September,3,boat,
873,1077,212,76,1665,September,3,walk,Captain Cocke
1077,37,76,667,1665,September,3,boat,
37,873,667,212,1665,September,4,walk,
873,37,212,667,1665,September,4,walk,
37,873,667,212,1665,September,5,walk,
873,37,212,667,1665,September,5,walk,
37,785,667,788,1665,September,6,boat,
785,450,788,155,1665,September,6,boat,
450,37,155,667,1665,September,6,boat,
37,1053,667,55,1665,September,7,boat,
1053,1069,55,511,1665,September,7,coach,Mr. Povy
1069,1053,511,55,1665,September,7,coach,Mr. Povy
1053,37,55,667,1665,September,7,boat,
37,873,667,212,1665,September,9,walk,
873,37,212,667,1665,September,9,walk,
37,873,667,212,1665,September,10,walk,Mr. Andrews
873,1077,212,76,1665,September,10,walk,
1077,37,76,667,1665,September,10,boat,
37,873,667,212,1665,September,11,walk,
873,1039,212,601,1665,September,11,coach,Lord Brouncker; Sir John Minnes; Sir William Doyly
1039,873,601,212,1665,September,11,coach,
873,37,212,667,1665,September,11,boat,
37,873,667,212,1665,September,12,walk,
873,37,212,667,1665,September,12,walk,
37,873,667,212,1665,September,13,walk,
873,1077,212,76,1665,September,13,walk,
873,37,212,667,1665,September,13,walk,
37,873,667,212,1665,September,14,walk,
873,450,212,155,1665,September,14,boat,
450,23,155,789,1665,September,14,walk,
23,785,789,788,1665,September,14,walk,
37,873,667,212,1665,September,15,walk,
873,31,212,145,1665,September,15,boat,
31,1077,145,76,1665,September,15,walk,
1077,37,76,667,1665,September,15,boat,
37,873,667,212,1665,September,16,walk,
873,1077,212,76,1665,September,16,walk,
1077,37,76,667,1665,September,17,walk,
37,1062,667,203,1665,September,17,boat,Lord Brouncker; Captain Cocke
1062,1070,203,133,1665,September,18,boat,Lord Brouncker; Captain Cocke
1070,1061,133,90,1665,September,18,boat,
1061,873,90,212,1665,September,18,coach,
873,1077,212,76,1665,September,19,walk,
873,450,212,155,1665,September,20,coach,Lord Brouncker; Sir William Batten; Sir John Minnes
450,873,155,212,1665,September,20,coach,
873,1071,212,435,1665,September,21,coach,William Hewer
1071,585,435,168,1665,September,21,walk,
585,873,168,212,1665,September,21,coach,
873,41,212,47,1665,September,22,boat,Lord Brouncker; Sir John Minnes
41,873,47,212,1665,September,22,walk,Lord Brouncker
873,37,212,667,1665,September,22,boat,Lord Brouncker
37,1076,667,215,1665,September,22,boat,Lord Sandwich
1076,450,215,155,1665,September,23,coach,Lord Sandwich; Mr. Evelyn
450,785,155,788,1665,September,23,walk,
785,873,788,212,1665,September,23,boat,
873,1062,212,203,1665,September,23,boat,Captain Cocke
1062,1078,203,203,1665,September,24,boat,Captain Cocke
1078,1062,203,203,1665,September,24,boat,
1062,1070,203,133,1665,September,25,boat,Captain Cocke
1070,1074,133,479,1665,September,25,boat,Captain Cocke
1074,873,479,212,1665,September,26,horse,Captain Cocke
873,31,212,145,1665,September,26,walk,
31,37,145,667,1665,September,26,boat,
37,873,667,212,1665,September,27,boat,
873,1077,212,76,1665,September,27,walk,
1077,1034,76,379,1665,September,27,walk,
1034,450,379,155,1665,September,27,coach,Mr. Evelyn
450,873,155,212,1665,September,27,coach,Mr. Evelyn
873,1075,212,76,1665,September,27,walk,
1075,37,76,667,1665,September,28,boat,
37,873,667,212,1665,September,28,walk,
873,1075,212,76,1665,September,28,walk,
1075,1071,76,435,1665,September,29,horse,
1071,585,435,168,1665,September,29,walk,
585,873,168,212,1665,September,29,horse,
873,9,212,422,1665,September,30,walk,
9,873,422,212,1665,September,30,walk,
873,1077,212,76,1665,September,30,walk,Captain Cocke
1077,37,76,667,1665,September,30,boat,
37,1070,667,133,1665,October,1,boat,Captain Cocke
1070,1061,133,90,1665,October,2,boat,
1061,1074,90,479,1665,October,2,walk,Captain Cocke
1062,653,203,165,1665,October,2,boat,
653,37,165,667,1665,October,2,boat,
37,873,667,212,1665,October,3,walk,
873,37,212,667,1665,October,3,walk,
37,873,667,212,1665,October,4,walk,
873,37,212,667,1665,October,4,walk,
37,450,667,155,1665,October,5,coach,
450,104,155,562,1665,October,5,walk,
104,31,562,145,1665,October,5,boat,
1034,873,379,212,1665,October,5,coach,Mr. Evelyn
873,37,212,667,1665,October,5,walk,
37,450,667,155,1665,October,6,coach,Mr. Gauden
450,873,155,212,1665,October,6,coach,
873,1082,212,407,1665,October,6,walk,
1082,873,407,212,1665,October,7,walk,
873,1082,212,407,1665,October,7,walk,
1082,873,407,212,1665,October,8,walk,
873,1077,212,76,1665,October,8,walk,
1077,1082,76,407,1665,October,8,walk,
1082,785,407,788,1665,October,9,boat,
785,873,788,212,1665,October,9,boat,
873,1082,212,407,1665,October,9,walk,
1082,450,407,155,1665,October,10,coach,Captain Cocke
450,873,155,212,1665,October,10,coach,
873,1082,212,407,1665,October,10,walk,
1082,653,407,165,1665,October,11,boat,Captain Cocke
653,37,165,667,1665,October,11,boat,
37,653,667,165,1665,October,12,boat,
653,37,165,667,1665,October,12,boat,
37,873,667,212,1665,October,12,coach,
873,1082,212,407,1665,October,12,walk,
1082,873,407,212,1665,October,13,walk,
873,450,212,155,1665,October,13,boat,
450,873,155,212,1665,October,13,boat,
873,1082,212,407,1665,October,13,walk,
1082,873,407,212,1665,October,14,walk,
873,1082,212,407,1665,October,14,walk,
1082,1053,407,55,1665,October,15,coach,Mr. Povy
1053,1069,55,511,1665,October,15,horse,
1069,1053,511,55,1665,October,15,horse,
1053,1081,55,422,1665,October,16,walk,Mr. Povy
1083,873,583,212,1665,October,16,boat,Captain Cocke
873,1082,212,407,1665,October,16,walk,
1082,873,407,212,1665,October,17,walk,
873,1082,212,407,1665,October,17,walk,
1082,450,407,155,1665,October,18,boat,
450,1082,155,407,1665,October,18,boat,
1082,450,407,155,1665,October,19,boat,
450,1082,155,407,1665,October,19,boat,
1082,873,407,212,1665,October,20,walk,
873,1082,212,407,1665,October,20,walk,
1082,873,407,212,1665,October,21,walk,
873,1082,212,407,1665,October,21,walk,
1082,873,407,212,1665,October,22,walk,
873,37,212,667,1665,October,22,boat,
37,653,667,165,1665,October,23,boat,
653,873,165,212,1665,October,23,boat,Sir William Warren; Captain Taylor
873,1082,212,407,1665,October,23,walk,
1082,1077,407,76,1665,October,24,walk,
1077,1076,76,215,1665,October,24,walk,
1076,1077,215,76,1665,October,24,walk,
1077,1082,76,407,1665,October,24,walk,
1082,1076,407,215,1665,October,25,walk,
1076,31,215,145,1665,October,25,coach,Mr. Evelyn
31,1082,145,407,1665,October,25,coach,
1082,1083,407,583,1665,October,26,boat,Sir Christopher Mings
1083,23,583,789,1665,October,26,walk,
23,873,789,212,1665,October,26,boat,Sir Christopher Mings
873,1082,212,407,1665,October,26,walk,
1082,1077,407,76,1665,October,27,walk,
1077,23,76,789,1665,October,27,coach,Captain Cocke
23,450,789,155,1665,October,27,boat,
450,873,155,212,1665,October,27,coach,
873,1082,212,407,1665,October,27,walk,
1082,1076,407,215,1665,October,28,walk,
1076,653,215,165,1665,October,28,horse,Mr. Deane
653,873,165,212,1665,October,28,horse,
873,1082,212,407,1665,October,28,walk,
1082,653,407,165,1665,October,29,coach,Captain Cocke; Mr. Deane
653,37,165,667,1665,October,29,coach,
37,1082,667,407,1665,October,29,walk,Mr. Hill
1082,873,407,212,1665,October,30,walk,
873,1082,212,407,1665,October,30,walk,
1082,873,407,212,1665,October,31,walk,
873,1082,212,407,1665,October,31,walk,
37,653,667,165,1665,November,1,boat,
653,1076,165,215,1665,November,1,coach,Sir William Batten
1076,1082,215,407,1665,November,1,walk,Captain Cocke
1082,873,407,212,1665,November,2,walk,
873,1082,212,407,1665,November,2,walk,
1082,1070,407,133,1665,November,3,boat,
1070,873,133,212,1665,November,3,boat,
873,1076,212,215,1665,November,4,walk,
1076,1075,215,76,1665,November,4,walk,
1075,450,76,155,1665,November,5,boat,
450,104,155,562,1665,November,5,walk,
104,31,562,145,1665,November,5,boat,
1034,1075,379,76,1665,November,5,coach,Mr. Evelyn; Captain Cocke
1075,1077,76,76,1665,November,6,walk,
1077,450,76,155,1665,November,6,coach,Mr. Evelyn
450,1077,155,76,1665,November,6,boat,Sir George Carteret; Captain Cocke
1077,1075,76,76,1665,November,6,walk,
1075,450,76,155,1665,November,7,boat,Sir George Carteret
450,873,155,212,1665,November,7,coach,
873,1082,212,407,1665,November,7,walk,
1082,873,407,212,1665,November,8,walk,
873,31,212,145,1665,November,8,boat,
31,1075,145,76,1665,November,8,boat,
1075,873,76,212,1665,November,9,walk,
873,1085,212,213,1665,November,9,boat,
1085,1082,213,407,1665,November,9,boat,
1082,873,407,212,1665,November,10,walk,
873,1082,212,407,1665,November,10,walk,
1082,873,407,212,1665,November,11,walk,
873,1082,212,407,1665,November,11,walk,
1082,1077,407,76,1665,November,12,walk,
1077,450,76,155,1665,November,12,boat,
450,1077,155,76,1665,November,12,boat,
1077,1082,76,407,1665,November,12,walk,
1082,1077,407,76,1665,November,13,walk,
1077,1075,76,76,1665,November,13,walk,Captain Cocke
1075,785,76,788,1665,November,14,coach,Captain Cocke
785,873,788,212,1665,November,14,boat,
873,450,212,155,1665,November,14,boat,
450,1082,155,407,1665,November,14,boat,
1082,1086,407,213,1665,November,15,walk,
1086,1075,213,76,1665,November,15,walk,
1075,653,76,165,1665,November,16,horse,
653,1070,165,133,1665,November,16,boat,
1070,653,133,165,1665,November,17,boat,
653,1082,165,407,1665,November,17,horse,
1082,873,407,212,1665,November,18,walk,
873,1082,212,407,1665,November,18,walk,
1082,653,407,165,1665,November,19,boat,
653,37,165,667,1665,November,19,boat,
37,1082,667,407,1665,November,19,walk,
1082,1071,407,435,1665,November,20,horse,
1071,585,435,168,1665,November,20,walk,
585,1082,168,407,1665,November,20,horse,
1082,873,407,212,1665,November,21,walk,
873,1082,212,407,1665,November,21,walk,
1082,450,407,155,1665,November,22,boat,
450,104,155,562,1665,November,22,walk,
104,23,562,789,1665,November,22,walk,
23,873,789,212,1665,November,22,boat,
873,1082,212,407,1665,November,22,walk,
1082,873,407,212,1665,November,23,walk,
873,1082,212,407,1665,November,23,walk,
1082,23,407,789,1665,November,24,boat,
1067,1034,504,379,1665,November,24,walk,Captain Cocke
1034,1075,379,76,1665,November,24,coach,Captain Cocke
1075,1082,76,407,1665,November,24,walk,
1082,873,407,212,1665,November,25,walk,
873,1082,212,407,1665,November,25,walk,
1082,653,407,165,1665,November,26,horse,
653,37,165,667,1665,November,26,horse,Sir William Warren
37,1082,667,407,1665,November,26,walk,
1082,450,407,155,1665,November,27,walk,
450,104,155,562,1665,November,27,walk,
104,450,562,155,1665,November,27,walk,
450,1067,155,504,1665,November,27,coach,Captain Cocke
1067,1071,504,435,1665,November,28,coach,Captain Cocke; Sir George Carteret
1071,1084,435,74,1665,November,28,coach,
1084,1087,74,502,1665,November,28,coach,Captain Cocke
1087,402,502,185,1665,November,28,coach,
402,873,185,212,1665,November,28,boat,Captain Cocke
873,1082,212,407,1665,November,28,walk,
1082,785,407,788,1665,November,29,boat,Elizabeth Pepys
785,873,788,212,1665,November,29,boat,Elizabeth Pepys
1082,873,407,212,1665,November,30,walk,
873,1082,212,407,1665,November,30,walk,
1082,873,407,212,1665,December,1,walk,
873,1082,212,407,1665,December,1,walk,
1082,873,407,212,1665,December,2,walk,
873,1082,212,407,1665,December,2,walk,
1082,1077,407,76,1665,December,3,walk,
1077,1089,76,76,1665,December,3,walk,
1089,1082,76,407,1665,December,3,coach,
1082,23,407,789,1665,December,4,boat,
23,1075,789,76,1665,December,4,boat,
1075,31,76,145,1665,December,5,boat,
785,873,788,212,1665,December,5,boat,
873,1082,212,407,1665,December,5,walk,
1082,450,407,155,1665,December,6,boat,
450,1082,155,407,1665,December,6,boat,
1082,1089,407,76,1665,December,6,walk,Elizabeth Pepys; Mary Mercer
1089,1082,76,407,1665,December,6,walk,
1082,873,407,212,1665,December,7,walk,
873,1082,212,407,1665,December,7,walk,
1082,23,407,789,1665,December,8,boat,
23,1088,789,459,1665,December,8,walk,
1088,3,459,642,1665,December,8,boat,Mr. Gauden
3,1082,642,407,1665,December,8,boat,
1082,450,407,155,1665,December,9,coach,Lord Brouncker
450,1082,155,407,1665,December,9,coach,Lord Brouncker
1082,1077,407,76,1665,December,10,walk,
1077,1082,76,407,1665,December,10,walk,
1082,23,407,789,1665,December,11,boat,
23,1088,789,459,1665,December,11,walk,
1088,873,459,212,1665,December,11,boat,
873,1082,212,407,1665,December,11,walk,
1082,1090,407,85,1665,December,12,boat,
1090,1082,85,407,1665,December,12,boat,
1082,1089,407,76,1665,December,13,walk,
1089,23,76,789,1665,December,13,boat,James Pierce
23,1088,789,459,1665,December,13,walk,
1088,1031,459,155,1665,December,13,coach,Sir William Warren
1031,785,155,788,1665,December,13,coach,
785,1082,788,407,1665,December,13,boat,
1082,1088,407,459,1665,December,14,boat,
1088,1082,459,407,1665,December,14,boat,
1082,873,407,212,1665,December,15,walk,
873,1082,212,407,1665,December,15,walk,
1082,873,407,212,1665,December,16,walk,
873,1082,212,407,1665,December,16,walk,
1082,873,407,212,1665,December,17,walk,
873,1082,212,407,1665,December,17,walk,
1082,873,407,212,1665,December,18,walk,
873,1077,212,76,1665,December,18,walk,
1077,1082,76,407,1665,December,18,walk,
1082,653,407,165,1665,December,19,boat,Lord Brouncker; Sir John Minnes
653,1082,165,407,1665,December,19,boat,
1082,450,407,155,1665,December,20,walk,
450,1077,155,76,1665,December,20,walk,
1077,23,76,789,1665,December,20,walk,
23,873,789,212,1665,December,20,boat,Lord Brouncker
873,1082,212,407,1665,December,20,walk,
1082,1077,407,76,1665,December,21,walk,
1077,1082,76,407,1665,December,21,walk,
1082,1092,407,180,1665,December,22,boat,Mr. Hill
1092,873,180,212,1665,December,22,boat,
873,1082,212,407,1665,December,22,walk,
1082,873,407,212,1665,December,23,walk,
873,1082,212,407,1665,December,23,walk,
1082,450,407,155,1665,December,24,boat,
450,1082,155,407,1665,December,24,boat,
1082,873,407,212,1665,December,25,walk,
873,1082,212,407,1665,December,25,walk,
1082,873,407,212,1665,December,26,walk,
1077,1082,76,407,1665,December,26,walk,
1082,785,407,788,1665,December,27,coach,Captain Cocke
785,23,788,789,1665,December,27,walk,
23,1088,789,459,1665,December,27,walk,Sir William Warren
1088,785,459,788,1665,December,27,walk,
785,30,788,475,1665,December,27,boat,
30,1077,475,76,1665,December,27,walk,
1077,1082,76,407,1665,December,27,walk,
1082,873,407,212,1665,December,28,walk,
873,1082,212,407,1665,December,28,walk,
1082,873,407,212,1665,December,29,walk,
873,1082,212,407,1665,December,29,walk,
1082,873,407,212,1665,December,30,walk,
873,1082,212,407,1665,December,30,walk,
1082,450,407,155,1665,December,31,boat,
450,1082,155,407,1665,December,31,boat,
1082,3,407,642,1666,January,2,boat,
3,1082,642,407,1666,January,2,boat,
1082,9,407,422,1666,January,3,boat,
9,861,422,516,1666,January,3,walk,Lord Brouncker; Sir William Batten
861,1082,516,407,1666,January,3,boat,
1082,785,407,788,1666,January,4,boat,
9,785,422,788,1666,January,4,walk,Lord Brouncker; Sir William Penn
1082,3,407,642,1666,January,5,coach,Lord Brouncker
23,1067,789,504,1666,January,5,walk,Mr. Povy
1067,873,504,212,1666,January,5,coach,Lord Brouncker
873,1076,212,215,1666,January,5,walk,
1076,1082,215,407,1666,January,5,walk,
785,176,788,544,1666,January,6,walk,
176,785,544,788,1666,January,6,walk,Betty Michell; William Hewer
785,9,788,422,1666,January,7,walk,
9,170,422,566,1666,January,7,coach,Lord Brouncker
170,785,566,788,1666,January,7,walk,
785,23,788,789,1666,January,8,coach,Elizabeth Pepys
785,3,788,642,1666,January,9,coach,Sir William Batten; Sir William Penn
3,13,642,610,1666,January,9,walk,
13,785,610,788,1666,January,9,walk,
785,1090,788,85,1666,January,10,coach,Mr. Gauden
1090,1093,85,334,1666,January,10,coach,
1093,23,334,789,1666,January,10,walk,
23,785,789,788,1666,January,10,walk,
9,861,422,516,1666,January,11,walk,
861,1093,516,334,1666,January,11,coach,Lord Brouncker
1093,61,334,219,1666,January,11,walk,
450,23,155,789,1666,January,12,walk,
23,9,789,422,1666,January,12,walk,
785,1093,788,334,1666,January,13,walk,
785,9,788,422,1666,January,14,walk,
9,785,422,788,1666,January,14,walk,
785,9,788,422,1666,January,15,walk,
9,785,422,788,1666,January,15,walk,
785,3,788,642,1666,January,16,coach,
3,13,642,610,1666,January,16,walk,
13,785,610,788,1666,January,16,boat,
785,9,788,422,1666,January,17,walk,
9,785,422,788,1666,January,17,walk,
9,785,422,788,1666,January,18,walk,Lord Brouncker
785,450,788,155,1666,January,19,coach,Sir John Minnes
986,304,582,147,1666,January,21,walk,
304,3,147,642,1666,January,21,coach,
3,785,642,788,1666,January,21,coach,
785,9,788,422,1666,January,21,walk,
9,785,422,788,1666,January,21,walk,
785,450,788,155,1666,January,22,boat,
450,1094,155,129,1666,January,22,walk,
1094,785,129,788,1666,January,22,walk,
785,3,788,642,1666,January,23,coach,Sir William Batten; Sir William Penn
3,380,642,540,1666,January,23,walk,Lord Brouncker
380,13,540,610,1666,January,23,walk,
13,61,610,219,1666,January,23,coach,Lord Brouncker
61,785,219,788,1666,January,23,coach,
785,106,788,675,1666,January,24,walk,Lord Brouncker
106,9,675,422,1666,January,24,walk,
785,9,788,422,1666,January,25,walk,
9,450,422,155,1666,January,25,walk,
450,785,155,788,1666,January,25,walk,
785,9,788,422,1666,January,25,walk,
23,1088,789,459,1666,January,26,walk,Mr. Gauden
1088,785,459,788,1666,January,26,walk,
785,113,788,265,1666,January,27,walk,
113,1112,265,444,1666,January,27,walk,
1112,3,444,642,1666,January,27,boat,Betty Michell
3,785,642,788,1666,January,27,walk,
785,1427,788,650,1666,January,28,coach,
1427,1052,650,228,1666,January,28,coach,Lord Brouncker
1052,785,228,788,1666,January,30,coach,
785,9,788,422,1666,February,1,walk,
9,575,422,76,1666,February,1,walk,
883,785,341,788,1666,February,2,walk,
785,9,788,422,1666,February,2,walk,
9,785,422,788,1666,February,2,walk,
785,3,788,642,1666,February,3,coach,Sir William Batten; Sir William Penn
3,380,642,540,1666,February,3,walk,
380,785,540,788,1666,February,3,walk,
785,9,788,422,1666,February,4,walk,Mr Gawden
9,785,422,788,1666,February,4,walk,
785,1093,788,334,1666,February,5,walk,
1093,23,334,789,1666,February,5,walk,
23,3,789,642,1666,February,5,walk,
3,883,642,341,1666,February,5,walk,
883,519,341,561,1666,February,5,walk,
519,785,561,788,1666,February,5,walk,
3,785,642,788,1666,February,6,coach,
785,9,788,422,1666,February,7,walk,
9,785,422,788,1666,February,7,walk,
9,23,422,789,1666,February,8,walk,
23,3,789,642,1666,February,8,walk,
3,785,642,788,1666,February,8,walk,
15,519,169,561,1666,February,9,walk,
785,9,788,422,1666,February,10,walk,
9,311,422,343,1666,February,10,coach,Elizabeth Pepys
311,23,343,789,1666,February,10,walk,
785,9,788,422,1666,February,10,walk,
9,785,422,788,1666,February,10,walk,
785,176,788,544,1666,February,11,walk,
176,785,544,788,1666,February,11,walk,
3,785,642,788,1666,February,11,coach,Lord Brouncker
785,9,788,422,1666,February,12,walk,
9,23,422,789,1666,February,12,walk,
785,9,788,422,1666,February,13,walk,
9,3,422,642,1666,February,13,boat,
3,23,642,789,1666,February,13,walk,
23,785,789,788,1666,February,13,walk,
785,9,788,422,1666,February,13,walk,
9,785,422,788,1666,February,13,walk,
785,883,788,341,1666,February,14,coach,Mr. Hill
311,1094,343,129,1666,February,14,walk,
785,3,788,642,1666,February,15,coach,Sir William Batten; Sir John Minnes
3,785,642,788,1666,February,15,coach,
785,9,788,422,1666,February,15,walk,
9,785,422,788,1666,February,15,walk,
785,883,788,341,1666,February,16,coach,
883,23,341,789,1666,February,16,walk,
785,1112,788,444,1666,February,17,walk,
1112,3,444,642,1666,February,17,boat,Betty Michell
3,380,642,540,1666,February,17,walk,
380,785,540,788,1666,February,17,walk,
785,1509,788,422,1666,February,18,walk,
1509,15,422,169,1666,February,18,coach,
15,785,169,788,1666,February,18,coach,
785,9,788,422,1666,February,18,walk,
9,785,422,788,1666,February,18,walk,
785,883,788,341,1666,February,19,walk,
883,3,341,642,1666,February,19,walk,
3,15,642,169,1666,February,19,walk,
15,21,169,546,1666,February,19,walk,
21,1098,546,384,1666,February,19,walk,
311,785,343,788,1666,February,19,walk,
3,785,642,788,1666,February,20,walk,
3,785,642,788,1666,February,21,walk,
1098,785,384,788,1666,February,22,coach,
785,829,788,503,1666,February,23,walk,William Hewer
829,785,503,788,1666,February,23,walk,
785,9,788,422,1666,February,24,walk,
9,785,422,788,1666,February,24,walk,
785,1051,788,131,1666,February,25,coach,Elizabeth Pepys; Mary Mercer
1576,1100,422,422,1666,February,26,walk,Elizabeth Pepys
1101,785,66,788,1666,February,26,coach,Elizabeth Pepys
785,9,788,422,1666,February,27,walk,
9,785,422,788,1666,February,27,walk,
3,785,642,788,1666,February,28,walk,
9,983,422,485,1666,March,1,walk,
983,785,485,788,1666,March,1,walk,
9,785,422,788,1666,March,1,walk,
785,9,788,422,1666,March,2,walk,
9,311,422,343,1666,March,2,coach,
785,9,788,422,1666,March,3,walk,
9,73,422,442,1666,March,3,walk,
785,9,788,422,1666,March,3,walk,
9,785,422,788,1666,March,3,walk,
9,23,422,789,1666,March,5,walk,
9,63,422,519,1666,March,6,walk,
63,785,519,788,1666,March,6,walk,
3,873,642,212,1666,March,7,boat,
873,785,212,788,1666,March,7,coach,Lord Brouncker
9,983,422,485,1666,March,8,walk,
983,1098,485,384,1666,March,8,coach,
785,1031,788,155,1666,March,9,walk,
1031,31,155,145,1666,March,9,boat,Lord Brouncker; Sir William Batten
30,63,475,519,1666,March,9,walk,
63,9,519,422,1666,March,9,walk,
1098,1089,384,76,1666,March,10,coach,
1089,785,76,788,1666,March,10,coach,
785,3,788,642,1666,March,11,boat,
785,9,788,422,1666,March,12,walk,
9,785,422,788,1666,March,12,walk,
3,105,642,222,1666,March,14,coach,Lord Brouncker; Dr. Wilkins
334,1098,588,384,1666,March,14,walk,
1098,1089,384,76,1666,March,14,walk,
1089,785,76,788,1666,March,14,coach,
785,9,788,422,1666,March,15,walk,
9,1098,422,384,1666,March,15,coach,
1098,785,384,788,1666,March,15,coach,
785,9,788,422,1666,March,15,walk,
9,785,422,788,1666,March,15,walk,
785,9,788,422,1666,March,16,walk,
9,23,422,789,1666,March,16,walk,
1094,785,129,788,1666,March,16,walk,
785,1098,788,384,1666,March,17,walk,
1098,15,384,169,1666,March,17,walk,
15,104,169,562,1666,March,17,walk,
104,13,562,610,1666,March,17,walk,
13,1098,610,384,1666,March,17,coach,
176,1001,544,415,1666,March,18,walk,
1001,785,415,788,1666,March,18,coach,
785,9,788,422,1666,March,19,walk,
9,1105,422,577,1666,March,19,walk,Lord Brouncker; Sir John Minnes
1105,77,577,503,1666,March,19,walk,
785,9,788,422,1666,March,19,walk,
9,785,422,788,1666,March,19,walk,
9,1098,422,384,1666,March,20,coach,Elizabeth Pepys; Mrs. Barbary; Mary Mercer
785,1031,788,155,1666,March,21,walk,
1031,380,155,540,1666,March,21,walk,
380,23,540,789,1666,March,21,walk,
23,3,789,642,1666,March,21,coach,Sir William Warren
3,61,642,219,1666,March,21,coach,
785,9,788,422,1666,March,21,walk,
9,785,422,788,1666,March,21,walk,
13,785,610,788,1666,March,23,coach,
785,9,788,422,1666,March,26,walk,
9,106,422,675,1666,March,26,walk,Lord Brouncker
106,1088,675,459,1666,March,26,walk,
785,9,788,422,1666,March,26,walk,
9,785,422,788,1666,March,26,walk,
3,1031,642,155,1666,March,28,walk,
1031,1098,155,384,1666,March,28,coach,
1098,785,384,788,1666,March,28,coach,
785,9,788,422,1666,March,29,walk,
9,785,422,788,1666,March,29,walk,
785,23,788,789,1666,March,30,walk,
785,9,788,422,1666,March,31,walk,
9,785,422,788,1666,March,31,walk,
785,9,788,422,1666,April,2,walk,
9,105,422,222,1666,April,2,coach,Mr. Gauden
23,1094,789,129,1666,April,2,walk,
1094,3,129,642,1666,April,2,coach,Elizabeth Pepys
785,9,788,422,1666,April,3,walk,
9,785,422,788,1666,April,3,walk,
785,9,788,422,1666,April,6,walk,
9,1098,422,384,1666,April,6,walk,
1098,3,384,642,1666,April,6,coach,
785,1098,788,384,1666,April,7,coach,
1098,1015,384,336,1666,April,7,coach,
9,785,422,788,1666,April,7,walk,
3,380,642,540,1666,April,8,walk,
380,785,540,788,1666,April,8,coach,
785,380,788,540,1666,April,8,coach,
785,9,788,422,1666,April,9,walk,
9,23,422,789,1666,April,9,walk,
23,1089,789,76,1666,April,9,coach,
1089,1107,76,291,1666,April,9,coach,Elizabeth Pierce; Mrs Knipp
1107,1089,291,76,1666,April,9,coach,
1089,785,76,788,1666,April,9,coach,
785,61,788,219,1666,April,11,walk,
785,450,788,155,1666,April,13,coach,Balthasar St. Michel
450,380,155,540,1666,April,13,walk,Balthasar St. Michel
380,1098,540,384,1666,April,13,walk,
1098,785,384,788,1666,April,13,walk,
785,104,788,562,1666,April,15,walk,
104,3,562,642,1666,April,15,walk,
3,1089,642,76,1666,April,15,boat,
1089,1107,76,291,1666,April,15,coach,Elizabeth Pierce
1107,785,291,788,1666,April,15,coach,
3,411,642,390,1666,April,18,walk,
104,23,562,789,1666,April,18,boat,
23,1098,789,384,1666,April,18,walk,
1098,1089,384,76,1666,April,18,coach,
1089,785,76,788,1666,April,18,coach,
785,1001,788,415,1666,April,20,coach,
1098,21,384,546,1666,April,20,walk,
21,785,546,788,1666,April,20,walk,
785,9,788,422,1666,April,21,walk,
9,3,422,642,1666,April,21,coach,Sir William Batten
3,382,642,275,1666,April,21,coach,Lord Brouncker
382,23,275,789,1666,April,21,coach,
785,9,788,422,1666,April,21,walk,
9,785,422,788,1666,April,21,walk,
3,785,642,788,1666,April,22,coach,
3,380,642,540,1666,April,22,walk,
380,1031,540,155,1666,April,22,walk,
1031,785,155,788,1666,April,22,walk,
104,1098,562,384,1666,April,23,walk,
785,9,788,422,1666,April,25,walk,
9,785,422,788,1666,April,25,walk,
785,311,788,343,1666,April,27,walk,
785,1098,788,384,1666,April,28,coach,Elizabeth Pepys
1098,785,384,788,1666,April,28,coach,
785,176,788,544,1666,April,29,walk,
176,785,544,788,1666,April,29,walk,
1034,785,379,788,1666,April,29,boat,
785,9,788,422,1666,April,30,walk,
9,785,422,788,1666,April,30,walk,
785,1111,788,50,1666,April,30,coach,Elizabeth Pepys; Mary Mercer
1111,785,50,788,1666,April,30,coach,
785,9,788,422,1666,May,1,walk,
9,785,422,788,1666,May,1,walk,
30,31,475,145,1666,May,1,walk,
785,9,788,422,1666,May,3,walk,
9,785,422,788,1666,May,3,walk,
785,612,788,509,1666,May,4,boat,
612,3,509,642,1666,May,4,walk,
1098,785,384,788,1666,May,4,walk,
104,1111,562,50,1666,May,4,coach,Elizabeth Pepys
1111,785,50,788,1666,May,4,coach,
785,176,788,544,1666,May,6,walk,
176,785,544,788,1666,May,6,walk,
785,3,788,642,1666,May,6,walk,
3,785,642,788,1666,May,6,walk,
785,9,788,422,1666,May,7,walk,
9,311,422,343,1666,May,7,walk,
311,15,343,169,1666,May,7,walk,
15,785,169,788,1666,May,7,walk,
785,9,788,422,1666,May,7,walk,
9,785,422,788,1666,May,7,walk,
785,9,788,422,1666,May,8,walk,
9,785,422,788,1666,May,8,walk,
31,3,145,642,1666,May,9,boat,
15,1089,169,76,1666,May,9,coach,
1089,311,76,343,1666,May,9,walk,
311,1098,343,384,1666,May,9,walk,
1098,1111,384,50,1666,May,9,coach,Elizabeth Pepys; Elizabeth Pierce; Mrs Knipp
1111,785,50,788,1666,May,9,coach,
785,1114,788,223,1666,May,10,coach,Elizabeth Pepys; Mrs. Turner
1114,785,223,788,1666,May,10,coach,
785,1005,788,131,1666,May,11,walk,
1005,15,131,169,1666,May,11,walk,
15,23,169,789,1666,May,11,walk,
785,9,788,422,1666,May,12,walk,
9,785,422,788,1666,May,12,walk,
3,785,642,788,1666,May,12,walk,
13,1112,610,444,1666,May,13,walk,
1112,785,444,788,1666,May,13,boat,
785,9,788,422,1666,May,14,walk,
9,612,422,509,1666,May,15,coach,
612,785,509,788,1666,May,15,walk,
31,785,145,788,1666,May,16,walk,
785,1110,788,282,1666,May,16,coach,Elizabeth Pepys; Mrs. Barbary; Mary Mercer
1110,785,282,788,1666,May,16,coach,
31,41,145,47,1666,May,18,boat,
41,785,47,788,1666,May,18,boat,
785,176,788,544,1666,May,20,walk,
176,785,544,788,1666,May,20,walk,
785,9,788,422,1666,May,21,walk,
9,785,422,788,1666,May,21,walk,
785,3,788,642,1666,May,23,walk,
3,15,642,169,1666,May,23,walk,
15,23,169,789,1666,May,23,walk,
23,785,789,788,1666,May,23,walk,
107,1089,541,76,1666,May,23,coach,
1089,785,76,788,1666,May,23,coach,
785,1114,788,223,1666,May,24,coach,Elizabeth Pepys
1114,785,223,788,1666,May,24,coach,
23,785,789,788,1666,May,25,walk,
785,311,788,343,1666,May,27,walk,
311,23,343,789,1666,May,27,walk,
23,785,789,788,1666,May,27,walk,
785,9,788,422,1666,May,28,walk,
9,31,422,145,1666,May,28,boat,
785,9,788,422,1666,May,29,walk,
9,785,422,788,1666,May,29,walk,
785,402,788,185,1666,May,29,coach,Elizabeth Pepys; John Creed
785,9,788,422,1666,May,30,walk,
9,3,422,642,1666,May,30,walk,
785,1005,788,131,1666,May,30,walk,
1005,3,131,642,1666,May,30,walk,
3,785,642,788,1666,May,30,walk,
785,31,788,145,1666,May,30,boat,
785,31,788,145,1666,May,31,boat,
31,41,145,47,1666,May,31,boat,
41,785,47,788,1666,May,31,boat,
9,24,422,592,1666,June,1,walk,
24,785,592,788,1666,June,1,walk,
785,9,788,422,1666,June,2,walk,
9,162,422,597,1666,June,2,walk,
162,36,597,217,1666,June,2,boat,
36,353,217,76,1666,June,2,walk,Captain Erwin
353,1086,76,213,1666,June,2,walk,Captain Erwin
1086,1118,213,76,1666,June,2,walk,
1118,353,76,76,1666,June,2,walk,
353,1119,76,407,1666,June,2,walk,
1119,41,407,47,1666,June,2,walk,
785,9,788,422,1666,June,3,walk,
9,785,422,788,1666,June,3,walk,
785,23,788,789,1666,June,3,walk,
23,22,789,543,1666,June,3,walk,
22,103,543,609,1666,June,3,walk,
103,1001,609,415,1666,June,3,walk,
3,968,642,114,1666,June,3,walk,
968,382,114,275,1666,June,3,coach,John Creed
382,282,275,123,1666,June,3,coach,John Creed
282,23,123,789,1666,June,3,walk,
785,3,788,642,1666,June,4,coach,Sir John Minnes; Sir William Penn
3,380,642,540,1666,June,4,walk,Sir John Minnes; Sir William Penn
380,107,540,541,1666,June,4,walk,
107,785,541,788,1666,June,4,coach,Sir William Penn
785,410,788,523,1666,June,4,coach,Mr Daniel
3,107,642,541,1666,June,4,walk,
3,23,642,789,1666,June,4,boat,
785,61,788,219,1666,June,4,walk,
61,785,219,788,1666,June,4,walk,Robert Hooke
785,1094,788,129,1666,June,4,walk,
1094,3,129,642,1666,June,4,coach,Lord Brouncker; John Creed
785,9,788,422,1666,June,5,walk,
9,785,422,788,1666,June,5,walk,
785,9,788,422,1666,June,6,walk,
9,162,422,597,1666,June,6,walk,
162,380,597,540,1666,June,6,boat,
380,107,540,541,1666,June,6,walk,
785,176,788,544,1666,June,6,walk,
176,785,544,788,1666,June,6,walk,
785,1098,788,384,1666,June,6,coach,
1098,1037,384,346,1666,June,6,coach,
1037,1111,346,50,1666,June,6,coach,
1111,1132,50,698,1666,June,6,coach,
1132,1133,698,599,1666,June,6,walk,Elizabeth Pepys; John Pepys Sr; Mary Mercer
1133,785,599,788,1666,June,6,walk,Elizabeth Pepys; John Pepys Sr; Mary Mercer
785,9,788,422,1666,June,7,walk,
9,23,422,789,1666,June,7,walk,
785,380,788,540,1666,June,8,walk,
380,15,540,169,1666,June,8,walk,
15,785,169,788,1666,June,8,walk,
785,9,788,422,1666,June,8,walk,Balthasar St Michel
9,3,422,642,1666,June,8,walk,
785,380,788,540,1666,June,9,walk,
380,3,540,642,1666,June,9,walk,
3,864,642,371,1666,June,9,walk,
864,1112,371,444,1666,June,9,boat,
9,785,422,788,1666,June,10,walk,
785,3,788,642,1666,June,10,boat,
3,1135,642,372,1666,June,10,walk,
1135,103,372,609,1666,June,10,walk,Sir George Carteret
103,1112,609,444,1666,June,10,boat,Young Michell; Betty Michell
1112,43,444,583,1666,June,10,boat,
43,785,583,788,1666,June,10,walk,
785,413,788,605,1666,June,11,boat,
413,785,605,788,1666,June,11,boat,
785,1138,788,74,1666,June,11,walk,Lady Penn; Margaret Penn
1138,31,74,145,1666,June,11,walk,
785,9,788,422,1666,June,12,walk,
9,3,422,642,1666,June,12,walk,
785,380,788,540,1666,June,13,coach,
380,3,540,642,1666,June,13,walk,
1098,1121,384,127,1666,June,13,coach,
1121,785,127,788,1666,June,13,walk,
43,9,583,422,1666,June,13,walk,
9,31,422,145,1666,June,13,boat,
31,579,145,141,1666,June,13,walk,
785,9,788,422,1666,June,14,walk,
9,1098,422,384,1666,June,14,walk,Elizabeth Pepys; John Pepys Sr
3,864,642,371,1666,June,14,walk,John Creed
864,785,371,788,1666,June,14,walk,
785,9,788,422,1666,June,14,walk,
9,785,422,788,1666,June,14,walk,
785,9,788,422,1666,June,15,walk,
9,15,422,169,1666,June,15,walk,
785,9,788,422,1666,June,15,walk,
9,785,422,788,1666,June,15,walk,
785,9,788,422,1666,June,16,walk,
9,785,422,788,1666,June,16,walk,
785,37,788,667,1666,June,16,boat,
785,1122,788,97,1666,June,17,walk,Elizabeth Pepys; Pall Pepys; Mary Mercer
1122,357,97,8,1666,June,17,walk,Elizabeth Pepys; Pall Pepys; Mary Mercer
357,156,8,204,1666,June,17,walk,John Pepys Sr
156,357,204,8,1666,June,17,walk,John Pepys Sr
157,915,282,223,1666,June,17,coach,Elizabeth Pepys; John Pepys Sr; Pall Pepys; Mary Mercer
785,9,788,422,1666,June,17,walk,
9,785,422,788,1666,June,17,walk,
785,9,788,422,1666,June,18,walk,
9,400,422,3,1666,June,18,walk,
400,15,3,169,1666,June,18,walk,
15,1098,169,384,1666,June,18,walk,
785,400,788,3,1666,June,18,boat,
400,31,3,145,1666,June,18,boat,
31,9,145,422,1666,June,18,boat,
9,785,422,788,1666,June,18,walk,
785,9,788,422,1666,June,19,walk,
9,230,422,8,1666,June,19,walk,John Creed
1131,968,758,114,1666,June,19,walk,
968,785,114,788,1666,June,19,walk,
785,380,788,540,1666,June,20,coach,
380,15,540,169,1666,June,20,walk,
15,13,169,610,1666,June,20,walk,
13,1001,610,415,1666,June,20,walk,Mrs Martin
1001,104,415,562,1666,June,20,walk,
104,1134,562,176,1666,June,20,walk,
1134,1098,176,384,1666,June,20,walk,
1098,280,384,684,1666,June,20,coach,Mrs Williams; Mrs Knipp
31,13,145,610,1666,June,22,boat,
13,785,610,788,1666,June,22,walk,John Creed
785,9,788,422,1666,June,23,walk,
9,785,422,788,1666,June,23,walk,
405,443,586,130,1666,June,23,walk,
443,31,130,145,1666,June,23,boat,
785,3,788,642,1666,June,24,boat,
3,382,642,275,1666,June,24,coach,Mr Coventry
382,3,275,642,1666,June,24,coach,Mr Coventry
31,1120,145,32,1666,June,25,walk,Sir William Batten; Sir Jeremy Smith
1120,31,32,145,1666,June,25,walk,Sir William Batten; Sir Jeremy Smith
355,1126,5,223,1666,June,25,coach,Elizabeth Pepys; Mary Mercer; Margaret Penn
1126,1127,223,334,1666,June,25,walk,Elizabeth Pepys; Mary Mercer; Margaret Penn
1127,1125,334,223,1666,June,25,walk,Elizabeth Pepys; Mary Mercer; Margaret Penn
1125,785,223,788,1666,June,25,coach,Elizabeth Pepys; Mary Mercer; Margaret Penn
785,9,788,422,1666,June,26,walk,
9,23,422,789,1666,June,26,walk,
785,9,788,422,1666,June,26,walk,
9,785,422,788,1666,June,26,walk,
785,9,788,422,1666,June,27,walk,
9,41,422,47,1666,June,27,boat,
41,9,47,422,1666,June,27,boat,
9,380,422,540,1666,June,27,walk,
380,864,540,371,1666,June,27,walk,
864,23,371,789,1666,June,27,coach,
785,1140,788,422,1666,June,27,coach,Elizabeth Pepys
1140,1098,422,384,1666,June,27,walk,
1098,1037,384,346,1666,June,27,walk,
1037,156,346,204,1666,June,27,walk,
156,1140,204,422,1666,June,27,walk,
1140,785,422,788,1666,June,27,coach,Elizabeth Pepys
785,9,788,422,1666,June,27,walk,
9,785,422,788,1666,June,27,walk,
785,400,788,3,1666,June,28,walk,
400,785,3,788,1666,June,28,walk,
785,3,788,642,1666,June,29,walk,
3,13,642,610,1666,June,29,walk,
3,864,642,371,1666,June,29,walk,
864,785,371,788,1666,June,29,walk,
785,9,788,422,1666,June,29,walk,
9,785,422,788,1666,June,29,walk,
9,473,422,131,1666,June,30,walk,
473,9,131,422,1666,June,30,walk,
9,785,422,788,1666,June,30,walk,
9,31,422,145,1666,July,1,boat,
31,43,145,583,1666,July,1,boat,
785,473,788,131,1666,July,2,walk,
473,958,131,425,1666,July,2,walk,
1128,861,170,516,1666,July,2,walk,
861,9,516,422,1666,July,2,walk,
31,43,145,583,1666,July,2,boat,
380,1004,540,331,1666,July,4,walk,
785,9,788,422,1666,July,4,walk,
9,785,422,788,1666,July,4,walk,
785,400,788,3,1666,July,5,walk,
400,785,3,788,1666,July,5,walk,
785,400,788,3,1666,July,6,walk,
400,9,3,422,1666,July,6,walk,
9,43,422,583,1666,July,6,walk,
43,968,583,114,1666,July,6,walk,
968,400,114,3,1666,July,6,walk,
400,785,3,788,1666,July,6,walk,
785,9,788,422,1666,July,6,walk,
9,785,422,788,1666,July,6,walk,
785,402,788,185,1666,July,8,boat,Elizabeth Pepys; Mary Mercer; Tom Edwards
402,31,185,145,1666,July,8,boat,Elizabeth Pepys; Mary Mercer; Tom Edwards
31,785,145,788,1666,July,8,boat,Elizabeth Pepys; Mary Mercer; Tom Edwards
785,1090,788,85,1666,July,9,coach,Sir William Penn
1090,785,85,788,1666,July,9,boat,
785,1163,788,363,1666,July,10,walk,Elizabeth Pepys; Mary Batelier; Anne Batelier; Mary Mercer
1163,785,363,788,1666,July,10,walk,Elizabeth Pepys; Mary Batelier; Anne Batelier; Mary Mercer
785,1090,788,85,1666,July,11,boat,
1090,380,85,540,1666,July,11,coach,
13,104,610,562,1666,July,11,walk,
104,785,562,788,1666,July,11,walk,
13,1140,610,422,1666,July,11,coach,Elizabeth Pepys
1140,157,422,282,1666,July,11,coach,Elizabeth Pepys
157,915,282,223,1666,July,11,coach,Elizabeth Pepys
785,9,788,422,1666,July,11,walk,
9,43,422,583,1666,July,11,walk,
43,36,583,217,1666,July,11,boat,
36,1082,217,407,1666,July,11,walk,
1082,785,407,788,1666,July,11,boat,
1082,43,407,583,1666,July,12,boat,
43,1142,583,199,1666,July,12,coach,
1142,380,199,540,1666,July,12,walk,
380,9,540,422,1666,July,12,coach,Mr Coventry
9,785,422,788,1666,July,12,walk,
785,9,788,422,1666,July,12,walk,
9,443,422,130,1666,July,12,coach,Mrs Burroughs
1146,115,323,85,1666,July,12,coach,Mrs Burroughs
115,3,85,642,1666,July,12,walk,
9,23,422,789,1666,July,13,walk,
23,785,789,788,1666,July,13,walk,
9,443,422,130,1666,July,14,walk,
443,9,130,422,1666,July,14,walk,
785,9,788,422,1666,July,15,walk,Elizabeth Pepys; Mary Mercer
9,785,422,788,1666,July,15,walk,Elizabeth Pepys; Mary Mercer
107,103,541,609,1666,July,15,walk,
380,411,540,390,1666,July,18,walk,Sir William Penn
411,785,390,788,1666,July,18,walk,Sir William Penn
36,37,217,667,1666,July,18,walk,
37,31,667,145,1666,July,18,boat,
31,579,145,141,1666,July,18,walk,
380,1037,540,346,1666,July,20,walk,
785,1128,788,170,1666,July,23,walk,
3,107,642,541,1666,July,25,walk,
107,3,541,642,1666,July,25,walk,
3,1001,642,415,1666,July,25,walk,
1001,13,415,610,1666,July,25,walk,
13,785,610,788,1666,July,25,boat,
785,1037,788,346,1666,July,25,coach,
1037,3,346,642,1666,July,25,coach,
3,885,642,422,1666,July,25,walk,Mr Spong
885,785,422,788,1666,July,25,coach,
157,915,282,223,1666,July,26,coach,Elizabeth Pepys; Mary Mercer
915,785,223,788,1666,July,26,coach,Elizabeth Pepys; Mary Mercer
9,861,422,516,1666,July,26,walk,
861,785,516,788,1666,July,26,walk,
3,107,642,541,1666,July,27,walk,John Creed
107,864,541,371,1666,July,27,walk,John Creed
864,107,371,541,1666,July,27,walk,Mr Coventry
157,23,282,789,1666,July,27,coach,John Creed
23,785,789,788,1666,July,27,coach,
9,1088,422,459,1666,July,28,walk,Lord Brouncker; Commissioner Pett; Dr Charleton
1088,3,459,642,1666,July,28,coach,Lord Brouncker
3,380,642,540,1666,July,28,walk,Lord Brouncker
380,1148,540,236,1666,July,28,coach,Lord Brouncker
1148,1149,236,131,1666,July,28,walk,Lord Brouncker
1149,61,131,219,1666,July,28,coach,Lord Brouncker
61,785,219,788,1666,July,28,coach,
785,861,788,516,1666,July,29,walk,
861,785,516,788,1666,July,29,walk,
9,785,422,788,1666,July,30,walk,
785,380,788,540,1666,July,30,walk,
380,785,540,788,1666,July,30,walk,
785,9,788,422,1666,July,31,walk,
9,785,422,788,1666,July,31,walk,
785,3,788,642,1666,July,31,walk,
3,13,642,610,1666,July,31,walk,John Creed
13,1001,610,415,1666,July,31,walk,
1001,1112,415,444,1666,July,31,boat,
1112,785,444,788,1666,July,31,walk,
107,15,541,169,1666,August,1,walk,
15,23,169,789,1666,August,1,walk,
23,785,789,788,1666,August,1,walk,
785,31,788,145,1666,August,1,boat,
31,30,145,475,1666,August,1,walk,
30,785,475,788,1666,August,1,boat,
785,9,788,422,1666,August,1,walk,
9,785,422,788,1666,August,1,walk,
785,9,788,422,1666,August,2,walk,
9,785,422,788,1666,August,2,walk,
785,162,788,597,1666,August,2,walk,John Creed
162,1093,597,334,1666,August,2,coach,John Creed
785,3,788,642,1666,August,3,walk,
3,1140,642,422,1666,August,3,walk,
785,1112,788,444,1666,August,5,walk,
1112,380,444,540,1666,August,5,boat,Betty Michell; Young Michell
380,1160,540,422,1666,August,5,walk,
1160,785,422,788,1666,August,5,boat,
785,386,788,422,1666,August,5,boat,Elizabeth Pepys; Mary Mercer; Jane
386,1153,422,24,1666,August,5,walk,Elizabeth Pepys; Mary Mercer; Jane
1153,964,24,423,1666,August,5,boat,Elizabeth Pepys; Mary Mercer; Jane
964,1087,423,502,1666,August,5,boat,Elizabeth Pepys; Mary Mercer; Jane
1087,113,502,265,1666,August,5,boat,Elizabeth Pepys; Mary Mercer; Jane
113,785,265,788,1666,August,5,walk,Elizabeth Pepys; Mary Mercer; Jane
785,1156,788,191,1666,August,6,boat,
1156,311,191,343,1666,August,6,walk,
785,1152,788,554,1666,August,6,coach,Mrs Knipp; Elizabeth Pierce
1152,785,554,788,1666,August,6,coach,Mrs Knipp; Elizabeth Pierce
1157,1184,102,394,1666,August,6,coach,Elizabeth Pierce
1184,230,394,8,1666,August,6,coach,
230,785,8,788,1666,August,6,coach,
15,103,169,609,1666,August,8,coach,
103,1146,609,323,1666,August,8,coach,Mrs Burroughs
115,785,85,788,1666,August,8,coach,
785,1158,788,307,1666,August,8,coach,Elizabeth Pepys; Mary Batelier; Mary Mercer
1158,355,307,5,1666,August,8,coach,Elizabeth Pepys; Mary Batelier; Mary Mercer; W. Batelier
355,785,5,788,1666,August,8,coach,Elizabeth Pepys; Mary Batelier; Mary Mercer; W. Batelier
785,400,788,3,1666,August,9,walk,
400,785,3,788,1666,August,9,walk,
785,9,788,422,1666,August,10,walk,
9,15,422,169,1666,August,10,boat,
280,13,684,610,1666,August,10,coach,John Creed
13,1015,610,336,1666,August,10,walk,
785,9,788,422,1666,August,10,walk,
9,785,422,788,1666,August,10,walk,
9,1139,422,111,1666,August,11,walk,
1139,9,111,422,1666,August,11,walk,
785,1139,788,111,1666,August,13,walk,
1139,21,111,546,1666,August,13,walk,
21,1139,546,111,1666,August,13,walk,
1139,13,111,610,1666,August,13,coach,
785,9,788,422,1666,August,13,walk,
9,785,422,788,1666,August,13,walk,
23,785,789,788,1666,August,14,walk,
785,1150,788,30,1666,August,14,walk,Elizabeth Pepys; Mary Mercer
785,1132,788,698,1666,August,14,walk,Elizabeth Pepys; Mary Mercer; Lady Penn; Margaret Penn
1132,785,698,788,1666,August,14,walk,Elizabeth Pepys; Mary Mercer; Lady Penn; Margaret Penn
23,785,789,788,1666,August,15,walk,
785,31,788,145,1666,August,15,boat,
785,9,788,422,1666,August,15,walk,
9,785,422,788,1666,August,15,walk,
9,861,422,516,1666,August,16,walk,
37,13,667,610,1666,August,17,boat,Captain Erwin
13,785,610,788,1666,August,17,boat,
785,911,788,593,1666,August,17,coach,Elizabeth Pepys
911,3,593,642,1666,August,17,walk,
3,911,642,593,1666,August,17,walk,
911,785,593,788,1666,August,17,coach,Elizabeth Pepys
785,9,788,422,1666,August,17,walk,
9,861,422,516,1666,August,17,walk,
861,785,516,788,1666,August,17,walk,
785,9,788,422,1666,August,18,walk,
9,23,422,789,1666,August,18,coach,Lord Brouncker
785,9,788,422,1666,August,18,walk,
9,785,422,788,1666,August,18,walk,
31,785,145,788,1666,August,20,walk,
785,1112,788,444,1666,August,20,walk,
1112,15,444,169,1666,August,20,boat,
15,400,169,3,1666,August,20,walk,
400,785,3,788,1666,August,20,walk,
785,9,788,422,1666,August,21,walk,
9,785,422,788,1666,August,21,walk,
15,13,169,610,1666,August,21,walk,
13,400,610,3,1666,August,21,coach,Elizabeth Pepys
400,785,3,788,1666,August,21,walk,
785,15,788,169,1666,August,22,coach,
15,380,169,540,1666,August,22,walk,
15,785,169,788,1666,August,22,coach,Sir William Penn
72,1157,359,102,1666,August,22,coach,Mrs Knipp
1157,785,102,788,1666,August,22,coach,
785,9,788,422,1666,August,26,walk,
9,3,422,642,1666,August,26,coach,Sir William Penn
785,9,788,422,1666,August,27,walk,
9,785,422,788,1666,August,27,walk,
785,9,788,422,1666,August,27,walk,
9,162,422,597,1666,August,27,walk,
1001,9,415,422,1666,August,28,walk,
9,785,422,788,1666,August,28,walk,
785,1152,788,554,1666,August,28,coach,Elizabeth Pepys; Mary Mercer
1152,785,554,788,1666,August,28,coach,Elizabeth Pepys; Mary Mercer
785,9,788,422,1666,August,28,walk,
107,15,541,169,1666,August,29,walk,John Creed
15,3,169,642,1666,August,29,walk,
785,157,788,282,1666,August,29,coach,Elizabeth Pepys; Mary Batelier
785,9,788,422,1666,August,29,walk,
9,785,422,788,1666,August,29,walk,
785,1004,788,331,1666,August,31,walk,
1004,785,331,788,1666,August,31,walk,
9,785,422,788,1666,September,1,walk,
785,1221,788,85,1666,September,1,walk,Sir William Penn; Elizabeth Pepys; Mary Mercer
1221,157,85,282,1666,September,1,walk,Sir William Penn; Elizabeth Pepys; Mary Mercer
43,785,583,788,1666,September,2,walk,
785,1167,788,545,1666,September,2,boat,Mr Carcasse
1167,99,545,470,1666,September,2,boat,King; Duke of York
99,3,470,642,1666,September,2,boat,
3,107,642,541,1666,September,2,walk,
107,1167,541,545,1666,September,2,walk,Elizabeth Pepys; John Creed; Mr Wood; Mrs Wood
1167,1168,545,19,1666,September,2,boat,Elizabeth Pepys; John Creed; Mr Wood; Mrs Wood
785,405,788,586,1666,September,3,walk,
405,785,586,788,1666,September,3,walk,
785,43,788,583,1666,September,4,walk,Sir William Penn
43,785,583,788,1666,September,4,walk,Sir William Penn
785,977,788,21,1666,September,5,walk,
977,861,21,516,1666,September,5,walk,
861,23,516,789,1666,September,5,walk,Mr Young; Mr Whistler
785,43,788,583,1666,September,6,walk,Mr Gawden
43,182,583,32,1666,September,6,boat,
182,13,32,610,1666,September,6,boat,
13,104,610,562,1666,September,6,walk,
104,3,562,642,1666,September,6,walk,
217,31,510,145,1666,September,6,boat,
785,861,788,516,1666,September,6,walk,Sir William Batten
861,9,516,422,1666,September,6,walk,
785,1167,788,545,1666,September,7,boat,
1167,419,545,373,1666,September,7,walk,
419,380,373,540,1666,September,7,walk,
380,104,540,562,1666,September,7,walk,
104,785,562,788,1666,September,7,walk,
785,861,788,516,1666,September,7,walk,
3,968,642,114,1666,September,8,walk,
968,380,114,540,1666,September,8,walk,
61,861,219,516,1666,September,8,walk,Sir William Batten; John Pepys Jr
861,560,516,518,1666,September,8,coach,John Pepys Jr
560,9,518,422,1666,September,8,coach,John Pepys Jr
9,861,422,516,1666,September,8,walk,
861,9,516,422,1666,September,9,walk,
9,560,422,518,1666,September,9,walk,
560,9,518,422,1666,September,9,walk,
785,861,788,516,1666,September,10,walk,
861,560,516,518,1666,September,10,coach,
560,785,518,788,1666,September,10,coach,
37,785,667,788,1666,September,11,boat,
785,861,788,516,1666,September,11,walk,Elizabeth Pepys
861,785,516,788,1666,September,11,walk,
785,579,788,141,1666,September,12,walk,
579,861,141,516,1666,September,12,boat,
861,405,516,586,1666,September,13,walk,
405,785,586,788,1666,September,13,walk,Balthasar St Michel
785,1036,788,143,1666,September,13,boat,Balthasar St Michel
1036,589,143,77,1666,September,13,walk,Balthasar St Michel
589,785,77,788,1666,September,13,boat,Balthasar St Michel
785,9,788,422,1666,September,15,walk,
9,861,422,516,1666,September,15,walk,
861,9,516,422,1666,September,15,walk,
9,785,422,788,1666,September,15,walk,
785,380,788,540,1666,September,17,boat,
380,968,540,114,1666,September,17,coach,
968,785,114,788,1666,September,17,walk,
785,968,788,114,1666,September,17,walk,
785,380,788,540,1666,September,19,coach,Sir William Penn
380,3,540,642,1666,September,19,walk,Sir William Batten; Sir William Penn
785,968,788,114,1666,September,20,walk,Mr Coventry
968,785,114,788,1666,September,20,walk,
785,1140,788,422,1666,September,20,coach,Elizabeth Pepys
1140,13,422,610,1666,September,20,walk,
13,1140,610,422,1666,September,20,walk,
1140,785,422,788,1666,September,20,coach,Elizabeth Pepys
785,9,788,422,1666,September,20,walk,
9,785,422,788,1666,September,20,walk,
785,3,788,642,1666,September,21,coach,Elizabeth Pepys
3,23,642,789,1666,September,21,coach,
23,785,789,788,1666,September,21,coach,Elizabeth Pepys
785,9,788,422,1666,September,21,walk,
9,785,422,788,1666,September,21,walk,
9,968,422,114,1666,September,22,walk,Lord Brouncker
968,785,114,788,1666,September,22,walk,
785,9,788,422,1666,September,23,walk,
9,785,422,788,1666,September,23,walk,
3,9,642,422,1666,September,23,boat,Mr Wayth
9,402,422,185,1666,September,23,boat,Elizabeth Pepys
402,785,185,788,1666,September,23,boat,Elizabeth Pepys
785,380,788,540,1666,September,24,coach,Sir William Batten; Sir William Penn
380,785,540,788,1666,September,24,coach,
785,1140,788,422,1666,September,24,coach,Elizabeth Pepys
1140,380,422,540,1666,September,24,walk,
380,3,540,642,1666,September,24,walk,
3,1140,642,422,1666,September,24,walk,
1140,785,422,788,1666,September,24,coach,Elizabeth Pepys
3,785,642,788,1666,September,25,walk,Elizabeth Pepys
785,9,788,422,1666,September,25,walk,
9,785,422,788,1666,September,25,walk,
785,3,788,642,1666,September,26,walk,
3,911,642,593,1666,September,26,walk,
911,785,593,788,1666,September,26,coach,Elizabeth Pepys
285,864,561,371,1666,September,27,walk,
864,785,371,788,1666,September,27,coach,
785,9,788,422,1666,September,27,walk,
785,9,788,422,1666,September,29,walk,
9,785,422,788,1666,September,29,walk,
785,911,788,593,1666,September,29,coach,Elizabeth Pepys
911,380,593,540,1666,September,29,walk,
380,911,540,593,1666,September,29,walk,
911,785,593,788,1666,September,29,coach,Elizabeth Pepys
785,9,788,422,1666,September,30,walk,Elizabeth Pepys
9,785,422,788,1666,September,30,walk,Elizabeth Pepys
785,9,788,422,1666,October,1,walk,
9,864,422,371,1666,October,1,walk,Sir William Batten; Sir William Penn
864,1093,371,334,1666,October,1,walk,Mr Coventry
1093,400,334,3,1666,October,1,walk,
400,3,3,642,1666,October,1,walk,
785,9,788,422,1666,October,1,walk,
9,785,422,788,1666,October,1,walk,
785,968,788,114,1666,October,2,walk,
968,21,114,546,1666,October,2,walk,
21,3,546,642,1666,October,2,walk,
3,15,642,169,1666,October,2,walk,
15,285,169,561,1666,October,2,walk,
285,785,561,788,1666,October,2,walk,
9,864,422,371,1666,October,3,walk,
864,3,371,642,1666,October,3,walk,
785,864,788,371,1666,October,4,walk,
864,380,371,540,1666,October,4,walk,
380,3,540,642,1666,October,4,walk,
3,785,642,788,1666,October,4,walk,
785,9,788,422,1666,October,4,walk,
9,785,422,788,1666,October,4,walk,
785,9,788,422,1666,October,5,walk,
9,968,422,114,1666,October,5,walk,
968,785,114,788,1666,October,5,walk,
785,864,788,371,1666,October,5,boat,
864,3,371,642,1666,October,5,walk,Mr Coventry
785,3,788,642,1666,October,5,walk,
3,9,642,422,1666,October,5,walk,
9,785,422,788,1666,October,5,walk,
785,9,788,422,1666,October,6,walk,
9,980,422,437,1666,October,6,walk,
980,785,437,788,1666,October,6,walk,
785,1131,788,758,1666,October,6,coach,Elizabeth Pepys; John Creed
1131,380,758,540,1666,October,6,walk,
380,1131,540,758,1666,October,6,walk,
1131,23,758,789,1666,October,6,coach,Elizabeth Pepys
23,785,789,788,1666,October,6,coach,Elizabeth Pepys
785,13,788,610,1666,October,6,boat,
13,380,610,540,1666,October,6,walk,
380,3,540,642,1666,October,6,coach,
785,9,788,422,1666,October,7,walk,Elizabeth Pepys
9,785,422,788,1666,October,7,walk,Elizabeth Pepys
785,1174,788,621,1666,October,7,coach,Sir John Minnes; Sir William Batten; Lord Brouncker
1174,3,621,642,1666,October,7,walk,
785,9,788,422,1666,October,8,walk,
9,13,422,610,1666,October,8,boat,
380,911,540,593,1666,October,8,walk,Elizabeth Pepys
911,785,593,788,1666,October,8,coach,Elizabeth Pepys
13,785,610,788,1666,October,8,boat,
9,861,422,516,1666,October,9,walk,
861,785,516,788,1666,October,9,walk,
3,58,642,6,1666,October,10,walk,Sir William Batten
58,13,6,610,1666,October,10,walk,Sir William Batten
13,104,610,562,1666,October,10,walk,
104,785,562,788,1666,October,10,coach,
785,9,788,422,1666,October,10,walk,
9,861,422,516,1666,October,10,walk,
861,785,516,788,1666,October,10,walk,
104,13,562,610,1666,October,12,walk,
13,1001,610,415,1666,October,12,walk,
1001,31,415,145,1666,October,12,boat,
785,9,788,422,1666,October,13,walk,
785,9,788,422,1666,October,14,walk,Elizabeth Pepys
9,785,422,788,1666,October,14,walk,Elizabeth Pepys
785,3,788,642,1666,October,14,boat,John Pepys Jr
3,1001,642,415,1666,October,14,walk,
1001,103,415,609,1666,October,14,walk,
103,785,609,788,1666,October,14,boat,John Pepys Jr
785,641,788,2,1666,October,15,walk,Sir H. Cholmly
641,1139,2,111,1666,October,15,walk,Sir H. Cholmly
1139,13,111,610,1666,October,15,walk,Sir H. Cholmly
3,911,642,593,1666,October,15,walk,
911,785,593,788,1666,October,15,coach,Elizabeth Pepys
785,9,788,422,1666,October,17,walk,
9,785,422,788,1666,October,17,walk,
785,911,788,593,1666,October,17,walk,Elizabeth Pepys; John Pepys Jr
911,3,593,642,1666,October,17,walk,
641,785,2,788,1666,October,17,coach,Elizabeth Pepys
785,9,788,422,1666,October,18,walk,
9,1088,422,459,1666,October,18,walk,Lord Brouncker
1088,1037,459,346,1666,October,18,coach,Elizabeth Pepys
1037,785,346,788,1666,October,18,walk,
785,9,788,422,1666,October,18,walk,
9,861,422,516,1666,October,18,walk,
861,785,516,788,1666,October,18,walk,
785,1005,788,131,1666,October,19,coach,
1005,15,131,169,1666,October,19,walk,John Creed
785,987,788,693,1666,October,19,walk,
987,3,693,642,1666,October,19,walk,
785,861,788,516,1666,October,19,walk,
861,785,516,788,1666,October,19,walk,
785,9,788,422,1666,October,21,walk,Elizabeth Pepys; Barker
9,785,422,788,1666,October,21,walk,Elizabeth Pepys
785,3,788,642,1666,October,21,coach,
13,1112,610,444,1666,October,22,boat,Betty Michell; Young Michell
1112,43,444,583,1666,October,22,boat,
1004,3,331,642,1666,October,22,walk,Mr Povy
3,911,642,593,1666,October,22,walk,
911,785,593,788,1666,October,22,coach,Elizabeth Pepys
785,1177,788,604,1666,October,23,boat,
1177,31,604,145,1666,October,23,boat,
13,641,610,2,1666,October,24,coach,
641,785,2,788,1666,October,24,coach,
785,1140,788,422,1666,October,24,coach,Elizabeth Pepys
1140,13,422,610,1666,October,24,walk,
13,785,610,788,1666,October,24,coach,Elizabeth Pepys
785,9,788,422,1666,October,25,walk,
9,785,422,788,1666,October,25,walk,
3,1184,642,394,1666,October,25,walk,
785,9,788,422,1666,October,25,walk,
9,861,422,516,1666,October,25,walk,
861,785,516,788,1666,October,25,walk,
785,9,788,422,1666,October,26,walk,
9,785,422,788,1666,October,26,walk,
13,58,610,6,1666,October,26,walk,Doll Lane
58,785,6,788,1666,October,26,coach,
9,785,422,788,1666,October,27,walk,
1183,1184,413,394,1666,October,27,coach,Elizabeth Pierce
1184,785,394,788,1666,October,27,coach,
785,9,788,422,1666,October,28,walk,Elizabeth Pepys
9,785,422,788,1666,October,28,walk,Elizabeth Pepys
1001,24,415,592,1666,October,28,boat,Elizabeth Pepys
24,785,592,788,1666,October,28,walk,Elizabeth Pepys
9,13,422,610,1666,October,29,boat,
13,1131,610,758,1666,October,29,coach,
1131,400,758,3,1666,October,29,walk,
400,785,3,788,1666,October,29,walk,
785,1184,788,394,1666,October,29,coach,Elizabeth Pepys
1184,785,394,788,1666,October,29,coach,Elizabeth Pepys
785,380,788,540,1666,October,31,coach,Sir William Batten
380,400,540,3,1666,October,31,coach,
400,785,3,788,1666,October,31,coach,
785,1177,788,604,1666,November,1,walk,Elizabeth Pepys; John Pepys Jr; William Hewer; Barker
1177,9,604,422,1666,November,1,boat,
9,1140,422,422,1666,November,1,walk,
3,336,642,451,1666,November,2,walk,
336,3,451,642,1666,November,2,walk,
3,1140,642,422,1666,November,2,walk,
1140,785,422,788,1666,November,2,coach,Elizabeth Pepys
785,9,788,422,1666,November,4,walk,Elizabeth Pepys; Lady Penn; Margaret Penn
9,785,422,788,1666,November,4,walk,Elizabeth Pepys; Lady Penn; Margaret Penn
3,43,642,583,1666,November,4,boat,
785,104,788,562,1666,November,5,boat,
1182,66,305,374,1666,November,5,walk,
66,785,374,788,1666,November,5,coach,Lord Hinchingbrooke; Dr Crew
785,43,788,583,1666,November,5,walk,Lord Hinchingbrooke; Dr Crew
43,66,583,374,1666,November,5,coach,
66,3,374,642,1666,November,5,coach,
13,1176,610,148,1666,November,7,walk,Doll Lane
1176,1134,148,176,1666,November,7,walk,
785,9,788,422,1666,November,7,walk,
9,861,422,516,1666,November,7,walk,
861,785,516,788,1666,November,7,walk,
785,9,788,422,1666,November,8,walk,
9,785,422,788,1666,November,8,walk,
785,9,788,422,1666,November,8,walk,
9,13,422,610,1666,November,8,walk,
9,23,422,789,1666,November,9,walk,
9,785,422,788,1666,November,11,walk,Elizabeth Pepys
785,24,788,592,1666,November,11,walk,Elizabeth Pepys; John Pepys Jr
24,785,592,788,1666,November,11,walk,Elizabeth Pepys; John Pepys Jr
23,641,789,2,1666,November,12,walk,
641,785,2,788,1666,November,12,walk,
9,1185,422,44,1666,November,13,walk,
785,1183,788,413,1666,November,14,coach,
3,968,642,114,1666,November,14,walk,
968,1088,114,459,1666,November,14,walk,
1088,785,459,788,1666,November,14,coach,
785,1183,788,413,1666,November,14,coach,Elizabeth Pepys
785,9,788,422,1666,November,15,walk,
9,785,422,788,1666,November,15,walk,
3,911,642,593,1666,November,15,walk,
911,3,593,642,1666,November,15,walk,
23,1180,789,580,1666,November,16,walk,Lord Brouncker; Sir T. Harvy
1180,785,580,788,1666,November,16,walk,
9,785,422,788,1666,November,16,walk,
785,9,788,422,1666,November,18,walk,
9,405,422,586,1666,November,18,walk,
785,17,788,174,1666,November,19,coach,Elizabeth Pepys
17,1005,174,131,1666,November,19,walk,
1005,13,131,610,1666,November,19,walk,
785,9,788,422,1666,November,20,walk,
9,785,422,788,1666,November,20,walk,
785,1188,788,8,1666,November,20,coach,
1188,785,8,788,1666,November,20,coach,Mr Gawden
115,13,85,610,1666,November,21,walk,
785,9,788,422,1666,November,21,walk,
9,785,422,788,1666,November,21,walk,
785,314,788,372,1666,November,22,walk,
314,785,372,788,1666,November,22,walk,
13,785,610,788,1666,November,23,walk,John Creed
785,174,788,458,1666,November,23,coach,John Creed
174,785,458,788,1666,November,23,coach,
785,9,788,422,1666,November,24,walk,
9,763,422,588,1666,November,24,coach,Sir John Minnes
763,311,588,343,1666,November,24,coach,
785,9,788,422,1666,November,24,walk,
9,785,422,788,1666,November,24,walk,
785,13,788,610,1666,November,26,boat,
13,104,610,562,1666,November,26,walk,Doll Lane
785,9,788,422,1666,November,27,walk,
9,785,422,788,1666,November,27,walk,
3,66,642,374,1666,November,27,coach,
66,785,374,788,1666,November,27,coach,
3,13,642,610,1666,November,30,walk,
13,103,610,609,1666,November,30,walk,
103,785,609,788,1666,November,30,walk,
785,13,788,610,1666,November,30,coach,
104,785,562,788,1666,November,30,walk,
785,113,788,265,1666,December,1,walk,
113,3,265,642,1666,December,1,boat,Lord Mayor Bludworth
13,1134,610,176,1666,December,1,coach,
1134,785,176,788,1666,December,1,coach,
785,9,788,422,1666,December,2,walk,Elizabeth Pepys
9,785,422,788,1666,December,2,walk,Elizabeth Pepys
785,1001,788,415,1666,December,2,coach,Elizabeth Pepys; Betty Michell; Young Michell
785,861,788,516,1666,December,2,walk,
861,785,516,788,1666,December,2,walk,
785,15,788,169,1666,December,3,boat,
13,1098,610,384,1666,December,3,coach,Mrs Burroughs
1098,3,384,642,1666,December,3,coach,Mrs Burroughs
3,104,642,562,1666,December,3,walk,
104,785,562,788,1666,December,3,coach,
785,9,788,422,1666,December,5,walk,
9,785,422,788,1666,December,5,walk,
15,104,169,562,1666,December,7,walk,
104,785,562,788,1666,December,7,coach,
785,9,788,422,1666,December,7,walk,
9,785,422,788,1666,December,7,walk,
9,861,422,516,1666,December,8,walk,
861,785,516,788,1666,December,8,walk,
785,1128,788,170,1666,December,10,walk,
1128,785,170,788,1666,December,10,walk,
785,130,788,347,1666,December,11,coach,Elizabeth Pepys
130,785,347,788,1666,December,11,coach,Elizabeth Pepys
785,9,788,422,1666,December,12,walk,
9,785,422,788,1666,December,12,walk,
1024,9,76,422,1666,December,12,walk,
9,23,422,789,1666,December,13,walk,
23,641,789,2,1666,December,13,walk,
641,785,2,788,1666,December,13,walk,
13,787,610,36,1666,December,14,walk,Doll Lane
787,1195,36,513,1666,December,14,walk,Sir Stephen Fox
785,9,788,422,1666,December,15,walk,
9,1024,422,76,1666,December,15,walk,Lord Brouncker; Mrs Williams
1024,641,76,2,1666,December,15,walk,
641,785,2,788,1666,December,15,walk,
785,1001,788,415,1666,December,16,boat,
3,864,642,371,1666,December,16,walk,Lord Brouncker
864,107,371,541,1666,December,16,walk,Lord Brouncker
785,23,788,789,1666,December,17,walk,
23,785,789,788,1666,December,17,walk,
785,9,788,422,1666,December,18,walk,
9,785,422,788,1666,December,18,walk,
104,641,562,2,1666,December,18,walk,
641,785,2,788,1666,December,18,walk,
3,58,642,6,1666,December,19,walk,Mr Hingston
58,3,6,642,1666,December,19,walk,
3,43,642,583,1666,December,19,walk,
785,641,788,2,1666,December,19,walk,
641,785,2,788,1666,December,19,walk,
785,79,788,493,1666,December,20,coach,Balthasar St Michel
79,1004,493,331,1666,December,20,walk,
1004,785,331,788,1666,December,20,walk,
785,9,788,422,1666,December,22,walk,
9,785,422,788,1666,December,22,walk,
785,9,788,422,1666,December,23,walk,
9,785,422,788,1666,December,23,walk,
3,492,642,230,1666,December,23,walk,
492,1112,230,444,1666,December,23,coach,
1112,785,444,788,1666,December,23,coach,Betty Michell; Young Michell
9,280,422,684,1666,December,24,walk,Lord Brouncker
280,785,684,788,1666,December,24,walk,
785,641,788,2,1666,December,24,walk,
641,23,2,789,1666,December,24,walk,
23,785,789,788,1666,December,24,walk,
785,176,788,544,1666,December,25,walk,
176,785,544,788,1666,December,25,walk,
3,785,642,788,1666,December,25,walk,
785,3,788,642,1666,December,26,walk,
3,785,642,788,1666,December,26,walk,
785,9,788,422,1666,December,27,walk,
9,861,422,516,1666,December,27,walk,Elizabeth Pepys
861,1105,516,577,1666,December,27,coach,Elizabeth Pepys; John Creed
785,861,788,516,1666,December,27,walk,
861,785,516,788,1666,December,27,walk,
785,3,788,642,1666,December,28,walk,John Creed
3,419,642,373,1666,December,28,walk,John Creed
419,66,373,374,1666,December,28,walk,John Creed
66,193,374,158,1666,December,28,coach,Elizabeth Pepys
1197,785,198,788,1666,December,28,coach,
785,861,788,516,1666,December,29,walk,
861,9,516,422,1666,December,29,walk,
785,9,788,422,1666,December,30,walk,Elizabeth Pepys
9,785,422,788,1666,December,30,walk,Elizabeth Pepys
282,230,123,8,1666,December,31,walk,
682,785,224,788,1666,December,31,coach,
23,785,789,788,1667,January,1,walk,
9,861,422,516,1667,January,1,walk,
861,785,516,788,1667,January,1,walk,
908,1176,448,148,1667,January,2,walk,Doll Lane
785,9,788,422,1667,January,5,walk,
785,193,788,158,1667,January,5,walk,Elizabeth Pepys
193,785,158,788,1667,January,5,walk,Elizabeth Pepys
785,9,788,422,1667,January,6,walk,Elizabeth Pepys
9,785,422,788,1667,January,6,walk,Elizabeth Pepys
785,23,788,789,1667,January,6,walk,Young Michell
23,785,789,788,1667,January,6,walk,Young Michell
1206,1140,74,422,1667,January,7,coach,
1140,193,422,158,1667,January,7,coach,Elizabeth Pepys
193,785,158,788,1667,January,7,coach,Elizabeth Pepys
9,785,422,788,1667,January,8,walk,
9,861,422,516,1667,January,8,walk,
861,785,516,788,1667,January,8,walk,
13,1206,610,74,1667,January,9,coach,
1206,1134,74,176,1667,January,9,walk,
785,9,788,422,1667,January,9,walk,
9,785,422,788,1667,January,9,walk,
785,9,788,422,1667,January,13,walk,Elizabeth Pepys
9,785,422,788,1667,January,13,walk,Elizabeth Pepys
785,170,788,566,1667,January,14,coach,Mr Clerke
170,3,566,642,1667,January,14,coach,Elizabeth Pepys
3,785,642,788,1667,January,14,coach,
3,1204,642,332,1667,January,16,walk,Lord Brouncker
1204,3,332,642,1667,January,16,coach,Lord Brouncker
3,79,642,493,1667,January,16,coach,Lord Brouncker
79,1201,493,82,1667,January,16,walk,Sir William Batten; Sir William Penn; Sir R. Ford
1105,1184,577,394,1667,January,16,walk,Mr Pierce
1184,785,394,788,1667,January,16,coach,Elizabeth Pepys; Mary Mercer
785,3,788,642,1667,January,17,coach,
3,785,642,788,1667,January,17,coach,
3,104,642,562,1667,January,20,walk,Betty Michell; Young Michell
104,785,562,788,1667,January,20,boat,Betty Michell; Young Michell
785,861,788,516,1667,January,20,walk,
1203,3,147,642,1667,January,21,coach,
13,1203,610,147,1667,January,21,walk,
1203,785,147,788,1667,January,21,walk,
30,785,475,788,1667,January,21,boat,
785,9,788,422,1667,January,21,walk,
3,1204,642,332,1667,January,23,walk,Lord Brouncker
1204,3,332,642,1667,January,23,coach,Lord Almoner
3,79,642,493,1667,January,23,coach,Lord Brouncker
79,1201,493,82,1667,January,23,walk,Sir William Batten; Sir William Penn; Sir R. Ford
785,9,788,422,1667,January,25,walk,
9,785,422,788,1667,January,25,walk,
785,9,788,422,1667,January,27,walk,
9,785,422,788,1667,January,27,walk,
104,785,562,788,1667,January,27,boat,Betty Michell; Young Michell
785,861,788,516,1667,January,27,walk,
861,785,516,788,1667,January,27,walk,
104,785,562,788,1667,January,28,coach,
9,23,422,789,1667,January,31,walk,
23,641,789,2,1667,January,31,walk,
641,785,2,788,1667,January,31,walk,
785,30,788,475,1667,February,1,boat,
30,579,475,141,1667,February,1,walk,
30,13,475,610,1667,February,1,boat,
13,787,610,36,1667,February,1,walk,Doll Lane
787,785,36,788,1667,February,1,coach,
3,785,642,788,1667,February,3,boat,
861,193,516,158,1667,February,4,walk,Elizabeth Pepys
193,785,158,788,1667,February,4,coach,Elizabeth Pepys
785,1105,788,577,1667,February,5,coach,Elizabeth Pepys; Betty Michell
1112,785,444,788,1667,February,5,coach,Elizabeth Pepys
3,13,642,610,1667,February,6,walk,
9,3,422,642,1667,February,6,boat,
3,864,642,371,1667,February,6,walk,
864,171,371,9,1667,February,6,walk,
171,785,9,788,1667,February,6,walk,
9,1208,422,7,1667,February,8,walk,Lord Brouncker; Sir William Batten; Sir William Penn
1208,9,7,422,1667,February,8,walk,
785,9,788,422,1667,February,10,walk,Elizabeth Pepys
9,785,422,788,1667,February,10,walk,Elizabeth Pepys
1004,3,331,642,1667,February,11,coach,
1211,1112,526,444,1667,February,11,boat,Betty Michell
785,9,788,422,1667,February,11,walk,
9,785,422,788,1667,February,11,walk,
785,1093,788,334,1667,February,12,coach,Lord Brouncker
785,1112,788,444,1667,February,13,boat,
785,9,788,422,1667,February,13,walk,
9,785,422,788,1667,February,13,walk,
785,1188,788,8,1667,February,14,coach,
15,1128,169,170,1667,February,15,walk,Lord Bellasses; Sir H. Cholmly
785,9,788,422,1667,February,15,walk,
9,785,422,788,1667,February,15,walk,
3,785,642,788,1667,February,17,boat,
3,107,642,541,1667,February,17,walk,
785,21,788,546,1667,February,18,walk,
21,15,546,169,1667,February,18,coach,
785,193,788,158,1667,February,18,coach,Elizabeth Pepys
193,1105,158,577,1667,February,18,walk,Elizabeth Pepys
785,9,788,422,1667,February,19,walk,
9,785,422,788,1667,February,19,walk,
785,1177,788,604,1667,February,19,coach,Elizabeth Pepys; Old Mr Michell; Mrs Howlett
1177,785,604,788,1667,February,19,walk,Elizabeth Pepys
15,641,169,2,1667,February,20,coach,
641,10,2,314,1667,February,20,walk,
785,1140,788,422,1667,February,20,coach,Elizabeth Pepys
1140,1188,422,8,1667,February,20,walk,Lord Bellasses
1188,1140,8,422,1667,February,20,walk,
1140,785,422,788,1667,February,20,coach,Elizabeth Pepys
9,1128,422,170,1667,February,22,walk,Sir H. Cholmly
23,785,789,788,1667,February,22,coach,
785,861,788,516,1667,February,22,walk,Elizabeth Pepys
3,785,642,788,1667,February,24,coach,Sir William Batten
3,107,642,541,1667,February,24,walk,
107,311,541,343,1667,February,24,coach,Lord Arlington; Sir Thomas Clifford
785,450,788,155,1667,February,25,coach,
450,785,155,788,1667,February,25,coach,
785,9,788,422,1667,February,25,walk,
9,23,422,789,1667,February,25,walk,
23,400,789,3,1667,February,25,walk,
400,785,3,788,1667,February,25,walk,
785,9,788,422,1667,February,25,walk,
9,785,422,788,1667,February,25,walk,
417,41,667,47,1667,February,27,boat,
41,31,47,145,1667,February,27,boat,
1140,3,422,642,1667,February,27,walk,
23,1184,789,394,1667,February,27,walk,Elizabeth Pepys
1184,1183,394,413,1667,February,27,coach,Mrs Knipp
1183,785,413,788,1667,February,27,coach,Elizabeth Pepys
785,861,788,516,1667,February,27,walk,
9,23,422,789,1667,February,28,walk,
23,641,789,2,1667,February,28,walk,
641,785,2,788,1667,February,28,walk,
785,9,788,422,1667,March,1,walk,
9,968,422,114,1667,March,1,walk,
968,9,114,422,1667,March,1,walk,
785,1105,788,577,1667,March,2,coach,Elizabeth Pepys
1105,785,577,788,1667,March,2,coach,Elizabeth Pepys
785,9,788,422,1667,March,3,walk,Elizabeth Pepys
9,785,422,788,1667,March,3,walk,Elizabeth Pepys
785,3,788,642,1667,March,3,boat,
1188,1112,8,444,1667,March,3,boat,
37,417,667,667,1667,March,4,walk,Sir John Minnes; Sir William Batten; Captain Cocke
417,421,667,612,1667,March,4,walk,Sir John Minnes; Sir William Batten; Captain Cocke
421,31,612,145,1667,March,4,boat,Sir John Minnes; Sir William Batten
579,30,141,475,1667,March,4,walk,
785,9,788,422,1667,March,4,walk,
9,785,422,788,1667,March,4,walk,
13,66,610,374,1667,March,6,coach,
66,785,374,788,1667,March,6,coach,
579,31,141,145,1667,March,6,walk,
31,785,145,788,1667,March,6,boat,
785,23,788,789,1667,March,6,walk,Elizabeth Pepys
1218,193,736,158,1667,March,7,walk,John Creed
193,785,158,788,1667,March,7,coach,Elizabeth Pepys
785,861,788,516,1667,March,7,walk,
861,9,516,422,1667,March,7,walk,
15,104,169,562,1667,March,8,walk,
104,13,562,610,1667,March,8,walk,
13,3,610,642,1667,March,8,walk,
3,785,642,788,1667,March,8,coach,Sir William Batten; Sir William Penn
311,785,343,788,1667,March,8,coach,
785,9,788,422,1667,March,9,walk,
785,861,788,516,1667,March,9,walk,
861,785,516,788,1667,March,9,walk,
785,9,788,422,1667,March,10,walk,
9,785,422,788,1667,March,10,walk,
9,1217,422,7,1667,March,11,coach,Sir William Penn
1217,9,7,422,1667,March,11,walk,
785,3,788,642,1667,March,13,coach,Sir William Batten
3,13,642,610,1667,March,13,walk,
13,3,610,642,1667,March,13,walk,
3,1112,642,444,1667,March,13,boat,
1112,785,444,788,1667,March,13,boat,
13,1176,610,148,1667,March,13,walk,Doll Lane
1221,785,85,788,1667,March,13,coach,Elizabeth Pepys
311,1216,343,63,1667,March,14,coach,Sir William Batten
1216,785,63,788,1667,March,14,coach,Sir William Batten; Sir William Penn; Elizabeth Pepys; Lady Batten
785,9,788,422,1667,March,15,walk,
9,23,422,789,1667,March,15,walk,
23,785,789,788,1667,March,15,walk,
785,911,788,593,1667,March,15,coach,Elizabeth Pepys
911,3,593,642,1667,March,15,walk,
3,13,642,610,1667,March,15,walk,
13,911,610,593,1667,March,15,walk,
911,785,593,788,1667,March,15,coach,Elizabeth Pepys
785,9,788,422,1667,March,15,walk,
9,785,422,788,1667,March,15,walk,
785,3,788,642,1667,March,17,coach,Sir William Penn; Sir Thomas Allen
3,785,642,788,1667,March,17,coach,Elizabeth Pepys
785,311,788,343,1667,March,17,boat,
311,3,343,642,1667,March,17,walk,
3,1001,642,415,1667,March,17,walk,
1001,785,415,788,1667,March,17,boat,
785,13,788,610,1667,March,18,walk,
13,58,610,6,1667,March,18,walk,John Creed; Roger Pepys
58,23,6,789,1667,March,18,walk,
23,3,789,642,1667,March,18,walk,
3,382,642,275,1667,March,18,coach,Sir William Penn
382,785,275,788,1667,March,18,coach,
13,104,610,562,1667,March,20,walk,
104,1001,562,415,1667,March,20,walk,
1001,785,415,788,1667,March,20,boat,
911,1221,593,85,1667,March,20,coach,Elizabeth Pepys
785,861,788,516,1667,March,20,walk,
861,785,516,788,1667,March,20,walk,
785,9,788,422,1667,March,22,walk,
9,785,422,788,1667,March,22,walk,
3,785,642,788,1667,March,24,coach,Sir William Batten; Sir William Penn
107,1001,541,415,1667,March,24,walk,
498,1006,395,171,1667,March,25,walk,
1006,1105,171,577,1667,March,25,walk,Sir William Penn
1105,785,577,788,1667,March,25,coach,Elizabeth Pepys; Sir William Penn
861,785,516,788,1667,March,25,walk,Elizabeth Pepys
785,9,788,422,1667,March,26,walk,
9,785,422,788,1667,March,26,walk,
785,1006,788,171,1667,March,26,coach,Sir William Batten; John Creed
1006,1201,171,82,1667,March,26,walk,Sir William Penn
1201,1006,82,171,1667,March,26,walk,Sir William Penn
1006,785,171,788,1667,March,26,coach,
13,104,610,562,1667,March,27,walk,
104,785,562,788,1667,March,27,walk,
785,9,788,422,1667,March,27,walk,
9,785,422,788,1667,March,27,walk,
785,104,788,562,1667,March,27,walk,
104,23,562,789,1667,March,27,walk,
785,9,788,422,1667,March,28,walk,
1225,785,47,788,1667,March,28,boat,Sir William Batten; Sir William Penn; Sir R. Ford
861,9,516,422,1667,March,29,walk,
9,23,422,789,1667,March,29,walk,
23,1217,789,7,1667,March,29,walk,Sir William Batten; Sir R. Ford
1217,785,7,788,1667,March,29,walk,Balthasar St Michel
861,3,516,642,1667,March,29,walk,Balthasar St Michel
3,23,642,789,1667,March,29,walk,Balthasar St Michel
678,785,63,788,1667,March,29,coach,Elizabeth Pepys
785,9,788,422,1667,March,30,walk,
9,1105,422,577,1667,March,30,coach,
1105,785,577,788,1667,March,30,coach,Sir William Penn
785,9,788,422,1667,March,30,walk,
9,785,422,788,1667,March,30,walk,
785,9,788,422,1667,March,31,walk,Elizabeth Pepys
9,785,422,788,1667,March,31,walk,Elizabeth Pepys
785,968,788,114,1667,April,1,coach,Sir John Minnes
968,3,114,642,1667,April,1,coach,
3,968,642,114,1667,April,1,walk,
968,30,114,475,1667,April,1,boat,
785,9,788,422,1667,April,1,walk,
9,785,422,788,1667,April,1,walk,
785,9,788,422,1667,April,3,walk,
9,785,422,788,1667,April,3,walk,
785,9,788,422,1667,April,4,walk,
9,450,422,155,1667,April,4,boat,Balthasar St Michel
450,785,155,788,1667,April,4,boat,Balthasar St Michel
785,9,788,422,1667,April,4,walk,
9,785,422,788,1667,April,4,walk,
785,9,788,422,1667,April,5,walk,
9,785,422,788,1667,April,5,walk,
23,641,789,2,1667,April,5,walk,
641,785,2,788,1667,April,5,walk,
785,405,788,586,1667,April,6,walk,
9,785,422,788,1667,April,6,walk,
785,3,788,642,1667,April,6,boat,Balthasar St Michel
3,23,642,789,1667,April,6,walk,Balthasar St Michel
785,9,788,422,1667,April,6,walk,
785,9,788,422,1667,April,7,walk,Elizabeth Pepys
9,785,422,788,1667,April,7,walk,Elizabeth Pepys
107,453,541,468,1667,April,7,walk,
453,3,468,642,1667,April,7,walk,
3,189,642,241,1667,April,7,coach,Sir George Carteret
189,785,241,788,1667,April,7,walk,
785,1184,788,394,1667,April,8,coach,Elizabeth Pepys
1184,1105,394,577,1667,April,8,walk,Elizabeth Pepys; Mary Mercer
1105,1221,577,85,1667,April,8,walk,Elizabeth Pepys; Mary Mercer
1221,785,85,788,1667,April,8,coach,Elizabeth Pepys; Mary Mercer
785,9,788,422,1667,April,9,walk,
9,23,422,789,1667,April,9,walk,
785,1105,788,577,1667,April,9,coach,
1105,1172,577,123,1667,April,9,walk,
1172,104,123,562,1667,April,9,walk,
104,1112,562,444,1667,April,9,boat,
785,9,788,422,1667,April,9,walk,
9,861,422,516,1667,April,9,walk,
861,785,516,788,1667,April,9,walk,
3,968,642,114,1667,April,10,boat,Sir George Carteret
968,3,114,642,1667,April,10,walk,Sir George Carteret
785,23,788,789,1667,April,11,walk,
3,785,642,788,1667,April,12,boat,
785,30,788,475,1667,April,12,walk,
30,785,475,788,1667,April,12,walk,Elizabeth Pepys; Mary Mercer; Barker
785,9,788,422,1667,April,14,walk,Elizabeth Pepys
9,785,422,788,1667,April,14,walk,Elizabeth Pepys
43,1001,583,415,1667,April,14,boat,
1001,3,415,642,1667,April,14,walk,
1001,785,415,788,1667,April,14,boat,
785,1227,788,226,1667,April,14,boat,Elizabeth Pepys; Mary Mercer; Barker; Jane
1227,785,226,788,1667,April,14,boat,Elizabeth Pepys; Mary Mercer; Barker; Jane
785,9,788,422,1667,April,15,walk,
9,785,422,788,1667,April,15,walk,
785,1105,788,577,1667,April,16,coach,Elizabeth Pepys
1105,1184,577,394,1667,April,16,walk,Elizabeth Pepys; Mrs Knipp
1184,1233,394,343,1667,April,16,walk,Elizabeth Pepys; Mrs Knipp; Elizabeth Pierce
1233,785,343,788,1667,April,16,coach,Elizabeth Pepys
785,861,788,516,1667,April,16,walk,
861,785,516,788,1667,April,16,walk,
380,968,540,114,1667,April,17,coach,
968,9,114,422,1667,April,17,walk,
1105,785,577,788,1667,April,17,coach,Elizabeth Pepys
785,641,788,2,1667,April,17,walk,
641,785,2,788,1667,April,17,walk,
785,9,788,422,1667,April,18,walk,
9,23,422,789,1667,April,18,walk,
785,193,788,158,1667,April,18,coach,Elizabeth Pepys
193,785,158,788,1667,April,18,coach,Elizabeth Pepys
785,1037,788,346,1667,April,19,coach,Elizabeth Pepys
1037,193,346,158,1667,April,19,coach,Elizabeth Pepys
193,785,158,788,1667,April,19,coach,Elizabeth Pepys
785,9,788,422,1667,April,20,walk,
9,785,422,788,1667,April,20,walk,
785,1105,788,577,1667,April,20,walk,Elizabeth Pepys
1105,193,577,158,1667,April,20,walk,Elizabeth Pepys
193,785,158,788,1667,April,20,coach,Elizabeth Pepys
785,9,788,422,1667,April,21,walk,Elizabeth Pepys; Mary Mercer
9,785,422,788,1667,April,21,walk,Elizabeth Pepys; Mary Mercer
785,1114,788,223,1667,April,21,coach,Elizabeth Pepys; Mary Mercer
1114,267,223,299,1667,April,21,coach,Elizabeth Pepys; Mary Mercer
267,157,299,282,1667,April,21,coach,Elizabeth Pepys; Mary Mercer
157,785,282,788,1667,April,21,coach,Elizabeth Pepys; Mary Mercer
107,1231,541,336,1667,April,22,coach,Sir George Carteret
9,785,422,788,1667,April,23,walk,
1001,1177,415,604,1667,April,23,walk,Elizabeth Pepys
1177,785,604,788,1667,April,23,walk,Elizabeth Pepys
785,380,788,540,1667,April,24,coach,Sir William Penn
380,13,540,610,1667,April,24,walk,
785,9,788,422,1667,April,24,walk,
3,785,642,788,1667,April,24,boat,
785,9,788,422,1667,April,25,walk,
9,861,422,516,1667,April,25,walk,
861,311,516,343,1667,April,25,coach,
311,785,343,788,1667,April,25,coach,
785,861,788,516,1667,April,25,walk,
861,785,516,788,1667,April,25,walk,
13,1112,610,444,1667,April,26,boat,
1112,785,444,788,1667,April,26,boat,
785,9,788,422,1667,April,26,walk,
9,785,422,788,1667,April,26,walk,
785,9,788,422,1667,April,27,walk,
9,785,422,788,1667,April,27,walk,
785,9,788,422,1667,April,28,walk,Elizabeth Pepys
9,785,422,788,1667,April,28,walk,Elizabeth Pepys
785,1153,788,24,1667,April,28,boat,
1153,1229,24,21,1667,April,28,boat,
1229,31,21,145,1667,April,28,boat,
31,1230,145,226,1667,April,28,walk,
1230,30,226,475,1667,April,28,walk,
785,9,788,422,1667,April,29,walk,
9,3,422,642,1667,April,29,walk,
3,1140,642,422,1667,April,29,coach,Elizabeth Pepys
1140,785,422,788,1667,April,29,coach,Elizabeth Pepys
785,9,788,422,1667,April,30,walk,
9,23,422,789,1667,April,30,walk,
23,785,789,788,1667,April,30,walk,
785,9,788,422,1667,April,30,boat,
9,3,422,642,1667,April,30,boat,
3,911,642,593,1667,April,30,walk,
911,785,593,788,1667,April,30,coach,Elizabeth Pepys
13,1176,610,148,1667,May,1,walk,Doll Lane
1176,66,148,374,1667,May,1,walk,
66,785,374,788,1667,May,1,walk,
785,9,788,422,1667,May,2,walk,
9,311,422,343,1667,May,2,walk,Mr Gawden
311,1005,343,131,1667,May,2,walk,Mr Gawden
1005,785,131,788,1667,May,2,walk,
785,9,788,422,1667,May,2,walk,
9,785,422,788,1667,May,2,walk,
1128,311,170,343,1667,May,3,walk,
785,9,788,422,1667,May,3,walk,
9,1177,422,604,1667,May,3,coach,Elizabeth Pepys
3,1177,642,604,1667,May,5,boat,Elizabeth Pepys
1177,1153,604,24,1667,May,5,boat,Elizabeth Pepys; Barker
1153,785,24,788,1667,May,5,boat,Elizabeth Pepys; Barker
311,13,343,610,1667,May,6,walk,
785,9,788,422,1667,May,6,walk,
9,641,422,2,1667,May,6,walk,
641,785,2,788,1667,May,6,walk,
785,9,788,422,1667,May,6,walk,
9,785,422,788,1667,May,6,walk,
785,9,788,422,1667,May,7,walk,
380,13,540,610,1667,May,8,walk,Sir George Carteret
13,3,610,642,1667,May,8,walk,Sir H. Cholmly
3,23,642,789,1667,May,8,walk,
785,9,788,422,1667,May,8,walk,
9,785,422,788,1667,May,8,walk,
785,9,788,422,1667,May,10,walk,
9,1180,422,580,1667,May,10,walk,Lord Brouncker; Sir John Minnes; Sir William Batten; Sir William Penn
1180,9,580,422,1667,May,10,walk,
9,641,422,2,1667,May,10,walk,
641,311,2,343,1667,May,10,walk,
785,9,788,422,1667,May,10,walk,
9,785,422,788,1667,May,10,walk,
785,861,788,516,1667,May,11,walk,
861,9,516,422,1667,May,11,walk,
9,785,422,788,1667,May,11,walk,
785,43,788,583,1667,May,11,coach,Elizabeth Pepys; John Creed
43,3,583,642,1667,May,11,coach,Elizabeth Pepys; John Creed
785,9,788,422,1667,May,11,walk,
157,267,282,299,1667,May,12,walk,Elizabeth Pepys
267,785,299,788,1667,May,12,coach,Elizabeth Pepys
785,9,788,422,1667,May,13,walk,
9,311,422,343,1667,May,13,coach,Elizabeth Pepys
785,9,788,422,1667,May,13,walk,
9,785,422,788,1667,May,13,walk,
785,9,788,422,1667,May,14,walk,
9,785,422,788,1667,May,14,walk,
785,9,788,422,1667,May,14,walk,
9,861,422,516,1667,May,14,walk,
861,9,516,422,1667,May,14,walk,
380,968,540,114,1667,May,15,coach,Sir George Carteret
968,785,114,788,1667,May,15,coach,
785,9,788,422,1667,May,15,walk,
9,785,422,788,1667,May,15,walk,
9,1180,422,580,1667,May,16,walk,Lord Brouncker; Sir John Minnes; Sir William Batten; Sir William Penn
1180,785,580,788,1667,May,16,walk,
785,911,788,593,1667,May,16,coach,Elizabeth Pepys; Sir William Penn
911,311,593,343,1667,May,16,coach,Elizabeth Pepys; Sir William Penn
311,157,343,282,1667,May,16,coach,Elizabeth Pepys; Sir William Penn
785,9,788,422,1667,May,17,walk,
9,1180,422,580,1667,May,17,walk,Lord Brouncker; Sir John Minnes; Sir William Batten; Sir William Penn
1180,785,580,788,1667,May,17,walk,
785,641,788,2,1667,May,17,walk,
641,380,2,540,1667,May,17,walk,
785,9,788,422,1667,May,18,walk,
9,785,422,788,1667,May,18,walk,
785,9,788,422,1667,May,19,walk,Elizabeth Pepys
9,785,422,788,1667,May,19,walk,Elizabeth Pepys
785,3,788,642,1667,May,19,boat,
13,785,610,788,1667,May,20,walk,
1112,1001,444,415,1667,May,20,boat,
1001,104,415,562,1667,May,20,walk,
104,785,562,788,1667,May,20,coach,
785,9,788,422,1667,May,21,walk,
9,785,422,788,1667,May,21,walk,
13,1234,610,422,1667,May,22,coach,
1234,23,422,789,1667,May,22,walk,
1105,785,577,788,1667,May,22,walk,
785,861,788,516,1667,May,22,walk,
861,785,516,788,1667,May,22,walk,
9,785,422,788,1667,May,23,walk,
785,9,788,422,1667,May,24,walk,
9,3,422,642,1667,May,24,walk,Sir William Penn
3,785,642,788,1667,May,24,boat,
785,9,788,422,1667,May,25,walk,
9,785,422,788,1667,May,25,walk,
785,9,788,422,1667,May,26,walk,Elizabeth Pepys
9,785,422,788,1667,May,26,walk,Elizabeth Pepys
785,1001,788,415,1667,May,26,boat,
1001,1153,415,24,1667,May,26,boat,
1153,1112,24,444,1667,May,26,boat,
3,380,642,540,1667,May,27,walk,
380,785,540,788,1667,May,27,boat,
785,641,788,2,1667,May,27,walk,
641,380,2,540,1667,May,27,walk,
380,785,540,788,1667,May,27,walk,
785,9,788,422,1667,May,27,walk,
9,785,422,788,1667,May,27,walk,
785,9,788,422,1667,May,28,walk,
9,785,422,788,1667,May,28,walk,
785,402,788,185,1667,May,28,boat,John Creed
402,3,185,642,1667,May,28,boat,John Creed
380,13,540,610,1667,May,29,walk,Sir George Carteret
13,1237,610,30,1667,May,29,boat,
1237,3,30,642,1667,May,29,boat,
3,107,642,541,1667,May,29,walk,
107,785,541,788,1667,May,29,boat,
785,9,788,422,1667,May,30,walk,
9,785,422,788,1667,May,30,walk,
785,171,788,9,1667,May,30,walk,
171,785,9,788,1667,May,30,coach,
3,1239,642,113,1667,May,31,walk,
1239,3,113,642,1667,May,31,walk,Sir George Carteret
3,785,642,788,1667,May,31,walk,Mr Gawden
785,1153,788,24,1667,June,2,boat,
1153,785,24,788,1667,June,2,boat,
380,13,540,610,1667,June,3,walk,
31,1240,145,534,1667,June,3,walk,
1240,31,534,145,1667,June,3,walk,
31,1239,145,113,1667,June,3,boat,John Creed
1239,402,113,185,1667,June,3,boat,John Creed
3,785,642,788,1667,June,3,boat,
785,9,788,422,1667,June,5,walk,
9,3,422,642,1667,June,5,walk,
3,380,642,540,1667,June,5,walk,
380,66,540,374,1667,June,5,coach,Sir George Carteret
66,3,374,642,1667,June,5,walk,
785,9,788,422,1667,June,6,walk,
9,861,422,516,1667,June,6,walk,
861,9,516,422,1667,June,6,walk,
9,785,422,788,1667,June,6,walk,
785,9,788,422,1667,June,7,walk,
9,785,422,788,1667,June,7,walk,
3,785,642,788,1667,June,9,boat,John Creed
3,968,642,114,1667,June,9,walk,
968,1001,114,415,1667,June,9,walk,
1001,1153,415,24,1667,June,9,boat,
1153,785,24,788,1667,June,9,boat,
3,31,642,145,1667,June,10,walk,Sir William Batten; Sir William Penn
31,36,145,217,1667,June,10,boat,
36,37,217,667,1667,June,10,boat,
785,9,788,422,1667,June,11,walk,
9,31,422,145,1667,June,11,boat,Sir William Batten; Sir William Penn
785,9,788,422,1667,June,11,walk,
9,785,422,788,1667,June,11,walk,
9,1244,422,122,1667,June,12,coach,
1244,785,122,788,1667,June,12,coach,Elizabeth Pepys
9,1245,422,290,1667,June,13,walk,
1245,785,290,788,1667,June,13,walk,
3,785,642,788,1667,June,21,walk,
785,9,788,422,1667,June,21,walk,
9,785,422,788,1667,June,21,walk,
785,9,788,422,1667,June,22,walk,
9,785,422,788,1667,June,22,walk,
785,9,788,422,1667,June,23,walk,Elizabeth Pepys
9,785,422,788,1667,June,23,walk,Elizabeth Pepys
37,1243,667,667,1667,June,23,walk,Captain Cocke
1243,36,667,217,1667,June,23,boat,Captain Cocke
36,1077,217,76,1667,June,23,walk,Captain Cocke
1077,43,76,583,1667,June,23,boat,Matt. Wren; Mr Fenn
43,785,583,788,1667,June,23,walk,
3,380,642,540,1667,June,25,walk,
13,785,610,788,1667,June,25,coach,
785,9,788,422,1667,June,25,walk,
9,3,422,642,1667,June,25,walk,
3,1239,642,113,1667,June,26,walk,
1239,13,113,610,1667,June,26,walk,
15,104,169,562,1667,June,26,walk,
104,3,562,642,1667,June,26,walk,
3,785,642,788,1667,June,26,coach,
785,9,788,422,1667,June,27,walk,
9,785,422,788,1667,June,27,walk,
785,380,788,540,1667,June,28,coach,Sir H. Cholmly
380,1239,540,113,1667,June,28,walk,
1239,15,113,169,1667,June,28,walk,
785,9,788,422,1667,June,29,walk,
9,380,422,540,1667,June,29,coach,
3,1239,642,113,1667,June,29,walk,
1239,785,113,788,1667,June,29,coach,
785,9,788,422,1667,June,29,walk,
9,785,422,788,1667,June,29,walk,
1061,122,90,112,1667,June,30,walk,John Creed
122,1246,112,90,1667,June,30,walk,John Creed
1246,1247,90,594,1667,June,30,boat,John Creed
1247,424,594,478,1667,June,30,boat,John Creed
424,1248,478,612,1667,June,30,walk,John Creed
1248,1249,612,478,1667,June,30,walk,John Creed
1249,1248,478,612,1667,June,30,walk,John Creed
1248,1250,612,203,1667,July,1,coach,John Creed
785,9,788,422,1667,July,1,walk,
9,785,422,788,1667,July,1,walk,
861,1112,516,444,1667,July,3,boat,
1112,3,444,642,1667,July,3,boat,
785,1251,788,497,1667,July,4,walk,
1252,1251,440,497,1667,July,4,walk,
1251,19,497,234,1667,July,4,walk,
19,785,234,788,1667,July,4,walk,
9,3,422,642,1667,July,5,coach,Sir William Penn
785,104,788,562,1667,July,6,walk,
104,13,562,610,1667,July,6,walk,
9,785,422,788,1667,July,7,walk,Elizabeth Pepys
785,102,788,226,1667,July,7,boat,Elizabeth Pepys; Jane
785,13,788,610,1667,July,8,coach,Elizabeth Pepys
13,3,610,642,1667,July,8,walk,
3,115,642,85,1667,July,8,walk,Elizabeth Pepys; John Creed
785,1256,788,559,1667,July,8,coach,Elizabeth Pepys
1256,785,559,788,1667,July,8,coach,Elizabeth Pepys
3,1239,642,113,1667,July,12,walk,
1239,15,113,169,1667,July,12,walk,
1128,66,170,374,1667,July,12,coach,Sir H. Cholmly
66,380,374,540,1667,July,12,coach,
380,785,540,788,1667,July,12,coach,
785,9,788,422,1667,July,12,walk,
9,785,422,788,1667,July,12,walk,
785,9,788,422,1667,July,13,walk,
9,785,422,788,1667,July,13,walk,
785,1258,788,26,1667,July,14,coach,Elizabeth Pepys; Betty Turner; William Hewer
1258,1257,26,213,1667,July,14,walk,Elizabeth Pepys; Betty Turner; William Hewer
1257,9,213,422,1667,July,14,coach,
9,1257,422,213,1667,July,14,coach,
1257,1258,213,26,1667,July,14,coach,Elizabeth Pepys; Betty Turner; William Hewer
1259,1257,164,213,1667,July,14,coach,Elizabeth Pepys; Betty Turner; William Hewer
1257,785,213,788,1667,July,14,coach,Elizabeth Pepys; Betty Turner; William Hewer
785,3,788,642,1667,July,17,coach,Elizabeth Pepys
3,1239,642,113,1667,July,17,walk,
1239,13,113,610,1667,July,17,walk,
13,3,610,642,1667,July,17,walk,
3,911,642,593,1667,July,17,walk,
9,785,422,788,1667,July,18,walk,
785,157,788,282,1667,July,18,coach,Elizabeth Pepys; Will Batelier
785,9,788,422,1667,July,19,walk,
9,861,422,516,1667,July,19,walk,
861,785,516,788,1667,July,19,walk,
9,785,422,788,1667,July,20,walk,
785,9,788,422,1667,July,21,walk,
9,785,422,788,1667,July,21,walk,
785,1153,788,24,1667,July,21,boat,Elizabeth Pepys; Mary Mercer
1153,98,24,148,1667,July,21,boat,Elizabeth Pepys; Mary Mercer
98,785,148,788,1667,July,21,boat,Elizabeth Pepys; Mary Mercer
911,13,593,610,1667,July,22,walk,John Creed
13,785,610,788,1667,July,22,coach,Elizabeth Pepys
9,1263,422,203,1667,July,24,boat,
3,911,642,593,1667,July,26,walk,
911,785,593,788,1667,July,26,coach,Elizabeth Pepys
9,23,422,789,1667,July,27,walk,
23,968,789,114,1667,July,27,walk,
968,785,114,788,1667,July,27,walk,
380,13,540,610,1667,July,29,walk,
13,908,610,448,1667,July,29,walk,
908,13,448,610,1667,July,29,walk,
13,104,610,562,1667,July,29,walk,
104,785,562,788,1667,July,29,coach,
3,1239,642,113,1667,July,30,walk,
1239,785,113,788,1667,July,30,coach,John Creed
785,9,788,422,1667,July,31,walk,
9,785,422,788,1667,July,31,walk,
964,1183,423,413,1667,August,1,coach,Elizabeth Pepys; Betty Turner
1183,785,413,788,1667,August,1,coach,Elizabeth Pepys; Betty Turner
785,1093,788,334,1667,August,2,walk,
1093,785,334,788,1667,August,2,walk,
9,3,422,642,1667,August,3,coach,
3,1239,642,113,1667,August,3,walk,
1239,785,113,788,1667,August,3,coach,
9,785,422,788,1667,August,3,walk,
785,9,788,422,1667,August,5,walk,
9,785,422,788,1667,August,5,walk,
9,861,422,516,1667,August,6,walk,
861,785,516,788,1667,August,6,walk,
785,9,788,422,1667,August,8,walk,
9,785,422,788,1667,August,8,walk,
13,785,610,788,1667,August,9,coach,
380,107,540,541,1667,August,9,walk,Mr Coventry
107,380,541,540,1667,August,9,walk,Mr Coventry
9,785,422,788,1667,August,10,walk,
1268,1269,25,74,1667,August,11,coach,Elizabeth Pepys; Betty Turner; William Hewer
1269,213,74,232,1667,August,11,walk,Elizabeth Pepys; Betty Turner; William Hewer
213,1270,232,232,1667,August,11,walk,Elizabeth Pepys; Betty Turner; William Hewer
1270,1269,232,74,1667,August,11,walk,Elizabeth Pepys; Betty Turner; William Hewer
1269,1271,74,25,1667,August,11,coach,Elizabeth Pepys; Betty Turner; William Hewer
1271,785,25,788,1667,August,11,coach,Elizabeth Pepys; Betty Turner; William Hewer
380,13,540,610,1667,August,12,walk,
785,861,788,516,1667,August,12,walk,
861,1105,516,577,1667,August,12,walk,
9,380,422,540,1667,August,13,coach,Sir William Penn
785,9,788,422,1667,August,14,walk,
9,861,422,516,1667,August,14,walk,
861,1105,516,577,1667,August,14,coach,
785,9,788,422,1667,August,14,walk,
9,785,422,788,1667,August,14,walk,
785,9,788,422,1667,August,15,walk,
9,380,422,540,1667,August,15,walk,Sir John Minnes; Sir William Batten; Sir William Penn
380,193,540,158,1667,August,15,walk,Sir William Penn
193,1105,158,577,1667,August,15,walk,Sir William Penn
1105,193,577,158,1667,August,15,walk,Sir William Penn; Elizabeth Pepys
785,9,788,422,1667,August,15,walk,
9,785,422,788,1667,August,15,walk,
785,9,788,422,1667,August,16,walk,
9,785,422,788,1667,August,16,walk,
9,785,422,788,1667,August,17,walk,
785,1105,788,577,1667,August,17,walk,Elizabeth Pepys; Sir William Penn
1105,397,577,63,1667,August,17,coach,Sir William Penn
397,785,63,788,1667,August,17,coach,
785,602,788,4,1667,August,18,walk,
602,785,4,788,1667,August,18,walk,
785,9,788,422,1667,August,18,walk,Elizabeth Pepys
9,785,422,788,1667,August,18,walk,Elizabeth Pepys
785,429,788,133,1667,August,18,walk,
429,785,133,788,1667,August,18,coach,
785,157,788,282,1667,August,18,coach,Elizabeth Pepys
785,9,788,422,1667,August,19,walk,
9,193,422,158,1667,August,19,coach,
785,9,788,422,1667,August,20,walk,
9,785,422,788,1667,August,20,walk,
193,785,158,788,1667,August,20,coach,Elizabeth Pepys
9,785,422,788,1667,August,21,walk,
785,1239,788,113,1667,August,21,walk,
1239,13,113,610,1667,August,21,walk,
1001,397,415,63,1667,August,21,coach,Elizabeth Pepys
397,785,63,788,1667,August,21,coach,Elizabeth Pepys
785,43,788,583,1667,August,22,walk,Lord Brouncker; Sir John Minnes; Sir William Penn
1024,1105,76,577,1667,August,22,coach,Lord Brouncker
1105,785,577,788,1667,August,22,coach,
785,1201,788,82,1667,August,23,coach,Sir William Penn
1201,3,82,642,1667,August,23,walk,Sir William Penn
785,911,788,593,1667,August,23,coach,Elizabeth Pepys
911,1239,593,113,1667,August,23,walk,
1239,785,113,788,1667,August,23,walk,
1105,1276,577,122,1667,August,23,coach,Elizabeth Pepys; Betty Turner
1276,785,122,788,1667,August,23,coach,Elizabeth Pepys
785,9,788,422,1667,August,24,walk,
9,785,422,788,1667,August,24,walk,
785,1105,788,577,1667,August,24,coach,John Creed
397,785,63,788,1667,August,24,coach,Elizabeth Pepys
785,9,788,422,1667,August,25,walk,Elizabeth Pepys
9,785,422,788,1667,August,25,walk,Elizabeth Pepys
3,104,642,562,1667,August,25,walk,
104,1229,562,21,1667,August,25,boat,
1229,1153,21,24,1667,August,25,walk,
1153,785,24,788,1667,August,25,boat,
785,9,788,422,1667,August,26,walk,
9,861,422,516,1667,August,26,walk,
861,3,516,642,1667,August,26,walk,Sir John Minnes
3,1105,642,577,1667,August,26,walk,Sir William Penn
1105,785,577,788,1667,August,26,coach,Sir William Penn
785,9,788,422,1667,August,26,walk,
9,785,422,788,1667,August,26,walk,
785,9,788,422,1667,August,27,walk,
9,785,422,788,1667,August,27,walk,
3,23,642,789,1667,August,27,walk,
785,240,788,27,1667,August,28,coach,Lady Batten; Lady Penn
240,785,27,788,1667,August,28,coach,Elizabeth Pepys
785,9,788,422,1667,August,29,walk,
9,66,422,374,1667,August,29,walk,
66,3,374,642,1667,August,29,walk,
3,968,642,114,1667,August,29,walk,
968,66,114,374,1667,August,29,walk,
66,785,374,788,1667,August,29,walk,
785,9,788,422,1667,August,29,walk,
9,785,422,788,1667,August,29,walk,
3,15,642,169,1667,August,30,walk,
15,1274,169,601,1667,August,30,coach,Elizabeth Pepys
1274,240,601,27,1667,August,30,coach,
240,785,27,788,1667,August,30,coach,Elizabeth Pepys
785,9,788,422,1667,August,31,walk,
9,785,422,788,1667,August,31,walk,
3,911,642,593,1667,August,31,walk,
785,113,788,265,1667,September,1,boat,
113,1001,265,415,1667,September,1,boat,
1001,3,415,642,1667,September,1,walk,John Creed
785,397,788,63,1667,September,2,coach,Elizabeth Pepys
397,785,63,788,1667,September,2,coach,Elizabeth Pepys
785,9,788,422,1667,September,3,walk,
9,785,422,788,1667,September,3,walk,
785,1280,788,27,1667,September,4,walk,Elizabeth Pepys; William Hewer
1280,1281,27,27,1667,September,4,walk,Elizabeth Pepys; William Hewer
1281,193,27,158,1667,September,4,walk,Elizabeth Pepys; William Hewer
193,785,158,788,1667,September,4,walk,Elizabeth Pepys; William Hewer
785,9,788,422,1667,September,5,walk,
9,785,422,788,1667,September,5,walk,
785,193,788,158,1667,September,5,coach,Elizabeth Pepys; Sir William Penn; Mary Batelier
193,1279,158,320,1667,September,5,walk,Elizabeth Pepys
1279,193,320,158,1667,September,5,walk,Elizabeth Pepys
13,104,610,562,1667,September,6,walk,Doll Lane
104,785,562,788,1667,September,6,walk,
785,397,788,63,1667,September,7,coach,Elizabeth Pepys
397,785,63,788,1667,September,7,coach,Elizabeth Pepys
3,1282,642,69,1667,September,8,walk,
1282,3,69,642,1667,September,8,walk,
3,968,642,114,1667,September,8,walk,
968,1001,114,415,1667,September,8,walk,
785,9,788,422,1667,September,9,walk,
9,1237,422,30,1667,September,9,boat,John Creed; Elizabeth Pepys
1237,785,30,788,1667,September,9,coach,John Creed; Elizabeth Pepys
785,861,788,516,1667,September,9,walk,
861,785,516,788,1667,September,9,walk,
785,9,788,422,1667,September,10,walk,
9,380,422,540,1667,September,10,walk,
380,107,540,541,1667,September,10,walk,Mr Povy
107,3,541,642,1667,September,10,walk,
785,9,788,422,1667,September,10,walk,
9,785,422,788,1667,September,10,walk,
785,3,788,642,1667,September,11,boat,Sir William Batten
3,1239,642,113,1667,September,11,walk,
1239,193,113,158,1667,September,11,coach,
785,9,788,422,1667,September,12,walk,
9,15,422,169,1667,September,12,horse,
15,58,169,6,1667,September,12,walk,
58,1001,6,415,1667,September,12,walk,
785,9,788,422,1667,September,12,walk,
9,785,422,788,1667,September,12,walk,
785,23,788,789,1667,September,14,walk,Elizabeth Pepys
785,9,788,422,1667,September,15,walk,Elizabeth Pepys
9,785,422,788,1667,September,15,walk,Elizabeth Pepys
193,1105,158,577,1667,September,16,walk,Elizabeth Pepys; Mary Mercer
1105,1286,577,642,1667,September,16,coach,Elizabeth Pepys; Mary Mercer
1286,785,642,788,1667,September,16,coach,Elizabeth Pepys; Mary Mercer
785,9,788,422,1667,September,17,walk,
9,1112,422,444,1667,September,17,walk,
785,9,788,422,1667,September,17,walk,
9,785,422,788,1667,September,17,walk,
785,1231,788,336,1667,September,18,coach,Captain Cocke
380,9,540,422,1667,September,18,walk,
9,785,422,788,1667,September,18,walk,
785,9,788,422,1667,September,18,walk,
785,9,788,422,1667,September,19,walk,
9,785,422,788,1667,September,19,walk,
785,9,788,422,1667,September,21,walk,
397,785,63,788,1667,September,21,coach,Elizabeth Pepys
785,23,788,789,1667,September,23,walk,
23,113,789,265,1667,September,23,walk,
113,23,265,789,1667,September,23,boat,
23,380,789,540,1667,September,23,coach,
380,3,540,642,1667,September,23,walk,
3,13,642,610,1667,September,23,boat,
13,1128,610,170,1667,September,23,walk,
785,1005,788,131,1667,September,23,coach,Elizabeth Pepys
1005,3,131,642,1667,September,23,coach,Sir H. Cholmly
785,9,788,422,1667,September,24,walk,
9,785,422,788,1667,September,24,walk,
785,3,788,642,1667,September,25,walk,
3,968,642,114,1667,September,25,coach,
968,1105,114,577,1667,September,25,coach,
1105,785,577,788,1667,September,25,coach,Elizabeth Pepys
785,1105,788,577,1667,September,26,coach,Elizabeth Pepys
1105,115,577,85,1667,September,26,coach,Elizabeth Pepys
785,9,788,422,1667,September,27,walk,
9,785,422,788,1667,September,27,walk,
785,1285,788,205,1667,September,27,walk,Mr Pelling
1285,785,205,788,1667,September,27,coach,
785,9,788,422,1667,September,28,walk,
9,785,422,788,1667,September,28,walk,
193,785,158,788,1667,September,28,coach,
785,176,788,544,1667,September,29,walk,
176,785,544,788,1667,September,29,walk,
785,3,788,642,1667,September,30,boat,
3,13,642,610,1667,September,30,boat,
13,104,610,562,1667,September,30,walk,
104,1001,562,415,1667,September,30,walk,
785,9,788,422,1667,October,1,walk,
9,785,422,788,1667,October,1,walk,
785,968,788,114,1667,October,1,coach,Elizabeth Pepys; Deborah Willet
968,1287,114,617,1667,October,1,coach,
9,785,422,788,1667,October,2,walk,
785,1239,788,113,1667,October,2,coach,
1105,1286,577,642,1667,October,2,coach,Elizabeth Pepys; Deborah Willet
1286,785,642,788,1667,October,2,coach,Elizabeth Pepys; Deborah Willet
3,968,642,114,1667,October,3,walk,Lord Brouncker; Sir William Penn
968,785,114,788,1667,October,3,coach,
1005,1001,131,415,1667,October,4,walk,
1001,66,415,374,1667,October,4,coach,
785,9,788,422,1667,October,5,walk,
9,1288,422,560,1667,October,5,coach,
1288,66,560,374,1667,October,5,coach,Elizabeth Pepys; Deborah Willet
66,193,374,158,1667,October,5,coach,Elizabeth Pepys; Deborah Willet
193,1105,158,577,1667,October,5,walk,Elizabeth Pepys; Deborah Willet
1105,785,577,788,1667,October,5,coach,Elizabeth Pepys; Deborah Willet
785,9,788,422,1667,October,5,walk,
9,785,422,788,1667,October,5,walk,
785,158,788,522,1667,October,6,walk,Tom (boy)
158,785,522,788,1667,October,6,walk,
785,1291,788,422,1667,October,7,coach,Elizabeth Pepys; Deborah Willet; William Hewer
1291,1292,422,422,1667,October,7,coach,Elizabeth Pepys; Deborah Willet; William Hewer
1292,1293,422,724,1667,October,7,coach,Elizabeth Pepys; Deborah Willet; William Hewer
1293,707,724,12,1667,October,8,coach,Elizabeth Pepys; Deborah Willet; William Hewer
707,1296,12,69,1667,October,8,coach,Elizabeth Pepys; Deborah Willet; William Hewer
1296,1295,69,483,1667,October,8,walk,Elizabeth Pepys; Deborah Willet; William Hewer
1295,199,483,51,1667,October,9,coach,Elizabeth Pepys; Deborah Willet; William Hewer
261,943,557,26,1667,October,12,coach,Elizabeth Pepys; Deborah Willet; William Hewer
943,785,26,788,1667,October,12,coach,Elizabeth Pepys; Deborah Willet; William Hewer
785,3,788,642,1667,October,13,boat,
3,380,642,540,1667,October,13,walk,
785,3,788,642,1667,October,13,walk,
785,968,788,114,1667,October,14,walk,
968,13,114,610,1667,October,14,walk,
13,193,610,158,1667,October,14,coach,Elizabeth Pepys; William Hewer; Deborah Willet
193,785,158,788,1667,October,14,coach,Elizabeth Pepys; William Hewer; Deborah Willet
785,193,788,158,1667,October,15,coach,Elizabeth Pepys; Deborah Willet
785,9,788,422,1667,October,16,walk,
9,968,422,114,1667,October,16,walk,Lord Brouncker
968,3,114,642,1667,October,16,coach,Lord Brouncker
785,9,788,422,1667,October,17,walk,
9,785,422,788,1667,October,17,walk,
785,9,788,422,1667,October,17,coach,Sir William Penn
9,397,422,63,1667,October,17,coach,Sir William Penn
397,785,63,788,1667,October,17,coach,Sir William Penn
785,1105,788,577,1667,October,18,coach,Elizabeth Pepys; John Creed; Deborah Willet
1105,785,577,788,1667,October,18,coach,Elizabeth Pepys; John Creed; Deborah Willet
785,9,788,422,1667,October,19,walk,
9,785,422,788,1667,October,19,walk,
785,1105,788,577,1667,October,19,coach,Elizabeth Pepys; Deborah Willet
1105,785,577,788,1667,October,19,coach,Elizabeth Pepys; Deborah Willet
785,380,788,540,1667,October,21,coach,
380,13,540,610,1667,October,21,walk,
13,968,610,114,1667,October,21,coach,
968,1300,114,565,1667,October,21,walk,
1300,3,565,642,1667,October,21,walk,
785,9,788,422,1667,October,22,walk,
9,1300,422,565,1667,October,22,coach,Lord Brouncker; Sir William Penn; Thomas Harvey
1300,785,565,788,1667,October,22,coach,Sir William Penn
13,1001,610,415,1667,October,23,walk,
1001,1105,415,577,1667,October,23,coach,Sir William Penn
1105,785,577,788,1667,October,23,coach,
785,9,788,422,1667,October,24,walk,
9,785,422,788,1667,October,24,walk,
115,397,85,63,1667,October,24,coach,Elizabeth Pepys; Deborah Willet
397,785,63,788,1667,October,24,coach,Elizabeth Pepys; Deborah Willet
785,9,788,422,1667,October,25,walk,
9,785,422,788,1667,October,25,walk,
785,1300,788,565,1667,October,25,coach,Sir William Penn
1300,785,565,788,1667,October,25,coach,Sir William Penn
785,9,788,422,1667,October,27,walk,
9,785,422,788,1667,October,27,walk,
1105,785,577,788,1667,October,28,coach,Elizabeth Pepys; Mary Mercer; Deborah Willet
785,861,788,516,1667,October,28,walk,
861,785,516,788,1667,October,28,walk,
785,9,788,422,1667,October,29,walk,
9,1305,422,152,1667,October,29,walk,Lord Brouncker
1305,13,152,610,1667,October,29,walk,Lord Brouncker
13,1300,610,565,1667,October,29,walk,
1300,785,565,788,1667,October,29,coach,Sir William Penn
785,9,788,422,1667,October,30,walk,
9,3,422,642,1667,October,30,coach,Sir William Penn
3,1300,642,565,1667,October,30,walk,
1300,785,565,788,1667,October,30,coach,Sir William Penn
785,9,788,422,1667,October,31,walk,
9,785,422,788,1667,October,31,walk,
13,785,610,788,1667,October,31,coach,
3,380,642,540,1667,November,1,walk,
380,785,540,788,1667,November,1,coach,
785,3,788,642,1667,November,1,walk,
3,1282,642,69,1667,November,1,walk,
1282,23,69,789,1667,November,1,walk,John Creed
519,785,561,788,1667,November,1,walk,
785,1105,788,577,1667,November,1,coach,Elizabeth Pepys
1105,785,577,788,1667,November,1,coach,Elizabeth Pepys
785,1105,788,577,1667,November,2,coach,Elizabeth Pepys; Deborah Willet
1105,785,577,788,1667,November,2,coach,Elizabeth Pepys; Deborah Willet
785,1239,788,113,1667,November,5,coach,Elizabeth Pepys; Deborah Willet
1239,785,113,788,1667,November,5,coach,Elizabeth Pepys; Deborah Willet
785,3,788,642,1667,November,6,walk,
3,13,642,610,1667,November,6,walk,
13,785,610,788,1667,November,6,walk,
785,193,788,158,1667,November,6,coach,Elizabeth Pepys; Deborah Willet
193,785,158,788,1667,November,6,coach,Elizabeth Pepys; Deborah Willet
9,785,422,788,1667,November,7,walk,
785,193,788,158,1667,November,7,coach,Elizabeth Pepys; Deborah Willet; William Hewer; Sir William Penn
785,9,788,422,1667,November,9,walk,
9,13,422,610,1667,November,9,walk,
13,785,610,788,1667,November,9,walk,
785,9,788,422,1667,November,9,walk,
176,785,544,788,1667,November,10,walk,Elizabeth Pepys
785,3,788,642,1667,November,10,coach,Sir William Penn
785,968,788,114,1667,November,11,walk,Sir George Carteret; Lord Brouncker
785,1239,788,113,1667,November,14,coach,John Creed; Elizabeth Pepys; Deborah Willet
1239,171,113,9,1667,November,14,coach,John Creed
171,785,9,788,1667,November,14,coach,
13,785,610,788,1667,November,15,walk,
785,9,788,422,1667,November,15,walk,
9,785,422,788,1667,November,15,walk,
785,9,788,422,1667,November,17,walk,
9,785,422,788,1667,November,17,walk,
785,1239,788,113,1667,November,18,coach,
1239,785,113,788,1667,November,18,coach,Elizabeth Pepys; Deborah Willet
785,9,788,422,1667,November,19,walk,
9,1300,422,565,1667,November,19,walk,Lord Brouncker; Thomas Harvey
1300,785,565,788,1667,November,19,coach,William Hewer
785,9,788,422,1667,November,21,walk,
9,171,422,9,1667,November,21,coach,
1128,131,170,567,1667,November,22,walk,John Creed
131,785,567,788,1667,November,22,coach,
785,9,788,422,1667,November,26,walk,
9,785,422,788,1667,November,26,walk,
785,9,788,422,1667,November,27,walk,
9,785,422,788,1667,November,27,walk,
785,9,788,422,1667,November,28,walk,
9,3,422,642,1667,November,28,walk,Lord Brouncker; Sir John Minnes; Thomas Harvey
785,9,788,422,1667,November,28,walk,
9,785,422,788,1667,November,28,walk,
171,1308,9,9,1667,November,30,walk,
1308,13,9,610,1667,November,30,coach,
13,66,610,374,1667,December,2,walk,
66,3,374,642,1667,December,2,walk,
3,1239,642,113,1667,December,2,walk,
1239,13,113,610,1667,December,2,walk,
13,911,610,593,1667,December,2,walk,
785,9,788,422,1667,December,3,walk,
9,785,422,788,1667,December,3,walk,
785,861,788,516,1667,December,3,walk,
785,9,788,422,1667,December,4,walk,
9,785,422,788,1667,December,4,walk,
3,785,642,788,1667,December,4,coach,Elizabeth Pepys; Deborah Willet
785,9,788,422,1667,December,5,walk,
9,23,422,789,1667,December,5,walk,
785,9,788,422,1667,December,5,walk,
9,785,422,788,1667,December,5,walk,
380,785,540,788,1667,December,6,coach,Sir John Minnes
785,911,788,593,1667,December,6,coach,Elizabeth Pepys; Deborah Willet
785,9,788,422,1667,December,8,walk,
9,785,422,788,1667,December,8,walk,
785,23,788,789,1667,December,9,walk,
785,9,788,422,1667,December,10,walk,
9,785,422,788,1667,December,10,walk,
785,13,788,610,1667,December,10,coach,Elizabeth Pepys; Deborah Willet
13,785,610,788,1667,December,10,coach,Elizabeth Pepys; Deborah Willet
785,9,788,422,1667,December,11,walk,
9,785,422,788,1667,December,11,walk,
785,3,788,642,1667,December,12,coach,
3,9,642,422,1667,December,12,coach,
785,9,788,422,1667,December,15,walk,Elizabeth Pepys
9,785,422,788,1667,December,15,walk,Elizabeth Pepys
785,13,788,610,1667,December,16,walk,
9,785,422,788,1667,December,16,walk,
785,9,788,422,1667,December,17,walk,
9,3,422,642,1667,December,17,coach,Sir William Penn; Thomas Harvey
785,9,788,422,1667,December,17,walk,
9,785,422,788,1667,December,17,walk,
9,105,422,222,1667,December,19,coach,Sir William Penn
9,13,422,610,1667,December,19,coach,
785,9,788,422,1667,December,20,walk,
9,785,422,788,1667,December,20,walk,
785,9,788,422,1667,December,20,walk,Sir R. Ford; Sir D. Gawden
9,861,422,516,1667,December,20,walk,Sir R. Ford; Sir D. Gawden
785,9,788,422,1667,December,22,walk,Elizabeth Pepys
9,785,422,788,1667,December,22,walk,Elizabeth Pepys
3,1239,642,113,1667,December,23,walk,
1239,23,113,789,1667,December,23,walk,John Creed
785,9,788,422,1667,December,23,walk,
9,785,422,788,1667,December,23,walk,
785,9,788,422,1667,December,24,walk,
9,380,422,540,1667,December,24,coach,
3,453,642,468,1667,December,24,walk,
453,1314,468,123,1667,December,24,coach,
13,104,610,562,1667,December,26,walk,
785,9,788,422,1667,December,26,walk,
9,785,422,788,1667,December,26,walk,
785,9,788,422,1667,December,28,walk,
1105,785,577,788,1667,December,28,coach,Elizabeth Pepys; Deborah Willet
785,3,788,642,1667,December,30,coach,
3,968,642,114,1667,December,30,walk,
968,23,114,789,1667,December,30,walk,
3,9,642,422,1667,December,31,walk,
9,785,422,788,1667,December,31,walk,
785,9,788,422,1667,December,31,walk,
1320,785,712,788,1668,January,1,coach,
23,24,789,592,1668,January,1,walk,
24,193,592,158,1668,January,1,coach,Elizabeth Pepys
13,785,610,788,1668,January,2,walk,
785,3,788,642,1668,January,3,coach,
3,785,642,788,1668,January,3,coach,
911,3,593,642,1668,January,5,walk,
3,1319,642,503,1668,January,5,walk,Sir George Carteret
1319,3,503,642,1668,January,5,walk,
3,1239,642,113,1668,January,7,walk,
1239,1321,113,427,1668,January,7,coach,
1321,193,427,158,1668,January,7,walk,
193,1105,158,577,1668,January,7,walk,
1105,785,577,788,1668,January,7,coach,
3,1239,642,113,1668,January,8,walk,
1239,23,113,789,1668,January,8,walk,
3,23,642,789,1668,January,10,walk,
785,1105,788,577,1668,January,10,coach,Elizabeth Pepys; Deborah Willet
1105,785,577,788,1668,January,10,coach,Elizabeth Pepys; Deborah Willet
785,1105,788,577,1668,January,11,coach,Elizabeth Pepys; Mary Mercer; Deborah Willet
1105,785,577,788,1668,January,11,coach,Elizabeth Pepys; Mary Mercer; Deborah Willet
785,176,788,544,1668,January,12,walk,Elizabeth Pepys
176,785,544,788,1668,January,12,walk,Elizabeth Pepys
3,23,642,789,1668,January,13,walk,
23,785,789,788,1668,January,13,walk,
3,1239,642,113,1668,January,13,walk,
1239,785,113,788,1668,January,13,coach,Elizabeth Pepys; Deborah Willet
1184,785,394,788,1668,January,14,coach,Elizabeth Pepys; Deborah Willet
785,1177,788,604,1668,January,15,walk,
1177,31,604,145,1668,January,15,walk,
31,785,145,788,1668,January,15,walk,
3,1239,642,113,1668,January,17,walk,
1239,785,113,788,1668,January,17,coach,Elizabeth Pepys; Betty Turner
785,176,788,544,1668,January,19,walk,Elizabeth Pepys
176,785,544,788,1668,January,19,walk,Elizabeth Pepys
785,1177,788,604,1668,January,19,walk,Captain Perryman
1177,31,604,145,1668,January,19,walk,Captain Perryman
785,15,788,169,1668,January,20,coach,
15,1322,169,705,1668,January,20,walk,
1322,66,705,374,1668,January,20,walk,
66,23,374,789,1668,January,20,walk,
785,9,788,422,1668,January,21,walk,
9,1326,422,8,1668,January,21,coach,William Hewer
1326,105,8,222,1668,January,21,coach,Sir D. Gawden
105,1326,222,8,1668,January,21,coach,
1326,3,8,642,1668,January,21,coach,
3,785,642,788,1668,January,21,coach,
785,1184,788,394,1668,January,23,walk,
1184,785,394,788,1668,January,23,walk,Elizabeth Pepys; Deborah Willet
785,3,788,642,1668,January,24,coach,
3,1239,642,113,1668,January,24,walk,
1239,15,113,169,1668,January,24,walk,
15,1324,169,8,1668,January,24,walk,
1324,1105,8,577,1668,January,24,walk,
785,23,788,789,1668,January,25,walk,Mr Hater
9,785,422,788,1668,January,25,walk,
785,9,788,422,1668,January,27,walk,
9,785,422,788,1668,January,27,walk,
785,9,788,422,1668,January,28,walk,
9,3,422,642,1668,January,28,coach,
785,1245,788,290,1668,January,28,coach,Elizabeth Pepys
1245,785,290,788,1668,January,28,coach,Elizabeth Pepys
785,1310,788,515,1668,January,29,coach,
1310,785,515,788,1668,January,29,coach,
785,9,788,422,1668,January,29,walk,
9,785,422,788,1668,January,29,walk,
1325,1245,234,290,1668,January,30,coach,
785,9,788,422,1668,January,30,walk,
9,785,422,788,1668,January,30,walk,
785,1323,788,422,1668,January,31,coach,W. Griffin
1323,3,422,642,1668,January,31,walk,
3,1239,642,113,1668,January,31,walk,
1239,785,113,788,1668,January,31,coach,
785,23,788,789,1668,January,31,coach,Elizabeth Pepys; Deborah Willet
23,1328,789,642,1668,January,31,coach,
785,9,788,422,1668,February,4,walk,
9,785,422,788,1668,February,4,walk,
3,1323,642,422,1668,February,5,walk,
1323,1310,422,515,1668,February,5,walk,
1310,785,515,788,1668,February,5,coach,Captain Cocke
785,1333,788,499,1668,February,5,walk,
1333,1332,499,642,1668,February,5,walk,
193,19,158,234,1668,February,6,coach,Elizabeth Pepys; Betty Turner; Mary Mercer; Deborah Willet
19,785,234,788,1668,February,6,coach,Elizabeth Pepys; Betty Turner; Mary Mercer; Deborah Willet
785,13,788,610,1668,February,7,walk,
13,1323,610,422,1668,February,7,walk,
1323,13,422,610,1668,February,7,walk,
13,104,610,562,1668,February,7,walk,
104,3,562,642,1668,February,7,walk,
3,1105,642,577,1668,February,7,coach,Lord Brouncker; Sir William Penn
1105,785,577,788,1668,February,7,coach,Sir William Penn
785,23,788,789,1668,February,8,coach,Roger Pepys; Mr Jackson; John Creed
13,785,610,788,1668,February,10,coach,John Creed
785,13,788,610,1668,February,10,coach,Mr Jackson
13,193,610,158,1668,February,11,coach,Lord Brouncker
785,15,788,169,1668,February,12,coach,Mr Jackson; Elizabeth Pepys; Deborah Willet
15,13,169,610,1668,February,12,coach,Mr Jackson
13,23,610,789,1668,February,12,walk,
23,785,789,788,1668,February,12,coach,Elizabeth Pepys; Deborah Willet
9,3,422,642,1668,February,13,coach,Elizabeth Pepys; Deborah Willet
3,1239,642,113,1668,February,13,walk,
1239,785,113,788,1668,February,13,coach,Elizabeth Pepys; Deborah Willet
785,9,788,422,1668,February,14,walk,
9,1323,422,422,1668,February,14,walk,
1323,23,422,789,1668,February,14,walk,
23,785,789,788,1668,February,14,walk,
785,3,788,642,1668,February,14,coach,
785,9,788,422,1668,February,14,walk,
9,785,422,788,1668,February,14,walk,
785,9,788,422,1668,February,15,walk,
9,785,422,788,1668,February,15,walk,
785,19,788,234,1668,February,17,coach,Sir William Warren
19,1323,234,422,1668,February,17,coach,
1323,13,422,610,1668,February,17,walk,
13,104,610,562,1668,February,17,walk,
104,785,562,788,1668,February,17,walk,
785,113,788,265,1668,February,18,boat,
113,1310,265,515,1668,February,18,walk,
1310,13,515,610,1668,February,18,walk,
13,58,610,6,1668,February,18,walk,
58,1334,6,153,1668,February,18,walk,Sir William Penn
1334,1105,153,577,1668,February,18,walk,Sir William Penn
1245,785,290,788,1668,February,18,coach,
785,9,788,422,1668,February,18,walk,
9,785,422,788,1668,February,18,walk,
9,3,422,642,1668,February,19,coach,
3,911,642,593,1668,February,19,walk,
911,785,593,788,1668,February,19,coach,Elizabeth Pepys
13,246,610,4,1668,February,20,walk,Elizabeth Pepys; Mary Mercer; Deborah Willet
246,1105,4,577,1668,February,20,coach,Elizabeth Pepys; Mary Mercer; Deborah Willet
1105,785,577,788,1668,February,20,coach,Elizabeth Pepys; Mary Mercer; Deborah Willet
13,1334,610,153,1668,February,22,walk,Elizabeth Pepys; Mary Mercer; Deborah Willet
1334,193,153,158,1668,February,22,walk,Elizabeth Pepys; Mary Mercer; Deborah Willet
785,9,788,422,1668,February,22,walk,
9,785,422,788,1668,February,22,walk,
785,1008,788,173,1668,February,23,boat,
1008,13,173,610,1668,February,23,boat,
13,246,610,4,1668,February,23,walk,
246,3,4,642,1668,February,23,walk,
3,397,642,63,1668,February,23,coach,Sir William Penn
397,785,63,788,1668,February,23,coach,Sir William Penn
785,1321,788,427,1668,February,24,coach,Elizabeth Pepys; Deborah Willet
1321,785,427,788,1668,February,24,coach,Elizabeth Pepys; Deborah Willet
785,9,788,422,1668,February,25,walk,
9,785,422,788,1668,February,25,walk,
785,1239,788,113,1668,February,25,boat,
1310,1239,515,113,1668,February,26,walk,
1239,785,113,788,1668,February,26,coach,
785,9,788,422,1668,February,27,walk,
9,785,422,788,1668,February,27,walk,
785,1105,788,577,1668,February,27,coach,Elizabeth Pepys; Deborah Willet
1105,785,577,788,1668,February,27,coach,Elizabeth Pepys; Deborah Willet
785,9,788,422,1668,February,28,walk,
9,3,422,642,1668,February,28,coach,Sir William Penn
3,13,642,610,1668,February,28,walk,
785,1024,788,76,1668,February,29,walk,Sir George Carteret
785,9,788,422,1668,February,29,walk,
1310,785,515,788,1668,March,1,coach,
785,13,788,610,1668,March,1,coach,
13,1001,610,415,1668,March,1,walk,
1001,1319,415,503,1668,March,1,walk,
1319,785,503,788,1668,March,1,coach,
785,1105,788,577,1668,March,2,coach,Elizabeth Pepys; Mary Mercer; Deborah Willet
1105,23,577,789,1668,March,2,coach,Elizabeth Pepys; Mary Mercer; Deborah Willet
785,9,788,422,1668,March,3,walk,
9,785,422,788,1668,March,3,walk,
785,9,788,422,1668,March,4,walk,
9,785,422,788,1668,March,4,walk,
785,113,788,265,1668,March,5,walk,
113,13,265,610,1668,March,5,boat,T. Hater; William Hewer
13,58,610,6,1668,March,5,walk,
58,1300,6,565,1668,March,5,walk,Lord Brouncker; Sir John Minnes; Thomas Harvey
1300,1093,565,334,1668,March,5,walk,Thomas Harvey; Sir William Penn
1093,1105,334,577,1668,March,5,coach,Thomas Harvey; Sir William Penn
1105,785,577,788,1668,March,5,coach,Sir William Penn
785,1310,788,515,1668,March,6,coach,Sir D. Gawden
1310,3,515,642,1668,March,6,coach,
13,1304,610,331,1668,March,6,coach,
1304,3,331,642,1668,March,6,coach,
3,785,642,788,1668,March,6,coach,Sir William Penn
785,1105,788,577,1668,March,7,coach,Elizabeth Pepys; Mary Mercer; Deborah Willet
1105,785,577,788,1668,March,7,coach,Elizabeth Pepys; Mary Mercer; Deborah Willet
3,1239,642,113,1668,March,9,walk,Lord Brouncker
1239,23,113,789,1668,March,9,coach,Lord Brouncker
785,1128,788,170,1668,March,9,walk,
1128,785,170,788,1668,March,9,walk,
13,1319,610,503,1668,March,10,coach,Sir D. Gawden
1319,785,503,788,1668,March,10,coach,
785,348,788,74,1668,March,11,walk,
348,3,74,642,1668,March,11,boat,
13,785,610,788,1668,March,11,coach,
785,13,788,610,1668,March,12,coach,Elizabeth Pepys; Deborah Willet
13,61,610,219,1668,March,12,walk,
61,23,219,789,1668,March,12,walk,Elizabeth Pepys
23,785,789,788,1668,March,12,coach,Elizabeth Pepys; Deborah Willet
785,113,788,265,1668,March,13,walk,
113,13,265,610,1668,March,13,boat,
13,1341,610,334,1668,March,13,walk,Lord Brouncker; Sir John Minnes; Sir William Penn; Thomas Harvey; Mr Coventry
3,1105,642,577,1668,March,13,coach,
1105,66,577,374,1668,March,13,walk,
66,785,374,788,1668,March,13,coach,
785,3,788,642,1668,March,14,walk,
785,397,788,63,1668,March,14,coach,Elizabeth Pepys
397,785,63,788,1668,March,14,coach,Elizabeth Pepys
785,1310,788,515,1668,March,15,walk,
1310,107,515,541,1668,March,15,walk,Mr Coventry
3,1527,642,642,1668,March,15,walk,
785,1128,788,170,1668,March,16,walk,
1128,785,170,788,1668,March,16,walk,
785,1128,788,170,1668,March,17,walk,
1128,23,170,789,1668,March,17,walk,
23,785,789,788,1668,March,17,walk,
785,13,788,610,1668,March,18,walk,
13,58,610,6,1668,March,18,walk,
58,13,6,610,1668,March,18,walk,
13,3,610,642,1668,March,18,walk,Sir William Penn
382,3,275,642,1668,March,18,coach,
3,785,642,788,1668,March,18,coach,
785,3,788,642,1668,March,19,boat,
3,1310,642,515,1668,March,19,walk,
1310,113,515,265,1668,March,19,boat,
113,9,265,422,1668,March,19,walk,
9,785,422,788,1668,March,19,walk,
785,23,788,789,1668,March,19,coach,Elizabeth Pepys; Deborah Willet
23,785,789,788,1668,March,19,coach,Elizabeth Pepys; Deborah Willet
785,9,788,422,1668,March,19,walk,
785,9,788,422,1668,March,20,walk,
9,3,422,642,1668,March,20,coach,
3,453,642,468,1668,March,22,walk,Mr Brisband
453,785,468,788,1668,March,22,coach,
785,1153,788,24,1668,March,23,boat,Elizabeth Pierce; Mrs Manuel; Mrs Corbet
1184,785,394,788,1668,March,23,coach,Elizabeth Pepys; Deborah Willet
3,409,642,319,1668,March,24,walk,John Creed
409,66,319,374,1668,March,24,walk,John Creed
66,3,374,642,1668,March,24,coach,John Creed
13,785,610,788,1668,March,25,coach,
785,1105,788,577,1668,March,25,coach,Elizabeth Pepys; Deborah Willet
1105,1330,577,282,1668,March,25,coach,Elizabeth Pepys; Deborah Willet
785,9,788,422,1668,March,26,walk,Lord Brouncker
9,1304,422,331,1668,March,26,walk,Lord Brouncker
1304,193,331,158,1668,March,26,coach,
104,785,562,788,1668,March,27,boat,
785,1001,788,415,1668,March,27,walk,
1001,911,415,593,1668,March,27,walk,
911,1321,593,427,1668,March,27,coach,Elizabeth Pepys
1321,1356,427,319,1668,March,27,coach,
1356,382,319,275,1668,March,27,coach,
382,785,275,788,1668,March,27,coach,Elizabeth Pepys
785,1105,788,577,1668,March,28,coach,Elizabeth Pepys; Deborah Willet
1105,785,577,788,1668,March,28,coach,Elizabeth Pepys; Deborah Willet
176,785,544,788,1668,March,29,walk,Elizabeth Pepys
13,785,610,788,1668,March,29,coach,
785,879,788,334,1668,March,30,coach,Elizabeth Pepys; Deborah Willet; William Hewer
879,1353,334,422,1668,March,30,walk,Mr Harris; Mr Hales
1353,879,422,334,1668,March,30,walk,Mr Harris; Mr Hales
13,1354,610,83,1668,March,30,walk,Captain Cocke
1354,3,83,642,1668,March,30,walk,
3,1356,642,319,1668,March,30,walk,John Creed
1356,382,319,275,1668,March,30,coach,John Creed
382,1357,275,276,1668,March,30,walk,John Creed
1357,785,276,788,1668,March,30,coach,
785,9,788,422,1668,March,31,walk,
9,785,422,788,1668,March,31,walk,
785,1300,788,565,1668,March,31,coach,Sir D. Gawden
1300,911,565,593,1668,March,31,walk,
911,382,593,275,1668,March,31,coach,Elizabeth Pepys; Deborah Willet
382,785,275,788,1668,March,31,coach,Elizabeth Pepys; Deborah Willet
785,9,788,422,1668,April,1,walk,
9,785,422,788,1668,April,1,walk,
785,1105,788,577,1668,April,1,coach,
1105,785,577,788,1668,April,1,coach,
785,23,788,789,1668,April,2,coach,Elizabeth Pepys; Betty Turner; Deborah Willet; Jane
23,9,789,422,1668,April,2,walk,
9,785,422,788,1668,April,2,walk,
171,1355,9,213,1668,April,2,walk,Lord Brouncker
1355,785,213,788,1668,April,2,coach,
785,9,788,422,1668,April,3,walk,
9,3,422,642,1668,April,3,boat,
193,785,158,788,1668,April,3,coach,
3,9,642,422,1668,April,4,boat,
9,861,422,516,1668,April,4,walk,
3,107,642,541,1668,April,4,walk,Lord Brouncker
107,785,541,788,1668,April,4,coach,
785,400,788,3,1668,April,6,coach,
400,1005,3,131,1668,April,6,walk,
1005,3,131,642,1668,April,6,coach,
3,1356,642,319,1668,April,6,walk,John Creed
1356,382,319,275,1668,April,6,coach,John Creed
382,1357,275,276,1668,April,6,walk,John Creed
1357,785,276,788,1668,April,6,coach,
785,1105,788,577,1668,April,7,coach,
1105,382,577,275,1668,April,7,coach,Mrs Knipp
382,1357,275,276,1668,April,7,walk,Mrs Knipp
1357,1184,276,394,1668,April,7,coach,Mrs Knipp
1184,785,394,788,1668,April,7,coach,
9,3,422,642,1668,April,8,coach,Sir John Minnes
1322,785,705,788,1668,April,8,walk,
9,193,422,158,1668,April,9,walk,
382,3,275,642,1668,April,9,coach,
3,785,642,788,1668,April,9,coach,
785,9,788,422,1668,April,10,walk,
9,3,422,642,1668,April,10,coach,Sir William Penn
13,66,610,374,1668,April,13,walk,John Creed; G. Montagu
66,1105,374,577,1668,April,13,coach,John Creed
1105,382,577,275,1668,April,13,coach,John Creed
382,785,275,788,1668,April,13,coach,
66,13,374,610,1668,April,14,walk,
13,1323,610,422,1668,April,14,walk,
1323,13,422,610,1668,April,14,walk,John Creed
1319,1105,503,577,1668,April,14,coach,
1105,66,577,374,1668,April,14,coach,
66,785,374,788,1668,April,14,coach,
785,9,788,422,1668,April,15,walk,
9,3,422,642,1668,April,15,coach,
3,1105,642,577,1668,April,15,coach,
1105,66,577,374,1668,April,15,walk,
66,785,374,788,1668,April,15,coach,John Creed
785,9,788,422,1668,April,16,walk,
9,3,422,642,1668,April,16,coach,
13,1319,610,503,1668,April,16,walk,G. Montagu; John Creed
1319,3,503,642,1668,April,16,walk,
3,1001,642,415,1668,April,16,walk,
1001,66,415,374,1668,April,16,walk,
785,9,788,422,1668,April,17,walk,
9,3,422,642,1668,April,17,coach,
3,1105,642,577,1668,April,17,coach,Lord Brouncker
1105,1350,577,291,1668,April,17,coach,Mrs Knipp; Rolt
1350,785,291,788,1668,April,17,coach,Mrs Knipp; Rolt
785,9,788,422,1668,April,18,walk,
9,3,422,642,1668,April,18,boat,
3,1105,642,577,1668,April,18,coach,
1105,13,577,610,1668,April,18,coach,
785,176,788,544,1668,April,19,walk,Roger Pepys
176,785,544,788,1668,April,19,walk,Roger Pepys
3,1112,642,444,1668,April,19,walk,
1112,1001,444,415,1668,April,19,walk,
3,1323,642,422,1668,April,20,walk,
1323,13,422,610,1668,April,20,walk,
13,19,610,234,1668,April,20,walk,John Creed
19,382,234,275,1668,April,20,coach,
785,861,788,516,1668,April,20,walk,
861,785,516,788,1668,April,20,walk,
785,1105,788,577,1668,April,21,coach,Betty Turner
1105,1350,577,291,1668,April,21,coach,Mrs Knipp
1350,785,291,788,1668,April,21,coach,Betty Turner
785,1001,788,415,1668,April,21,walk,
1001,785,415,788,1668,April,21,walk,
785,3,788,642,1668,April,22,walk,
3,13,642,610,1668,April,22,boat,
13,1359,610,642,1668,April,22,walk,
1359,1341,642,334,1668,April,22,walk,Elizabeth Pierce; Mrs Knipp; Mrs Manuel
1341,785,334,788,1668,April,22,coach,
785,9,788,422,1668,April,23,walk,
9,785,422,788,1668,April,23,walk,
785,43,788,583,1668,April,23,boat,Mrs Knipp; Elizabeth Pierce
785,9,788,422,1668,April,24,walk,
9,785,422,788,1668,April,24,walk,
1093,1005,334,131,1668,April,25,coach,
1005,785,131,788,1668,April,25,coach,
785,9,788,422,1668,April,25,walk,
9,785,422,788,1668,April,25,walk,
785,193,788,158,1668,April,25,coach,
785,176,788,544,1668,April,26,walk,
176,785,544,788,1668,April,26,walk,
785,1098,788,384,1668,April,26,walk,W. Batelier
1098,382,384,275,1668,April,26,coach,W. Batelier
382,1357,275,276,1668,April,26,walk,W. Batelier
1357,785,276,788,1668,April,26,coach,W. Batelier
785,3,788,642,1668,April,27,walk,Captain Deane
3,13,642,610,1668,April,27,walk,
13,66,610,374,1668,April,27,walk,John Creed; Mr Godolphin
66,1105,374,577,1668,April,27,coach,
1105,397,577,63,1668,April,27,coach,
397,785,63,788,1668,April,27,coach,
785,861,788,516,1668,April,27,walk,
861,785,516,788,1668,April,27,walk,
785,1310,788,515,1668,April,28,boat,
1310,3,515,642,1668,April,28,walk,
3,66,642,374,1668,April,28,walk,
66,13,374,610,1668,April,28,walk,
19,1105,234,577,1668,April,28,coach,John Creed
785,9,788,422,1668,April,28,walk,
9,785,422,788,1668,April,28,walk,
9,3,422,642,1668,April,29,walk,
13,785,610,788,1668,April,29,coach,
785,9,788,422,1668,April,30,walk,
9,80,422,149,1668,April,30,walk,Sir John Minnes
785,397,788,63,1668,April,30,coach,Betty Turner
397,785,63,788,1668,April,30,coach,Betty Turner
785,9,788,422,1668,May,1,walk,
9,13,422,610,1668,May,1,walk,
19,1105,234,577,1668,May,1,coach,
1105,13,577,610,1668,May,1,walk,
13,113,610,265,1668,May,1,boat,
113,785,265,788,1668,May,1,walk,
785,9,788,422,1668,May,2,walk,
9,785,422,788,1668,May,2,walk,
193,382,158,275,1668,May,2,coach,
382,1357,275,276,1668,May,2,walk,
1357,785,276,788,1668,May,2,coach,
785,400,788,3,1668,May,3,walk,
400,785,3,788,1668,May,3,walk,
193,1334,158,153,1668,May,4,coach,Elizabeth Pierce; Mrs Corbet; Captain Rolt
1334,785,153,788,1668,May,4,coach,
9,785,422,788,1668,May,5,walk,
785,193,788,158,1668,May,5,coach,John Creed
13,113,610,265,1668,May,5,boat,
113,785,265,788,1668,May,5,walk,
785,861,788,516,1668,May,5,walk,
861,785,516,788,1668,May,5,walk,
3,1105,642,577,1668,May,6,walk,
1105,1184,577,394,1668,May,6,walk,
193,1105,158,577,1668,May,7,walk,
1105,1184,577,394,1668,May,7,walk,Mrs Knipp
1184,1262,394,353,1668,May,7,coach,Mary Mercer; Betty Turner; Mrs Knipp
1262,785,353,788,1668,May,7,coach,Mary Mercer; Betty Turner; Mrs Knipp
9,13,422,610,1668,May,8,walk,
13,66,610,374,1668,May,8,walk,
66,3,374,642,1668,May,8,walk,
3,1093,642,334,1668,May,8,coach,Lord Brouncker
1093,785,334,788,1668,May,8,coach,Sir William Penn
9,13,422,610,1668,May,9,boat,
1314,1105,123,577,1668,May,9,walk,Sir William Penn
785,402,788,185,1668,May,10,boat,Lady Penn; Mrs Lowther; Mrs Whistler
402,1323,185,422,1668,May,10,boat,Lady Penn; Mrs Lowther; Mrs Whistler
785,861,788,516,1668,May,10,walk,
785,9,788,422,1668,May,11,walk,
402,785,185,788,1668,May,11,boat,Mary Mercer
1366,1367,299,74,1668,May,12,walk,
1367,1330,74,282,1668,May,12,walk,
1330,785,282,788,1668,May,12,coach,Mary Mercer; Mrs Gayet; Mrs Jones
3,13,642,610,1668,May,13,walk,Sir H. Cholmly
1112,402,444,185,1668,May,13,boat,
402,785,185,788,1668,May,13,boat,
1314,1105,123,577,1668,May,14,walk,Mary Mercer; Mrs Gayet
1105,402,577,185,1668,May,14,boat,Mary Mercer; Mrs Gayet
402,785,185,788,1668,May,14,boat,Mary Mercer; Mrs Gayet
785,3,788,642,1668,May,15,walk,Sir H. Cholmly
1304,1364,331,359,1668,May,15,coach,Lord Brouncker
1105,785,577,788,1668,May,15,walk,
785,9,788,422,1668,May,16,walk,
9,785,422,788,1668,May,16,walk,
785,1105,788,577,1668,May,16,coach,
1105,785,577,788,1668,May,16,coach,
785,187,788,74,1668,May,17,coach,Sir William Penn; Lady Penn
187,397,74,63,1668,May,17,coach,Sir William Penn; Lady Penn
397,785,63,788,1668,May,17,coach,Sir William Penn; Lady Penn
1314,1105,123,577,1668,May,18,walk,Mary Mercer; Mrs Horsfield; Mrs Gayet
1105,1350,577,291,1668,May,18,coach,Mary Mercer; Mrs Horsfield; Mrs Gayet
1350,402,291,185,1668,May,18,boat,Mary Mercer; Mrs Horsfield; Mrs Gayet
402,785,185,788,1668,May,18,boat,Mary Mercer; Mrs Horsfield; Mrs Gayet
785,9,788,422,1668,May,19,walk,
9,3,422,642,1668,May,19,coach,
785,9,788,422,1668,May,19,walk,
9,785,422,788,1668,May,19,walk,
3,19,642,234,1668,May,20,walk,Sir Richard Browne
19,1105,234,577,1668,May,20,walk,John Creed
1105,1098,577,384,1668,May,20,walk,John Creed
3,924,642,421,1668,May,20,walk,John Creed
924,785,421,788,1668,May,20,coach,
785,9,788,422,1668,May,21,walk,
9,785,422,788,1668,May,21,walk,
785,397,788,63,1668,May,21,coach,Betty Turner; Mary Mercer
397,785,63,788,1668,May,21,coach,Betty Turner; Mary Mercer
785,9,788,422,1668,May,22,walk,
9,785,422,788,1668,May,22,walk,
193,785,158,788,1668,May,22,coach,
785,1374,788,44,1668,May,23,walk,
1374,1375,44,43,1668,May,23,coach,Tom (boy)
1375,1376,43,483,1668,May,23,coach,Tom (boy)
1376,199,483,51,1668,May,24,horse,Tom (boy)
199,212,51,767,1668,May,25,horse,John Pepys Jr; Pall Jackson; Edward Shepley
212,1381,767,270,1668,May,25,horse,
1381,1376,270,483,1668,May,25,horse,
1376,701,483,349,1668,May,25,walk,Tom (boy)
701,1378,349,65,1668,May,25,walk,
1378,1376,65,483,1668,May,25,walk,
1376,1375,483,43,1668,May,26,coach,Tom (boy)
785,3,788,642,1668,May,27,boat,
162,785,597,788,1668,May,27,coach,
785,861,788,516,1668,May,27,walk,
861,3,516,642,1668,May,27,coach,
785,9,788,422,1668,May,28,walk,
9,785,422,788,1668,May,28,walk,
402,113,185,265,1668,May,28,boat,Mary Mercer; Mrs Gayet
113,785,265,788,1668,May,28,walk,
785,3,788,642,1668,May,29,boat,
3,968,642,114,1668,May,29,walk,
968,785,114,788,1668,May,29,coach,
785,1105,788,577,1668,May,30,coach,
1105,1184,577,394,1668,May,30,walk,
176,785,544,788,1668,May,31,walk,
785,1184,788,394,1668,May,31,boat,
1184,402,394,185,1668,May,31,boat,Mrs Knipp; Elizabeth Pierce; Mrs Manuel; W. Howe
402,785,185,788,1668,May,31,boat,
13,785,610,788,1668,June,1,walk,
1001,402,415,185,1668,June,1,boat,
402,785,185,788,1668,June,1,boat,
785,1369,788,50,1668,June,2,coach,Mary Mercer; Mrs Knightly
9,3,422,642,1668,June,3,boat,
3,13,642,610,1668,June,3,walk,Sir D. Gawden
785,1105,788,577,1668,June,3,coach,
1105,66,577,374,1668,June,3,coach,
66,1357,374,276,1668,June,3,coach,
1357,785,276,788,1668,June,3,coach,
785,943,788,26,1668,June,5,coach,
943,261,26,557,1668,June,5,coach,
261,209,557,270,1668,June,6,coach,
209,199,270,51,1668,June,6,coach,
199,1384,51,433,1668,June,8,coach,Elizabeth Pepys; Betty Turner; Deborah Willet; William Hewer
1384,1385,433,422,1668,June,9,coach,Elizabeth Pepys; Betty Turner; Deborah Willet; William Hewer
1385,1386,422,1,1668,June,9,coach,Elizabeth Pepys; Betty Turner; Deborah Willet; William Hewer
1386,1387,1,269,1668,June,10,coach,Elizabeth Pepys; Betty Turner; Deborah Willet; William Hewer
1387,1388,269,443,1668,June,10,horse,Elizabeth Pepys; Betty Turner; Deborah Willet; William Hewer
1388,1389,443,191,1668,June,10,horse,Elizabeth Pepys; Betty Turner; Deborah Willet; William Hewer
1389,1390,191,558,1668,June,11,horse,Elizabeth Pepys; Betty Turner; Deborah Willet; William Hewer
1390,1391,558,131,1668,June,11,horse,Elizabeth Pepys; Betty Turner; Deborah Willet; William Hewer
1391,1389,131,191,1668,June,11,horse,Elizabeth Pepys; Betty Turner; Deborah Willet; William Hewer
1389,1392,191,422,1668,June,11,horse,Elizabeth Pepys; Betty Turner; Deborah Willet; William Hewer
1392,1393,422,763,1668,June,12,coach,Elizabeth Pepys; Betty Turner; Deborah Willet; William Hewer
1395,1396,57,591,1668,June,13,walk,Deborah Willet; William Hewer; Betty Turner
1396,1394,591,28,1668,June,13,coach,Elizabeth Pepys; Betty Turner; Deborah Willet; William Hewer
1394,1397,28,28,1668,June,14,walk,
1397,1394,28,28,1668,June,14,walk,
1394,1398,28,422,1668,June,15,coach,Elizabeth Pepys; Betty Turner; Deborah Willet; William Hewer
1398,1399,422,352,1668,June,15,coach,Elizabeth Pepys; Betty Turner; Deborah Willet; William Hewer
1399,1400,352,430,1668,June,16,coach,Elizabeth Pepys; Betty Turner; Deborah Willet; William Hewer
1401,1402,472,422,1668,June,17,coach,Elizabeth Pepys; Betty Turner; Deborah Willet; William Hewer
1402,1403,422,422,1668,June,17,coach,Elizabeth Pepys; Betty Turner; Deborah Willet; William Hewer
1403,785,422,788,1668,June,17,coach,Elizabeth Pepys; Betty Turner; Deborah Willet; William Hewer
3,785,642,788,1668,June,18,coach,Elizabeth Pepys; Deborah Willet
785,9,788,422,1668,June,19,walk,
9,3,422,642,1668,June,19,coach,Sir William Penn
785,9,788,422,1668,June,20,walk,
9,785,422,788,1668,June,20,walk,
785,1105,788,577,1668,June,20,coach,Elizabeth Pepys
1105,911,577,593,1668,June,20,coach,
911,785,593,788,1668,June,20,coach,Elizabeth Pepys
176,785,544,788,1668,June,21,walk,
785,861,788,516,1668,June,21,walk,
3,785,642,788,1668,June,22,walk,
785,1105,788,577,1668,June,22,coach,John Creed
1105,1093,577,334,1668,June,22,coach,John Creed
785,9,788,422,1668,June,23,walk,
9,1406,422,711,1668,June,23,coach,
785,9,788,422,1668,June,24,walk,
9,400,422,3,1668,June,24,walk,John Creed
400,13,3,610,1668,June,24,boat,
785,9,788,422,1668,June,26,walk,
9,785,422,788,1668,June,26,walk,
785,3,788,642,1668,June,26,coach,
3,785,642,788,1668,June,26,coach,Elizabeth Pepys
785,1105,788,577,1668,June,27,coach,Elizabeth Pepys; Deborah Willet
785,1406,788,711,1668,June,29,walk,Sir John Minnes
1406,380,711,540,1668,June,29,walk,Sir John Minnes
380,3,540,642,1668,June,29,walk,
3,1105,642,577,1668,June,29,coach,Elizabeth Pepys
1105,1330,577,282,1668,June,29,coach,Elizabeth Pepys
3,785,642,788,1668,July,1,walk,
785,9,788,422,1668,July,2,walk,
9,785,422,788,1668,July,2,walk,
785,397,788,63,1668,July,2,coach,Elizabeth Pepys; Deborah Willet
397,785,63,788,1668,July,2,coach,Elizabeth Pepys; Deborah Willet
785,1405,788,422,1668,July,3,boat,
1405,911,422,593,1668,July,3,coach,
9,785,422,788,1668,July,4,walk,
785,397,788,63,1668,July,4,coach,Elizabeth Pepys; Deborah Willet
397,785,63,788,1668,July,4,coach,Elizabeth Pepys; Deborah Willet
380,3,540,642,1668,July,6,walk,Mr Coventry
3,1353,642,422,1668,July,6,coach,Elizabeth Pepys; Deborah Willet; William Hewer
1353,3,422,642,1668,July,6,walk,
9,785,422,788,1668,July,7,walk,
785,911,788,593,1668,July,7,coach,Elizabeth Pepys; Deborah Willet; Betty Turner
785,1310,788,515,1668,July,8,boat,
1310,380,515,540,1668,July,8,walk,
380,1353,540,422,1668,July,8,coach,Elizabeth Pepys; Deborah Willet; William Hewer
1353,3,422,642,1668,July,8,walk,
785,9,788,422,1668,July,9,walk,
9,785,422,788,1668,July,9,walk,
785,911,788,593,1668,July,9,coach,Elizabeth Pepys; Deborah Willet; Betty Turner
911,785,593,788,1668,July,9,coach,Elizabeth Pepys; Deborah Willet; Betty Turner
1353,1357,422,276,1668,July,10,coach,Elizabeth Pepys; Deborah Willet
1357,785,276,788,1668,July,10,coach,Elizabeth Pepys; Deborah Willet
785,9,788,422,1668,July,11,walk,
1105,785,577,788,1668,July,11,coach,
1353,31,422,145,1668,July,13,boat,Elizabeth Pepys; Deborah Willet; William Hewer
31,1353,145,422,1668,July,13,walk,
785,9,788,422,1668,July,15,walk,
9,380,422,540,1668,July,15,walk,
1184,785,394,788,1668,July,15,coach,Elizabeth Pepys; Deborah Willet
171,1353,9,422,1668,July,16,coach,Lord Brouncker; Elizabeth Pepys; Deborah Willet
1353,23,422,789,1668,July,16,walk,Elizabeth Pepys; Deborah Willet
23,785,789,788,1668,July,16,coach,Elizabeth Pepys; Deborah Willet
1105,1112,577,444,1668,July,17,coach,Elizabeth Pepys; Deborah Willet
1112,402,444,185,1668,July,17,boat,Elizabeth Pepys; Deborah Willet
785,23,788,789,1668,July,18,coach,
911,1353,593,422,1668,July,18,walk,Elizabeth Pepys; Deborah Willet
23,66,789,374,1668,July,20,coach,
66,785,374,788,1668,July,20,coach,
785,9,788,422,1668,July,21,walk,
9,785,422,788,1668,July,21,walk,
785,9,788,422,1668,July,22,walk,
9,3,422,642,1668,July,22,coach,
785,380,788,540,1668,July,24,boat,
785,9,788,422,1668,July,26,walk,
9,785,422,788,1668,July,26,walk,
785,9,788,422,1668,July,27,walk,
9,785,422,788,1668,July,27,walk,
785,66,788,374,1668,July,27,walk,
66,1353,374,422,1668,July,27,walk,
1353,402,422,185,1668,July,27,boat,Elizabeth Pepys; Deborah Willet; Mary Mercer
785,9,788,422,1668,July,28,walk,
9,785,422,788,1668,July,28,walk,
785,9,788,422,1668,July,29,walk,
9,785,422,788,1668,July,29,walk,
1105,1357,577,276,1668,July,29,coach,Elizabeth Pepys; Deborah Willet; Mary Mercer
785,9,788,422,1668,July,31,walk,
9,785,422,788,1668,July,31,walk,
1128,3,170,642,1668,July,31,coach,Sir John Minnes
3,1105,642,577,1668,July,31,walk,Elizabeth Pepys; Deborah Willet; Sir John Minnes
1105,1357,577,276,1668,July,31,coach,Elizabeth Pepys; Deborah Willet
1357,785,276,788,1668,July,31,coach,Elizabeth Pepys; Deborah Willet
785,1105,788,577,1668,August,1,coach,Elizabeth Pepys; Deborah Willet
1105,785,577,788,1668,August,1,coach,Elizabeth Pepys; Deborah Willet
380,1418,540,7,1668,August,3,walk,Dr Gibbons
1418,23,7,789,1668,August,3,walk,
785,911,788,593,1668,August,3,coach,Elizabeth Pepys; Mary Mercer; Deborah Willet
911,3,593,642,1668,August,3,coach,
1419,785,199,788,1668,August,4,walk,
785,9,788,422,1668,August,4,walk,
3,785,642,788,1668,August,5,walk,
785,193,788,158,1668,August,5,coach,
13,380,610,540,1668,August,5,walk,
380,785,540,788,1668,August,5,walk,
380,402,540,185,1668,August,6,walk,
402,1407,185,221,1668,August,6,coach,Elizabeth Pepys; Deborah Willet
1407,1408,221,422,1668,August,6,coach,Elizabeth Pepys; Deborah Willet
1408,145,422,455,1668,August,7,coach,Elizabeth Pepys; Deborah Willet; Lt-Col Fitzgerald
145,1410,455,221,1668,August,7,coach,Elizabeth Pepys; Deborah Willet; Lt-Col Fitzgerald
1410,1411,221,592,1668,August,8,walk,
1411,1410,592,221,1668,August,8,walk,
1410,402,221,185,1668,August,8,coach,Elizabeth Pepys; Deborah Willet; Lt-Col Fitzgerald
402,3,185,642,1668,August,8,boat,Lt-Col Fitzgerald
3,1304,642,331,1668,August,9,walk,
1304,785,331,788,1668,August,9,coach,Elizabeth Pepys; Deborah Willet
23,1353,789,422,1668,August,10,walk,Elizabeth Pepys; Deborah Willet
1353,13,422,610,1668,August,10,boat,Elizabeth Pepys; Deborah Willet
785,9,788,422,1668,August,12,walk,
9,1128,422,170,1668,August,12,walk,
1322,23,705,789,1668,August,12,walk,
785,193,788,158,1668,August,12,coach,Elizabeth Pepys; Mary Mercer; Deborah Willet
193,785,158,788,1668,August,12,coach,Elizabeth Pepys; Mary Mercer; Deborah Willet
785,1310,788,515,1668,August,14,boat,
1310,3,515,642,1668,August,14,walk,
3,785,642,788,1668,August,14,walk,
3,1420,642,513,1668,August,14,walk,Mr Wren
1420,1239,513,113,1668,August,14,walk,
1239,380,113,540,1668,August,14,walk,
785,9,788,422,1668,August,15,walk,
9,785,422,788,1668,August,15,walk,
785,1105,788,577,1668,August,15,coach,Elizabeth Pepys; Mary Mercer; Deborah Willet
785,380,788,540,1668,August,17,boat,
380,1413,540,10,1668,August,17,coach,Mr Wren
1413,1415,10,131,1668,August,17,walk,
785,1357,788,276,1668,August,18,coach,
1357,3,276,642,1668,August,18,boat,
785,9,788,422,1668,August,19,walk,
9,785,422,788,1668,August,19,walk,
9,785,422,788,1668,August,20,walk,
785,3,788,642,1668,August,21,boat,
3,785,642,788,1668,August,21,boat,
785,575,788,76,1668,August,23,walk,
575,785,76,788,1668,August,23,walk,
380,785,540,788,1668,August,25,boat,
785,113,788,265,1668,August,26,walk,
113,3,265,642,1668,August,26,boat,
380,785,540,788,1668,August,27,boat,
3,829,642,503,1668,August,28,walk,Mr Wren; Lord Brouncker
829,785,503,788,1668,August,28,boat,
785,9,788,422,1668,August,29,walk,
9,785,422,788,1668,August,29,walk,
380,785,540,788,1668,August,30,walk,
785,9,788,422,1668,August,30,walk,
9,785,422,788,1668,August,30,walk,
9,13,422,610,1668,August,31,boat,
13,785,610,788,1668,August,31,walk,
9,1112,422,444,1668,September,1,walk,
1112,240,444,27,1668,September,1,walk,
9,1404,422,58,1668,September,3,walk,
1404,15,58,169,1668,September,3,walk,
15,195,169,154,1668,September,3,walk,
195,9,154,422,1668,September,3,walk,
9,1239,422,113,1668,September,3,boat,
1239,9,113,422,1668,September,3,boat,
9,1427,422,650,1668,September,3,walk,Sir William Penn; Lord Brouncker
1427,785,650,788,1668,September,3,walk,
785,9,788,422,1668,September,4,walk,
9,785,422,788,1668,September,4,walk,
240,785,27,788,1668,September,4,coach,Elizabeth Pepys; Mary Knepp
1098,240,384,27,1668,September,5,walk,
240,785,27,788,1668,September,5,walk,
785,9,788,422,1668,September,6,walk,
9,785,422,788,1668,September,6,walk,
785,911,788,593,1668,September,7,coach,Elizabeth Pepys; Deborah Willet
911,3,593,642,1668,September,7,walk,
3,240,642,27,1668,September,7,walk,Lord Brouncker; Sir William Penn; John Mennes
240,9,27,422,1668,September,7,walk,Lord Brouncker; Sir William Penn
3,380,642,540,1668,September,8,walk,
380,9,540,422,1668,September,8,walk,
785,9,788,422,1668,September,9,walk,
9,858,422,622,1668,September,9,walk,
858,15,622,169,1668,September,9,walk,
15,785,169,788,1668,September,9,boat,
3,1427,642,650,1668,September,9,walk,Lord Brouncker; Sir William Penn
1427,785,650,788,1668,September,9,coach,Lord Brouncker; Sir William Penn
785,3,788,642,1668,September,10,boat,
3,1310,642,515,1668,September,10,walk,
1310,1239,515,113,1668,September,10,walk,
1239,785,113,788,1668,September,10,boat,
785,131,788,567,1668,September,10,boat,William Hewer
131,193,567,158,1668,September,10,walk,Elizabeth Pepys; Mary Batelier; Mary Mercer; Deborah Willet; William Hewer
3,182,642,32,1668,September,10,walk,Elizabeth Pepys; Mary Mercer; Deborah Willet; Mary Batelier
182,785,32,788,1668,September,10,boat,
785,131,788,567,1668,September,13,walk,
131,380,567,540,1668,September,13,coach,
785,131,788,567,1668,September,14,walk,
131,380,567,540,1668,September,14,coach,
380,3,540,642,1668,September,14,boat,
3,1239,642,113,1668,September,14,walk,
1239,785,113,788,1668,September,14,boat,
785,1424,788,44,1668,September,15,walk,Elizabeth Pepys; Mary Mercer; Deborah Willet; William Hewer
1424,23,44,789,1668,September,15,walk,Elizabeth Pepys; Mary Mercer; Deborah Willet; William Hewer
785,9,788,422,1668,September,15,walk,
9,1105,422,577,1668,September,15,boat,
1105,380,577,540,1668,September,15,walk,
380,785,540,788,1668,September,15,boat,
785,9,788,422,1668,September,16,walk,
9,131,422,567,1668,September,16,walk,
131,1425,567,547,1668,September,16,walk,
1425,380,547,540,1668,September,16,walk,
380,382,540,275,1668,September,16,coach,
382,785,275,788,1668,September,16,coach,
785,1105,788,577,1668,September,17,walk,
380,785,540,788,1668,September,17,walk,
380,857,540,622,1668,September,18,coach,
857,1105,622,577,1668,September,18,walk,
1105,864,577,371,1668,September,18,walk,
864,785,371,788,1668,September,18,coach,
9,1105,422,577,1668,September,19,walk,
785,9,788,422,1668,September,20,walk,
9,785,422,788,1668,September,20,walk,
785,22,788,543,1668,September,20,coach,
22,1184,543,394,1668,September,20,walk,
1184,1432,394,207,1668,September,20,walk,
1432,538,207,99,1668,September,20,walk,
538,785,99,788,1668,September,20,walk,
3,864,642,371,1668,September,21,walk,
864,380,371,540,1668,September,21,walk,
380,3,540,642,1668,September,21,walk,
3,15,642,169,1668,September,21,walk,
15,785,169,788,1668,September,21,boat,
1428,182,526,32,1668,September,21,walk,
182,785,32,788,1668,September,21,boat,
3,1239,642,113,1668,September,23,walk,
1239,785,113,788,1668,September,23,boat,
785,9,788,422,1668,September,24,walk,
9,1427,422,650,1668,September,24,walk,Lord Brouncker
1427,785,650,788,1668,September,24,walk,
785,9,788,422,1668,September,25,walk,
9,3,422,642,1668,September,25,coach,Lord Brouncker; John Mennes
785,1182,788,305,1668,September,26,walk,
1182,13,305,610,1668,September,26,walk,
13,104,610,562,1668,September,26,walk,
104,115,562,85,1668,September,26,walk,
115,1434,85,86,1668,September,26,walk,
1434,13,86,610,1668,September,26,walk,
13,3,610,642,1668,September,26,walk,
3,785,642,788,1668,September,26,coach,
785,892,788,172,1668,September,27,walk,
892,160,172,672,1668,September,27,walk,
160,3,672,642,1668,September,27,walk,
107,453,541,468,1668,September,27,walk,
453,3,468,642,1668,September,27,walk,
1184,1436,394,615,1668,September,27,walk,
1436,785,615,788,1668,September,27,boat,
785,380,788,540,1668,September,28,boat,
380,858,540,622,1668,September,28,walk,
858,1437,622,335,1668,September,28,walk,
13,15,610,169,1668,September,28,walk,
3,1436,642,615,1668,September,28,walk,
1436,785,615,788,1668,September,28,coach,Alderman Backwell
3,107,642,541,1668,October,12,walk,
107,1427,541,650,1668,October,12,walk,
1427,1449,650,331,1668,October,12,walk,
1449,785,331,788,1668,October,12,walk,
9,380,422,540,1668,October,13,walk,
380,1427,540,650,1668,October,13,walk,Lord Brouncker
1427,1449,650,331,1668,October,13,walk,
1449,785,331,788,1668,October,13,walk,
785,1105,788,577,1668,October,14,boat,Elizabeth Pepys; Deborah Willet
785,9,788,422,1668,October,15,walk,
9,785,422,788,1668,October,15,walk,
380,1448,540,538,1668,October,16,walk,Elizabeth Pepys; Deborah Willet
1448,1453,538,449,1668,October,16,coach,Elizabeth Pepys; Deborah Willet
1453,1452,449,735,1668,October,16,coach,Elizabeth Pepys; Deborah Willet
1452,785,735,788,1668,October,16,coach,Elizabeth Pepys; Deborah Willet
380,858,540,622,1668,October,16,walk,
858,785,622,788,1668,October,16,walk,John Mennes
785,24,788,592,1668,October,16,walk,Elizabeth Pepys
24,785,592,788,1668,October,16,walk,Elizabeth Pepys
785,1444,788,334,1668,October,18,walk,
380,1448,540,538,1668,October,19,walk,Elizabeth Pepys; Deborah Willet; Mr Harman
193,1450,158,422,1668,October,19,coach,Elizabeth Pepys; Deborah Willet
9,283,422,741,1668,October,20,walk,
785,1163,788,363,1668,October,21,walk,
1163,1427,363,650,1668,October,21,walk,
1427,1447,650,315,1668,October,21,walk,
1452,785,735,788,1668,October,21,coach,
785,6,788,650,1668,October,21,coach,Elizabeth Pepys
6,3,650,642,1668,October,21,walk,
785,9,788,422,1668,October,22,walk,
9,785,422,788,1668,October,22,walk,
171,226,9,146,1668,October,22,walk,Lord Brouncker
226,785,146,788,1668,October,22,coach,
3,6,642,650,1668,October,23,walk,
6,1451,650,422,1668,October,23,coach,Mr Pierce
195,785,154,788,1668,October,23,walk,
785,3,788,642,1668,October,26,boat,
3,857,642,622,1668,October,26,walk,
857,6,622,650,1668,October,26,walk,
6,785,650,788,1668,October,26,coach,Elizabeth Pepys; Deborah Willet
785,725,788,453,1668,October,28,coach,
725,3,453,642,1668,October,28,coach,
3,785,642,788,1668,October,28,walk,
785,9,788,422,1668,November,1,walk,
9,785,422,788,1668,November,1,walk,
785,9,788,422,1668,November,2,boat,
9,857,422,622,1668,November,2,walk,
857,498,622,395,1668,November,2,walk,
498,195,395,154,1668,November,2,walk,
195,785,154,788,1668,November,2,walk,
785,3,788,642,1668,November,4,coach,
785,3,788,642,1668,November,4,coach,
785,9,788,422,1668,November,4,walk,
9,785,422,788,1668,November,4,walk,
3,857,642,622,1668,November,5,walk,
857,3,622,642,1668,November,5,walk,
3,785,642,788,1668,November,5,coach,Mr Thomas Povy
3,9,642,422,1668,November,6,walk,
9,917,422,564,1668,November,6,coach,
917,852,564,122,1668,November,6,walk,
852,498,122,395,1668,November,6,walk,
498,785,395,788,1668,November,6,coach,
785,3,788,642,1668,November,9,coach,
3,6,642,650,1668,November,9,walk,
6,3,650,642,1668,November,9,walk,
3,519,642,561,1668,November,9,walk,
519,785,561,788,1668,November,9,walk,
785,9,788,422,1668,November,11,walk,
9,917,422,564,1668,November,11,coach,
917,785,564,788,1668,November,11,walk,
785,917,788,564,1668,November,12,coach,
917,785,564,788,1668,November,12,coach,
3,1239,642,113,1668,November,13,walk,Sir William Penn; John Mennes; Commissioner Middleton
1239,766,113,71,1668,November,13,walk,Sir William Penn; John Mennes; Commissioner Middleton
766,857,71,622,1668,November,13,walk,
857,785,622,788,1668,November,13,walk,
1452,785,735,788,1668,November,13,walk,
785,176,788,544,1668,November,15,walk,
176,785,544,788,1668,November,15,walk,
3,857,642,622,1668,November,16,walk,
857,1462,622,611,1668,November,16,walk,
1462,1322,611,705,1668,November,16,walk,
1322,1405,705,422,1668,November,16,walk,
1405,498,422,395,1668,November,16,walk,
498,507,395,154,1668,November,16,walk,
507,785,154,788,1668,November,16,walk,
785,410,788,523,1668,November,18,coach,
410,3,523,642,1668,November,18,walk,
3,498,642,395,1668,November,18,walk,
498,519,395,561,1668,November,18,walk,
785,131,788,567,1668,November,20,boat,William Hewer
131,3,567,642,1668,November,20,boat,William Hewer
3,107,642,541,1668,November,20,walk,William Hewer
107,13,541,610,1668,November,20,walk,William Hewer
785,9,788,422,1668,November,21,walk,
9,1005,422,131,1668,November,21,coach,William Hewer
1005,1466,131,373,1668,November,21,coach,
1466,785,373,788,1668,November,21,coach,
785,3,788,642,1668,November,23,boat,William Hewer
3,6,642,650,1668,November,23,walk,William Hewer
6,3,650,642,1668,November,23,walk,William Hewer
3,911,642,593,1668,November,23,walk,William Hewer
911,519,593,561,1668,November,23,walk,William Hewer
1468,785,180,788,1668,November,23,walk,William Hewer
3,857,642,622,1668,November,25,walk,
857,23,622,789,1668,November,25,walk,William Hewer; Roger Pepys
785,1467,788,262,1668,November,25,walk,Roger Pepys
1467,193,262,158,1668,November,25,coach,Elizabeth Pepys
193,785,158,788,1668,November,25,walk,Elizabeth Pepys
9,1470,422,512,1668,November,28,walk,
1470,785,512,788,1668,November,28,walk,
785,9,788,422,1668,December,2,walk,
9,785,422,788,1668,December,2,walk,
785,1105,788,577,1668,December,2,coach,Elizabeth Pepys
3,1478,642,642,1668,December,2,walk,
3,857,642,622,1668,December,3,walk,
857,9,622,422,1668,December,3,walk,
9,785,422,788,1668,December,3,walk,
785,193,788,158,1668,December,3,coach,Elizabeth Pepys
3,858,642,622,1668,December,4,walk,
858,158,622,522,1668,December,4,coach,Elizabeth Pepys; Aunt Wight
158,9,522,422,1668,December,4,coach,Elizabeth Pepys; Aunt Wight
9,785,422,788,1668,December,4,walk,
176,9,544,422,1668,December,6,walk,
9,785,422,788,1668,December,6,walk,
785,1453,788,449,1668,December,7,walk,William Hewer
1453,6,449,650,1668,December,7,walk,
6,3,650,642,1668,December,7,walk,Lord Sandwich
3,107,642,541,1668,December,7,walk,Lord Sandwich
107,519,541,561,1668,December,7,walk,William Hewer
519,15,561,169,1668,December,7,walk,William Hewer
15,131,169,567,1668,December,7,walk,William Hewer
131,785,567,788,1668,December,7,coach,Elizabeth Pepys
785,131,788,567,1668,December,7,coach,Elizabeth Pepys
785,193,788,158,1668,December,8,coach,Elizabeth Pepys
193,785,158,788,1668,December,8,coach,Elizabeth Pepys
9,131,422,567,1668,December,9,coach,Elizabeth Pepys
131,1475,567,398,1668,December,9,walk,Elizabeth Pepys
1475,1476,398,422,1668,December,9,walk,Elizabeth Pepys
1476,519,422,561,1668,December,9,walk,Elizabeth Pepys
519,193,561,158,1668,December,9,walk,Elizabeth Pepys
785,410,788,523,1668,December,11,boat,William Hewer
410,3,523,642,1668,December,11,walk,
3,858,642,622,1668,December,11,walk,
858,158,622,522,1668,December,11,coach,William Hewer
158,1473,522,4,1668,December,11,walk,William Hewer
1473,158,4,522,1668,December,11,walk,William Hewer
158,1472,522,522,1668,December,11,walk,William Hewer
1472,785,522,788,1668,December,11,coach,
3,519,642,561,1668,December,14,walk,
519,23,561,789,1668,December,14,coach,
23,911,789,593,1668,December,14,walk,Elizabeth Pepys
911,1239,593,113,1668,December,14,walk,Elizabeth Pepys; William Hewer
1239,785,113,788,1668,December,14,coach,Elizabeth Pepys; William Hewer
785,9,788,422,1668,December,16,walk,
9,785,422,788,1668,December,16,walk,
785,9,788,422,1668,December,18,walk,
9,1427,422,650,1668,December,18,walk,
1427,9,650,422,1668,December,18,walk,
9,1404,422,58,1668,December,18,coach,
9,785,422,788,1668,December,18,walk,
785,3,788,642,1668,December,19,coach,Elizabeth Pepys
3,1105,642,577,1668,December,19,coach,Elizabeth Pepys
176,785,544,788,1668,December,20,walk,Elizabeth Pepys
785,3,788,642,1668,December,20,coach,Elizabeth Pepys; William Hewer
3,858,642,622,1668,December,20,walk,
858,785,622,788,1668,December,20,coach,Elizabeth Pepys; William Hewer
785,131,788,567,1668,December,21,coach,Tom (boy)
131,3,567,642,1668,December,21,coach,
3,519,642,561,1668,December,21,walk,
519,23,561,789,1668,December,21,walk,
23,785,789,788,1668,December,21,walk,
785,131,788,567,1668,December,21,coach,Elizabeth Pepys; William Hewer; Talbot Pepys
131,1474,567,422,1668,December,21,coach,Elizabeth Pepys; William Hewer; Talbot Pepys
1474,193,422,158,1668,December,21,coach,Elizabeth Pepys; William Hewer; Talbot Pepys
9,23,422,789,1668,December,22,walk,
785,9,788,422,1668,December,23,walk,
9,23,422,789,1668,December,23,walk,
785,1427,788,650,1668,December,23,walk,
1427,785,650,788,1668,December,23,walk,
785,176,788,544,1668,December,25,walk,Elizabeth Pepys
176,785,544,788,1668,December,25,walk,Elizabeth Pepys
785,9,788,422,1668,December,26,walk,
9,785,422,788,1668,December,26,walk,
785,193,788,158,1668,December,26,coach,Elizabeth Pepys
1477,785,698,788,1668,December,28,boat,Elizabeth Pepys
785,23,788,789,1668,December,29,coach,Elizabeth Pepys
785,9,788,422,1668,December,30,walk,
9,193,422,158,1668,December,30,coach,Elizabeth Pepys
3,857,642,622,1669,January,4,walk,
857,1480,622,422,1669,January,4,walk,William Hewer
1480,1481,422,117,1669,January,4,walk,Elizabeth Pepys; The. Turner
1481,3,117,642,1669,January,4,coach,
3,519,642,561,1669,January,4,walk,
519,858,561,622,1669,January,4,walk,Lord Brouncker
858,911,622,593,1669,January,4,coach,Elizabeth Pepys; William Hewer
785,9,788,422,1669,January,6,walk,
9,785,422,788,1669,January,6,walk,
785,1105,788,577,1669,January,7,coach,Elizabeth Pepys
1105,785,577,788,1669,January,7,coach,Elizabeth Pepys
3,858,642,622,1669,January,8,walk,
858,3,622,642,1669,January,8,walk,William Hewer
3,1239,642,113,1669,January,8,coach,Elizabeth Pepys; Mr Hater
1239,785,113,788,1669,January,8,coach,Elizabeth Pepys
785,9,788,422,1669,January,11,walk,William Hewer
9,3,422,642,1669,January,11,walk,
23,1105,789,577,1669,January,11,coach,Elizabeth Pepys
9,1239,422,113,1669,January,12,walk,
1239,9,113,422,1669,January,12,walk,
107,1182,541,305,1669,January,13,walk,
1182,785,305,788,1669,January,13,coach,Elizabeth Pepys; Talbot Pepys
785,131,788,567,1669,January,13,coach,Elizabeth Pepys; Talbot Pepys
131,1105,567,577,1669,January,13,coach,Elizabeth Pepys; Talbot Pepys
3,858,642,622,1669,January,15,walk,
858,1491,622,297,1669,January,15,walk,Lord Brouncker; Sir R. Murray
1491,1461,297,122,1669,January,15,coach,Elizabeth Pepys
1461,193,122,158,1669,January,15,coach,Elizabeth Pepys; The. Turner
193,1461,158,122,1669,January,15,coach,The. Turner; Mrs Dyke
1461,785,122,788,1669,January,15,coach,Elizabeth Pepys; The. Turner
785,131,788,567,1669,January,18,walk,William Hewer
131,1453,567,449,1669,January,18,coach,
1453,6,449,650,1669,January,18,walk,Lord Sandwich
6,3,650,642,1669,January,18,walk,Lord Sandwich
3,858,642,622,1669,January,18,walk,
858,785,622,788,1669,January,18,coach,
3,1088,642,459,1669,January,18,walk,Sidney Montagu; Mr Sheres
1088,785,459,788,1669,January,18,coach,Sidney Montagu; Mr Sheres; Elizabeth Pepys
785,193,788,158,1669,January,18,coach,Elizabeth Pepys; Sidney Montagu; Mr Sheres
193,23,158,789,1669,January,18,coach,Elizabeth Pepys; Sidney Montagu; Mr Sheres
3,1478,642,642,1669,January,18,walk,
3,321,642,621,1669,January,20,walk,
321,911,621,593,1669,January,20,coach,Elizabeth Pepys; William Hewer
911,519,593,561,1669,January,20,walk,William Hewer
519,1484,561,134,1669,January,20,walk,Elizabeth Pepys; William Hewer
1484,193,134,158,1669,January,20,coach,Elizabeth Pepys; William Hewer
193,785,158,788,1669,January,20,coach,Elizabeth Pepys; William Hewer
785,131,788,567,1669,January,21,coach,Tom (boy)
131,3,567,642,1669,January,21,coach,
3,519,642,561,1669,January,21,walk,
519,785,561,788,1669,January,21,coach,
785,131,788,567,1669,January,21,coach,Elizabeth Pepys; William Hewer; Talbot Pepys
131,1474,567,422,1669,January,21,coach,Elizabeth Pepys; William Hewer; Talbot Pepys
1474,193,422,158,1669,January,21,coach,Elizabeth Pepys; William Hewer; Talbot Pepys
785,176,788,544,1669,January,24,walk,Elizabeth Pepys
176,785,544,788,1669,January,24,walk,Elizabeth Pepys
1482,1461,166,122,1669,January,24,coach,Mr Wren
1461,785,122,788,1669,January,24,coach,Elizabeth Pepys
3,519,642,561,1669,January,25,walk,
519,785,561,788,1669,January,25,coach,
785,9,788,422,1669,January,26,walk,
9,3,422,642,1669,January,26,coach,Elizabeth Pepys; William Hewer
3,321,642,621,1669,January,26,walk,
321,785,621,788,1669,January,26,coach,Elizabeth Pepys; William Hewer
785,9,788,422,1669,January,27,coach,John Mennes
9,1239,422,113,1669,January,27,walk,
1239,321,113,621,1669,January,27,walk,
321,131,621,567,1669,January,27,coach,
131,1492,567,180,1669,January,27,walk,
1492,1461,180,122,1669,January,27,coach,
1461,785,122,788,1669,January,27,coach,
785,193,788,158,1669,January,27,coach,Elizabeth Pepys; Roger Pepys; Widow Dickenson; The. Turner
193,1461,158,122,1669,January,27,coach,Elizabeth Pepys; Roger Pepys; Widow Dickenson; The. Turner
3,858,642,622,1669,January,29,walk,
858,131,622,567,1669,January,29,coach,Roger Pepys
131,23,567,789,1669,January,29,walk,Roger Pepys
785,1490,788,422,1669,January,29,coach,Roger Pepys; Elizabeth Pepys; Aunt Wight
1490,1489,422,123,1669,January,29,coach,Roger Pepys; Elizabeth Pepys; Aunt Wight
1489,131,123,567,1669,January,29,coach,Roger Pepys
131,785,567,788,1669,January,29,coach,
3,519,642,561,1669,February,1,walk,Mr Thomas Povy
519,1484,561,134,1669,February,1,walk,Mr Thomas Povy
1485,1004,401,331,1669,February,1,walk,Mr Thomas Povy
1004,785,331,788,1669,February,1,walk,
1105,1487,577,422,1669,February,1,walk,Elizabeth Pepys; The. Turner; Betty Turner
1487,193,422,158,1669,February,1,coach,Elizabeth Pepys; The. Turner; Betty Turner
9,1105,422,577,1669,February,2,coach,Elizabeth Pepys; Mr Sheres
9,1488,422,280,1669,February,4,coach,Elizabeth Pepys; Mr Spong
785,1453,788,449,1669,February,5,coach,William Hewer
1453,3,449,642,1669,February,5,coach,Mr Coventry
3,1484,642,134,1669,February,5,walk,
1484,785,134,788,1669,February,5,walk,
9,1105,422,577,1669,February,6,coach,Elizabeth Pepys
1105,1467,577,262,1669,February,6,coach,Elizabeth Pepys
785,176,788,544,1669,February,7,walk,Elizabeth Pepys
176,785,544,788,1669,February,7,walk,Elizabeth Pepys
3,6,642,650,1669,February,8,walk,
6,911,650,593,1669,February,8,walk,Elizabeth Pepys; William Hewer
911,1480,593,422,1669,February,8,walk,Elizabeth Pepys; William Hewer
1480,785,422,788,1669,February,8,coach,Elizabeth Pepys; William Hewer
785,9,788,422,1669,February,9,walk,
9,1105,422,577,1669,February,9,coach,Elizabeth Pepys
1105,785,577,788,1669,February,9,coach,Elizabeth Pepys
1493,519,457,561,1669,February,10,walk,Elizabeth Pepys; William Hewer
519,3,561,642,1669,February,10,walk,
3,857,642,622,1669,February,12,walk,
857,1239,622,113,1669,February,12,walk,John Mennes; Mr Tippets
1239,519,113,561,1669,February,12,walk,
519,1484,561,134,1669,February,12,walk,
3,1478,642,642,1669,February,12,walk,
785,1453,788,449,1669,February,14,coach,
1453,785,449,788,1669,February,14,coach,
3,857,642,622,1669,February,14,walk,
857,3,622,642,1669,February,14,walk,Mr Wren
3,1461,642,122,1669,February,14,coach,Elizabeth Pepys; William Hewer
3,1493,642,457,1669,February,15,walk,
1493,131,457,567,1669,February,15,walk,
1460,1481,117,117,1669,February,15,coach,Elizabeth Pepys; The. Turner; Betty Turner
1481,1461,117,122,1669,February,15,coach,Elizabeth Pepys; The. Turner; Betty Turner
1461,3,122,642,1669,February,15,coach,Elizabeth Pepys; William Hewer
3,900,642,670,1669,February,17,walk,
900,1499,670,89,1669,February,17,walk,
1499,176,89,544,1669,February,17,walk,
3,858,642,622,1669,February,19,walk,
858,1494,622,422,1669,February,19,walk,William Hewer
1494,785,422,788,1669,February,19,walk,
785,911,788,593,1669,February,22,coach,Elizabeth Pepys; Bab Pepys; Betty Pepys
911,3,593,642,1669,February,22,coach,Elizabeth Pepys; Bab Pepys; Betty Pepys
519,785,561,788,1669,February,22,coach,Elizabeth Pepys; Bab Pepys; Betty Pepys; William Batelier; William Hewer; Talbot Pepys
785,9,788,422,1669,February,23,walk,
9,1503,422,121,1669,February,23,coach,Elizabeth Pepys; Bab Pepys; Betty Pepys
1503,103,121,609,1669,February,23,coach,Elizabeth Pepys; Bab Pepys; Betty Pepys
103,1496,609,193,1669,February,23,coach,Elizabeth Pepys; Bab Pepys; Betty Pepys
1496,1502,193,363,1669,February,23,coach,Elizabeth Pepys; Bab Pepys; Betty Pepys; Betty Turner; The. Turner
1502,785,363,788,1669,February,23,coach,Elizabeth Pepys; Bab Pepys; Betty Pepys
785,9,788,422,1669,February,25,walk,
9,193,422,158,1669,February,25,coach,Elizabeth Pepys; Bab Pepys; Betty Pepys
9,1105,422,577,1669,February,26,coach,Elizabeth Pepys; Bab Pepys; Betty Pepys
1105,1133,577,599,1669,February,26,coach,Elizabeth Pepys; Bab Pepys; Betty Pepys
1133,785,599,788,1669,February,26,walk,Elizabeth Pepys; Bab Pepys; Betty Pepys
785,1481,788,117,1669,February,28,coach,Bab Pepys; Betty Pepys
1481,1461,117,122,1669,February,28,coach,Bab Pepys; Betty Pepys
1461,917,122,564,1669,February,28,walk,
917,1461,564,122,1669,February,28,walk,Betty Turner
1461,785,122,788,1669,February,28,coach,
3,519,642,561,1669,March,1,walk,
519,6,561,650,1669,March,1,walk,
6,13,650,610,1669,March,1,walk,
13,131,610,567,1669,March,1,walk,
131,23,567,789,1669,March,1,coach,Elizabeth Pepys
23,785,789,788,1669,March,1,coach,Elizabeth Pepys
1461,785,122,788,1669,March,3,coach,Elizabeth Pepys
785,9,788,422,1669,March,4,walk,
9,3,422,642,1669,March,4,walk,
43,1506,583,77,1669,March,4,boat,
1506,1507,77,77,1669,March,4,walk,Sir Jeremiah Smith
1507,593,77,309,1669,March,4,walk,Sir Jeremiah Smith
593,785,309,788,1669,March,4,boat,Sir Jeremiah Smith
911,43,593,583,1669,March,5,coach,
43,1505,583,372,1669,March,5,walk,
1505,1526,372,604,1669,March,5,walk,
1526,785,604,788,1669,March,5,coach,Elizabeth Pepys
785,9,788,422,1669,March,6,walk,
9,1505,422,372,1669,March,6,walk,
1505,9,372,422,1669,March,6,walk,
785,176,788,544,1669,March,7,walk,Elizabeth Pepys
176,785,544,788,1669,March,7,walk,Elizabeth Pepys
43,1505,583,372,1669,March,7,walk,
1505,785,372,788,1669,March,7,coach,
785,1419,788,199,1669,March,7,coach,
1419,785,199,788,1669,March,7,coach,
492,4,230,465,1669,March,8,walk,William Hewer
4,15,465,169,1669,March,8,boat,William Hewer
15,3,169,642,1669,March,8,boat,William Hewer
3,131,642,567,1669,March,8,coach,William Hewer
131,688,567,560,1669,March,8,walk,William Hewer; Mr Newport; Major Halsey
688,3,560,642,1669,March,8,walk,
3,4,642,465,1669,March,8,walk,William Hewer; Mr Gibson
4,785,465,788,1669,March,8,boat,William Hewer; Mr Gibson
785,1461,788,122,1669,March,8,coach,Elizabeth Pepys
43,1505,583,372,1669,March,9,walk,
1505,9,372,422,1669,March,9,walk,
1461,1525,122,119,1669,March,9,coach,Elizabeth Pepys; Betty Turner; Bab Pepys; Betty Pepys; William Hewer; Roger Pepys
1525,1461,119,122,1669,March,9,coach,Elizabeth Pepys; Roger Pepys; Mrs Dickenson
785,1508,788,11,1669,March,10,coach,William Hewer
1508,3,11,642,1669,March,10,coach,William Hewer
3,4,642,465,1669,March,10,walk,William Hewer
4,15,465,169,1669,March,10,boat,William Hewer
3,131,642,567,1669,March,10,coach,William Hewer; Mr Gibson
131,1509,567,422,1669,March,10,walk,William Hewer; W. Howe
1509,1510,422,204,1669,March,10,walk,W. Howe
1510,1511,204,4,1669,March,10,walk,W. Howe
1511,1512,4,453,1669,March,10,walk,W. Howe
1512,1513,453,610,1669,March,10,walk,William Hewer; Mr Gibson
1513,785,610,788,1669,March,10,boat,William Hewer
1461,1526,122,604,1669,March,10,coach,Elizabeth Pepys
1526,785,604,788,1669,March,10,coach,Elizabeth Pepys
43,1505,583,372,1669,March,11,walk,
1505,9,372,422,1669,March,11,walk,
1508,131,11,567,1669,March,12,coach,William Hewer; W. Howe
131,1512,567,453,1669,March,12,walk,William Hewer; W. Howe
1512,1513,453,610,1669,March,12,walk,William Hewer
1513,785,610,788,1669,March,12,coach,
43,1505,583,372,1669,March,13,walk,
1505,9,372,422,1669,March,13,walk,
785,176,788,544,1669,March,14,walk,Elizabeth Pepys
176,785,544,788,1669,March,14,walk,Elizabeth Pepys
785,724,788,83,1669,March,15,boat,William Hewer
724,1515,83,7,1669,March,15,walk,William Hewer
1515,107,7,541,1669,March,15,walk,
107,724,541,83,1669,March,15,walk,
724,3,83,642,1669,March,15,boat,William Hewer
43,1505,583,372,1669,March,16,walk,
1505,9,372,422,1669,March,16,walk,
9,37,422,667,1669,March,16,boat,William Hewer
37,1118,667,76,1669,March,16,boat,
1118,31,76,145,1669,March,16,walk,
31,646,145,180,1669,March,16,walk,William Hewer
646,785,180,788,1669,March,16,walk,
43,1505,583,372,1669,March,18,walk,
1505,9,372,422,1669,March,18,walk,
9,1503,422,121,1669,March,18,coach,Elizabeth Pepys; new maid
1503,1484,121,134,1669,March,18,coach,Elizabeth Pepys; new maid
1484,382,134,275,1669,March,18,coach,Elizabeth Pepys
785,3,788,642,1669,March,19,boat,
3,1239,642,113,1669,March,19,walk,
1239,1493,113,457,1669,March,19,walk,
1493,785,457,788,1669,March,19,coach,
785,9,788,422,1669,March,19,walk,
9,49,422,251,1669,March,19,coach,Commissioner Middleton; Captain Kempthorne
49,9,251,422,1669,March,19,coach,Commissioner Middleton; Captain Kempthorne
9,785,422,788,1669,March,19,walk,
785,43,788,583,1669,March,20,walk,
43,1505,583,372,1669,March,20,walk,
1505,9,372,422,1669,March,20,walk,
3,858,642,622,1669,March,21,walk,
858,3,622,642,1669,March,21,walk,
785,3,788,642,1669,March,22,boat,William Hewer
3,1453,642,449,1669,March,22,coach,Mr Coventry
1453,3,449,642,1669,March,22,coach,Mr Coventry
3,1239,642,113,1669,March,22,walk,
1239,911,113,593,1669,March,22,coach,Elizabeth Pepys; William Hewer
911,1515,593,7,1669,March,22,walk,
1515,3,7,642,1669,March,22,walk,William Hewer
3,1239,642,113,1669,March,22,walk,
1239,785,113,788,1669,March,22,coach,Elizabeth Pepys; William Hewer
785,9,788,422,1669,March,23,coach,Commissioner Middleton; Captain Tinker; Mr Hutchinson
9,849,422,135,1669,March,23,coach,Commissioner Middleton; Captain Tinker; Mr Hutchinson
849,119,135,237,1669,March,23,coach,Commissioner Middleton; Captain Tinker; Mr Hutchinson
119,1061,237,90,1669,March,24,walk,
1061,119,90,237,1669,March,24,walk,
119,127,237,74,1669,March,24,coach,Mr Gibson; Mr Coney
127,1521,74,34,1669,March,24,coach,Mr Gibson; Mr Coney
1521,1522,34,302,1669,March,24,coach,Mr Coney
127,119,74,237,1669,March,24,walk,Mr Coney
119,849,237,135,1669,March,25,boat,
849,49,135,251,1669,March,25,boat,Admiral Kempthorne; captains
49,119,251,237,1669,March,25,boat,
119,849,237,135,1669,March,26,walk,Commissioner Middleton
849,119,135,237,1669,March,26,walk,Commissioner Middleton
119,122,237,112,1669,March,26,walk,Commissioner Middleton
122,119,112,237,1669,March,26,walk,Commissioner Middleton
119,849,237,135,1669,March,27,coach,Commissioner Middleton; Mr Hutchinson
849,785,135,788,1669,March,27,coach,Commissioner Middleton; Mr Hutchinson
3,858,642,622,1669,March,29,walk,
858,1527,622,642,1669,March,29,walk,
1527,785,642,788,1669,March,29,coach,
785,31,788,145,1669,March,29,boat,Tom
579,37,141,667,1669,March,29,walk,
37,785,667,788,1669,March,29,boat,
785,3,788,642,1669,March,30,walk,
3,785,642,788,1669,March,30,walk,
785,3,788,642,1669,March,31,boat,William Hewer
3,107,642,541,1669,March,31,walk,Mr Coventry
107,519,541,561,1669,March,31,walk,
519,785,561,788,1669,March,31,coach,
785,1484,788,134,1669,March,31,coach,Elizabeth Pepys
1484,382,134,275,1669,March,31,coach,Elizabeth Pepys
382,785,275,788,1669,March,31,coach,Elizabeth Pepys
785,1531,788,116,1669,April,1,boat,Commissioner Middleton
1531,861,116,516,1669,April,1,walk,Commissioner Middleton
861,382,516,275,1669,April,1,coach,Elizabeth Pepys; Lord Brouncker
382,1461,275,122,1669,April,1,coach,Elizabeth Pepys; Lord Brouncker
3,857,642,622,1669,April,2,walk,
857,3,622,642,1669,April,2,walk,
3,1477,642,698,1669,April,2,boat,Elizabeth Pepys
1477,3,698,642,1669,April,2,coach,
785,1531,788,116,1669,April,3,boat,Commissioner Middleton
1531,9,116,422,1669,April,3,walk,Commissioner Middleton
176,785,544,788,1669,April,4,walk,Elizabeth Pepys
785,1419,788,199,1669,April,4,coach,John Mennes; Commissioner Middleton
1419,785,199,788,1669,April,4,coach,
3,519,642,561,1669,April,5,walk,
519,911,561,593,1669,April,5,coach,Elizabeth Pepys; Betty Turner; Mr Sheres
911,924,593,421,1669,April,5,coach,Elizabeth Pepys; Betty Turner; Mr Sheres
1128,1502,170,363,1669,April,6,coach,Elizabeth Pepys; Betty Turner; The. Turner; Talbot Pepys
3,858,642,622,1669,April,6,walk,
858,785,622,788,1669,April,6,coach,
1461,1239,122,113,1669,April,7,coach,
1461,1515,122,7,1669,April,7,walk,Betty Turner; Talbot Pepys
1515,321,7,621,1669,April,7,walk,
321,131,621,567,1669,April,7,coach,Betty Turner
131,785,567,788,1669,April,7,coach,
9,1529,422,282,1669,April,8,coach,Elizabeth Pepys
785,176,788,544,1669,April,11,walk,Elizabeth Pepys
176,785,544,788,1669,April,11,walk,Elizabeth Pepys
1533,1534,345,167,1669,April,11,walk,Elizabeth Pepys; Balty St Michel
1534,453,167,468,1669,April,11,coach,Elizabeth Pepys
453,382,468,275,1669,April,11,coach,Elizabeth Pepys
382,785,275,788,1669,April,11,coach,Elizabeth Pepys
911,1515,593,7,1669,April,12,walk,Elizabeth Pepys; Jane; Mr Sheres; Tom
1515,1237,7,30,1669,April,12,boat,Elizabeth Pepys; Mr Sheres; Tom
3,400,642,3,1669,April,12,coach,Elizabeth Pepys
400,785,3,788,1669,April,12,coach,Elizabeth Pepys
9,1535,422,178,1669,April,13,walk,
3,858,642,622,1669,April,14,walk,
858,3,622,642,1669,April,14,walk,
193,1489,158,123,1669,April,14,coach,Elizabeth Pepys
1489,785,123,788,1669,April,14,coach,Elizabeth Pepys
9,131,422,567,1669,April,15,coach,
131,72,567,359,1669,April,15,walk,
72,1539,359,500,1669,April,15,walk,
1539,1461,500,122,1669,April,15,coach,
1461,1540,122,55,1669,April,15,coach,Elizabeth Pepys; The. Turner; Betty Turner; William Batelier; Susan Batelier
1540,785,55,788,1669,April,15,coach,Elizabeth Pepys; William Batelier; Susan Batelier
785,9,788,422,1669,April,16,walk,
9,3,422,642,1669,April,16,coach,
3,193,642,158,1669,April,16,coach,William Hewer
193,785,158,788,1669,April,16,coach,William Hewer; Elizabeth Pepys
9,1105,422,577,1669,April,17,coach,Elizabeth Pepys; Mr Pierce
1105,1453,577,449,1669,April,17,coach,Elizabeth Pepys
1453,107,449,541,1669,April,17,coach,Mr Coventry
107,3,541,642,1669,April,17,coach,Mr Coventry
3,857,642,622,1669,April,17,walk,
857,1478,622,642,1669,April,17,walk,
785,9,788,422,1669,April,18,walk,
9,1419,422,199,1669,April,18,coach,John Mennes; Commissioner Middleton
1419,3,199,642,1669,April,18,walk,
3,1478,642,642,1669,April,18,walk,
1478,3,642,642,1669,April,18,walk,
3,1461,642,122,1669,April,18,walk,Elizabeth Pepys
1461,131,122,567,1669,April,18,walk,Elizabeth Pepys
131,785,567,788,1669,April,18,walk,Elizabeth Pepys
785,131,788,567,1669,April,19,coach,Tom
131,857,567,622,1669,April,19,walk,Tom
857,13,622,610,1669,April,19,walk,
1001,3,415,642,1669,April,19,coach,
785,1542,788,439,1669,April,20,walk,Mr Hugh May; Sir Henry Capell; Mr Parker
785,131,788,567,1669,April,21,coach,
131,1547,567,566,1669,April,21,walk,
3,321,642,621,1669,April,21,walk,
321,785,621,788,1669,April,21,coach,Elizabeth Pepys; Betty Turner; The. Turner; Joyce Norton
785,3,788,642,1669,April,21,boat,William Hewer
3,1239,642,113,1669,April,21,walk,
1239,785,113,788,1669,April,21,coach,Elizabeth Pepys; Betty Turner; The. Turner; Talbot Pepys; William Batelier
785,382,788,275,1669,April,21,coach,Elizabeth Pepys; Betty Turner; The. Turner; Talbot Pepys; William Batelier
382,519,275,561,1669,April,21,coach,Elizabeth Pepys; Betty Turner; The. Turner; Talbot Pepys; William Batelier
519,785,561,788,1669,April,21,coach,Elizabeth Pepys; Betty Turner; The. Turner; Talbot Pepys; William Batelier
3,321,642,621,1669,April,23,walk,
321,911,621,593,1669,April,23,coach,Elizabeth Pepys; William Hewer
9,1105,422,577,1669,April,24,coach,Elizabeth Pepys; Mr Sheres
785,176,788,544,1669,April,25,walk,Elizabeth Pepys
176,785,544,788,1669,April,25,walk,Elizabeth Pepys
3,1239,642,113,1669,April,26,walk,William Hewer
1239,785,113,788,1669,April,26,walk,
785,382,788,275,1669,April,28,coach,Elizabeth Pepys; Mrs Turner; The. Turner; William Batelier
382,785,275,788,1669,April,28,coach,Elizabeth Pepys
1551,1552,422,9,1669,April,30,walk,Tom
1552,1503,9,121,1669,April,30,walk,Tom
1503,911,121,593,1669,April,30,coach,Elizabeth Pepys
911,519,593,561,1669,April,30,walk,Tom
1484,785,134,788,1669,April,30,walk,Mr Sheres; Elizabeth Pepys
785,519,788,561,1669,April,30,walk,
519,411,561,390,1669,April,30,walk,
411,1550,390,123,1669,April,30,walk,
382,1553,275,276,1669,May,1,coach,Elizabeth Pepys; William Batelier; Susan Batelier
1553,382,276,275,1669,May,1,coach,Elizabeth Pepys; William Batelier; Susan Batelier
382,785,275,788,1669,May,1,coach,Elizabeth Pepys; William Batelier; Susan Batelier
3,6,642,650,1669,May,2,walk,
6,3,650,642,1669,May,2,walk,
785,1427,788,650,1669,May,3,coach,
1427,380,650,540,1669,May,3,walk,
785,1128,788,170,1669,May,4,walk,
1128,195,170,154,1669,May,4,walk,
195,9,154,422,1669,May,4,walk,
3,1555,642,528,1669,May,5,boat,
1555,785,528,788,1669,May,5,walk,
785,1453,788,449,1669,May,6,coach,
1453,785,449,788,1669,May,6,boat,
785,1556,788,210,1669,May,6,coach,Elizabeth Pepys
1556,785,210,788,1669,May,6,coach,Elizabeth Pepys
785,1453,788,449,1669,May,7,coach,
1453,3,449,642,1669,May,7,walk,
3,1239,642,113,1669,May,7,walk,
1239,1128,113,170,1669,May,7,walk,
176,785,544,788,1669,May,9,walk,Elizabeth Pepys
785,1557,788,531,1669,May,9,coach,Elizabeth Pepys
3,66,642,374,1669,May,10,walk,
66,380,374,540,1669,May,10,walk,
1001,104,415,562,1669,May,10,walk,
104,519,562,561,1669,May,10,walk,
519,911,561,593,1669,May,10,coach,Elizabeth Pepys
911,1503,593,121,1669,May,10,walk,
1503,785,121,788,1669,May,10,walk,
785,9,788,422,1669,May,11,walk,
9,785,422,788,1669,May,11,boat,Elizabeth Pepys
193,6,158,650,1669,May,12,walk,Elizabeth Pepys
6,785,650,788,1669,May,12,coach,Elizabeth Pepys
3,519,642,561,1669,May,14,walk,
519,785,561,788,1669,May,14,walk,
785,3,788,642,1669,May,14,boat,
3,1527,642,642,1669,May,14,walk,
785,176,788,544,1669,May,16,walk,Elizabeth Pepys
176,785,544,788,1669,May,16,walk,Elizabeth Pepys
785,380,788,540,1669,May,17,coach,Elizabeth Pepys; John Pepys Jr
380,3,540,642,1669,May,17,coach,
3,1105,642,577,1669,May,17,coach,Elizabeth Pepys; John Pepys Jr; Mr Gibson
3,1562,642,503,1669,May,19,walk,Mr May
1562,857,503,622,1669,May,19,walk,
857,785,622,788,1669,May,19,coach,Elizabeth Pepys
785,1561,788,71,1669,May,20,walk,Lord Brouncker; John Mennes; Commissioner Middleton; Captain Cox
1561,785,71,788,1669,May,20,walk,
785,3,788,642,1669,May,21,walk,
785,176,788,544,1669,May,23,walk,Roger Pepys; Roger Pepys (son)
176,785,544,788,1669,May,23,walk,Roger Pepys; Roger Pepys (son)
785,380,788,540,1669,May,23,coach,Roger Pepys; Roger Pepys (son)
3,858,642,622,1669,May,24,walk,William Hewer
858,785,622,788,1669,May,24,walk,William Hewer
785,104,788,562,1669,May,24,walk,William Hewer
104,107,562,541,1669,May,24,walk,William Hewer
3,1562,642,503,1669,May,26,walk,
1562,519,503,561,1669,May,26,walk,
519,911,561,593,1669,May,26,coach,Elizabeth Pepys
911,785,593,788,1669,May,26,coach,Elizabeth Pepys
785,131,788,567,1669,May,27,walk,
131,1567,567,566,1669,May,27,walk,
1567,1489,566,123,1669,May,27,walk,
1489,61,123,219,1669,May,27,walk,
3,1404,642,58,1669,May,28,walk,William Gibson
1404,1128,58,170,1669,May,28,walk,
1128,104,170,562,1669,May,28,walk,William Gibson
104,785,562,788,1669,May,28,boat,Elizabeth Pepys; John Pepys Jr
785,563,788,526,1669,May,28,boat,Elizabeth Pepys; John Pepys Jr
563,785,526,788,1669,May,28,boat,Elizabeth Pepys; John Pepys Jr
3,176,642,544,1669,May,29,walk,Elizabeth Pepys
176,785,544,788,1669,May,29,walk,Elizabeth Pepys
785,382,788,275,1669,May,29,coach,Elizabeth Pepys
785,3,788,642,1669,May,30,boat,
3,1453,642,449,1669,May,30,walk,
1453,3,449,642,1669,May,30,walk,
3,1562,642,503,1669,May,30,walk,
1562,3,503,642,1669,May,30,walk,
3,857,642,622,1669,May,30,walk,
857,3,622,642,1669,May,30,walk,Mr Wren
3,382,642,275,1669,May,30,walk,Elizabeth Pepys; William Gibson
382,785,275,788,1669,May,30,coach,Elizabeth Pepys; William Gibson
3,858,642,622,1669,May,31,walk,
858,3,622,642,1669,May,31,walk,
1578,748,261,251,1660,April,2,boat,
748,750,251,136,1660,April,3,boat,Captain Sparling
750,748,136,251,1660,April,3,boat,Captain Sparling
748,1579,251,324,1660,April,24,boat,
1579,748,324,251,1660,April,24,boat,
748,1580,251,569,1660,April,25,boat,
1580,748,569,251,1660,April,25,boat,
748,1578,251,261,1660,May,3,boat,
1578,1581,261,239,1660,May,3,boat,
1581,748,239,251,1660,May,3,boat,
748,1581,251,239,1660,May,6,boat,
1581,748,239,251,1660,May,6,boat,
1583,754,154,495,1660,May,15,coach,
753,1585,572,706,1660,May,17,walk,Edward Pickering; William Howe; Edward Montagu (child)
1585,1586,706,570,1660,May,17,walk,Edward Montagu (child)
1586,1587,570,336,1660,May,17,walk,Edward Montagu (child)
1587,1588,336,717,1660,May,17,walk,Edward Montagu (child)
1589,753,717,572,1660,May,17,walk,
753,1590,572,598,1660,May,17,walk,
754,753,495,572,1660,May,18,wagon,Edward Pickering
1595,1597,137,137,1660,May,18,walk,
1597,755,137,137,1660,May,18,walk,
753,1599,572,89,1660,May,18,walk,
753,1594,572,570,1660,May,19,walk,
1592,754,732,495,1660,May,20,walk,
750,1600,136,8,1660,May,25,walk,
1601,750,150,136,1660,May,25,walk,
1600,750,8,136,1660,May,26,walk,
750,748,136,251,1660,May,26,boat,
