n2_source,n2_target,my_source,my_target,year,month,day,mode,companion
home_axe_yard,exeter_house_chapel,264,69,1660,1,1,walk,
exeter_house_chapel,home_axe_yard,69,264,1660,1,1,walk,
home_axe_yard,mr_sheplys_lodgings,264,650,1660,1,2,walk,
mr_sheplys_lodgings,the_temple,650,102,1660,1,2,walk,
the_temple,mr_crews_house,102,374,1660,1,2,walk,
mr_crews_house,new_market,374,431,1660,1,2,walk,Henry Moore
new_market,mr_crews_house,431,374,1660,1,2,walk,
mrs_jem_lodgings,home_axe_yard,412,264,1660,1,2,walk,
home_axe_yard,wills,264,658,1660,1,2,walk,
wills,home_axe_yard,658,264,1660,1,2,walk,
mrs_turner_house,the_temple,419,102,1660,1,3,walk,
westminster_hall,wills,610,658,1660,1,4,walk,
wills,westminster_hall,658,610,1660,1,4,walk,
westminster_hall,swan_westminster,610,562,1660,1,4,walk,
home_axe_yard,wills,264,658,1660,1,4,walk,
wills,mr_vines_house,658,694,1660,1,4,walk,
mr_vines_house,home_axe_yard,694,264,1660,1,4,walk,
mrs_jem_lodgings,mr_fage_house,412,692,1660,1,5,walk,
mr_fage_house,father_house,692,174,1660,1,5,walk,
father_house,mrs_jem_lodgings,174,412,1660,1,5,walk,
home_axe_yard,harpers,264,231,1660,1,6,walk,John Pepys Jr.
mr_vines_house,home_axe_yard,694,264,1660,1,6,walk,
home_axe_yard,cousin_stradwicks_house,264,119,1660,1,6,walk,
mrs_jem_lodgings,my_lords_lodgings,412,650,1660,1,7,walk,Elizabeth Pepys
my_lords_lodgings,home_axe_yard,650,264,1660,1,7,walk,Elizabeth Pepys
home_axe_yard,exeter_house_chapel,264,69,1660,1,8,walk,
exeter_house_chapel,father_house,69,174,1660,1,8,walk,
harpers,coffee_house,231,106,1660,1,9,walk,
coffee_house,westminster_hall,106,610,1660,1,9,walk,
home_axe_yard,alehouse_greatorex,264,19,1660,1,10,walk,
alehouse_greatorex,mr_crews_house,19,374,1660,1,10,walk,
london_city,star_cheapside,324,553,1660,1,10,walk,Mr. Jenings
star_cheapside,coffee_house,553,106,1660,1,10,walk,
coffee_house,mother_lams,106,123,1660,1,10,walk,Mr. Doling
mother_lams,home_axe_yard,123,264,1660,1,10,walk,
home_axe_yard,harpers,264,231,1660,1,10,walk,
harpers,home_axe_yard,231,264,1660,1,10,walk,
home_axe_yard,wills,264,658,1660,1,11,walk,
wills,w_joyces_house,658,600,1660,1,11,walk,John Pepys Sr.
w_joyces_house,mr_crews_house,600,374,1660,1,11,walk,
w_joyces_house,alehouse_unknown,600,19,1660,1,11,walk,John Pepys Sr.
mrs_jem_lodgings,coffee_house,412,106,1660,1,11,walk,
coffee_house,home_axe_yard,106,264,1660,1,11,walk,
wills,home_axe_yard,658,264,1660,1,12,walk,
home_axe_yard,half_moon,264,224,1660,1,12,walk,
wills,home_axe_yard,658,264,1660,1,13,walk,
catan_house,home_axe_yard,734,264,1660,1,13,walk,Elizabeth Pepys
westminster_hall,mr_moores_house,610,204,1660,1,14,walk,Henry Moore
mr_moores_house,home_axe_yard,204,264,1660,1,14,walk,
home_axe_yard,coffee_house,264,106,1660,1,14,walk,Elizabeth Pepys
coffee_house,home_axe_yard,106,264,1660,1,14,walk,
mr_crews_house,alehouse_morning,374,19,1660,1,16,walk,
salisbury_court,the_clerks,488,521,1660,1,16,walk,
the_clerks,green_dragon,521,209,1660,1,16,walk,
mr_crews_house,home_axe_yard,374,264,1660,1,17,coach,Edward Montagu
home_axe_yard,westminster_hall,264,610,1660,1,17,walk,Edward Montagu
westminster_hall,wills,610,658,1660,1,17,walk,
wills,twickenham_mr_fullers,658,590,1660,1,17,coach,Elizabeth Pepys; Edward Montagu
twickenham_mr_fullers,brentford,590,55,1660,1,17,coach,Elizabeth Pepys
brentford,mr_crews_house,55,374,1660,1,17,coach,
mrs_jem_lodgings,coffee_house,412,106,1660,1,17,walk,
coffee_house,whitehall,106,642,1660,1,17,walk,
wills,home_axe_yard,658,264,1660,1,18,walk,
home_axe_yard,wilkinsons,264,656,1660,1,18,walk,
wilkinsons,my_lords_lodgings,656,650,1660,1,18,walk,
my_lords_lodgings,home_axe_yard,650,264,1660,1,18,walk,
mr_crews_house,home_axe_yard,374,264,1660,1,18,walk,
home_axe_yard,mr_downings_lodgings,264,693,1660,1,19,walk,
mrs_jem_lodgings,french_ordinary,412,86,1660,1,19,walk,Henry Moore
french_ordinary,whitehall,86,642,1660,1,19,walk,
whitehall,marshs,642,642,1660,1,19,walk,
coffee_house,westminster_hall,106,610,1660,1,20,walk,
westminster_hall,home_axe_yard,610,264,1660,1,20,walk,Robert Shepley
home_axe_yard,my_lords_lodgings,264,650,1660,1,21,walk,
mitre_fleet_street,mr_fage_house,358,692,1660,1,21,walk,
mr_fage_house,mitre_fleet_street,692,358,1660,1,21,walk,
mitre_fleet_street,mrs_jem_lodgings,358,412,1660,1,21,walk,
mrs_jem_lodgings,home_axe_yard,412,264,1660,1,21,walk,
home_axe_yard,whitehall,264,642,1660,1,21,walk,
whitehall,marshs,642,642,1660,1,21,walk,
father_house,mr_herrings_church,174,775,1660,1,22,walk,
mr_herrings_church,mrs_turner_house,775,419,1660,1,22,walk,
home_axe_yard,mrs_jem_lodgings,264,412,1660,1,23,walk,
whitehall,stone_gallery,642,617,1660,1,23,walk,
stone_gallery,cock_pit,617,104,1660,1,23,walk,
wills,mr_pierces_house,658,394,1660,1,24,walk,Elizabeth Pepys
mr_pierces_house,father_house,394,174,1660,1,24,walk,
father_house,cousin_tom_pepys_shop,174,121,1660,1,24,walk,John Pepys Sr.
cousin_tom_pepys_shop,father_house,121,174,1660,1,24,walk,John Pepys Sr.
father_house,home_axe_yard,174,264,1660,1,24,walk,Elizabeth Pepys
home_axe_yard,whitehall,264,642,1660,1,24,walk,
whitehall,marshs,642,642,1660,1,24,walk,
mr_crews_house,lady_wrights_house,374,305,1660,1,25,walk,
lady_wrights_house,my_lords_lodgings,305,650,1660,1,25,walk,
my_lords_lodgings,mr_downings_lodgings,650,693,1660,1,25,walk,
mr_downings_lodgings,my_lords_lodgings,693,650,1660,1,25,walk,
my_lords_lodgings,home_axe_yard,650,264,1660,1,25,walk,Elizabeth Pepys
mr_downings_lodgings,whitehall,693,642,1660,1,26,walk,
home_axe_yard,my_lords_lodgings,264,650,1660,1,26,walk,
my_lords_lodgings,mr_downings_lodgings,650,693,1660,1,26,walk,
mr_downings_lodgings,my_lords_lodgings,693,650,1660,1,26,walk,
my_lords_lodgings,home_axe_yard,650,264,1660,1,26,walk,Elizabeth Pepys
westminster_hall,mr_g_montagu_house,610,191,1660,1,27,walk,
mr_g_montagu_house,home_axe_yard,191,264,1660,1,27,walk,
mr_crews_house,lady_wrights_house,374,305,1660,1,28,walk,
lady_wrights_house,wills,305,658,1660,1,28,walk,
wills,whitehall,658,642,1660,1,28,walk,
mr_downings_lodgings,charing_cross_stairs,693,85,1660,1,28,walk,
charing_cross_stairs,westminster_hall,85,610,1660,1,28,walk,
westminster_hall,royal_exchange,610,789,1660,1,28,walk,
royal_exchange,heaven_tavern,789,233,1660,1,28,walk,
home_axe_yard,exeter_house_chapel,264,69,1660,1,29,walk,
exeter_house_chapel,mr_crews_house,69,374,1660,1,29,walk,Henry Moore
mr_crews_house,home_axe_yard,374,264,1660,1,29,walk,
home_axe_yard,father_house,264,174,1660,1,29,walk,
home_axe_yard,my_lords_lodgings,264,650,1660,1,31,walk,
my_lords_lodgings,harpers,650,231,1660,1,31,walk,
wills,home_axe_yard,658,264,1660,1,31,walk,
westminster_hall,star_chamber,610,204,1660,1,31,walk,
star_chamber,wills,204,658,1660,1,31,walk,
wills,mrs_jem_lodgings,658,412,1660,1,31,walk,
mrs_jem_lodgings,harpers,412,231,1660,1,31,walk,
harpers,home_axe_yard,231,264,1660,1,31,walk,
home_axe_yard,westminster_hall,264,610,1660,2,1,walk,
westminster_hall,lincolns_inn,610,159,1660,2,1,walk,Mr. Swan
lincolns_inn,lady_wrights_house,159,305,1660,2,1,walk,
lady_wrights_house,mrs_jem_lodgings,305,412,1660,2,1,walk,
mrs_jem_lodgings,home_axe_yard,412,264,1660,2,1,walk,
home_axe_yard,my_lords_lodgings,264,650,1660,2,1,walk,
my_lords_lodgings,wills,650,658,1660,2,1,walk,
wills,home_axe_yard,658,264,1660,2,1,walk,
exchequer_charing_cross,the_temple,169,102,1660,2,2,walk,Mr. Doling
the_temple,london_bridge,102,324,1660,2,2,boat,
london_bridge,bridge_tavern,324,32,1660,2,2,walk,
bridge_tavern,the_temple,32,102,1660,2,2,boat,
home_axe_yard,harpers,264,231,1660,2,3,walk,Sir W. Batten
harpers,st_james_park,231,541,1660,2,3,walk,
priors,wilkinsons,746,656,1660,2,3,walk,
wilkinsons,whitehall,656,642,1660,2,3,walk,
whitehall,home_axe_yard,642,264,1660,2,3,walk,
home_axe_yard,palace_yard,264,372,1660,2,3,walk,
palace_yard,st_james_park,372,541,1660,2,3,walk,Elizabeth Pepys
st_james_park,charing_cross,541,85,1660,2,3,walk,Elizabeth Pepys
westminster_hall,wills,610,658,1660,2,4,walk,
the_temple,grays_inn,102,204,1660,2,4,walk,
grays_inn,lincolns_inn,204,159,1660,2,4,walk,
lincolns_inn,mr_crews_house,159,374,1660,2,4,walk,
mr_crews_house,lady_wrights_house,374,305,1660,2,4,walk,
lady_wrights_house,mrs_jem_lodgings,305,412,1660,2,4,walk,
mrs_jem_lodgings,home_axe_yard,412,264,1660,2,4,walk,
home_axe_yard,exeter_house_chapel,264,69,1660,2,5,walk,
exeter_house_chapel,home_axe_yard,69,264,1660,2,5,walk,
home_axe_yard,chequers,264,94,1660,2,5,walk,
chequers,father_house,94,174,1660,2,5,walk,
mr_crews_house,palace_yard,374,372,1660,2,6,walk,
palace_yard,swan_westminster,372,562,1660,2,6,walk,Mr. Swan
westminster_hall,home_axe_yard,610,264,1660,2,6,walk,
home_axe_yard,bull_head,264,63,1660,2,6,walk,John Pepys Sr.
wills,home_axe_yard,658,264,1660,2,6,walk,
home_axe_yard,the_temple,264,102,1660,2,7,walk,Mr. Hawly
the_temple,cousin_tom_pepys_shop,102,121,1660,2,7,walk,
cousin_tom_pepys_shop,pauls_school,121,548,1660,2,7,walk,
pauls_school,home_axe_yard,548,264,1660,2,7,walk,
home_axe_yard,westminster_hall,264,610,1660,2,7,walk,
westminster_hall,temple_gardens,610,102,1660,2,7,coach,Captain Stone
temple_gardens,home_axe_yard,102,264,1660,2,7,walk,
home_axe_yard,mr_crews_house,264,374,1660,2,7,walk,
swan_westminster,wills,562,658,1660,2,8,walk,
wills,rhenish_wine_house,658,476,1660,2,8,walk,
rhenish_wine_house,home_axe_yard,476,264,1660,2,8,walk,
home_axe_yard,mrs_jem_lodgings,264,412,1660,2,8,walk,
mrs_jem_lodgings,the_temple,412,102,1660,2,8,walk,
the_temple,father_house,102,174,1660,2,8,walk,
westminster_hall,temple_bar,610,102,1660,2,9,walk,Mr. Swan
temple_bar,harpers,102,231,1660,2,9,coach,
harpers,home_axe_yard,231,264,1660,2,9,walk,
westminster_hall,the_temple,610,102,1660,2,9,boat,Mr. Swan
the_temple,westminster_hall,102,610,1660,2,9,walk,
mrs_jem_lodgings,lady_wrights_house,412,305,1660,2,9,walk,
lady_wrights_house,westminster_hall,305,610,1660,2,9,walk,
westminster_hall,mr_pierces_house,610,394,1660,2,9,walk,Mr. Pierce
mr_pierces_house,home_axe_yard,394,264,1660,2,9,walk,
home_axe_yard,court_of_wards,264,279,1660,2,10,walk,Mr. Swan
court_of_wards,exchequer_court,279,116,1660,2,10,walk,
home_axe_yard,exchequer_court,264,116,1660,2,10,walk,
exchequer_court,home_axe_yard,116,264,1660,2,10,walk,
westminster_hall,temple_bar,610,102,1660,2,11,walk,Mr. Chetwind
temple_bar,chancery_lane,102,83,1660,2,11,walk,Mr. Chetwind
chancery_lane,guildhall,83,222,1660,2,11,coach,Mr. Chetwind
guildhall,three_tuns_charing_cross,222,71,1660,2,11,walk,Mr. Chetwind
three_tuns_charing_cross,guildhall,71,222,1660,2,11,walk,
guildhall,star_tavern,222,553,1660,2,11,walk,Mr. Lock; Mr. Chetwind
chequers,home_axe_yard,94,264,1660,2,11,walk,
home_axe_yard,royal_exchange,264,789,1660,2,11,walk,Elizabeth Pepys
royal_exchange,home_axe_yard,789,264,1660,2,11,walk,Elizabeth Pepys
home_axe_yard,whitehall,264,642,1660,2,12,walk,Mr. Pierce
home_axe_yard,st_james_park,264,541,1660,2,12,walk,Tom Pepys
st_james_park,st_pauls,541,545,1660,2,12,walk,Tom Pepys
st_pauls,moorfields,545,359,1660,2,12,walk,
moorfields,pauls_churchyard,359,546,1660,2,12,walk,
pauls_churchyard,mrs_turner_house,546,419,1660,2,12,walk,
mrs_turner_house,father_house,419,174,1660,2,12,walk,
father_house,home_axe_yard,174,264,1660,2,12,walk,Elizabeth Pepys
home_axe_yard,mrs_jem_lodgings,264,412,1660,2,13,walk,
home_axe_yard,playford_shop,264,458,1660,2,13,walk,Elizabeth Pepys
playford_shop,father_house,458,174,1660,2,13,walk,Elizabeth Pepys
wills,home_axe_yard,658,264,1660,2,14,walk,
mrs_jem_lodgings,home_axe_yard,412,264,1660,2,14,walk,
westminster_hall,wills,610,658,1660,2,14,walk,
wills,home_axe_yard,658,264,1660,2,15,walk,
wills,mr_crews_house,658,374,1660,2,15,walk,
father_house,lady_wrights_house,174,305,1660,2,15,walk,
lady_wrights_house,mrs_jem_lodgings,305,412,1660,2,15,walk,
wills,sun_tavern,658,561,1660,2,16,walk,
home_axe_yard,exeter_house_chapel,264,69,1660,2,17,walk,
exeter_house_chapel,st_james_park,69,541,1660,2,17,walk,Mr. L'Impertinent
st_james_park,jacobs,541,541,1660,2,17,walk,Mr. L'Impertinent
westminster_hall,home_axe_yard,610,264,1660,2,18,walk,
home_axe_yard,my_lords_lodgings,264,650,1660,2,18,walk,
my_lords_lodgings,half_moon,650,224,1660,2,18,walk,Captain Holland
half_moon,mitre_fleet_street,224,358,1660,2,18,walk,Captain Holland
mitre_fleet_street,mr_wottons_house,358,670,1660,2,18,walk,
harpers,exeter_house_chapel,231,69,1660,2,19,walk,Mr. L'Impertinent
exeter_house_chapel,mr_moores_house,69,204,1660,2,19,walk,Henry Moore
mr_moores_house,home_axe_yard,204,264,1660,2,19,walk,
home_axe_yard,mr_mossums_church,264,689,1660,2,19,walk,Elizabeth Pepys
mr_mossums_church,father_house,689,174,1660,2,19,walk,
father_house,mrs_turner_house,174,419,1660,2,19,walk,
home_axe_yard,my_lords_lodgings,264,650,1660,2,20,walk,John Pepys Jr.
my_lords_lodgings,westminster_hall,650,610,1660,2,20,walk,
marshs,coffee_house,642,106,1660,2,20,walk,
coffee_house,wills,106,658,1660,2,20,walk,
wills,home_axe_yard,658,264,1660,2,20,walk,
westminster_hall,coffee_house,610,106,1660,2,21,walk,Mr. Lock; Mr. Purcell
coffee_house,home_axe_yard,106,264,1660,2,21,walk,
home_axe_yard,my_lords_lodgings,264,650,1660,2,22,walk,
my_lords_lodgings,home_axe_yard,650,264,1660,2,22,walk,
wills,westminster_hall,658,610,1660,2,22,walk,
westminster_hall,father_house,610,174,1660,2,22,walk,
whitehall,marshs,642,642,1660,2,22,walk,
home_axe_yard,father_house,264,174,1660,2,22,walk,
father_house,home_axe_yard,174,264,1660,2,22,walk,Elizabeth Pepys
whitehall,home_axe_yard,642,264,1660,2,23,walk,
home_axe_yard,westminster_hall,264,610,1660,2,23,walk,
home_axe_yard,mrs_michells_shop,264,444,1660,2,23,walk,
mrs_michells_shop,home_axe_yard,444,264,1660,2,23,walk,
scotland_yard,mr_pierces_house,637,394,1660,2,24,horse,
mr_pierces_house,ware,394,606,1660,2,24,horse,Mr. Pierce
ware,puckeridge,606,466,1660,2,24,horse,Mr. Pierce; Mr. Blayton
falcon_inn,cousin_angier_house,68,67,1660,2,25,walk,John Pepys Sr.
magdalene_college,falcon_inn,70,68,1660,2,26,walk,
christs_college,falcon_inn,66,68,1660,2,26,walk,
magdalene_college,rose_tavern,70,483,1660,2,26,walk,Mr. Zanchy
epping,royal_exchange,163,789,1660,2,28,horse,Mr. Blayton
royal_exchange,st_pauls,789,545,1660,2,28,walk,
st_pauls,home_axe_yard,545,264,1660,2,28,walk,
home_axe_yard,mr_crews_house,264,374,1660,2,28,walk,
mr_crews_house,lady_wrights_house,374,305,1660,2,28,walk,
greyhound_tavern,mrs_jem_lodgings,220,412,1660,2,28,walk,
wills,home_axe_yard,658,264,1660,2,29,walk,
home_axe_yard,herrings_house,264,775,1660,2,29,boat,Elizabeth Pepys
herrings_house,father_house,775,174,1660,2,29,walk,Elizabeth Pepys
father_house,mrs_turner_house,174,419,1660,2,29,walk,
home_axe_yard,my_lords_lodgings,264,650,1660,3,1,walk,
sun_tavern,home_axe_yard,561,264,1660,3,1,walk,
home_axe_yard,leg_tavern,264,314,1660,3,2,walk,Mr. Chetwind; Mr. Thomas
home_axe_yard,westminster_hall,264,610,1660,3,3,walk,Sir W. Batten
westminster_hall,swan_westminster,610,562,1660,3,3,walk,Mr. Pierce; John Creed; William Howe
home_axe_yard,warwick_house,264,607,1660,3,3,walk,
warwick_house,mr_crews_house,607,374,1660,3,3,coach,Edward Montagu
mr_crews_house,drury_lane,374,153,1660,3,3,walk,
drury_lane,home_axe_yard,153,264,1660,3,3,walk,
home_axe_yard,exeter_house_chapel,264,69,1660,3,4,walk,
exeter_house_chapel,father_house,69,174,1660,3,4,walk,
home_axe_yard,wills,264,658,1660,3,5,walk,
wills,billingsgate,658,42,1660,3,5,boat,Robert Shepley; Mr. Pinkney
billingsgate,salutation_tavern,42,489,1660,3,5,walk,
salutation_tavern,mr_pinkneys_house,489,742,1660,3,5,boat,
mr_pinkneys_house,home_axe_yard,742,264,1660,3,5,boat,
home_axe_yard,mr_crews_house,264,374,1660,3,6,walk,
mr_crews_house,whitehall,374,642,1660,3,6,walk,Robert Shepley
whitehall,westminster_hall,642,610,1660,3,6,walk,
wills,bell_tavern_westminster,658,34,1660,3,6,walk,
bell_tavern_westminster,home_axe_yard,34,264,1660,3,6,walk,
home_axe_yard,mrs_jem_lodgings,264,412,1660,3,6,walk,
mrs_jem_lodgings,lion_tavern,412,198,1660,3,6,walk,
lion_tavern,home_axe_yard,198,264,1660,3,6,walk,
mr_crews_house,st_james_park,374,541,1660,3,7,coach,Edward Montagu
st_james_park,whitehall,541,642,1660,3,7,walk,Edward Montagu
sun_behind_exchange,cock_tavern,561,102,1660,3,7,walk,
cock_tavern,father_house,102,174,1660,3,7,walk,
father_house,home_axe_yard,174,264,1660,3,7,walk,
whitehall,harpers,642,231,1660,3,8,walk,
harpers,dog_tavern,231,148,1660,3,8,walk,
home_axe_yard,my_lords_lodgings,264,650,1660,3,9,walk,
my_lords_lodgings,painted_chamber,650,448,1660,3,9,coach,Edward Montagu
mr_crews_house,navy_office_tower_hill,374,422,1660,3,9,coach,Henry Moore
navy_office_tower_hill,whitehall,422,642,1660,3,9,coach,
whitehall,harpers,642,231,1660,3,9,walk,
harpers,home_axe_yard,231,264,1660,3,9,walk,
navy_treasurer,mr_rawlinsons_house,422,396,1660,3,10,walk,
mrs_jem_lodgings,mr_blackburnes_house,412,404,1660,3,10,walk,
mr_blackburnes_house,lady_wrights_house,404,305,1660,3,10,walk,
lady_wrights_house,whitehall,305,642,1660,3,10,walk,William Howe
royal_exchange,the_temple,789,102,1660,3,12,walk,
the_temple,wilkinsons,102,656,1660,3,12,walk,
wilkinsons,white_horse,656,613,1660,3,12,walk,
white_horse,huntsmore,613,273,1660,3,12,horse,
huntsmore,my_lords_lodgings,273,650,1660,3,13,horse,
my_lords_lodgings,father_house,650,174,1660,3,13,walk,
father_house,whitehall,174,642,1660,3,13,walk,
whitehall,home_axe_yard,642,264,1660,3,13,walk,
home_axe_yard,my_lords_lodgings,264,650,1660,3,14,walk,Sir W. Batten
my_lords_lodgings,st_james_park,650,541,1660,3,14,walk,Mr. Pierce
st_james_park,whitehall,541,642,1660,3,14,walk,
whitehall,marshs,642,642,1660,3,14,walk,
marshs,home_axe_yard,642,264,1660,3,14,walk,
home_axe_yard,harpers,264,231,1660,3,14,walk,
harpers,mrs_jem_lodgings,231,412,1660,3,14,coach,
mrs_jem_lodgings,home_axe_yard,412,264,1660,3,14,coach,
home_axe_yard,wills,264,658,1660,3,15,walk,
wills,westminster_hall,658,610,1660,3,15,walk,
westminster_hall,harpers,610,231,1660,3,15,walk,
home_axe_yard,my_lords_lodgings,264,650,1660,3,15,walk,
home_axe_yard,rhenish_wine_house,264,476,1660,3,16,walk,Robert Shepley
home_axe_yard,westminster_hall,264,610,1660,3,16,walk,
home_axe_yard,chequers_holborn,264,94,1660,3,17,coach,Elizabeth Pepys
chequers_holborn,mr_crews_house,94,374,1660,3,17,walk,
home_axe_yard,whitehall,264,642,1660,3,17,walk,
whitehall,mrs_crisps_house,642,406,1660,3,17,walk,
mrs_crisps_house,jervas_barber,406,286,1660,3,18,walk,
jervas_barber,my_lords_lodgings,286,650,1660,3,18,walk,
my_lords_lodgings,home_axe_yard,650,264,1660,3,18,walk,
home_axe_yard,my_lords_lodgings,264,650,1660,3,18,walk,Robert Shepley
my_lords_lodgings,mr_mossums_church,650,689,1660,3,18,walk,
drury_lane,home_axe_yard,153,264,1660,3,18,walk,
home_axe_yard,mrs_crisps_house,264,406,1660,3,18,walk,
mrs_crisps_house,my_lords_lodgings,406,650,1660,3,19,walk,
my_lords_lodgings,wilkinsons,650,656,1660,3,19,walk,
swan_westminster,home_axe_yard,562,264,1660,3,19,walk,
home_axe_yard,whitehall,264,642,1660,3,19,walk,
home_axe_yard,my_lords_lodgings,264,650,1660,3,20,walk,
my_lords_lodgings,whitehall,650,642,1660,3,20,walk,Captain Isham
whitehall,marshs,642,642,1660,3,20,walk,
bull_head,father_house,63,174,1660,3,20,walk,
father_house,my_lords_lodgings,174,650,1660,3,20,coach,
my_lords_lodgings,mrs_crisps_house,650,406,1660,3,20,walk,
mrs_crisps_house,my_lords_lodgings,406,650,1660,3,21,walk,
mr_crews_house,mrs_crisps_house,374,406,1660,3,21,walk,
home_axe_yard,mr_crews_house,264,374,1660,3,22,walk,Mr. Hawly
mr_crews_house,popes_head_tavern,374,459,1660,3,22,walk,
popes_head_tavern,whitehall,459,642,1660,3,22,walk,
whitehall,mr_mounts_chamber,642,204,1660,3,22,walk,
mr_mounts_chamber,mr_crews_house,204,374,1660,3,22,walk,
tower,long_reach,583,327,1660,3,23,boat,William Howe
long_reach,ship_swiftsure,327,261,1660,3,23,boat,
deal,fullers_deal,136,590,1660,4,30,walk,William Howe; Robert Shepley
ship_essex,ship_assistance,166,239,1660,5,3,boat,
the_downs,dover,569,150,1660,5,11,ship,
grande_salle,scheveningen,572,495,1660,5,15,coach,
the_hague,kings_court_hague,570,69,1660,5,17,walk,
kings_court_hague,lord_chancellors_lodging,69,336,1660,5,17,walk,
princess_dowager_house,voorhout,717,598,1660,5,17,walk,
delft,the_hague,137,570,1660,5,18,boat,
the_hague,princess_dowager_house,570,717,1660,5,18,coach,
scheveningen,ship_charles,495,242,1660,5,23,boat,
ship_charles,dover,242,150,1660,5,25,boat,
dover,ship_charles,150,242,1660,5,25,boat,
ship_charles,deal,242,136,1660,5,29,boat,Edward Montagu; Mr. Hetley
deal,ship_charles,136,242,1660,5,29,boat,
ship_charles,deal,242,136,1660,6,8,horse,
rochester,chatham,478,90,1660,6,8,horse,
chatham,gravesend,90,203,1660,6,8,horse,
gravesend,the_temple,203,102,1660,6,9,boat,Henry Moore; William Howe
the_temple,mr_crews_house,102,374,1660,6,9,walk,
whitehall,st_james_park,642,541,1660,6,9,walk,
st_james_park,father_house,541,174,1660,6,9,walk,
whitehall,covent_garden,642,123,1660,6,11,coach,Edward Montagu
covent_garden,wills,123,658,1660,6,11,walk,
wills,westminster_hall,658,610,1660,6,11,walk,
mr_crews_house,mrs_turner_house,374,419,1660,6,11,walk,
mrs_turner_house,home_axe_yard,419,264,1660,6,11,walk,
home_axe_yard,my_lords_lodgings,264,650,1660,6,12,walk,
my_lords_lodgings,mr_crews_house,650,374,1660,6,12,walk,
mr_crews_house,devils_tavern,374,146,1660,6,12,walk,
devils_tavern,my_lords_lodgings,146,650,1660,6,12,walk,
my_lords_lodgings,father_house,650,174,1660,6,12,walk,
my_lords_lodgings,navy_treasurer,650,422,1660,6,13,walk,John Creed
navy_treasurer,mr_rawlinsons_house,422,396,1660,6,13,walk,
mr_crews_house,rhenish_wine_house,374,476,1660,6,13,boat,Edward Montagu
my_lords_lodgings,navy_treasurer,650,422,1660,6,14,walk,
navy_treasurer,wills,422,658,1660,6,14,walk,
wills,bull_head,658,63,1660,6,14,walk,
father_house,navy_commissioners,174,113,1660,6,15,walk,
navy_commissioners,dolphin_tavern,113,149,1660,6,15,boat,Mr. Turner
whitehall,lady_wrights_house,642,305,1660,6,16,walk,Edward Montagu
lady_wrights_house,father_house,305,174,1660,6,16,walk,
my_lords_lodgings,grays_inn,650,204,1660,6,17,walk,Edward Montagu
grays_inn,father_house,204,174,1660,6,17,walk,
my_lords_lodgings,whitehall,650,642,1660,6,18,walk,Edward Montagu
whitehall,trinity_house,642,588,1660,6,18,boat,Edward Montagu
father_house,whitehall,174,642,1660,6,19,walk,
whitehall,lady_pickerings_house,642,305,1660,6,19,walk,
lady_pickerings_house,my_lords_lodgings,305,650,1660,6,19,walk,
my_lords_lodgings,whitehall,650,642,1660,6,20,walk,Edward Montagu
whitehall,cock_pit,642,104,1660,6,20,walk,Edward Montagu
home_axe_yard,lady_pickerings_house,264,305,1660,6,20,walk,
lady_pickerings_house,cock_pit,305,104,1660,6,20,walk,
cock_pit,charing_cross,104,85,1660,6,20,walk,
my_lords_lodgings,dog_tavern,650,148,1660,6,21,walk,
sun_tavern,half_moon,561,224,1660,6,22,walk,
mr_crews_house,lady_wrights_house,374,305,1660,6,22,walk,
lady_wrights_house,home_axe_yard,305,264,1660,6,22,walk,
cardinals_cap,home_axe_yard,81,264,1660,6,23,walk,
home_axe_yard,mr_crews_house,264,374,1660,6,24,walk,
mr_crews_house,father_house,374,174,1660,6,24,walk,
father_house,home_axe_yard,174,264,1660,6,24,walk,
home_axe_yard,whitehall,264,642,1660,6,25,walk,
whitehall,leg_tavern,642,314,1660,6,25,walk,
leg_tavern,mr_crews_house,314,374,1660,6,25,walk,Edward Montagu
dorset_house,my_lords_lodgings,704,650,1660,6,25,walk,
my_lords_lodgings,home_axe_yard,650,264,1660,6,25,walk,
home_axe_yard,my_lords_lodgings,264,650,1660,6,26,walk,
secretary_nicholas,three_tuns_charing_cross,642,71,1660,6,26,walk,
three_tuns_charing_cross,home_axe_yard,71,264,1660,6,26,walk,
home_axe_yard,whitehall,264,642,1660,6,26,walk,
whitehall,great_wardrobe,642,576,1660,6,26,walk,
great_wardrobe,backwells,576,3,1660,6,26,walk,
backwells,father_house,3,174,1660,6,26,walk,
my_lords_lodgings,whitehall,650,642,1660,6,28,walk,
whitehall,clothworkers_hall,642,100,1660,6,28,coach,Elizabeth Pepys; Mr. Pierce
mr_rawlinsons_house,father_house,396,174,1660,6,28,walk,
father_house,home_axe_yard,174,264,1660,6,28,walk,
home_axe_yard,my_lords_lodgings,264,650,1660,6,29,walk,
sir_geffery_palmers,westminster_hall,753,610,1660,6,29,walk,
westminster_hall,leg_tavern,610,314,1660,6,29,walk,
home_axe_yard,my_lords_lodgings,264,650,1660,6,30,walk,
my_lords_lodgings,whitehall,650,642,1660,6,30,walk,Edward Montagu
whitehall,home_axe_yard,642,264,1660,7,1,walk,
home_axe_yard,bell_tavern_westminster,264,34,1660,7,2,walk,
bell_tavern_westminster,my_lords_lodgings,34,650,1660,7,2,walk,
home_axe_yard,sir_g_carterets_whitehall,264,125,1660,7,3,walk,
whitefriars,london_bridge,193,324,1660,7,4,boat,
london_bridge,navy_treasurer,324,422,1660,7,4,walk,
navy_treasurer,seething_lane,422,788,1660,7,4,walk,Commissioner Pett
seething_lane,broad_street_excise,788,170,1660,7,4,walk,
sun_tavern,whitehall,561,642,1660,7,4,walk,
whitehall,home_axe_yard,642,264,1660,7,4,walk,
whitehall,admiralty,642,780,1660,7,5,walk,
admiralty,st_james_park,780,541,1660,7,5,walk,Mr. Blackburne
st_james_park,mr_coventrys_house,541,371,1660,7,5,walk,
mr_coventrys_house,my_lords_lodgings,371,650,1660,7,5,walk,
home_axe_yard,my_lords_lodgings,264,650,1660,7,6,walk,
my_lords_lodgings,westminster_hall,650,610,1660,7,6,walk,
navy_office,navy_treasurer,422,422,1660,7,6,walk,Sir G. Carteret
navy_treasurer,sir_g_palmers_house,422,753,1660,7,6,walk,
sir_g_palmers_house,mr_pims_shop,753,741,1660,7,6,walk,
mr_pims_shop,half_moon,741,224,1660,7,6,walk,
half_moon,my_lords_lodgings,224,650,1660,7,6,walk,
uncle_wight_house,mr_rawlinsons_house,592,396,1660,7,7,walk,
mr_rawlinsons_house,navy_office,396,422,1660,7,7,walk,
the_temple,my_lords_lodgings,102,650,1660,7,9,walk,
home_axe_yard,swan_westminster,264,562,1660,7,10,walk,
swan_westminster,home_axe_yard,562,264,1660,7,10,walk,
mrs_turner_house,attorney_generals,419,10,1660,7,10,walk,
attorney_generals,mrs_turner_house,10,419,1660,7,10,walk,
mrs_turner_house,home_axe_yard,419,264,1660,7,10,walk,Elizabeth Pepys
home_axe_yard,whitehall,264,642,1660,7,10,walk,
privy_seal,commissioner_willoughbys,465,89,1660,7,11,coach,
commissioner_willoughbys,whitehall,89,642,1660,7,12,coach,Commissioner Pett
privy_seal,signet_office,465,642,1660,7,12,walk,
signet_office,house_of_lords,642,268,1660,7,12,walk,
house_of_lords,mr_beales_office,268,11,1660,7,12,walk,
mr_beales_office,chancery_lane,11,83,1660,7,12,walk,
chancery_lane,six_clerks_office,83,521,1660,7,12,walk,
six_clerks_office,admiralty,521,780,1660,7,12,walk,
admiralty,mr_spongs_house,780,399,1660,7,12,walk,
mr_spongs_house,my_lords_lodgings,399,650,1660,7,12,walk,
my_lords_lodgings,home_axe_yard,650,264,1660,7,12,walk,
home_axe_yard,mr_spongs_house,264,399,1660,7,13,walk,
mr_spongs_house,worcester_house,399,668,1660,7,13,walk,
worcester_house,mr_beales_office,668,11,1660,7,13,walk,
mr_beales_office,navy_office,11,422,1660,7,13,walk,
navy_office,mr_beales_office,422,11,1660,7,13,walk,
home_axe_yard,mr_beales_office,264,11,1660,7,13,coach,Elizabeth Pepys
mr_beales_office,hinde_court,11,116,1660,7,13,walk,Elizabeth Pepys
hinde_court,navy_office,116,422,1660,7,13,walk,Elizabeth Pepys
navy_office,home_axe_yard,422,264,1660,7,13,walk,Elizabeth Pepys
home_axe_yard,my_lords_lodgings,264,650,1660,7,13,walk,
my_lords_lodgings,home_axe_yard,650,264,1660,7,13,walk,
home_axe_yard,my_lords_lodgings,264,650,1660,7,14,walk,
navy_office,home_axe_yard,422,264,1660,7,16,walk,
home_axe_yard,my_lords_lodgings,264,650,1660,7,16,walk,
my_lords_lodgings,home_axe_yard,650,264,1660,7,17,walk,
home_axe_yard,home_seething_lane,264,788,1660,7,17,coach,Elizabeth Pepys; Mrs. Hunt
home_seething_lane,my_lords_lodgings,788,650,1660,7,17,boat,William Hewer; Mrs. Hunt
home_seething_lane,new_exchange,788,129,1660,7,18,boat,Mr. Carter; Mr. Cooke; Mr. Pierce; Robert Shepley
new_exchange,my_lords_lodgings,129,650,1660,7,18,walk,
dog_tavern,admiralty,148,780,1660,7,19,walk,
admiralty,home_seething_lane,780,788,1660,7,19,walk,
home_seething_lane,golden_eagle,788,45,1660,7,21,walk,
golden_eagle,mr_spongs_house,45,399,1660,7,21,walk,
mr_spongs_house,my_lords_lodgings,399,650,1660,7,21,walk,
six_clerks_office,club_dinner,521,107,1660,7,21,walk,Mr. Spong
club_dinner,home_seething_lane,107,788,1660,7,21,walk,
my_lords_lodgings,home_seething_lane,650,788,1660,7,22,boat,
home_seething_lane,fenchurch_street,788,178,1660,7,23,walk,Mr. Barlow
fenchurch_street,navy_office,178,422,1660,7,23,walk,
navy_office,home_seething_lane,422,788,1660,7,23,walk,
home_seething_lane,my_lords_lodgings,788,650,1660,7,23,walk,
leg_tavern,sun_tavern,314,561,1660,7,25,walk,
sun_tavern,gatehouse,561,737,1660,7,25,walk,
home_seething_lane,whitehall,788,642,1660,7,26,walk,
whitehall,privy_seal,642,465,1660,7,26,walk,
privy_seal,leg_tavern,465,314,1660,7,26,walk,
leg_tavern,mr_pierces_house,314,394,1660,7,26,walk,
mr_pierces_house,st_james_fair,394,27,1660,7,26,walk,
home_seething_lane,navy_office,788,422,1660,7,27,walk,
navy_office,home_seething_lane,422,788,1660,7,27,walk,
home_seething_lane,my_lords_lodgings,788,650,1660,7,27,walk,
my_lords_lodgings,home_seething_lane,650,788,1660,7,27,coach,
home_seething_lane,westminster_hall,788,610,1660,7,28,walk,
westminster_hall,swan_westminster,610,562,1660,7,28,walk,
swan_westminster,home_seething_lane,562,788,1660,7,28,walk,
home_seething_lane,whitehall_chapel,788,619,1660,7,29,walk,
whitehall_chapel,my_lords_lodgings,619,650,1660,7,29,walk,
my_lords_lodgings,lisson_green,650,323,1660,7,29,walk,Dick Vines
lisson_green,marylebone,323,323,1660,7,29,walk,Dick Vines
marylebone,my_lords_lodgings,323,650,1660,7,29,walk,
my_lords_lodgings,father_house,650,174,1660,7,29,walk,
father_house,home_seething_lane,174,788,1660,7,29,walk,
home_seething_lane,navy_office,788,422,1660,7,30,walk,
navy_office,rhenish_wine_house,422,476,1660,7,30,walk,Henry Moore
rhenish_wine_house,home_seething_lane,476,788,1660,7,30,walk,
admiralty,privy_seal,780,465,1660,7,31,walk,
sun_tavern,ludgate,561,347,1660,7,31,coach,
ludgate,home_seething_lane,347,788,1660,7,31,walk,William Hewer
home_seething_lane,my_lords_lodgings,788,650,1660,8,1,boat,
my_lords_lodgings,privy_seal,650,465,1660,8,1,walk,
privy_seal,leg_tavern,465,314,1660,8,1,walk,
leg_tavern,privy_seal,314,465,1660,8,1,walk,
privy_seal,council_chamber,465,621,1660,8,1,walk,
home_seething_lane,admiralty,788,780,1660,8,2,boat,Sir W. Batten; Sir W. Pen
admiralty,my_lords_lodgings,780,650,1660,8,2,walk,
my_lords_lodgings,admiralty,650,780,1660,8,2,walk,
admiralty,mr_blackburnes_house,780,404,1660,8,2,walk,
mr_blackburnes_house,privy_seal,404,465,1660,8,2,walk,William Hewer
privy_seal,home_seething_lane,465,788,1660,8,2,coach,
privy_seal,red_bull_playhouse,465,473,1660,8,3,coach,
home_seething_lane,whitehall,788,642,1660,8,4,walk,
whitehall,my_lords_lodgings,642,650,1660,8,4,walk,
parliament_house,westminster_hall,451,610,1660,8,4,walk,
westminster_hall,trumpet_tavern,610,589,1660,8,4,walk,
trumpet_tavern,the_savoy,589,492,1660,8,4,coach,
the_savoy,home_seething_lane,492,788,1660,8,4,coach,
dr_williams_house,father_house,152,174,1660,8,5,walk,
father_house,westminster_hall,174,610,1660,8,5,walk,
westminster_hall,st_margarets_westminster,610,543,1660,8,5,walk,
st_margarets_westminster,mr_pierces_house,543,394,1660,8,5,walk,Robert Shepley
mr_pierces_house,my_lords_lodgings,394,650,1660,8,5,walk,
my_lords_lodgings,westminster_stairs,650,757,1660,8,5,walk,
westminster_stairs,home_seething_lane,757,788,1660,8,5,boat,
navy_office,home_seething_lane,422,788,1660,8,6,walk,
home_seething_lane,privy_seal,788,465,1660,8,6,walk,
home_seething_lane,privy_seal,788,465,1660,8,7,walk,
my_lords_lodgings,privy_seal,650,465,1660,8,7,walk,
privy_seal,kensington,465,291,1660,8,7,coach,Mr. Hartlib
kensington,lord_hollands_house,291,291,1660,8,7,walk,Mr. Hartlib
lord_hollands_house,kensington,291,291,1660,8,7,walk,
kensington,bull_head,291,63,1660,8,7,walk,Mr. Hartlib
bull_head,home_seething_lane,63,788,1660,8,7,walk,
home_seething_lane,navy_office,788,422,1660,8,8,boat,Elizabeth Pepys
navy_office,home_seething_lane,422,788,1660,8,8,walk,
privy_seal,sun_tavern,465,561,1660,8,8,walk,
sun_tavern,my_lords_lodgings,561,650,1660,8,8,walk,
my_lords_lodgings,mrs_hunts_house,650,388,1660,8,8,walk,Elizabeth Pepys
mrs_hunts_house,my_lords_lodgings,388,650,1660,8,9,walk,
leg_tavern,mrs_blackburnes_house,314,404,1660,8,9,walk,Elizabeth Pepys
mrs_blackburnes_house,privy_seal,404,465,1660,8,9,walk,
privy_seal,mrs_blackburnes_house,465,404,1660,8,9,walk,
mrs_blackburnes_house,home_seething_lane,404,788,1660,8,9,walk,Elizabeth Pepys
navy_office,home_seething_lane,422,788,1660,8,10,walk,
home_seething_lane,privy_seal,788,465,1660,8,10,boat,
hyde_park,my_lords_lodgings,275,650,1660,8,10,coach,
my_lords_lodgings,home_seething_lane,650,788,1660,8,10,coach,
my_lords_lodgings,home_axe_yard,650,264,1660,8,11,walk,
privy_seal,mrs_crisps_house,465,406,1660,8,11,walk,
mrs_crisps_house,privy_seal,406,465,1660,8,11,walk,
privy_seal,home_seething_lane,465,788,1660,8,12,walk,
home_seething_lane,whitehall_chapel,788,619,1660,8,12,walk,
whitehall_chapel,my_lords_lodgings,619,650,1660,8,12,walk,
my_lords_lodgings,home_seething_lane,650,788,1660,8,12,walk,
home_seething_lane,father_house,788,174,1660,8,12,walk,
father_house,mr_rawlinsons_house,174,396,1660,8,12,walk,
mr_rawlinsons_house,home_seething_lane,396,788,1660,8,12,walk,
navy_office,privy_seal,422,465,1660,8,13,walk,
rhenish_wine_house,my_lords_lodgings,476,650,1660,8,13,walk,
my_lords_lodgings,home_seething_lane,650,788,1660,8,13,coach,
privy_seal,tower,465,583,1660,8,14,boat,
tower,home_seething_lane,583,788,1660,8,14,walk,
home_seething_lane,whitehall,788,642,1660,8,14,boat,Elizabeth Pepys
whitehall,home_seething_lane,642,788,1660,8,14,boat,Elizabeth Pepys
whitehall,navy_office,642,422,1660,8,15,walk,
navy_office,westminster_hall,422,610,1660,8,15,walk,
westminster_hall,mrs_michells_shop,610,444,1660,8,15,walk,
mrs_michells_shop,my_lords_lodgings,444,650,1660,8,15,walk,
my_lords_lodgings,mr_crews_house,650,374,1660,8,16,coach,Edward Montagu
mr_crews_house,whitehall,374,642,1660,8,16,walk,
whitehall,charing_cross,642,85,1660,8,16,walk,Captain Cooke
charing_cross,privy_seal,85,465,1660,8,16,walk,
privy_seal,home_seething_lane,465,788,1660,8,16,walk,
navy_office,home_seething_lane,422,788,1660,8,17,walk,
home_seething_lane,privy_seal,788,465,1660,8,17,boat,
home_seething_lane,whitefriars,788,193,1660,8,18,boat,Elizabeth Pepys
whitefriars,privy_seal,193,465,1660,8,18,walk,
privy_seal,leg_tavern,465,314,1660,8,18,walk,John Creed; Captain Hayward
leg_tavern,cockpit_theatre,314,104,1660,8,18,walk,Captain Ferrers; John Creed
cockpit_theatre,home_seething_lane,104,788,1660,8,18,coach,
home_seething_lane,parish_church,788,544,1660,8,19,walk,Sir W. Batten; Sir W. Pen
parish_church,home_seething_lane,544,788,1660,8,19,walk,
home_seething_lane,navy_office,788,422,1660,8,20,walk,
navy_office,worcester_house,422,668,1660,8,20,coach,Mrs. Turner
worcester_house,house_of_lords,668,268,1660,8,20,walk,
house_of_lords,privy_seal,268,465,1660,8,20,walk,
privy_seal,harpers,465,231,1660,8,20,walk,
harpers,worcester_house,231,668,1660,8,20,coach,William Hewer
worcester_house,home_seething_lane,668,788,1660,8,20,walk,
home_seething_lane,mr_coventrys_chamber,788,371,1660,8,21,boat,Sir W. Pen
mr_coventrys_chamber,admiralty,371,780,1660,8,21,walk,
admiralty,westminster_hall,780,610,1660,8,21,walk,
westminster_hall,mr_pims_shop,610,741,1660,8,21,walk,
mr_pims_shop,privy_seal,741,465,1660,8,21,walk,
privy_seal,queens_court,465,116,1660,8,21,walk,
queens_court,privy_seal,116,465,1660,8,21,walk,
navy_office,privy_seal,422,465,1660,8,22,walk,
privy_seal,westminster_hall,465,610,1660,8,22,walk,John Pepys Sr.
westminster_hall,parliament_house,610,451,1660,8,22,walk,
parliament_house,father_house,451,174,1660,8,22,walk,
father_house,sun_tavern,174,561,1660,8,22,walk,John Pepys Sr.
sun_tavern,blackfriars,561,46,1660,8,22,boat,
blackfriars,home_seething_lane,46,788,1660,8,22,walk,
admiralty,westminster_hall,780,610,1660,8,23,walk,
westminster_hall,leg_tavern,610,314,1660,8,23,walk,
leg_tavern,privy_seal,314,465,1660,8,23,walk,
privy_seal,westminster_hall,465,610,1660,8,23,walk,
westminster_hall,dog_tavern,610,148,1660,8,23,walk,
dog_tavern,home_seething_lane,148,788,1660,8,23,boat,
home_seething_lane,navy_office,788,422,1660,8,24,walk,
navy_office,parish_church,422,544,1660,8,24,walk,Sir W. Batten; Sir W. Pen
father_house,pauls_churchyard,174,546,1660,8,24,walk,
pauls_churchyard,home_seething_lane,546,788,1660,8,24,walk,
sir_g_carterets_whitehall,leg_tavern,125,314,1660,8,25,walk,Mr. Turner; Henry Moore
sun_tavern,privy_seal,561,465,1660,8,25,walk,
privy_seal,westminster_hall,465,610,1660,8,25,walk,
westminster_hall,home_seething_lane,610,788,1660,8,25,boat,
home_seething_lane,parish_church,788,544,1660,8,26,walk,Sir W. Pen
parish_church,home_seething_lane,544,788,1660,8,26,walk,
home_seething_lane,navy_office,788,422,1660,8,27,walk,
navy_office,privy_seal,422,465,1660,8,27,walk,
privy_seal,bull_head,465,63,1660,8,27,walk,
bull_head,home_seething_lane,63,788,1660,8,27,walk,
home_seething_lane,navy_office,788,422,1660,8,29,walk,
navy_office,parish_church,422,544,1660,8,29,walk,
parish_church,home_seething_lane,544,788,1660,8,29,walk,
home_seething_lane,privy_seal,788,465,1660,8,29,walk,
privy_seal,bull_head,465,63,1660,8,29,walk,
bull_head,father_house,63,174,1660,8,29,walk,
father_house,uncle_fenner_house,174,591,1660,8,29,walk,
uncle_fenner_house,home_seething_lane,591,788,1660,8,29,walk,
heaven_tavern,my_lords_lodgings,233,650,1660,8,30,walk,
my_lords_lodgings,home_seething_lane,650,788,1660,8,30,walk,
whitehall,my_lords_lodgings,642,650,1660,8,31,walk,
my_lords_lodgings,navy_office,650,422,1660,8,31,walk,
navy_office,home_seething_lane,422,788,1660,8,31,walk,
home_seething_lane,my_lords_lodgings,788,650,1660,8,31,walk,
privy_seal,sun_tavern,465,561,1660,8,31,walk,
sun_tavern,home_seething_lane,561,788,1660,8,31,walk,
bull_head,home_seething_lane,63,788,1660,9,1,walk,
home_seething_lane,westminster_hall,788,610,1660,9,2,walk,
westminster_hall,st_margarets_westminster,610,543,1660,9,2,walk,
whitehall,lambeth,642,309,1660,9,3,walk,Edward Montagu
bull_head,home_axe_yard,63,264,1660,9,4,walk,
navy_office,chancery,422,83,1660,9,5,coach,Sir W. Batten; Col. Slingsby
chancery,mr_rawlinsons_house,83,396,1660,9,5,walk,
my_lords_lodgings,navy_office,650,422,1660,9,6,walk,
navy_office,home_seething_lane,422,788,1660,9,6,walk,
home_seething_lane,navy_office,788,422,1660,9,10,walk,
navy_office,whitehall,422,642,1660,9,10,walk,Col. Slingsby
navy_office,home_seething_lane,422,788,1660,9,10,walk,
home_seething_lane,navy_office,788,422,1660,9,10,walk,
navy_office,home_seething_lane,422,788,1660,9,14,walk,
home_seething_lane,mitre_wood_street,788,358,1660,9,14,walk,
home_seething_lane,navy_office,788,422,1660,9,15,walk,
navy_office,westminster_hall,422,610,1660,9,15,walk,
westminster_hall,southwark,610,526,1660,9,15,boat,Mr. Dalton
southwark,westminster_hall,526,610,1660,9,15,boat,
home_seething_lane,navy_office,788,422,1660,9,17,walk,
navy_office,whitehall,422,642,1660,9,17,walk,
whitehall,home_axe_yard,642,264,1660,9,20,walk,Mr. Dalton
home_axe_yard,sir_g_downings_house,264,693,1660,9,20,walk,
whitehall,my_lords_lodgings,642,650,1660,9,21,walk,
my_lords_lodgings,old_swan,650,444,1660,9,21,boat,
old_swan,hoop_tavern,444,265,1660,9,21,walk,
home_seething_lane,salisbury_court,788,488,1660,9,22,walk,
salisbury_court,my_lords_lodgings,488,650,1660,9,22,walk,
harpers,new_exchange,231,129,1660,9,22,walk,
new_exchange,home_seething_lane,129,788,1660,9,22,walk,
parish_church,whitehall,544,642,1660,9,23,walk,
whitehall,father_house,642,174,1660,9,23,walk,
home_seething_lane,navy_office,788,422,1660,9,24,walk,Elizabeth Pepys
navy_office,cousin_scotts_house,422,67,1660,9,24,coach,Elizabeth Pepys
cousin_scotts_house,temple_church,67,567,1660,9,24,walk,
whitehall,three_tuns_charing_cross,642,71,1660,9,24,walk,
three_tuns_charing_cross,my_lords_lodgings,71,650,1660,9,24,walk,
my_lords_lodgings,broad_street_dancing,650,133,1660,9,24,coach,
broad_street_dancing,home_seething_lane,133,788,1660,9,24,walk,
navy_office,deptford,422,77,1660,9,25,boat,Col. Birch; Sir R. Browne
deptford,globe_deptford,77,143,1660,9,25,walk,
globe_deptford,deptford,143,77,1660,9,25,walk,
deptford,home_seething_lane,77,788,1660,9,25,boat,
home_seething_lane,mr_crews_house,788,374,1660,9,25,walk,
navy_office,parish_church,422,544,1660,9,26,walk,
navy_office,home_seething_lane,422,788,1660,10,1,walk,
home_seething_lane,mitre_tavern,788,358,1660,10,1,walk,John Pepys Sr.
my_lords_lodgings,navy_office,650,422,1660,10,3,walk,
navy_office,home_seething_lane,422,788,1660,10,3,walk,
navy_office,alehouse_seething,422,19,1660,10,4,walk,
alehouse_seething,whitehall,19,642,1660,10,4,boat,
westminster_abbey,my_lords_lodgings,609,650,1660,10,4,walk,
my_lords_lodgings,raindeer,650,748,1660,10,4,walk,Robert Shepley; William Howe
my_lords_lodgings,blackfriars,650,46,1660,10,4,boat,
blackfriars,tower_hill,46,582,1660,10,4,walk,
tower_hill,home_seething_lane,582,788,1660,10,4,walk,
home_seething_lane,navy_office,788,422,1660,10,5,walk,
navy_office,home_seething_lane,422,788,1660,10,5,walk,
home_seething_lane,navy_office,788,422,1660,10,6,walk,
navy_office,whitehall,422,642,1660,10,6,walk,John Creed
whitehall,my_lords_lodgings,642,650,1660,10,6,walk,
my_lords_lodgings,home_seething_lane,650,788,1660,10,6,walk,
father_house,whitehall_chapel,174,619,1660,10,7,walk,
whitehall_chapel,my_lords_lodgings,619,650,1660,10,7,walk,
navy_office,westminster_hall,422,610,1660,10,8,walk,Henry Moore
westminster_hall,father_house,610,174,1660,10,8,walk,
home_seething_lane,navy_office,788,422,1660,10,9,walk,
navy_office,whitehall,422,642,1660,10,9,walk,Sir W. Pen
whitehall,my_lords_lodgings,642,650,1660,10,9,walk,
my_lords_lodgings,redriffe,650,475,1660,10,9,boat,Sir W. Pen
redriffe,deptford,475,77,1660,10,9,walk,Sir W. Pen
deptford,home_seething_lane,77,788,1660,10,9,boat,
home_seething_lane,navy_office,788,422,1660,10,12,walk,Sir W. Batten
navy_office,dolphin_tavern,422,149,1660,10,12,walk,
home_seething_lane,westminster_hall,788,610,1660,10,12,walk,
westminster_hall,home_seething_lane,610,788,1660,10,12,walk,
home_seething_lane,my_lords_lodgings,788,650,1660,10,14,walk,
my_lords_lodgings,father_house,650,174,1660,10,14,walk,
home_seething_lane,navy_office,788,422,1660,10,15,boat,
navy_office,whitehall,422,642,1660,10,15,walk,
whitehall,my_lords_lodgings,642,650,1660,10,15,walk,
father_house,cousin_tom_pepys_shop,174,121,1660,10,15,walk,
cousin_tom_pepys_shop,home_seething_lane,121,788,1660,10,15,coach,Elizabeth Pepys
home_seething_lane,whitehall,788,642,1660,10,16,walk,Henry Moore
whitehall,home_seething_lane,642,788,1660,10,16,boat,
home_seething_lane,newgate,788,431,1660,10,18,walk,
newgate,uncle_fenner_house,431,591,1660,10,18,walk,
home_seething_lane,navy_office,788,422,1660,10,19,walk,
navy_office,home_seething_lane,422,788,1660,10,19,walk,
navy_office,home_seething_lane,422,788,1660,10,22,walk,
home_seething_lane,my_lords_lodgings,788,650,1660,10,23,walk,
leg_tavern,catan_sterpins_house,314,734,1660,10,23,walk,
catan_sterpins_house,my_lords_lodgings,734,650,1660,10,23,walk,
mr_de_cretz_house,mr_spongs_house,377,399,1660,10,23,walk,
navy_office,home_seething_lane,422,788,1660,10,26,walk,
home_seething_lane,whitehall,788,642,1660,10,26,walk,
westminster_hall,pauls_churchyard,610,546,1660,10,26,walk,
pauls_churchyard,home_seething_lane,546,788,1660,10,26,walk,
st_pauls,blackfriars,545,46,1660,10,29,walk,
blackfriars,home_seething_lane,46,788,1660,10,29,walk,
navy_office,home_seething_lane,422,788,1660,10,31,walk,
home_seething_lane,westminster_hall,788,610,1660,10,31,walk,
westminster_hall,mrs_michells_shop,610,444,1660,10,31,walk,
mrs_michells_shop,home_seething_lane,444,788,1660,10,31,walk,
sir_w_batten_country,alehouse_walthamstow,601,19,1660,11,1,walk,
alehouse_walthamstow,bow,19,50,1660,11,1,horse,Sir W. Batten; Sir W. Pen
bow,home_seething_lane,50,788,1660,11,1,horse,Sir W. Batten; Sir W. Pen
home_seething_lane,navy_office,788,422,1660,11,2,walk,
navy_office,home_seething_lane,422,788,1660,11,2,walk,
lambeth,my_lords_lodgings,309,650,1660,11,2,walk,
my_lords_lodgings,ludgate,650,347,1660,11,2,coach,
ludgate,pauls_churchyard,347,546,1660,11,2,walk,
pauls_churchyard,home_seething_lane,546,788,1660,11,2,walk,
home_seething_lane,westminster_hall,788,610,1660,11,4,walk,
westminster_hall,my_lords_lodgings,610,650,1660,11,4,walk,
my_lords_lodgings,bell_tavern_westminster,650,34,1660,11,4,walk,
bell_tavern_westminster,father_house,34,174,1660,11,4,walk,
home_seething_lane,navy_office,788,422,1660,11,5,walk,
navy_office,home_seething_lane,422,788,1660,11,5,walk,
home_seething_lane,my_lords_lodgings,788,650,1660,11,6,boat,Sir W. Batten; Sir W. Pen
my_lords_lodgings,mr_de_cretz_house,650,377,1660,11,6,walk,John Creed
mr_de_cretz_house,westminster_hall,377,610,1660,11,6,walk,
my_lords_lodgings,mr_de_cretz_house,650,377,1660,11,7,walk,
mr_de_cretz_house,mr_foxs_house,377,381,1660,11,7,walk,
home_seething_lane,deptford,788,77,1660,11,8,boat,Sir W. Batten; Mr. Prin
deptford,mr_davis_house_deptford,77,376,1660,11,8,walk,
mr_davis_house_deptford,yacht_deptford,376,116,1660,11,8,walk,Commissioner Pett
yacht_deptford,ratcliffe,116,471,1660,11,8,boat,Commissioner Pett
ratcliffe,alehouse_ratcliffe,471,19,1660,11,8,walk,
alehouse_ratcliffe,deptford,19,77,1660,11,8,walk,
deptford,home_seething_lane,77,788,1660,11,8,boat,
navy_office,home_seething_lane,422,788,1660,11,9,walk,
home_seething_lane,hoop_tavern,788,265,1660,11,9,walk,
father_house,uncle_fenner_house,174,591,1660,11,9,walk,
uncle_fenner_house,home_seething_lane,591,788,1660,11,9,walk,
trinity_house,whitehall,588,642,1660,11,10,walk,
whitehall,parliament_house,642,451,1660,11,10,walk,
parliament_house,coffee_house,451,106,1660,11,10,walk,
coffee_house,whitehall,106,642,1660,11,10,walk,
whitehall,mr_foxs_house,642,381,1660,11,11,walk,
mr_foxs_house,my_lords_lodgings,381,650,1660,11,11,walk,
my_lords_lodgings,father_house,650,174,1660,11,11,walk,Elizabeth Pepys
home_seething_lane,navy_office,788,422,1660,11,12,walk,
navy_office,comptrollers_house,422,114,1660,11,12,coach,
comptrollers_house,new_exchange,114,129,1660,11,12,coach,
new_exchange,mr_de_cretz_house,129,377,1660,11,12,walk,
standings,home_seething_lane,400,788,1660,11,12,coach,Elizabeth Pepys
home_seething_lane,great_wardrobe,788,576,1660,11,13,walk,Henry Moore
my_lords_lodgings,home_seething_lane,650,788,1660,11,15,walk,
home_seething_lane,fleet_street,788,133,1660,11,15,walk,
fleet_street,sir_w_batten_house,133,514,1660,11,15,coach,Sir W. Pen
sir_w_batten_house,mr_foxs_house,514,381,1660,11,15,boat,
mr_foxs_house,exchequer,381,169,1660,11,15,walk,
exchequer,wills,169,658,1660,11,15,walk,
wills,old_swan,658,444,1660,11,15,boat,
old_swan,sir_w_batten_house,444,514,1660,11,15,walk,
father_house,the_temple,174,102,1660,11,16,walk,Henry Moore
the_temple,westminster_hall,102,610,1660,11,16,walk,
navy_office,sir_w_batten_house,422,514,1660,11,16,walk,
sir_w_batten_house,home_seething_lane,514,788,1660,11,16,walk,
home_seething_lane,whitehall,788,642,1660,11,17,walk,
whitehall,my_lords_lodgings,642,650,1660,11,17,walk,
home_seething_lane,navy_office,788,422,1660,11,19,walk,
navy_office,whitehall,422,642,1660,11,19,coach,
whitehall,sun_tavern,642,561,1660,11,19,walk,Robert Shepley
leg_tavern,globe_cornhill,314,143,1660,11,19,walk,
globe_cornhill,navy_office,143,422,1660,11,19,walk,
my_lords_lodgings,mr_foxs_house,650,381,1660,11,20,walk,
mr_foxs_house,my_lords_lodgings,381,650,1660,11,20,walk,
my_lords_lodgings,the_temple,650,102,1660,11,20,walk,
the_temple,lincolns_inn_playhouse,102,46,1660,11,20,walk,Robert Shepley
lincolns_inn_playhouse,father_house,46,174,1660,11,20,walk,
home_seething_lane,old_exchange,788,129,1660,11,22,walk,Elizabeth Pepys
old_exchange,mr_foxs_house,129,381,1660,11,22,coach,Elizabeth Pepys
mr_foxs_house,queens_presence_chamber,381,636,1660,11,22,walk,Elizabeth Pepys
queens_presence_chamber,mr_foxs_house,636,381,1660,11,22,walk,Elizabeth Pepys
mr_foxs_house,maypole_strand,381,34,1660,11,22,coach,Elizabeth Pepys
maypole_strand,lincolns_inn_playhouse,34,46,1660,11,22,walk,
lincolns_inn_playhouse,my_lords_lodgings,46,650,1660,11,22,walk,
dolphin_tavern,home_seething_lane,149,788,1660,11,24,walk,
parish_church,temple_church,544,567,1660,11,25,walk,
temple_church,father_house,567,174,1660,11,25,walk,
navy_office,home_seething_lane,422,788,1660,11,26,walk,
whitehall,great_wardrobe,642,576,1660,11,27,walk,
great_wardrobe,westminster_hall,576,610,1660,11,27,walk,
my_lords_lodgings,lincolns_inn_playhouse,650,46,1660,11,27,walk,
lincolns_inn_playhouse,father_house,46,174,1660,11,27,walk,Henry Moore
home_seething_lane,whitehall,788,642,1660,11,28,walk,
whitehall,my_lords_lodgings,642,650,1660,11,28,walk,
home_seething_lane,navy_office,788,422,1660,11,28,walk,
navy_office,home_seething_lane,422,788,1660,11,28,walk,
home_seething_lane,navy_office,788,422,1660,11,29,walk,
navy_office,home_seething_lane,422,788,1660,11,29,walk,
home_seething_lane,navy_office,788,422,1660,11,30,walk,
navy_office,home_seething_lane,422,788,1660,11,30,walk,
home_seething_lane,navy_office,788,422,1660,11,30,walk,
navy_office,home_seething_lane,422,788,1660,12,1,walk,
privy_seal,lord_st_albans_lodgings,465,342,1660,12,1,walk,
lord_st_albans_lodgings,my_lords_lodgings,342,650,1660,12,1,walk,
navy_office,home_seething_lane,422,788,1660,12,4,walk,
home_seething_lane,sir_g_carterets_whitehall,788,125,1660,12,4,walk,
sir_g_carterets_whitehall,my_lords_lodgings,125,650,1660,12,4,walk,
navy_office,home_seething_lane,422,788,1660,12,5,walk,
home_seething_lane,lincolns_inn_playhouse,788,46,1660,12,5,walk,
home_seething_lane,whitefriars,788,193,1660,12,6,boat,Elizabeth Pepys
whitefriars,privy_seal,193,465,1660,12,6,walk,
the_temple,parliament_stairs,102,451,1660,12,6,walk,
parliament_stairs,home_seething_lane,451,788,1660,12,6,boat,
privy_seal,mr_pierce_surgeon_house,465,394,1660,12,8,walk,
mr_pierce_surgeon_house,westminster_hall,394,610,1660,12,8,walk,
home_seething_lane,old_swan,788,444,1660,12,9,walk,
old_swan,whitehall,444,642,1660,12,9,boat,
whitehall,whitehall_chapel,642,619,1660,12,9,walk,
father_house,home_seething_lane,174,788,1660,12,9,walk,
home_seething_lane,cornhill,788,106,1660,12,10,walk,
cornhill,home_seething_lane,106,788,1660,12,10,walk,
home_seething_lane,westminster_hall,788,610,1660,12,10,boat,Elizabeth Pepys
home_seething_lane,coffee_house_cornhill,788,106,1660,12,10,walk,Col. Slingsby
coffee_house_cornhill,sir_w_batten_house,106,514,1660,12,10,walk,
sir_w_batten_house,home_seething_lane,514,788,1660,12,10,walk,
home_seething_lane,woolwich,788,362,1660,12,11,boat,Elizabeth Pepys; Lady Batten
woolwich,whitehall,362,642,1660,12,11,boat,
home_seething_lane,navy_office,788,422,1660,12,12,walk,
navy_office,whitehall,422,642,1660,12,12,walk,
father_house,home_seething_lane,174,788,1660,12,12,coach,
home_seething_lane,sir_w_batten_house,788,514,1660,12,12,walk,
sir_w_batten_house,home_seething_lane,514,788,1660,12,12,walk,
navy_office,coffee_house_cornhill,422,106,1660,12,14,walk,
coffee_house_cornhill,home_seething_lane,106,788,1660,12,14,walk,
navy_office,home_seething_lane,422,788,1660,12,14,walk,
home_seething_lane,my_lords_lodgings,788,650,1660,12,19,walk,
my_lords_lodgings,navy_office,650,422,1660,12,19,walk,
home_seething_lane,whitefriars,788,193,1660,12,21,boat,Elizabeth Pepys
whitefriars,privy_seal,193,465,1660,12,21,walk,
my_lords_lodgings,whitehall,650,642,1660,12,21,walk,
whitehall,my_lords_lodgings,642,650,1660,12,21,walk,
my_lords_lodgings,home_seething_lane,650,788,1660,12,21,walk,
home_seething_lane,navy_office,788,422,1660,12,24,walk,
navy_office,backwells,422,3,1660,12,24,walk,
my_lords_lodgings,father_bowyers_house,650,360,1660,12,26,walk,
father_bowyers_house,home_seething_lane,360,788,1660,12,26,boat,Elizabeth Pepys
home_seething_lane,navy_office,788,422,1660,12,31,walk,
navy_office,home_seething_lane,422,788,1660,12,31,walk,
mr_crews_house,lincolns_inn_playhouse,374,46,1660,12,31,walk,
lincolns_inn_playhouse,my_lords_lodgings,46,650,1660,12,31,walk,
privy_seal,mr_pierce_surgeon_house,465,394,1661,1,1,walk,Henry Moore
mr_pierce_surgeon_house,my_lords_lodgings,394,650,1661,1,2,walk,
my_lords_lodgings,whitehall,650,642,1661,1,2,walk,Edward Montagu
whitehall,lambeth,642,309,1661,1,2,boat,Edward Montagu
lambeth,navy_office,309,422,1661,1,2,boat,
navy_office,westminster_hall,422,610,1661,1,2,boat,
westminster_hall,leg_tavern,610,314,1661,1,2,walk,
leg_tavern,exchequer,314,169,1661,1,2,walk,
exchequer,wills,169,658,1661,1,2,walk,
wills,my_lords_lodgings,658,650,1661,1,2,walk,
exchequer,wills,169,658,1661,1,3,walk,Mr. Spicer
wills,lincolns_inn_playhouse,658,46,1661,1,3,walk,
lincolns_inn_playhouse,father_house,46,174,1661,1,3,walk,
home_seething_lane,navy_office,788,422,1661,1,4,walk,Elizabeth Pepys
navy_office,whitehall,422,642,1661,1,4,walk,
whitehall,jewel_office,642,288,1661,1,4,walk,Henry Moore
jewel_office,home_seething_lane,288,788,1661,1,4,walk,
home_seething_lane,lincolns_inn_playhouse,788,46,1661,1,4,walk,Henry Moore
lincolns_inn_playhouse,hercules_pillars,46,234,1661,1,4,walk,Henry Moore
home_seething_lane,my_lords_lodgings,788,650,1661,1,5,walk,
my_lords_lodgings,westminster_hall,650,610,1661,1,5,walk,
westminster_hall,wills,610,658,1661,1,5,walk,Mr. Spicer
wills,pauls_churchyard,658,546,1661,1,5,coach,
pauls_churchyard,home_seething_lane,546,788,1661,1,5,walk,
home_seething_lane,parish_church,788,544,1661,1,6,walk,Elizabeth Pepys
parish_church,home_seething_lane,544,788,1661,1,6,walk,
home_seething_lane,navy_office,788,422,1661,1,7,walk,Sir W. Pen
navy_office,home_seething_lane,422,788,1661,1,7,walk,
home_seething_lane,lincolns_inn_playhouse,788,46,1661,1,7,walk,Elizabeth Pepys; Tom Pepys
lincolns_inn_playhouse,cousin_stradwicks_house,46,119,1661,1,7,walk,
my_lords_lodgings,lincolns_inn_playhouse,650,46,1661,1,8,coach,Lord Hinchingbroke; Mr. Sidney
lincolns_inn_playhouse,my_lords_lodgings,46,650,1661,1,8,coach,
my_lords_lodgings,cousin_stradwicks_house,650,119,1661,1,8,walk,
cousin_stradwicks_house,tom_pepys_shop,119,121,1661,1,8,walk,
home_seething_lane,sir_w_pen_house,788,516,1661,1,9,walk,
sir_w_pen_house,home_seething_lane,516,788,1661,1,9,walk,
home_seething_lane,hoop_bridge,788,265,1661,1,10,walk,Mr. Hawly
whitehall,mrs_hunts_house,642,388,1661,1,10,walk,
mrs_hunts_house,my_lords_lodgings,388,650,1661,1,10,walk,
my_lords_lodgings,mrs_hunts_house,650,388,1661,1,10,walk,
mrs_hunts_house,uncle_wight_house,388,592,1661,1,10,coach,Elizabeth Pepys
uncle_wight_house,sir_w_pen_house,592,516,1661,1,10,walk,
navy_office,home_seething_lane,422,788,1661,1,11,walk,
home_seething_lane,pauls_churchyard,788,546,1661,1,11,walk,
pauls_churchyard,coffee_house_cornhill,546,106,1661,1,11,walk,
coffee_house_cornhill,home_seething_lane,106,788,1661,1,11,walk,
redriffe,deptford,475,77,1661,1,12,walk,Col. Slingsby; Major Waters
deptford,globe_deptford,77,143,1661,1,12,walk,
globe_deptford,deptford,143,77,1661,1,12,walk,
deptford,mr_davis_house_deptford,77,376,1661,1,12,walk,
mr_davis_house_deptford,deptford_church,376,787,1661,1,13,walk,
deptford_church,globe_deptford,787,143,1661,1,13,walk,
globe_deptford,commissioner_petts_house,143,89,1661,1,13,walk,
commissioner_petts_house,greenwich_church,89,217,1661,1,13,coach,Commissioner Pett
greenwich_church,mr_davis_house_deptford,217,376,1661,1,13,walk,
mr_davis_house_deptford,deptford,376,77,1661,1,14,walk,
deptford,woolwich,77,362,1661,1,14,coach,
woolwich,mr_pett_shipwright,362,393,1661,1,14,walk,
mr_ackworths_house,woolwich,362,362,1661,1,15,walk,
woolwich,mr_ackworths_house,362,362,1661,1,15,walk,
mr_ackworths_house,woolwich_rope_yard,362,88,1661,1,15,walk,
woolwich_rope_yard,blackwall,88,47,1661,1,15,boat,
my_lords_lodgings,westminster_hall,650,610,1661,1,16,walk,
westminster_hall,home_seething_lane,610,788,1661,1,16,boat,
home_seething_lane,southwark,788,526,1661,1,16,walk,
southwark,dartford,526,135,1661,1,16,horse,
dartford,rochester,135,478,1661,1,16,horse,
ship_sovereign,ship_charles,259,242,1661,1,17,boat,Lady Sandwich
home_seething_lane,navy_office,788,422,1661,1,18,walk,
navy_office,father_house,422,174,1661,1,18,walk,
leg_tavern,lincolns_inn_playhouse,314,46,1661,1,19,walk,
lincolns_inn_playhouse,tom_pepys_shop,46,121,1661,1,19,walk,
tom_pepys_shop,home_seething_lane,121,788,1661,1,19,walk,
home_seething_lane,parish_church,788,544,1661,1,20,walk,Elizabeth Pepys
parish_church,home_seething_lane,544,788,1661,1,20,walk,
home_seething_lane,parish_church,788,544,1661,1,20,walk,
parish_church,uncle_wight_house,544,592,1661,1,20,walk,
sir_w_pen_house,home_seething_lane,516,788,1661,1,20,walk,
home_seething_lane,westminster_hall,788,610,1661,1,21,boat,Sir W. Batten
westminster_hall,exchequer,610,169,1661,1,21,walk,
home_seething_lane,navy_office,788,422,1661,1,21,walk,
navy_office,sir_w_pen_house,422,516,1661,1,21,walk,
home_seething_lane,comptrollers_house,788,114,1661,1,22,walk,
comptrollers_house,mercers_chapel,114,355,1661,1,22,coach,
mercers_chapel,home_seething_lane,355,788,1661,1,22,walk,
home_seething_lane,whitehall,788,642,1661,1,22,coach,Elizabeth Pepys
mr_foxs_house,father_bowyers_house,381,360,1661,1,22,walk,
father_bowyers_house,dog_tavern,360,148,1661,1,22,walk,
dog_tavern,mr_foxs_house,148,381,1661,1,22,walk,
home_seething_lane,navy_office,788,422,1661,1,23,coach,
navy_office,gresham_college,422,219,1661,1,23,walk,Mr. Greatorex
gresham_college,home_seething_lane,219,788,1661,1,23,walk,
home_seething_lane,navy_office,788,422,1661,1,25,walk,
navy_office,home_seething_lane,422,788,1661,1,25,walk,
home_seething_lane,parish_church,788,544,1661,1,27,walk,
parish_church,sir_w_pen_house,544,516,1661,1,27,walk,
sir_w_pen_house,sir_w_batten_house,516,514,1661,1,27,walk,
sir_w_batten_house,home_seething_lane,514,788,1661,1,27,walk,Elizabeth Pepys
home_seething_lane,parish_church,788,544,1661,1,27,walk,
parish_church,home_seething_lane,544,788,1661,1,27,walk,
home_seething_lane,navy_office,788,422,1661,1,28,walk,Elizabeth Pepys
navy_office,home_seething_lane,422,788,1661,1,28,walk,
home_seething_lane,fleet_street,788,133,1661,1,28,walk,
fleet_street,mr_crews_house,133,374,1661,1,28,walk,
mr_crews_house,lincolns_inn_playhouse,374,46,1661,1,28,walk,
lincolns_inn_playhouse,mr_crews_house,46,374,1661,1,28,walk,
mr_crews_house,father_house,374,174,1661,1,28,walk,Henry Moore
father_house,standings,174,400,1661,1,28,walk,
home_seething_lane,southwark,788,526,1661,1,29,boat,Henry Moore; Lt. Lambert
southwark,lambeth,526,309,1661,1,29,walk,Henry Moore; Lt. Lambert
home_seething_lane,parish_church,788,544,1661,1,30,walk,
parish_church,home_seething_lane,544,788,1661,1,30,walk,
moorfields,old_james,359,258,1661,1,30,walk,Sir W. Pen
old_james,home_seething_lane,258,788,1661,1,30,walk,
my_lords_lodgings,lincolns_inn_playhouse,650,46,1661,1,31,walk,
lincolns_inn_playhouse,father_house,46,174,1661,1,31,walk,
home_seething_lane,sir_g_carterets_whitehall,788,125,1661,2,2,walk,
sir_g_carterets_whitehall,home_seething_lane,125,788,1661,2,2,walk,
home_seething_lane,sir_w_pen_house,788,516,1661,2,2,walk,
sir_w_pen_house,home_seething_lane,516,788,1661,2,2,walk,
home_seething_lane,savoy_church,788,493,1661,2,3,walk,
home_seething_lane,whitehall,788,642,1661,2,4,walk,Sir W. Pen
whitehall,home_seething_lane,642,788,1661,2,4,walk,Sir W. Pen
home_seething_lane,dolphin_tavern,788,149,1661,2,4,walk,
dolphin_tavern,sir_w_batten_house,149,514,1661,2,4,walk,
sir_w_batten_house,home_seething_lane,514,788,1661,2,4,walk,
westminster_hall,wills,610,658,1661,2,5,walk,
wills,mrs_michells_shop,658,444,1661,2,5,walk,
mrs_michells_shop,dog_tavern,444,148,1661,2,5,walk,
dog_tavern,lincolns_inn_playhouse,148,46,1661,2,5,coach,Elizabeth Pepys
lincolns_inn_playhouse,home_seething_lane,46,788,1661,2,5,coach,Elizabeth Pepys
navy_office,home_seething_lane,422,788,1661,2,6,walk,
my_lords_lodgings,navy_office,650,422,1661,2,7,walk,
navy_office,sir_w_batten_house,422,514,1661,2,7,walk,
home_seething_lane,navy_office,788,422,1661,2,8,walk,
navy_office,royal_exchange,422,789,1661,2,8,walk,
home_seething_lane,navy_office,788,422,1661,2,11,walk,
navy_office,exchequer,422,169,1661,2,11,walk,
exchequer,whitehall,169,642,1661,2,11,walk,Mr. Warren
mr_crews_house,father_house,374,174,1661,2,11,walk,Henry Moore
father_house,home_seething_lane,174,788,1661,2,11,walk,
salisbury_court_playhouse,lincolns_inn_playhouse,488,46,1661,2,12,coach,John Creed
lincolns_inn_playhouse,temple_bar,46,102,1661,2,12,walk,John Creed
temple_bar,home_seething_lane,102,788,1661,2,12,walk,
home_seething_lane,navy_office,788,422,1661,2,13,walk,
navy_office,whitehall,422,642,1661,2,13,coach,Sir W. Pen
home_seething_lane,sir_w_batten_house,788,514,1661,2,14,walk,
sir_w_batten_house,deptford,514,77,1661,2,14,boat,Sir W. Batten; Sir W. Pen; Elizabeth Pepys
deptford,woolwich,77,362,1661,2,14,boat,
woolwich,ship_rose_bush,362,483,1661,2,14,boat,Elizabeth Pepys
ship_rose_bush,home_seething_lane,483,788,1661,2,14,boat,Elizabeth Pepys
my_lords_lodgings,lincolns_inn_playhouse,650,46,1661,2,16,walk,
lincolns_inn_playhouse,home_seething_lane,46,788,1661,2,16,walk,
home_seething_lane,parish_church,788,544,1661,2,17,walk,
parish_church,my_lords_lodgings,544,650,1661,2,17,walk,
home_seething_lane,navy_office,788,422,1661,2,18,walk,Sir W. Pen
navy_office,home_seething_lane,422,788,1661,2,18,walk,
royal_exchange,lombard_street,789,485,1661,2,18,walk,Elizabeth Pepys
lombard_street,home_seething_lane,485,788,1661,2,18,walk,Elizabeth Pepys
home_seething_lane,sir_w_pen_house,788,516,1661,2,18,walk,
sir_w_pen_house,home_seething_lane,516,788,1661,2,18,walk,
home_seething_lane,whitehall,788,642,1661,2,19,coach,Col. Slingsby; Mrs. Turner
my_lords_lodgings,navy_office,650,422,1661,2,19,walk,
navy_office,home_seething_lane,422,788,1661,2,19,walk,
navy_office,home_seething_lane,422,788,1661,2,20,walk,
home_seething_lane,my_lords_lodgings,788,650,1661,2,21,coach,Sir W. Pen
my_lords_lodgings,westminster_hall,650,610,1661,2,21,walk,
westminster_hall,wills,610,658,1661,2,21,walk,Mr. Hawly
wills,home_seething_lane,658,788,1661,2,21,coach,
home_seething_lane,navy_office,788,422,1661,2,22,walk,
navy_office,father_house,422,174,1661,2,22,walk,Elizabeth Pepys
mrs_turner_house,home_seething_lane,419,788,1661,2,22,coach,Elizabeth Pepys
home_seething_lane,sir_w_batten_house,788,514,1661,2,22,walk,
sir_w_batten_house,home_seething_lane,514,788,1661,2,22,walk,
home_seething_lane,navy_office,788,422,1661,2,23,walk,Elizabeth Pepys
navy_office,backwells,422,3,1661,2,23,walk,
backwells,steelyard,3,555,1661,2,23,walk,Mr. Hartlib
steelyard,whitehall,555,642,1661,2,23,boat,
home_seething_lane,parish_church,788,544,1661,2,24,walk,
parish_church,sir_w_batten_house,544,514,1661,2,24,walk,
sir_w_batten_house,home_seething_lane,514,788,1661,2,24,walk,
home_seething_lane,parish_church,788,544,1661,2,24,walk,
parish_church,home_seething_lane,544,788,1661,2,24,walk,
my_lords_lodgings,mr_mounts_chamber,650,204,1661,2,25,walk,
my_lords_lodgings,navy_office,650,422,1661,2,25,boat,
navy_office,home_seething_lane,422,788,1661,2,25,walk,
mrs_turner_house,cousin_tom_pepys_house,419,120,1661,2,26,walk,Henry Moore
cousin_tom_pepys_house,mrs_turner_house,120,419,1661,2,26,walk,
mrs_turner_house,bishopsgate_street,419,44,1661,2,26,walk,
bishopsgate_street,home_seething_lane,44,788,1661,2,26,coach,Elizabeth Pepys
home_seething_lane,sir_w_batten_house,788,514,1661,2,26,walk,
sir_w_batten_house,dolphin_tavern,514,149,1661,2,26,walk,
dolphin_tavern,home_seething_lane,149,788,1661,2,26,walk,
navy_office,home_seething_lane,422,788,1661,2,27,walk,
home_seething_lane,mr_rawlinsons_house,788,396,1661,2,27,walk,John Pepys Sr.
mr_rawlinsons_house,pauls_churchyard,396,546,1661,2,27,walk,John Pepys Sr.
home_seething_lane,my_lords_lodgings,788,650,1661,2,28,walk,
my_lords_lodgings,queenhithe,650,470,1661,2,28,boat,Captain Cuttance
queenhithe,redriffe,470,475,1661,2,28,boat,Captain Cuttance
redriffe,deptford,475,77,1661,2,28,walk,Captain Cuttance
deptford,redriffe,77,475,1661,2,28,walk,Lady Batten
navy_office,home_seething_lane,422,788,1661,3,1,walk,
home_seething_lane,whitefriars_playhouse,788,614,1661,3,1,walk,Robert Shepley
mr_crews_house,lincolns_inn_playhouse,374,46,1661,3,2,walk,
lincolns_inn_playhouse,salisbury_court_playhouse,46,488,1661,3,2,walk,
home_seething_lane,parish_church,788,544,1661,3,3,walk,
parish_church,my_lords_lodgings,544,650,1661,3,3,walk,
my_lords_lodgings,navy_office,650,422,1661,3,4,walk,
whitehall,sir_w_batten_house,642,514,1661,3,4,walk,
sir_w_batten_house,home_seething_lane,514,788,1661,3,4,walk,
my_lords_lodgings,father_bowyers_house,650,360,1661,3,5,walk,Elizabeth Pepys
father_bowyers_house,home_seething_lane,360,788,1661,3,5,coach,Elizabeth Pepys
home_seething_lane,navy_office,788,422,1661,3,5,walk,
home_seething_lane,navy_office,788,422,1661,3,6,walk,
navy_office,sir_w_batten_house,422,514,1661,3,6,walk,
home_seething_lane,whitehall,788,642,1661,3,7,walk,
whitehall,my_lords_lodgings,642,650,1661,3,7,walk,
home_seething_lane,navy_office,788,422,1661,3,8,coach,
navy_office,tower,422,583,1661,3,8,coach,Sir W. Batten; Col. Slingsby
tower,home_seething_lane,583,788,1661,3,8,coach,Sir W. Batten
whitehall,st_james_park,642,541,1661,3,9,walk,John Creed
st_james_park,my_lords_lodgings,541,650,1661,3,9,walk,
home_seething_lane,parish_church,788,544,1661,3,10,walk,
parish_church,home_seething_lane,544,788,1661,3,10,walk,
navy_office,home_seething_lane,422,788,1661,3,11,walk,
home_seething_lane,lincolns_inn_playhouse,788,46,1661,3,11,walk,
lincolns_inn_playhouse,home_seething_lane,46,788,1661,3,11,walk,
home_seething_lane,navy_office,788,422,1661,3,12,walk,
navy_office,royal_exchange,422,789,1661,3,12,walk,
fleece_tavern,home_seething_lane,180,788,1661,3,12,walk,
home_seething_lane,guildhall,788,222,1661,3,12,walk,
my_lords_lodgings,lincolns_inn_playhouse,650,46,1661,3,14,walk,John Creed
lincolns_inn_playhouse,cock_alehouse,46,102,1661,3,14,walk,John Creed
home_seething_lane,navy_office,788,422,1661,3,15,walk,
navy_office,dolphin_tavern,422,149,1661,3,15,walk,
home_seething_lane,sir_w_pen_house,788,516,1661,3,16,walk,
sir_w_pen_house,whitehall,516,642,1661,3,16,walk,
home_seething_lane,navy_office,788,422,1661,3,18,walk,Sir W. Pen
navy_office,home_seething_lane,422,788,1661,3,18,walk,
home_seething_lane,westminster_hall,788,610,1661,3,18,walk,Elizabeth Pepys
westminster_hall,home_seething_lane,610,788,1661,3,18,walk,Elizabeth Pepys
home_seething_lane,sir_w_batten_house,788,514,1661,3,18,walk,
home_seething_lane,navy_office,788,422,1661,3,19,walk,
navy_office,whitehall,422,642,1661,3,19,walk,
home_seething_lane,whitehall,788,642,1661,3,20,walk,
whitehall,home_seething_lane,642,788,1661,3,20,boat,Sir W. Pen
home_seething_lane,sir_w_batten_house,788,514,1661,3,20,walk,
sir_w_batten_house,home_seething_lane,514,788,1661,3,20,walk,
dartford,deptford,135,77,1661,3,22,coach,Sir W. Batten; Sir W. Pen
deptford,sir_w_batten_house,77,514,1661,3,22,coach,
sir_w_batten_house,home_seething_lane,514,788,1661,3,22,walk,
home_seething_lane,charterhouse_yard,788,88,1661,3,23,walk,
charterhouse_yard,red_bull_playhouse,88,473,1661,3,23,walk,
red_bull_playhouse,mitre_tavern,473,358,1661,3,23,walk,
mitre_tavern,home_seething_lane,358,788,1661,3,23,walk,
sir_w_batten_house,home_seething_lane,514,788,1661,3,24,walk,
navy_office,home_seething_lane,422,788,1661,3,25,walk,
home_seething_lane,whitehall,788,642,1661,3,25,boat,Mr. Salisbury
whitehall,salisbury_court_playhouse,642,488,1661,3,25,boat,Captain Ferrers
home_seething_lane,cousin_tom_pepys_house,788,120,1661,3,28,coach,John Creed
my_lords_lodgings,lincolns_inn_playhouse,650,46,1661,3,28,walk,Robert Shepley
lincolns_inn_playhouse,home_seething_lane,46,788,1661,3,28,coach,
home_seething_lane,navy_office,788,422,1661,3,29,walk,
home_seething_lane,sir_w_batten_house,788,514,1661,3,29,walk,
sir_w_batten_house,home_seething_lane,514,788,1661,3,29,walk,
home_seething_lane,navy_office,788,422,1661,3,30,walk,
navy_office,whitehall,422,642,1661,3,30,boat,
home_seething_lane,parish_church,788,544,1661,3,31,walk,
parish_church,father_house,544,174,1661,3,31,walk,
mrs_turner_house,home_seething_lane,419,788,1661,3,31,walk,
home_seething_lane,parish_church,788,544,1661,3,31,walk,
parish_church,home_seething_lane,544,788,1661,3,31,walk,
home_seething_lane,navy_office,788,422,1661,4,5,walk,
navy_office,sir_w_pen_house,422,516,1661,4,5,walk,
sir_w_batten_house,home_seething_lane,514,788,1661,4,5,walk,
home_seething_lane,st_pauls,788,545,1661,4,7,walk,
father_house,sir_w_batten_house,174,514,1661,4,7,walk,
sir_w_batten_house,home_seething_lane,514,788,1661,4,7,walk,
hill_house_chatham,chatham_dock,91,74,1661,4,9,coach,Sir W. Batten
chatham_dock,hill_house_chatham,74,91,1661,4,9,coach,
hill_house_chatham,ship_sovereign,91,259,1661,4,9,boat,Mrs. Turner; Captain Pett
ship_sovereign,hill_house_chatham,259,91,1661,4,9,boat,
hill_house_chatham,mr_pett_builder,91,89,1661,4,10,walk,
mr_pett_builder,commissioner_petts_house,89,89,1661,4,10,walk,
commissioner_petts_house,ship_prince,89,256,1661,4,10,walk,
ship_prince,hill_house_chatham,256,91,1661,4,10,walk,
hill_house_chatham,rochester,91,478,1661,4,10,walk,
rochester,rochester_cathedral,478,481,1661,4,10,walk,
hempsons_house,captain_allens_house,385,74,1661,4,10,walk,
captain_allens_house,hill_house_chatham,74,91,1661,4,10,walk,
hill_house_chatham,rochester,91,478,1661,4,11,coach,Sir W. Batten; Lady Batten; Mrs. Turner
rochester,dartford,478,135,1661,4,11,coach,
navy_office,sir_w_batten_house,422,514,1661,4,12,walk,
sir_w_batten_house,home_seething_lane,514,788,1661,4,12,walk,
home_seething_lane,tower_wharf,788,586,1661,4,13,walk,
tower_wharf,whitehall,586,642,1661,4,13,boat,Sir W. Pen
my_lords_lodgings,wapping,650,604,1661,4,13,coach,Sir W. Pen
wapping,dolphin_tavern,604,149,1661,4,13,walk,Sir W. Pen
home_seething_lane,ludgate_church,788,347,1661,4,14,walk,
ludgate_church,father_house,347,174,1661,4,14,walk,
father_house,temple_church,174,567,1661,4,14,walk,
temple_church,my_lords_lodgings,567,650,1661,4,14,walk,Henry Moore
home_seething_lane,tower,788,583,1661,4,16,walk,
tower,deptford,583,77,1661,4,16,boat,Mr. Coventry
deptford,commissioner_petts_house,77,89,1661,4,16,walk,
commissioner_petts_house,globe_deptford,89,143,1661,4,16,walk,
globe_deptford,sir_w_batten_house,143,514,1661,4,16,boat,
sir_w_batten_house,home_seething_lane,514,788,1661,4,16,walk,
home_seething_lane,father_house,788,174,1661,4,16,walk,
father_house,home_seething_lane,174,788,1661,4,17,walk,
sir_w_batten_house,mitre_tavern,514,358,1661,4,17,walk,
home_seething_lane,navy_office,788,422,1661,4,19,walk,Sir W. Batten
navy_office,sir_w_batten_house,422,514,1661,4,19,walk,
sir_w_batten_house,mitre_tavern,514,358,1661,4,19,walk,
mitre_tavern,whitehall,358,642,1661,4,19,boat,
whitehall,father_house,642,174,1661,4,19,walk,
father_house,home_seething_lane,174,788,1661,4,20,boat,
whitehall,privy_seal,642,465,1661,4,20,walk,
privy_seal,my_lords_lodgings,465,650,1661,4,20,walk,
my_lords_lodgings,banqueting_house,650,20,1661,4,20,walk,
banqueting_house,my_lords_lodgings,20,650,1661,4,20,walk,
cockpit_theatre,harpers,104,231,1661,4,20,walk,John Creed
harpers,mr_creeds_lodging,231,128,1661,4,20,walk,John Creed
mr_creeds_lodging,father_house,128,174,1661,4,21,walk,
mr_youngs_house,whitehall,676,642,1661,4,22,boat,
whitehall,my_lords_lodgings,642,650,1661,4,22,walk,
westminster_hall,father_bowyers_house,610,360,1661,4,23,walk,Elizabeth Pepys
father_bowyers_house,king_street,360,7,1661,4,23,walk,
king_street,harpers,7,231,1661,4,23,walk,
harpers,father_bowyers_house,231,360,1661,4,23,walk,
father_bowyers_house,home_axe_yard,360,264,1661,4,23,walk,Elizabeth Pepys; Mrs. Frankleyn
home_axe_yard,mrs_hunts_house,264,388,1661,4,23,walk,Elizabeth Pepys
my_lords_lodgings,mrs_hunts_house,650,388,1661,4,24,walk,
mrs_hunts_house,st_pauls,388,545,1661,4,24,coach,Elizabeth Pepys; Mrs. Frankleyn
st_pauls,home_seething_lane,545,788,1661,4,24,coach,Elizabeth Pepys
home_seething_lane,sir_w_batten_house,788,514,1661,4,24,walk,
sir_w_batten_house,home_seething_lane,514,788,1661,4,24,walk,
home_seething_lane,navy_office,788,422,1661,4,26,walk,
navy_office,home_seething_lane,422,788,1661,4,26,walk,
home_seething_lane,my_lords_lodgings,788,650,1661,4,27,walk,
my_lords_lodgings,lincolns_inn_playhouse,650,46,1661,4,27,walk,John Creed; Captain Ferrers
lincolns_inn_playhouse,cock_alehouse,46,102,1661,4,27,walk,
whitehall,my_lords_lodgings,642,650,1661,4,29,walk,
my_lords_lodgings,whitehall,650,642,1661,4,29,walk,
portsmouth,red_lyon_portsmouth,461,461,1661,5,1,walk,
red_lyon_portsmouth,portsmouth_dock,461,461,1661,5,2,walk,
portsmouth_dock,ship_montagu,461,250,1661,5,2,boat,Elizabeth Pepys
red_lyon_portsmouth,portsmouth_dock,461,461,1661,5,2,walk,John Creed
portsmouth_dock,red_lyon_portsmouth,461,461,1661,5,2,walk,
red_lyon_portsmouth,portsmouth,461,461,1661,5,3,walk,John Creed
whitehall,great_wardrobe,642,576,1661,5,7,walk,
home_seething_lane,sir_w_batten_house,788,514,1661,5,7,walk,
sir_w_batten_house,home_seething_lane,514,788,1661,5,7,walk,
home_seething_lane,sir_w_batten_house,788,514,1661,5,10,walk,
sir_w_batten_house,home_seething_lane,514,788,1661,5,10,walk,
savoy_church,grays_inn,493,204,1661,5,12,walk,John Creed
grays_inn,islington,204,282,1661,5,12,walk,John Creed
home_seething_lane,navy_office,788,422,1661,5,13,walk,
whitehall,mitre_tavern,642,358,1661,5,14,walk,Robert Shepley
home_seething_lane,navy_office,788,422,1661,5,15,walk,
navy_office,home_seething_lane,422,788,1661,5,15,walk,
home_seething_lane,savoy_lords,788,492,1661,5,16,boat,
savoy_lords,lincolns_inn_playhouse,492,46,1661,5,16,walk,
lincolns_inn_playhouse,great_wardrobe,46,576,1661,5,16,walk,John Creed
home_seething_lane,tower,788,583,1661,5,18,walk,
tower,westminster_hall,583,610,1661,5,18,boat,
westminster_hall,home_seething_lane,610,788,1661,5,18,boat,John Creed
my_lords_lodgings,crown_wilkinsons,650,656,1661,5,19,walk,Captain Ferrers; William Howe
crown_wilkinsons,my_lords_lodgings,656,650,1661,5,19,walk,
home_seething_lane,woolwich,788,362,1661,5,21,boat,Sir R. Slingsby
woolwich,deptford,362,77,1661,5,21,boat,
deptford,the_temple,77,102,1661,5,21,boat,
the_temple,father_house,102,174,1661,5,21,walk,
home_seething_lane,westminster_hall,788,610,1661,5,22,boat,William Howe
westminster_hall,great_wardrobe,610,576,1661,5,22,boat,
home_seething_lane,whitehall,788,642,1661,5,23,walk,
whitehall,rhenish_wine_house,642,476,1661,5,23,walk,Robert Shepley; Henry Moore
navy_office,home_seething_lane,422,788,1661,5,23,walk,
home_seething_lane,navy_office,788,422,1661,5,24,walk,
navy_office,great_wardrobe,422,576,1661,5,24,walk,
home_seething_lane,the_temple,788,102,1661,5,25,walk,
the_temple,lincolns_inn_playhouse,102,46,1661,5,25,walk,
lincolns_inn_playhouse,pauls_churchyard,46,546,1661,5,25,walk,
home_seething_lane,parish_church,788,544,1661,5,26,walk,
parish_church,mitre_tavern,544,358,1661,5,26,walk,
home_seething_lane,parish_church,788,544,1661,5,26,walk,
parish_church,home_seething_lane,544,788,1661,5,26,walk,
great_wardrobe,westminster_hall,576,610,1661,5,27,boat,Edward Montagu; Lord Hinchingbroke
westminster_hall,leg_tavern,610,314,1661,5,27,walk,
star_cheapside,home_seething_lane,553,788,1661,5,28,walk,
home_seething_lane,sir_w_pen_house,788,516,1661,5,28,walk,
sir_w_pen_house,home_seething_lane,516,788,1661,5,28,walk,
home_seething_lane,sir_w_batten_country,788,601,1661,5,29,coach,Sir W. Pen
great_wardrobe,the_temple,576,102,1661,5,30,walk,Henry Moore
the_temple,mr_greatorex_house,102,383,1661,5,30,walk,
mr_greatorex_house,arundel_house,383,9,1661,5,30,walk,Mr. Greatorex
arundel_house,milford_stairs,9,578,1661,5,30,walk,
milford_stairs,home_seething_lane,578,788,1661,5,30,boat,
home_seething_lane,navy_office,788,422,1661,5,30,walk,
navy_office,coffee_house_cornhill,422,106,1661,5,30,walk,
coffee_house_cornhill,home_seething_lane,106,788,1661,5,30,walk,
father_house,navy_office,174,422,1661,5,31,walk,
home_seething_lane,woolwich,788,362,1661,6,1,boat,Sir W. Pen; Mr. Gawden
woolwich,deptford,362,77,1661,6,1,boat,
deptford,redriffe,77,475,1661,6,1,walk,
home_seething_lane,parish_church,788,544,1661,6,2,walk,
parish_church,home_seething_lane,544,788,1661,6,2,walk,
great_wardrobe,whitehall,576,642,1661,6,3,boat,Edward Montagu
whitehall,home_seething_lane,642,788,1661,6,3,walk,John Creed
tower,bear_bridge_foot,583,32,1661,6,3,walk,
bear_bridge_foot,great_wardrobe,32,576,1661,6,3,walk,
home_seething_lane,bankside,788,19,1661,6,4,boat,
bankside,the_temple,19,102,1661,6,4,walk,
the_temple,father_house,102,174,1661,6,4,walk,
lord_crews_house,lincolns_inn_playhouse,337,46,1661,6,4,walk,
lincolns_inn_playhouse,southwark,46,526,1661,6,4,walk,
southwark,home_seething_lane,526,788,1661,6,4,walk,
home_seething_lane,great_wardrobe,788,576,1661,6,5,walk,
great_wardrobe,whitehall,576,642,1661,6,5,walk,
whitehall,navy_office,642,422,1661,6,5,walk,
greenwich,globe_greenwich,212,143,1661,6,6,walk,
globe_greenwich,captain_lamberts_house,143,78,1661,6,6,walk,
captain_lamberts_house,bridewell,78,56,1661,6,6,walk,Captain Lambert
bridewell,mr_hollands_house,56,56,1661,6,6,walk,
home_seething_lane,whitehall,788,642,1661,6,7,walk,
whitehall,great_wardrobe,642,576,1661,6,7,walk,
lincolns_inn_playhouse,temple_bar,46,102,1661,6,8,walk,John Creed
home_seething_lane,great_wardrobe,788,576,1661,6,9,walk,Elizabeth Pepys
great_wardrobe,mr_pierce_surgeon_house,576,394,1661,6,9,walk,
great_wardrobe,navy_office,576,422,1661,6,10,walk,
navy_office,home_seething_lane,422,788,1661,6,10,walk,
home_seething_lane,navy_office,788,422,1661,6,11,walk,
navy_office,home_seething_lane,422,788,1661,6,11,walk,
great_wardrobe,home_seething_lane,576,788,1661,6,12,walk,
whitehall,lambeth,642,309,1661,6,12,boat,Captain Ferrers
lambeth,three_mariners,309,579,1661,6,12,walk,
three_mariners,home_seething_lane,579,788,1661,6,12,boat,
home_seething_lane,backwells,788,3,1661,6,13,walk,
backwells,great_wardrobe,3,576,1661,6,13,walk,
great_wardrobe,whitehall,576,642,1661,6,13,walk,Edward Montagu
whitehall,deptford,642,77,1661,6,13,boat,Edward Montagu
deptford,erith,77,165,1661,6,13,boat,Edward Montagu; William Howe; Captain Ferrers
erith,greenwich,165,212,1661,6,13,boat,Captain Ferrers
greenwich,woolwich,212,362,1661,6,13,walk,
woolwich,mr_falconers_house,362,380,1661,6,13,walk,
home_seething_lane,whitehall,788,642,1661,6,14,walk,
whitehall,father_house,642,174,1661,6,14,walk,
home_seething_lane,sir_w_pen_house,788,516,1661,6,17,walk,
samson_tavern,home_seething_lane,490,788,1661,6,21,walk,
home_seething_lane,exchequer,788,169,1661,6,21,walk,
home_seething_lane,navy_office,788,422,1661,6,21,walk,
navy_office,home_seething_lane,422,788,1661,6,21,walk,
lord_crews_house,lincolns_inn_playhouse,337,46,1661,6,22,walk,
parish_church,grays_inn,544,204,1661,6,23,walk,
grays_inn,islington,204,282,1661,6,23,walk,
home_seething_lane,westminster_hall,788,610,1661,6,26,walk,
westminster_hall,great_wardrobe,610,576,1661,6,26,walk,
great_wardrobe,father_house,576,174,1661,6,26,coach,
home_seething_lane,lincolns_inn_playhouse,788,46,1661,6,27,coach,Lady Batten; Mrs. Rebecca Allen
lincolns_inn_playhouse,sir_w_batten_house,46,514,1661,6,27,coach,
navy_office,moorfields,422,359,1661,6,28,coach,Sir W. Pen
home_seething_lane,deptford,788,77,1661,6,29,boat,Sir W. Batten; Sir W. Pen
deptford,home_seething_lane,77,788,1661,6,29,boat,
parish_church,sir_w_batten_house,544,514,1661,6,30,walk,
sir_w_batten_house,parish_church,514,544,1661,6,30,walk,
parish_church,whitehall,544,642,1661,6,30,boat,Sir W. Batten; Sir W. Pen
whitehall,grays_inn,642,204,1661,6,30,walk,
grays_inn,home_seething_lane,204,788,1661,6,30,walk,
westminster_hall,davenants_opera,610,428,1661,7,2,coach,
davenants_opera,home_seething_lane,428,788,1661,7,2,walk,
home_seething_lane,great_wardrobe,788,576,1661,7,3,walk,
great_wardrobe,westminster_hall,576,610,1661,7,3,walk,
westminster_hall,great_wardrobe,610,576,1661,7,3,walk,
home_seething_lane,lincolns_inn_playhouse,788,46,1661,7,4,walk,
lincolns_inn_playhouse,father_house,46,174,1661,7,4,walk,
uncle_wight_house,st_martins,592,354,1661,7,6,walk,
st_martins,brampton,354,51,1661,7,6,horse,
huntingdon,brampton,270,51,1661,7,20,walk,
hatfield,smithfield,232,522,1661,7,22,horse,
smithfield,uncle_fenner_house,522,591,1661,7,22,walk,
uncle_fenner_house,father_house,591,174,1661,7,22,walk,
father_house,great_wardrobe,174,576,1661,7,22,walk,
great_wardrobe,home_seething_lane,576,788,1661,7,22,walk,
westminster_hall,lincolns_inn_playhouse,610,46,1661,7,23,walk,
lincolns_inn_playhouse,father_house,46,174,1661,7,23,walk,
whitehall,cousin_tom_pepys_house,642,120,1661,7,24,walk,
cousin_tom_pepys_house,great_wardrobe,120,576,1661,7,24,walk,
great_wardrobe,navy_office,576,422,1661,7,24,walk,
navy_office,home_seething_lane,422,788,1661,7,24,walk,
home_seething_lane,royal_exchange,788,789,1661,7,25,walk,
father_house,home_seething_lane,174,788,1661,7,25,walk,
home_seething_lane,lincolns_inn_playhouse,788,46,1661,7,25,walk,Henry Moore
lincolns_inn_playhouse,home_seething_lane,46,788,1661,7,25,walk,
popes_head,navy_office,459,422,1661,7,26,walk,
navy_office,home_seething_lane,422,788,1661,7,26,walk,
home_seething_lane,whitehall,788,642,1661,7,27,walk,
whitehall,westminster_hall,642,610,1661,7,27,walk,
parish_church,home_seething_lane,544,788,1661,7,28,walk,
parish_church,sir_w_pen_house,544,516,1661,7,28,walk,
sir_w_pen_house,home_seething_lane,516,788,1661,7,28,walk,
navy_office,home_seething_lane,422,788,1661,7,29,walk,
home_seething_lane,sir_r_fords_house,788,510,1661,7,29,walk,Sir R. Slingsby
navy_office,father_house,422,174,1661,7,29,walk,
father_house,home_seething_lane,174,788,1661,7,29,walk,
home_seething_lane,westminster_hall,788,610,1661,7,30,walk,
navy_office,hercules_pillars,422,234,1661,7,30,walk,
home_seething_lane,navy_office,788,422,1661,7,31,walk,
navy_office,lincolns_inn_playhouse,422,46,1661,7,31,walk,
lincolns_inn_playhouse,home_seething_lane,46,788,1661,7,31,walk,
home_seething_lane,sir_w_batten_country,788,601,1661,8,1,coach,Sir W. Batten; Sir W. Pen; Elizabeth Pepys; Mrs. Margaret Pen
hatfield,smithfield,232,522,1661,8,7,horse,
smithfield,uncle_fenner_house,522,591,1661,8,7,walk,
uncle_fenner_house,father_house,591,174,1661,8,7,walk,
father_house,great_wardrobe,174,576,1661,8,7,walk,
great_wardrobe,home_seething_lane,576,788,1661,8,7,walk,
navy_office,mr_pierce_purser_house,422,394,1661,8,9,walk,
mr_pierce_purser_house,navy_office,394,422,1661,8,9,walk,
navy_office,home_seething_lane,422,788,1661,8,9,walk,
home_seething_lane,whitehall,788,642,1661,8,9,walk,
whitehall,mrs_pierce_house,642,418,1661,8,9,walk,
mrs_pierce_house,father_house,418,174,1661,8,9,coach,
father_house,home_seething_lane,174,788,1661,8,9,coach,
home_seething_lane,coffee_house_cornhill,788,106,1661,8,10,walk,John Pepys Sr.
coffee_house_cornhill,great_wardrobe,106,576,1661,8,10,walk,
great_wardrobe,lincolns_inn_playhouse,576,46,1661,8,10,walk,Captain Ferrers
lincolns_inn_playhouse,home_seething_lane,46,788,1661,8,10,boat,
clerkenwell_church,grays_inn,99,204,1661,8,11,walk,
grays_inn,father_house,204,174,1661,8,11,walk,
home_seething_lane,navy_office,788,422,1661,8,12,walk,
navy_office,lord_crews_house,422,337,1661,8,12,walk,
lord_crews_house,great_wardrobe,337,576,1661,8,12,walk,
home_seething_lane,privy_seal,788,465,1661,8,13,walk,
privy_seal,great_wardrobe,465,576,1661,8,13,walk,
great_wardrobe,lincolns_inn_playhouse,576,46,1661,8,14,walk,Captain Ferrers
lincolns_inn_playhouse,st_pauls,46,545,1661,8,14,coach,Sir W. Pen
st_pauls,dolphin_tavern,545,149,1661,8,14,walk,Sir W. Pen
home_seething_lane,privy_seal,788,465,1661,8,15,walk,
privy_seal,st_pauls,465,545,1661,8,15,walk,Sir W. Pen
st_pauls,great_wardrobe,545,576,1661,8,15,walk,
great_wardrobe,davenants_opera,576,428,1661,8,15,walk,Captain Ferrers
davenants_opera,dolphin_tavern,428,149,1661,8,15,walk,Sir W. Pen
dolphin_tavern,home_seething_lane,149,788,1661,8,15,walk,
home_seething_lane,navy_office,788,422,1661,8,16,walk,
navy_office,home_seething_lane,422,788,1661,8,16,walk,
home_seething_lane,shoe_lane,788,500,1661,8,16,walk,John Pepys Sr.
shoe_lane,home_seething_lane,500,788,1661,8,16,walk,
home_seething_lane,privy_seal,788,465,1661,8,17,walk,
privy_seal,st_james_park,465,541,1661,8,17,walk,
great_wardrobe,davenants_opera,576,428,1661,8,17,walk,Captain Ferrers
davenants_opera,devils_tavern,428,146,1661,8,17,walk,
home_seething_lane,parish_church,788,544,1661,8,18,walk,
parish_church,home_seething_lane,544,788,1661,8,18,walk,
home_seething_lane,navy_office,788,422,1661,8,19,walk,
navy_office,home_seething_lane,422,788,1661,8,19,walk,
chelsea,westminster_hall,93,610,1661,8,19,walk,Henry Moore
westminster_hall,home_seething_lane,610,788,1661,8,19,walk,
home_seething_lane,navy_office,788,422,1661,8,20,walk,
navy_office,home_seething_lane,422,788,1661,8,20,walk,
father_house,mrs_terrys_house,174,770,1661,8,21,walk,John Pepys Sr.
mrs_terrys_house,will_joyces_house,770,8,1661,8,21,walk,
privy_seal,uncle_fenner_house,465,591,1661,8,22,coach,Elizabeth Pepys
dr_williams_house,will_joyces_house,152,8,1661,8,23,walk,
will_joyces_house,davenants_opera,8,428,1661,8,23,walk,Elizabeth Pepys
davenants_opera,great_wardrobe,428,576,1661,8,23,walk,
mitre_tavern,davenants_opera,358,428,1661,8,24,walk,
davenants_opera,sampson_pauls,428,490,1661,8,24,walk,Mr. Spong
home_seething_lane,parish_church,788,544,1661,8,25,walk,
parish_church,home_seething_lane,544,788,1661,8,25,walk,
father_house,great_wardrobe,174,576,1661,8,26,walk,
great_wardrobe,lincolns_inn_playhouse,576,46,1661,8,26,walk,
lincolns_inn_playhouse,devils_tavern,46,146,1661,8,26,walk,
cousin_tom_pepys_house,lincolns_inn_playhouse,120,46,1661,8,27,walk,Elizabeth Pepys
lincolns_inn_playhouse,father_house,46,174,1661,8,27,walk,
home_seething_lane,royal_exchange,788,789,1661,8,28,walk,
home_seething_lane,navy_office,788,422,1661,8,29,walk,
navy_office,home_seething_lane,422,788,1661,8,29,walk,
home_seething_lane,uncle_fenner_house,788,591,1661,8,29,walk,
uncle_fenner_house,father_house,591,174,1661,8,29,walk,John Pepys Sr.
father_house,home_seething_lane,174,788,1661,8,29,walk,
home_seething_lane,navy_office,788,422,1661,8,31,walk,
navy_office,home_seething_lane,422,788,1661,8,31,walk,
home_seething_lane,bartholomew_fair,788,27,1661,8,31,walk,
bartholomew_fair,christs_hospital,27,97,1661,8,31,walk,
whitehall,blackfriars,642,46,1661,9,2,boat,
blackfriars,great_wardrobe,46,576,1661,9,2,walk,
westminster_hall,priors,610,746,1661,9,2,walk,Mr. Pickering
priors,westminster_hall,746,610,1661,9,2,walk,
westminster_hall,mitre_tavern,610,358,1661,9,2,boat,
bartholomew_fair,home_seething_lane,27,788,1661,9,5,walk,Elizabeth Pepys
aunt_kites_house,home_seething_lane,13,788,1661,9,6,walk,
home_seething_lane,lincolns_inn_playhouse,788,46,1661,9,6,walk,
lincolns_inn_playhouse,ship_tavern,46,499,1661,9,6,walk,Sir W. Pen
home_seething_lane,navy_office,788,422,1661,9,7,walk,
navy_office,great_wardrobe,422,576,1661,9,7,walk,
great_wardrobe,lincolns_inn_playhouse,576,46,1661,9,7,walk,Elizabeth Pepys
lincolns_inn_playhouse,great_wardrobe,46,576,1661,9,7,coach,
home_seething_lane,whitehall,788,642,1661,9,9,walk,
home_seething_lane,navy_office,788,422,1661,9,10,walk,
navy_office,home_seething_lane,422,788,1661,9,10,walk,
uncle_fenner_house,tom_pepys_shop,591,121,1661,9,10,walk,
tom_pepys_shop,great_wardrobe,121,576,1661,9,10,walk,
home_seething_lane,dr_williams_house,788,152,1661,9,11,walk,
dr_williams_house,davenants_opera,152,428,1661,9,11,walk,
davenants_opera,home_seething_lane,428,788,1661,9,11,walk,
home_seething_lane,dr_williams_house,788,152,1661,9,11,walk,
home_seething_lane,privy_seal,788,465,1661,9,12,walk,
privy_seal,great_wardrobe,465,576,1661,9,12,boat,
great_wardrobe,shoe_lane,576,500,1661,9,12,walk,
shoe_lane,home_seething_lane,500,788,1661,9,12,walk,
home_seething_lane,sir_w_batten_house,788,514,1661,9,12,walk,
home_seething_lane,navy_office,788,422,1661,9,14,walk,
navy_office,royal_exchange,422,789,1661,9,14,walk,
home_seething_lane,parish_church,788,544,1661,9,15,walk,Elizabeth Pepys
parish_church,aunt_kites_house,544,13,1661,9,15,walk,Elizabeth Pepys
aunt_kites_house,home_seething_lane,13,788,1661,9,15,walk,
home_seething_lane,standings,788,400,1661,9,16,walk,
standings,tom_pepys_shop,400,121,1661,9,16,walk,
tom_pepys_shop,home_seething_lane,121,788,1661,9,16,walk,
great_wardrobe,kingsland,576,299,1661,9,17,coach,Elizabeth Pepys
kingsland,ware,299,606,1661,9,17,horse,Elizabeth Pepys
cambridge,christ_college,65,66,1661,9,18,walk,
christ_college,impington,66,277,1661,9,18,horse,Elizabeth Pepys
cambridge,brampton,65,51,1661,9,19,horse,Elizabeth Pepys
baldock,stevenage,18,557,1661,9,23,horse,Elizabeth Pepys
home_seething_lane,covent_garden,788,123,1661,9,25,coach,Sir W. Pen
covent_garden,whitehall,123,642,1661,9,25,coach,Sir R. Slingsby
whitehall,lord_crews_house,642,337,1661,9,25,walk,
lord_crews_house,lincolns_inn_playhouse,337,46,1661,9,25,walk,
lincolns_inn_playhouse,home_seething_lane,46,788,1661,9,25,coach,Sir W. Pen
home_seething_lane,navy_office,788,422,1661,9,26,coach,Elizabeth Pepys
navy_office,home_seething_lane,422,788,1661,9,26,walk,
home_seething_lane,lincolns_inn_playhouse,788,46,1661,9,26,coach,Elizabeth Pepys
lincolns_inn_playhouse,home_seething_lane,46,788,1661,9,26,coach,Elizabeth Pepys
home_seething_lane,navy_office,788,422,1661,9,28,walk,
navy_office,home_seething_lane,422,788,1661,9,28,walk,
home_seething_lane,lincolns_inn_playhouse,788,46,1661,9,28,walk,Sir W. Pen; Elizabeth Pepys
lincolns_inn_playhouse,sir_w_pen_house,46,516,1661,9,28,walk,
sir_w_pen_house,home_seething_lane,516,788,1661,9,28,walk,
home_seething_lane,parish_church,788,544,1661,9,29,walk,
parish_church,sir_w_pen_house,544,516,1661,9,29,walk,
sir_w_pen_house,home_seething_lane,516,788,1661,9,29,walk,
home_seething_lane,parish_church,788,544,1661,9,29,walk,
parish_church,home_seething_lane,544,788,1661,9,29,walk,
home_seething_lane,red_lyon_king_st,788,474,1661,9,30,walk,
spanish_embassy,french_embassy,528,187,1661,9,30,walk,
french_embassy,great_wardrobe,187,576,1661,9,30,walk,
westminster_palace,the_mews,148,755,1661,9,30,walk,
the_mews,york_house,755,672,1661,9,30,walk,
york_house,french_embassy,672,187,1661,9,30,walk,
french_embassy,home_seething_lane,187,788,1661,9,30,coach,
aunt_kites_house,bishopsgate_street,13,44,1661,10,2,walk,
bishopsgate_street,home_seething_lane,44,788,1661,10,2,walk,
home_seething_lane,lincolns_inn_playhouse,788,46,1661,10,2,coach,Elizabeth Pepys
lincolns_inn_playhouse,home_seething_lane,46,788,1661,10,2,coach,Elizabeth Pepys
home_seething_lane,navy_office,788,422,1661,10,3,walk,
navy_office,home_seething_lane,422,788,1661,10,3,walk,
mitre_tavern,sir_w_batten_house,358,514,1661,10,3,walk,
sir_w_batten_house,home_seething_lane,514,788,1661,10,3,walk,
great_wardrobe,lincolns_inn_playhouse,576,46,1661,10,4,walk,Captain Ferrers
lincolns_inn_playhouse,home_seething_lane,46,788,1661,10,4,walk,
navy_office,home_seething_lane,422,788,1661,10,5,walk,
home_seething_lane,dolphin_tavern,788,149,1661,10,5,walk,Sir W. Pen
parish_church,home_seething_lane,544,788,1661,10,6,walk,
home_seething_lane,st_gregorys,788,536,1661,10,6,walk,
home_seething_lane,navy_office,788,422,1661,10,8,walk,Sir W. Batten
navy_office,sir_w_batten_house,422,514,1661,10,8,walk,
sir_w_batten_house,lincolns_inn_playhouse,514,46,1661,10,8,coach,Mrs. Martha Batten
lincolns_inn_playhouse,home_seething_lane,46,788,1661,10,8,coach,
home_seething_lane,lincolns_inn_playhouse,788,46,1661,10,9,walk,Mrs. Pierce; Mrs. Clifford
lincolns_inn_playhouse,fleece_covent_garden,46,180,1661,10,9,walk,
home_seething_lane,covent_garden,788,123,1661,10,10,coach,Sir W. Pen; Elizabeth Pepys
covent_garden,will_joyces_house,123,8,1661,10,10,walk,
will_joyces_house,lincolns_inn_playhouse,8,46,1661,10,10,walk,Sir W. Pen; Elizabeth Pepys
lincolns_inn_playhouse,home_seething_lane,46,788,1661,10,10,coach,
home_seething_lane,great_wardrobe,788,576,1661,10,14,boat,
home_seething_lane,navy_office,788,422,1661,10,15,walk,
navy_office,pauls_churchyard,422,546,1661,10,15,walk,
sun_tavern,home_seething_lane,561,788,1661,10,17,walk,
great_wardrobe,home_seething_lane,576,788,1661,10,18,walk,Henry Moore
home_seething_lane,great_wardrobe,788,576,1661,10,18,walk,
great_wardrobe,navy_office,576,422,1661,10,19,coach,
navy_office,limehouse,422,317,1661,10,19,coach,Mr. Coventry; Sir G. Carteret; Sir W. Pen
limehouse,home_seething_lane,317,788,1661,10,19,coach,
chelsea,whitehall,93,642,1661,10,21,coach,
whitehall,great_wardrobe,642,576,1661,10,21,walk,
great_wardrobe,davenants_opera,576,428,1661,10,21,walk,
davenants_opera,home_seething_lane,428,788,1661,10,21,walk,
navy_office,uncle_wight_house,422,592,1661,10,22,walk,
uncle_wight_house,home_seething_lane,592,788,1661,10,22,walk,
whitehall,leg_tavern,642,314,1661,10,23,walk,Sir W. Pen
leg_tavern,chelsea,314,93,1661,10,23,coach,
chelsea,davenants_opera,93,428,1661,10,23,coach,
navy_office,fleet_street,422,133,1661,10,24,walk,
fleet_street,tom_pepys_shop,133,121,1661,10,24,walk,
great_wardrobe,davenants_opera,576,428,1661,10,25,walk,Elizabeth Pepys
davenants_opera,hunts_instrument,428,388,1661,10,25,walk,
hunts_instrument,home_seething_lane,388,788,1661,10,25,walk,
navy_office,lincolns_inn_playhouse,422,46,1661,10,26,walk,Sir W. Pen; Elizabeth Pepys
lincolns_inn_playhouse,mr_rawlinsons_house,46,396,1661,10,26,walk,
mr_rawlinsons_house,home_seething_lane,396,788,1661,10,26,walk,
home_seething_lane,parish_church,788,544,1661,10,27,walk,
parish_church,uncle_wight_house,544,592,1661,10,27,walk,
uncle_wight_house,home_seething_lane,592,788,1661,10,27,walk,
home_seething_lane,parish_church,788,544,1661,10,27,walk,
parish_church,home_seething_lane,544,788,1661,10,27,walk,
home_seething_lane,navy_office,788,422,1661,10,28,walk,
navy_office,hunts_instrument,422,388,1661,10,28,walk,
hunts_instrument,lincolns_inn_playhouse,388,46,1661,10,28,walk,Captain Ferrers
lincolns_inn_playhouse,ringo_alehouse,46,19,1661,10,28,walk,
ringo_alehouse,home_seething_lane,19,788,1661,10,28,walk,
home_seething_lane,navy_office,788,422,1661,10,29,walk,
navy_office,dolphin_tavern,422,149,1661,10,29,walk,
navy_office,deptford,422,77,1661,10,30,walk,Captain Lambert
deptford,home_seething_lane,77,788,1661,10,30,walk,
home_seething_lane,sir_w_batten_house,788,514,1661,10,30,walk,
home_seething_lane,navy_office,788,422,1661,10,31,walk,
navy_office,home_seething_lane,422,788,1661,10,31,walk,
home_seething_lane,tom_pepys_shop,788,121,1661,10,31,walk,
tom_pepys_shop,uncle_fenner_house,121,591,1661,10,31,walk,
uncle_fenner_house,home_seething_lane,591,788,1661,10,31,walk,
whitehall,three_tuns_charing_cross,642,71,1661,11,1,walk,Sir W. Pen
three_tuns_charing_cross,lincolns_inn_playhouse,71,46,1661,11,1,walk,
lincolns_inn_playhouse,home_seething_lane,46,788,1661,11,1,walk,Sir W. Pen
home_seething_lane,navy_office,788,422,1661,11,4,coach,Sir W. Pen
the_temple,salisbury_court_playhouse,102,488,1661,11,4,walk,
salisbury_court_playhouse,great_wardrobe,488,576,1661,11,4,walk,
great_wardrobe,home_seething_lane,576,788,1661,11,4,walk,
home_seething_lane,navy_office,788,422,1661,11,5,walk,
navy_office,home_seething_lane,422,788,1661,11,5,walk,
victualling_office,whitehall,597,642,1661,11,6,walk,Henry Moore
home_seething_lane,navy_office,788,422,1661,11,7,walk,
home_seething_lane,dr_williams_house,788,152,1661,11,7,walk,
dr_williams_house,uncle_fenner_house,152,591,1661,11,7,walk,
uncle_fenner_house,home_seething_lane,591,788,1661,11,7,walk,
home_seething_lane,lord_chancellors,788,336,1661,11,8,walk,
lord_chancellors,westminster_hall,336,610,1661,11,8,walk,
six_clerks_office,tom_pepys_shop,521,121,1661,11,8,walk,
tom_pepys_shop,the_temple,121,102,1661,11,8,walk,
the_temple,home_seething_lane,102,788,1661,11,8,walk,
great_wardrobe,saracens_head,576,63,1661,11,11,walk,Mr. Townsend; Henry Moore
saracens_head,great_wardrobe,63,576,1661,11,11,walk,
home_seething_lane,navy_office,788,422,1661,11,12,walk,Sir W. Pen
navy_office,home_seething_lane,422,788,1661,11,12,walk,
home_seething_lane,lincolns_inn_playhouse,788,46,1661,11,12,walk,Sir W. Pen; Elizabeth Pepys
lincolns_inn_playhouse,greyhound_fleet_st,46,220,1661,11,12,walk,
greyhound_fleet_st,home_seething_lane,220,788,1661,11,12,walk,
home_seething_lane,whitehall,788,642,1661,11,13,walk,
lord_crews_house,lincolns_inn_playhouse,337,46,1661,11,13,walk,
lincolns_inn_playhouse,home_seething_lane,46,788,1661,11,13,coach,
great_wardrobe,whitehall,576,642,1661,11,15,walk,
whitehall,davenants_opera,642,428,1661,11,15,walk,Captain Ferrers; Elizabeth Pepys
davenants_opera,home_seething_lane,428,788,1661,11,15,coach,Elizabeth Pepys
navy_office,the_temple,422,102,1661,11,16,walk,
the_temple,home_seething_lane,102,788,1661,11,16,walk,
parish_church,sir_w_pen_house,544,516,1661,11,17,walk,
sir_w_pen_house,home_seething_lane,516,788,1661,11,17,walk,
parish_church,home_seething_lane,544,788,1661,11,17,walk,
home_seething_lane,westminster_hall,788,610,1661,11,18,coach,Sir W. Pen; Elizabeth Pepys
westminster_hall,st_pauls,610,545,1661,11,18,walk,Henry Moore
mr_battersbys_house,father_bowyers_house,743,360,1661,11,18,walk,
father_bowyers_house,lincolns_inn_playhouse,360,46,1661,11,18,walk,Elizabeth Pepys
lincolns_inn_playhouse,home_seething_lane,46,788,1661,11,18,coach,Elizabeth Pepys
navy_office,cousin_scotts_house,422,67,1661,11,19,coach,Elizabeth Pepys
cousin_scotts_house,the_temple,67,102,1661,11,19,walk,
the_temple,doctors_commons,102,147,1661,11,19,walk,
doctors_commons,home_seething_lane,147,788,1661,11,19,walk,
great_wardrobe,the_temple,576,102,1661,11,20,walk,Henry Moore
the_temple,home_seething_lane,102,788,1661,11,20,walk,
home_seething_lane,the_temple,788,102,1661,11,21,walk,Henry Moore
the_temple,grays_inn,102,204,1661,11,21,walk,Henry Moore
navy_office,dolphin_tavern,422,149,1661,11,21,walk,Sir W. Batten
dolphin_tavern,the_temple,149,102,1661,11,21,walk,
the_temple,home_seething_lane,102,788,1661,11,21,walk,
dolphin_tavern,the_temple,149,102,1661,11,22,walk,
the_temple,home_seething_lane,102,788,1661,11,22,walk,
westminster_hall,dog_tavern,610,148,1661,11,25,walk,
dog_tavern,swan_westminster,148,562,1661,11,25,walk,Sir W. Pen
swan_westminster,lincolns_inn_playhouse,562,46,1661,11,25,walk,Sir W. Pen
lincolns_inn_playhouse,davenants_opera,46,428,1661,11,25,walk,
davenants_opera,fleece_covent_garden,428,180,1661,11,25,walk,
great_wardrobe,lincolns_inn_playhouse,576,46,1661,11,27,walk,Captain Ferrers; Henry Moore
lincolns_inn_playhouse,home_seething_lane,46,788,1661,11,27,walk,
home_seething_lane,navy_office,788,422,1661,11,28,walk,
lord_chancellors,fountain_tavern,336,182,1661,11,28,walk,
fountain_tavern,home_seething_lane,182,788,1661,11,28,walk,Mr. Gawden
home_seething_lane,westminster_hall,788,610,1661,11,29,walk,
westminster_hall,mr_coventrys_lodgings,610,372,1661,11,29,walk,
whitehall,lincolns_inn_playhouse,642,46,1661,11,29,walk,Sir W. Pen
lincolns_inn_playhouse,pauls_churchyard,46,546,1661,11,29,walk,
home_seething_lane,the_temple,788,102,1661,11,30,walk,
the_temple,great_wardrobe,102,576,1661,11,30,walk,
navy_office,home_seething_lane,422,788,1661,11,30,walk,
home_seething_lane,privy_seal,788,465,1661,12,2,walk,
privy_seal,davenants_opera,465,428,1661,12,2,coach,Mr. Sanchy
davenants_opera,home_seething_lane,428,788,1661,12,2,walk,
savills_painter,the_temple,491,102,1661,12,3,walk,Henry Moore
the_temple,great_wardrobe,102,576,1661,12,3,walk,
whitehall,the_temple,642,102,1661,12,4,walk,
the_temple,three_tuns_charing_cross,102,71,1661,12,4,walk,
three_tuns_charing_cross,savills_painter,71,491,1661,12,4,boat,Elizabeth Pepys
savills_painter,treasury_office,491,640,1661,12,5,walk,
treasury_office,home_seething_lane,640,788,1661,12,5,walk,
home_seething_lane,davenants_opera,788,428,1661,12,5,coach,Elizabeth Pepys; Sir W. Pen
davenants_opera,mrs_turner_house,428,419,1661,12,5,walk,
dog_tavern,whitehall,148,642,1661,12,6,walk,
whitehall,three_tuns_charing_cross,642,71,1661,12,6,walk,
three_tuns_charing_cross,whitehall,71,642,1661,12,6,walk,
whitehall,home_seething_lane,642,788,1661,12,6,coach,
home_seething_lane,tower_stairs,788,578,1661,12,7,walk,
tower_stairs,worcester_house,578,668,1661,12,7,walk,Henry Moore
great_wardrobe,the_temple,576,102,1661,12,9,walk,Henry Moore
the_temple,home_seething_lane,102,788,1661,12,9,coach,
mitre_tavern,exchequer,358,169,1661,12,11,walk,
exchequer,home_seething_lane,169,788,1661,12,11,walk,
home_seething_lane,moorfields,788,359,1661,12,11,coach,Sir W. Pen
my_lords_lodgings,sir_w_pen_house,650,516,1661,12,12,walk,
navy_office,steelyard,422,555,1661,12,13,walk,
steelyard,home_seething_lane,555,788,1661,12,13,coach,
home_seething_lane,navy_office,788,422,1661,12,14,walk,
navy_office,home_seething_lane,422,788,1661,12,14,walk,
home_seething_lane,parish_church,788,544,1661,12,15,walk,
parish_church,sir_w_pen_house,544,516,1661,12,15,walk,
sir_w_pen_house,home_seething_lane,516,788,1661,12,15,walk,
home_seething_lane,parish_church,788,544,1661,12,15,walk,
parish_church,home_seething_lane,544,788,1661,12,15,walk,
my_lords_lodgings,davenants_opera,650,428,1661,12,16,walk,Elizabeth Pepys
davenants_opera,home_seething_lane,428,788,1661,12,16,coach,Elizabeth Pepys
savills_painter,home_seething_lane,491,788,1661,12,17,walk,
home_seething_lane,privy_seal,788,465,1661,12,17,walk,
home_seething_lane,navy_office,788,422,1661,12,18,walk,
navy_office,great_wardrobe,422,576,1661,12,18,walk,Elizabeth Pepys
great_wardrobe,the_temple,576,102,1661,12,18,walk,
the_temple,great_wardrobe,102,576,1661,12,18,walk,
great_wardrobe,cornhill,576,106,1661,12,20,walk,Henry Moore
cornhill,home_seething_lane,106,788,1661,12,20,walk,
home_seething_lane,whitehall,788,642,1661,12,21,walk,
whitehall,westminster_hall,642,610,1661,12,21,walk,
dog_tavern,tom_pepys_shop,148,121,1661,12,21,walk,
tom_pepys_shop,navy_office,121,422,1661,12,21,coach,
navy_office,home_seething_lane,422,788,1661,12,21,walk,
westminster_hall,treasury_office,610,640,1661,12,23,walk,
treasury_office,tom_pepys_shop,640,121,1661,12,23,walk,
tom_pepys_shop,pauls_churchyard,121,546,1661,12,23,walk,
pauls_churchyard,star_cheapside,546,553,1661,12,23,walk,
star_cheapside,home_seething_lane,553,788,1661,12,23,coach,
parish_church,home_seething_lane,544,788,1661,12,25,walk,
home_seething_lane,sir_w_pen_house,788,516,1661,12,25,walk,
home_seething_lane,treasury_office,788,640,1661,12,26,walk,Sir W. Pen
treasury_office,home_seething_lane,640,788,1661,12,26,walk,
home_seething_lane,st_pauls,788,545,1661,12,27,walk,
home_seething_lane,westminster_hall,788,610,1661,12,29,coach,Elizabeth Pepys
westminster_hall,westminster_abbey,610,609,1661,12,29,walk,
mitre_tavern,sir_w_pen_house,358,516,1661,12,30,walk,
sir_w_pen_house,home_seething_lane,516,788,1661,12,30,walk,
savills_painter,home_seething_lane,491,788,1661,12,31,walk,Elizabeth Pepys
home_seething_lane,navy_office,788,422,1661,12,31,walk,
home_seething_lane,lincolns_inn_playhouse,788,46,1662,1,1,coach,Elizabeth Pepys; Mr. W. Pen; Mrs. Margaret Pen
lincolns_inn_playhouse,home_seething_lane,46,788,1662,1,1,coach,
navy_office,great_wardrobe,422,576,1662,1,2,boat,
great_wardrobe,navy_office,576,422,1662,1,2,boat,
navy_office,coffee_house_cornhill,422,106,1662,1,2,walk,
home_seething_lane,tom_pepys_shop,788,121,1662,1,3,walk,
tom_pepys_shop,lord_crews_house,121,337,1662,1,3,walk,
home_seething_lane,sir_w_pen_house,788,516,1662,1,4,walk,Elizabeth Pepys
parish_church,sir_w_batten_house,544,514,1662,1,5,walk,
home_seething_lane,savills_painter,788,491,1662,1,6,walk,
savills_painter,sir_w_pen_house,491,516,1662,1,6,walk,
home_seething_lane,sir_w_pen_house,788,516,1662,1,6,walk,
great_wardrobe,navy_office,576,422,1662,1,8,walk,
navy_office,sir_w_batten_house,422,514,1662,1,8,walk,
home_seething_lane,navy_office,788,422,1662,1,9,walk,
navy_office,home_seething_lane,422,788,1662,1,9,walk,
great_wardrobe,mrs_hunts_house,576,388,1662,1,10,walk,Elizabeth Pepys
mrs_hunts_house,home_seething_lane,388,788,1662,1,10,coach,Elizabeth Pepys
home_seething_lane,royal_exchange,788,789,1662,1,11,walk,Tom Pepys
royal_exchange,home_seething_lane,789,788,1662,1,11,walk,
home_seething_lane,navy_office,788,422,1662,1,11,walk,
home_seething_lane,whitehall,788,642,1662,1,12,coach,Elizabeth Pepys
whitehall,mrs_pierce_house,642,418,1662,1,12,walk,Elizabeth Pepys
home_seething_lane,navy_office,788,422,1662,1,14,walk,
navy_office,home_seething_lane,422,788,1662,1,14,walk,
savills_painter,home_seething_lane,491,788,1662,1,16,walk,
home_seething_lane,navy_office,788,422,1662,1,16,walk,
navy_office,sir_w_batten_house,422,514,1662,1,16,walk,
home_seething_lane,westminster_hall,788,610,1662,1,17,walk,Henry Moore
westminster_hall,lord_crews_house,610,337,1662,1,17,walk,
mr_george_montagus_house,lord_crews_house,191,337,1662,1,17,walk,
lord_crews_house,great_wardrobe,337,576,1662,1,17,walk,
dr_williams_house,pauls_churchyard,152,546,1662,1,18,walk,
great_wardrobe,navy_office,576,422,1662,1,18,walk,
navy_office,home_seething_lane,422,788,1662,1,18,walk,
home_seething_lane,mrs_turner_house,788,419,1662,1,19,walk,Elizabeth Pepys
mrs_turner_house,old_bailey,419,440,1662,1,19,walk,Elizabeth Pepys
uncle_wight_house,sir_w_batten_house,592,514,1662,1,19,walk,
home_seething_lane,navy_office,788,422,1662,1,20,walk,
navy_office,sir_w_batten_house,422,514,1662,1,20,walk,
sir_w_batten_house,navy_office,514,422,1662,1,20,walk,
navy_office,home_seething_lane,422,788,1662,1,20,walk,
home_seething_lane,navy_office,788,422,1662,1,21,walk,
navy_office,sir_w_batten_house,422,514,1662,1,21,walk,
sir_w_batten_house,navy_office,514,422,1662,1,21,walk,
navy_office,home_seething_lane,422,788,1662,1,21,walk,
whitehall,westminster_hall,642,610,1662,1,22,walk,
westminster_hall,mr_george_montagus_house,610,191,1662,1,22,walk,
mr_george_montagus_house,great_wardrobe,191,576,1662,1,22,walk,Elizabeth Pepys
uncle_fenner_house,three_crane_tavern,591,127,1662,1,23,walk,
three_crane_tavern,uncle_wight_house,127,592,1662,1,23,coach,Elizabeth Pepys
uncle_wight_house,navy_office,592,422,1662,1,23,walk,
navy_office,uncle_wight_house,422,592,1662,1,23,walk,
uncle_wight_house,home_seething_lane,592,788,1662,1,23,walk,
home_seething_lane,savills_painter,788,491,1662,1,24,walk,
savills_painter,great_wardrobe,491,576,1662,1,24,walk,
great_wardrobe,popes_head,576,459,1662,1,24,walk,
popes_head,home_seething_lane,459,788,1662,1,24,walk,
home_seething_lane,trinity_house,788,588,1662,1,25,walk,Sir W. Pen
home_seething_lane,deptford,788,77,1662,1,27,boat,Sir W. Batten; Sir W. Pen
deptford,woolwich,77,362,1662,1,27,boat,
woolwich,home_seething_lane,362,788,1662,1,27,boat,
savills_painter,home_seething_lane,491,788,1662,1,28,walk,
home_seething_lane,navy_office,788,422,1662,1,28,walk,
home_seething_lane,westminster_hall,788,610,1662,1,29,walk,
westminster_hall,great_wardrobe,610,576,1662,1,29,walk,
home_seething_lane,navy_office,788,422,1662,2,1,walk,
navy_office,savills_painter,422,491,1662,2,1,walk,Commissioner Pett
savills_painter,great_wardrobe,491,576,1662,2,1,walk,
great_wardrobe,navy_office,576,422,1662,2,1,walk,
navy_office,home_seething_lane,422,788,1662,2,1,walk,
home_seething_lane,sir_w_batten_house,788,514,1662,2,3,walk,
sir_w_batten_house,navy_office,514,422,1662,2,3,walk,
sir_w_batten_house,trinity_house,514,588,1662,2,3,walk,
trinity_house,home_seething_lane,588,788,1662,2,3,walk,
home_seething_lane,navy_office,788,422,1662,2,5,walk,
navy_office,lincolns_inn_playhouse,422,46,1662,2,5,walk,Sir W. Pen; Elizabeth Pepys
lincolns_inn_playhouse,sir_w_pen_house,46,516,1662,2,5,walk,Sir W. Pen
home_seething_lane,navy_office,788,422,1662,2,6,walk,
navy_office,home_seething_lane,422,788,1662,2,6,walk,
home_seething_lane,blackfriars,788,46,1662,2,7,boat,Elizabeth Pepys; Commissioner Pett
blackfriars,westminster_hall,46,610,1662,2,7,boat,Commissioner Pett
westminster_hall,great_wardrobe,610,576,1662,2,7,walk,
great_wardrobe,savills_painter,576,491,1662,2,7,walk,
savills_painter,home_seething_lane,491,788,1662,2,7,coach,
home_seething_lane,navy_office,788,422,1662,2,8,walk,
navy_office,home_seething_lane,422,788,1662,2,8,walk,
home_seething_lane,navy_office,788,422,1662,2,11,walk,
navy_office,home_seething_lane,422,788,1662,2,11,walk,
home_seething_lane,westminster_hall,788,610,1662,2,12,walk,
home_seething_lane,westminster_hall,788,610,1662,2,14,coach,Elizabeth Pepys
westminster_hall,great_wardrobe,610,576,1662,2,14,walk,
great_wardrobe,home_seething_lane,576,788,1662,2,14,coach,Elizabeth Pepys
home_seething_lane,parish_church,788,544,1662,2,16,walk,
mrs_turner_house,uncle_wight_house,419,592,1662,2,16,walk,
home_seething_lane,deptford,788,77,1662,2,17,boat,Sir W. Batten; Sir W. Pen; Captain Cocke
deptford,woolwich,77,362,1662,2,17,boat,
woolwich,dolphin_tavern,362,149,1662,2,17,boat,
home_seething_lane,navy_office,788,422,1662,2,18,walk,
navy_office,great_wardrobe,422,576,1662,2,18,walk,
great_wardrobe,davenants_opera,576,428,1662,2,18,walk,Elizabeth Pepys; Sir W. Pen
davenants_opera,home_seething_lane,428,788,1662,2,18,walk,
home_seething_lane,great_wardrobe,788,576,1662,2,20,walk,
great_wardrobe,savills_painter,576,491,1662,2,20,walk,
savills_painter,navy_office,491,422,1662,2,20,walk,
navy_office,home_seething_lane,422,788,1662,2,20,walk,
home_seething_lane,lord_crews_house,788,337,1662,2,21,walk,
lord_crews_house,home_seething_lane,337,788,1662,2,21,walk,
home_seething_lane,navy_office,788,422,1662,2,22,walk,
navy_office,great_wardrobe,422,576,1662,2,22,walk,
home_seething_lane,navy_office,788,422,1662,2,25,walk,
navy_office,coffee_house_cornhill,422,106,1662,2,25,walk,Henry Moore
home_seething_lane,navy_office,788,422,1662,2,25,walk,
navy_office,home_seething_lane,422,788,1662,2,25,walk,
home_seething_lane,navy_office,788,422,1662,2,27,walk,
navy_office,home_seething_lane,422,788,1662,2,27,walk,
home_seething_lane,navy_office,788,422,1662,2,28,walk,
navy_office,home_seething_lane,422,788,1662,2,28,walk,
home_seething_lane,savills_painter,788,491,1662,3,1,coach,Elizabeth Pepys
savills_painter,davenants_opera,491,428,1662,3,1,coach,Elizabeth Pepys
davenants_opera,home_seething_lane,428,788,1662,3,1,coach,Elizabeth Pepys
navy_office,sir_w_pen_house,422,516,1662,3,3,walk,
sir_w_pen_house,home_seething_lane,516,788,1662,3,3,walk,
home_seething_lane,navy_office,788,422,1662,3,4,walk,Elizabeth Pepys
navy_office,home_seething_lane,422,788,1662,3,4,walk,
home_seething_lane,savills_painter,788,491,1662,3,5,walk,
savills_painter,tom_pepys_shop,491,121,1662,3,5,walk,
tom_pepys_shop,great_wardrobe,121,576,1662,3,5,walk,
home_seething_lane,whitehall_chapel,788,619,1662,3,7,walk,
whitehall_chapel,great_wardrobe,619,576,1662,3,7,walk,
great_wardrobe,navy_office,576,422,1662,3,7,walk,
navy_office,home_seething_lane,422,788,1662,3,7,walk,
navy_office,sir_w_batten_house,422,514,1662,3,10,walk,
sir_w_batten_house,treasury_office,514,640,1662,3,10,walk,
home_seething_lane,navy_office,788,422,1662,3,11,walk,Sir W. Batten
navy_office,home_seething_lane,422,788,1662,3,11,walk,
home_seething_lane,navy_office,788,422,1662,3,12,walk,
navy_office,home_seething_lane,422,788,1662,3,12,walk,
home_seething_lane,navy_office,788,422,1662,3,13,walk,
navy_office,home_seething_lane,422,788,1662,3,13,walk,
home_seething_lane,navy_office,788,422,1662,3,14,walk,
navy_office,uncle_wight_house,422,592,1662,3,14,walk,
uncle_wight_house,home_seething_lane,592,788,1662,3,14,walk,
home_seething_lane,great_wardrobe,788,576,1662,3,16,walk,
whitehall,st_james_park,642,541,1662,3,16,walk,
st_james_park,tom_pepys_shop,541,121,1662,3,16,walk,
tom_pepys_shop,sir_w_pen_house,121,516,1662,3,16,walk,
sir_w_pen_house,home_seething_lane,516,788,1662,3,16,walk,
home_seething_lane,navy_office,788,422,1662,3,17,coach,
navy_office,royal_exchange,422,789,1662,3,17,walk,
home_seething_lane,navy_office,788,422,1662,3,19,boat,
navy_office,home_seething_lane,422,788,1662,3,19,walk,
royal_exchange,navy_office,789,422,1662,3,20,walk,
navy_office,home_seething_lane,422,788,1662,3,20,walk,
home_seething_lane,whitehall,788,642,1662,3,21,boat,Sir W. Batten
whitehall,westminster_hall,642,610,1662,3,21,walk,
great_wardrobe,savills_painter,576,491,1662,3,21,walk,
savills_painter,navy_office,491,422,1662,3,21,walk,
navy_office,home_seething_lane,422,788,1662,3,21,walk,
navy_office,ship_lewes,422,499,1662,3,22,boat,Sir W. Batten; Sir W. Pen
ship_lewes,home_seething_lane,499,788,1662,3,22,boat,
home_seething_lane,parish_church,788,544,1662,3,23,walk,
parish_church,sir_w_batten_house,544,514,1662,3,23,walk,
sir_w_batten_house,westminster_hall,514,610,1662,3,23,coach,Elizabeth Pepys
westminster_hall,mrs_hunts_house,610,388,1662,3,23,walk,
mrs_hunts_house,whitehall,388,642,1662,3,23,walk,
whitehall,great_wardrobe,642,576,1662,3,23,walk,Elizabeth Pepys
great_wardrobe,sir_w_batten_house,576,514,1662,3,23,walk,
sir_w_batten_house,home_seething_lane,514,788,1662,3,23,walk,
home_seething_lane,navy_office,788,422,1662,3,24,walk,Sir G. Carteret
navy_office,bear_bridge_foot,422,32,1662,3,24,walk,Mrs. Pierce
bear_bridge_foot,navy_office,32,422,1662,3,24,boat,
navy_office,old_swan,422,444,1662,3,24,walk,
old_swan,new_exchange,444,129,1662,3,24,boat,
new_exchange,tom_pepys_shop,129,121,1662,3,24,coach,Elizabeth Pepys
tom_pepys_shop,sir_w_batten_house,121,514,1662,3,24,walk,
sir_w_batten_house,home_seething_lane,514,788,1662,3,24,walk,
home_seething_lane,deptford,788,77,1662,3,27,coach,Sir G. Carteret; Sir W. Batten; Sir W. Pen
deptford,navy_office,77,422,1662,3,27,coach,
home_seething_lane,navy_office,788,422,1662,3,28,walk,
navy_office,home_seething_lane,422,788,1662,3,28,walk,
home_seething_lane,navy_office,788,422,1662,3,29,walk,
navy_office,great_wardrobe,422,576,1662,3,29,walk,
home_seething_lane,navy_office,788,422,1662,3,31,walk,Elizabeth Pepys
navy_office,tom_pepys_shop,422,121,1662,3,31,walk,
tom_pepys_shop,lord_crews_house,121,337,1662,3,31,walk,
lord_crews_house,lincolns_inn_playhouse,337,46,1662,3,31,walk,Sir W. Pen
lincolns_inn_playhouse,home_seething_lane,46,788,1662,3,31,walk,
home_seething_lane,navy_office,788,422,1662,4,1,walk,
navy_office,great_wardrobe,422,576,1662,4,1,walk,Elizabeth Pepys
great_wardrobe,davenants_opera,576,428,1662,4,1,walk,Elizabeth Pepys; Lady Paulina; Lady Jemimah
davenants_opera,islington,428,282,1662,4,1,coach,Elizabeth Pepys; Lady Paulina; Lady Jemimah
islington,home_seething_lane,282,788,1662,4,1,coach,Elizabeth Pepys
home_seething_lane,davenants_opera,788,428,1662,4,2,boat,Elizabeth Pepys
davenants_opera,home_seething_lane,428,788,1662,4,2,walk,Elizabeth Pepys
home_seething_lane,deptford,788,77,1662,4,4,boat,Sir G. Carteret; Sir W. Batten; Sir W. Pen
deptford,woolwich,77,362,1662,4,4,boat,Sir W. Pen
woolwich,deptford,362,77,1662,4,4,boat,
deptford,home_seething_lane,77,788,1662,4,4,boat,
whitehall,whitehall_chapel,642,619,1662,4,6,walk,
whitehall_chapel,sir_g_carterets_house,619,503,1662,4,6,walk,
sir_g_carterets_house,st_james_park,503,541,1662,4,6,walk,
st_james_park,milford_stairs,541,578,1662,4,6,walk,
milford_stairs,grays_inn,578,204,1662,4,6,boat,
great_wardrobe,pauls_wharf,576,545,1662,4,6,walk,
pauls_wharf,home_seething_lane,545,788,1662,4,6,boat,
home_seething_lane,sir_w_pen_house,788,516,1662,4,6,walk,
sir_w_pen_house,home_seething_lane,516,788,1662,4,6,walk,
home_seething_lane,westminster_hall,788,610,1662,4,7,boat,
westminster_hall,tom_pepys_shop,610,121,1662,4,7,walk,
tom_pepys_shop,old_exchange,121,129,1662,4,7,walk,Elizabeth Pepys
old_exchange,mr_rawlinsons_house,129,396,1662,4,7,walk,
mr_rawlinsons_house,navy_office,396,422,1662,4,7,walk,
navy_office,home_seething_lane,422,788,1662,4,7,walk,
navy_office,home_seething_lane,422,788,1662,4,8,walk,
home_seething_lane,whitehall,788,642,1662,4,8,coach,
home_seething_lane,navy_office,788,422,1662,4,9,walk,
navy_office,dolphin_tavern,422,149,1662,4,9,walk,
home_seething_lane,deptford,788,77,1662,4,11,boat,Sir W. Pen
deptford,greenwich,77,212,1662,4,11,walk,
greenwich,woolwich,212,362,1662,4,11,walk,Sir W. Pen
woolwich,greenwich,362,212,1662,4,11,boat,
greenwich,globe_greenwich,212,143,1662,4,11,walk,
globe_greenwich,home_seething_lane,143,788,1662,4,11,boat,
great_wardrobe,temple_church,576,567,1662,4,13,walk,
temple_church,grays_inn,567,204,1662,4,13,walk,Mr. Pickering
grays_inn,home_seething_lane,204,788,1662,4,13,walk,
home_seething_lane,sir_w_pen_house,788,516,1662,4,13,walk,
sir_w_pen_house,home_seething_lane,516,788,1662,4,13,walk,
home_seething_lane,savills_painter,788,491,1662,4,14,walk,Elizabeth Pepys
home_seething_lane,navy_office,788,422,1662,4,15,coach,Elizabeth Pepys
navy_office,home_seething_lane,422,788,1662,4,15,walk,
home_seething_lane,new_exchange,788,129,1662,4,15,coach,Elizabeth Pepys
new_exchange,home_seething_lane,129,788,1662,4,15,coach,Elizabeth Pepys
home_seething_lane,whitehall,788,642,1662,4,17,walk,
home_seething_lane,navy_office,788,422,1662,4,18,walk,
navy_office,home_seething_lane,422,788,1662,4,18,walk,
navy_office,whitehall,422,642,1662,4,19,coach,
whitehall,home_seething_lane,642,788,1662,4,19,coach,Elizabeth Pepys
whitehall,whitehall_chapel,642,619,1662,4,20,walk,
whitehall_chapel,mr_blagraves_house,619,364,1662,4,20,walk,
mr_blagraves_house,home_seething_lane,364,788,1662,4,20,boat,
home_seething_lane,westminster_hall,788,610,1662,4,21,walk,
westminster_hall,lord_crews_house,610,337,1662,4,21,walk,
lord_crews_house,anthony_joyces_house,337,8,1662,4,21,walk,
anthony_joyces_house,home_seething_lane,8,788,1662,4,21,walk,
lambeth,guildford,309,221,1662,4,22,coach,Sir W. Pen; Sir G. Carteret; Dr. Clerke
guildford,petersfield,221,455,1662,4,23,coach,Sir G. Carteret; Dr. Clerke
petersfield,portsmouth,455,461,1662,4,23,coach,
portsmouth,portsmouth_dock,461,461,1662,4,24,walk,Sir W. Pen
portsmouth,portsmouth_dock,461,461,1662,4,26,walk,
portsmouth_dock,portsmouth,461,461,1662,4,27,coach,
portsmouth,portsmouth_dock,461,461,1662,4,27,coach,
portsmouth,portsmouth_dock,461,461,1662,4,29,walk,
portsmouth_dock,portsmouth,461,461,1662,4,29,walk,
portsmouth,mrs_pierces_lodging_portsmouth,461,214,1662,4,29,walk,Mrs. Pierce
mrs_pierces_lodging_portsmouth,portsmouth_dock,214,461,1662,4,29,walk,Dr. Clerke
portsmouth_dock,portsmouth,461,461,1662,4,30,walk,
portsmouth,mrs_pierces_lodging_portsmouth,461,214,1662,4,30,walk,Mrs. Pierce; Dr. Clerke
mrs_pierces_lodging_portsmouth,portsmouth_dock,214,461,1662,4,30,walk,Dr. Clerke
portsmouth_dock,portsmouth,461,461,1662,5,1,walk,
my_lords_lodgings,mrs_hunts_house,650,388,1662,5,2,walk,
mrs_hunts_house,home_seething_lane,388,788,1662,5,2,walk,Elizabeth Pepys
home_seething_lane,great_wardrobe,788,576,1662,5,3,walk,
great_wardrobe,home_seething_lane,576,788,1662,5,3,walk,
home_seething_lane,parish_church,788,544,1662,5,4,walk,
parish_church,tom_pepys_shop,544,121,1662,5,4,walk,Elizabeth Pepys
tom_pepys_shop,mrs_turner_house,121,419,1662,5,4,walk,
mrs_turner_house,grays_inn,419,204,1662,5,4,walk,Elizabeth Pepys
grays_inn,anthony_joyces_house,204,8,1662,5,4,walk,
anthony_joyces_house,sir_w_pen_house,8,516,1662,5,4,walk,
sir_w_pen_house,home_seething_lane,516,788,1662,5,4,walk,
home_seething_lane,navy_office,788,422,1662,5,6,walk,
navy_office,royal_exchange,422,789,1662,5,6,walk,
pauls_churchyard,hyde_park,546,275,1662,5,7,coach,Mrs. Turner
home_seething_lane,navy_office,788,422,1662,5,8,walk,
navy_office,great_wardrobe,422,576,1662,5,8,walk,
great_wardrobe,royal_exchange,576,789,1662,5,8,coach,Sir G. Carteret
home_seething_lane,navy_office,788,422,1662,5,8,walk,
navy_office,home_seething_lane,422,788,1662,5,8,walk,
covent_garden,the_temple,123,102,1662,5,9,walk,
the_temple,home_seething_lane,102,788,1662,5,9,boat,
home_seething_lane,navy_office,788,422,1662,5,10,walk,
navy_office,home_seething_lane,422,788,1662,5,10,walk,
home_seething_lane,davenants_opera,788,428,1662,5,10,coach,Elizabeth Pepys
davenants_opera,tower_wharf,428,586,1662,5,10,walk,
tower_wharf,halfway_house,586,226,1662,5,10,boat,Elizabeth Pepys
halfway_house,home_seething_lane,226,788,1662,5,10,walk,Elizabeth Pepys
hampton_court,home_seething_lane,228,788,1662,5,12,boat,Elizabeth Pepys
great_wardrobe,tom_pepys_shop,576,121,1662,5,14,walk,
tom_pepys_shop,pauls_churchyard,121,546,1662,5,14,walk,
home_seething_lane,navy_office,788,422,1662,5,15,walk,
navy_office,home_seething_lane,422,788,1662,5,15,walk,
home_seething_lane,navy_office,788,422,1662,5,16,walk,
navy_office,home_seething_lane,422,788,1662,5,16,walk,
home_seething_lane,the_temple,788,102,1662,5,17,walk,
the_temple,westminster_hall,102,610,1662,5,17,walk,Henry Moore
paternoster_row,navy_office,684,422,1662,5,17,walk,
navy_office,tom_pepys_shop,422,121,1662,5,17,walk,
tom_pepys_shop,home_seething_lane,121,788,1662,5,17,walk,
whitehall,whitehall_chapel,642,619,1662,5,18,walk,
whitehall_chapel,sir_g_carterets_house,619,503,1662,5,18,walk,
sir_g_carterets_house,whitehall_chapel,503,619,1662,5,18,walk,
whitehall_chapel,whitehall,619,642,1662,5,18,walk,
home_seething_lane,the_temple,788,102,1662,5,19,walk,
the_temple,tom_pepys_shop,102,121,1662,5,19,walk,
tom_pepys_shop,home_seething_lane,121,788,1662,5,19,walk,
home_seething_lane,lincolns_inn_playhouse,788,46,1662,5,19,coach,Sir W. Pen; Elizabeth Pepys
lincolns_inn_playhouse,moorfields,46,359,1662,5,19,coach,
home_seething_lane,westminster_hall,788,610,1662,5,21,boat,Elizabeth Pepys
wilkinsons,lincolns_inn_playhouse,656,46,1662,5,21,walk,Elizabeth Pepys
lincolns_inn_playhouse,tom_pepys_shop,46,121,1662,5,21,walk,
tom_pepys_shop,mrs_turner_house,121,419,1662,5,21,walk,
mrs_turner_house,tom_pepys_shop,419,121,1662,5,21,walk,
tom_pepys_shop,home_seething_lane,121,788,1662,5,21,walk,Elizabeth Pepys
home_seething_lane,lincolns_inn_playhouse,788,46,1662,5,22,coach,Elizabeth Pepys; Sir W. Pen
lincolns_inn_playhouse,sir_w_pen_house,46,516,1662,5,22,walk,
sir_w_pen_house,home_seething_lane,516,788,1662,5,22,walk,
home_seething_lane,navy_office,788,422,1662,5,23,walk,Elizabeth Pepys
navy_office,great_wardrobe,422,576,1662,5,23,walk,Elizabeth Pepys
great_wardrobe,davenants_opera,576,428,1662,5,23,walk,Elizabeth Pepys
davenants_opera,covent_garden,428,123,1662,5,23,walk,Elizabeth Pepys
covent_garden,home_seething_lane,123,788,1662,5,23,boat,
home_seething_lane,sir_w_pen_house,788,516,1662,5,23,walk,
sir_w_pen_house,home_seething_lane,516,788,1662,5,23,walk,
great_wardrobe,star_cheapside,576,553,1662,5,24,walk,John Creed
star_cheapside,royal_exchange,553,789,1662,5,24,walk,
royal_exchange,fish_street,789,177,1662,5,24,walk,John Creed
fish_street,deptford,177,77,1662,5,24,boat,Sir W. Pen
deptford,halfway_house,77,226,1662,5,24,walk,
halfway_house,home_seething_lane,226,788,1662,5,24,walk,
home_seething_lane,parish_church,788,544,1662,5,25,walk,
parish_church,blackfriars,544,46,1662,5,25,walk,John Creed
blackfriars,great_wardrobe,46,576,1662,5,25,walk,
great_wardrobe,triumph_tavern,576,6,1662,5,25,coach,Captain Ferrers
triumph_tavern,great_wardrobe,6,576,1662,5,25,walk,
home_seething_lane,my_lords_lodgings,788,650,1662,5,26,walk,
my_lords_lodgings,trinity_house,650,588,1662,5,26,walk,
trinity_house,tom_pepys_shop,588,121,1662,5,26,walk,
tom_pepys_shop,red_bull_playhouse,121,473,1662,5,26,walk,Elizabeth Pepys
my_lords_lodgings,tom_pepys_shop,650,121,1662,5,27,walk,
tom_pepys_shop,home_seething_lane,121,788,1662,5,27,walk,
home_seething_lane,navy_office,788,422,1662,5,27,walk,
navy_office,home_seething_lane,422,788,1662,5,27,walk,
home_seething_lane,my_lords_lodgings,788,650,1662,5,28,walk,
my_lords_lodgings,mr_wottons_shop,650,670,1662,5,28,walk,John Creed
mr_wottons_shop,home_seething_lane,670,788,1662,5,28,walk,
home_seething_lane,mum_house,788,726,1662,5,28,walk,John Pepys Sr.
great_wardrobe,lombard_street,576,485,1662,5,29,walk,
lombard_street,vauxhall,485,185,1662,5,29,boat,Elizabeth Pepys
vauxhall,old_spring_garden,185,30,1662,5,29,walk,Elizabeth Pepys
old_spring_garden,new_spring_garden,30,30,1662,5,29,walk,
new_spring_garden,home_seething_lane,30,788,1662,5,29,boat,Elizabeth Pepys
gravesend,great_wardrobe,203,576,1662,5,30,boat,Robert Shepley
great_wardrobe,home_seething_lane,576,788,1662,5,30,walk,
whitehall,tom_pepys_shop,642,121,1662,5,31,walk,
tom_pepys_shop,home_seething_lane,121,788,1662,5,31,walk,John Pepys Sr.
home_seething_lane,navy_office,788,422,1662,5,31,walk,
navy_office,tom_pepys_shop,422,121,1662,5,31,walk,
tom_pepys_shop,great_wardrobe,121,576,1662,5,31,walk,
great_wardrobe,tom_pepys_shop,576,121,1662,6,2,walk,
tom_pepys_shop,home_seething_lane,121,788,1662,6,2,walk,John Pepys Sr.
salisbury_court_playhouse,home_seething_lane,488,788,1662,6,2,coach,
tower_wharf,old_bailey,586,440,1662,6,3,walk,
old_bailey,great_wardrobe,440,576,1662,6,3,walk,
great_wardrobe,navy_office,576,422,1662,6,3,walk,
navy_office,home_seething_lane,422,788,1662,6,3,walk,
home_seething_lane,woolwich,788,362,1662,6,4,boat,Sir W. Batten
woolwich,great_wardrobe,362,576,1662,6,4,boat,
great_wardrobe,whitehall,576,642,1662,6,4,walk,
navy_office,home_seething_lane,422,788,1662,6,5,walk,
home_seething_lane,backwells,788,3,1662,6,5,walk,Henry Moore
backwells,home_seething_lane,3,788,1662,6,5,walk,
home_seething_lane,navy_office,788,422,1662,6,6,walk,
navy_office,great_wardrobe,422,576,1662,6,6,walk,John Pepys Sr.
great_wardrobe,tom_pepys_shop,576,121,1662,6,6,walk,
tom_pepys_shop,home_seething_lane,121,788,1662,6,6,walk,
home_seething_lane,navy_office,788,422,1662,6,6,walk,
navy_office,home_seething_lane,422,788,1662,6,6,walk,
home_seething_lane,navy_office,788,422,1662,6,7,walk,
navy_office,trinity_house,422,588,1662,6,7,walk,
sir_g_carterets_house,navy_office,503,422,1662,6,7,walk,
navy_office,home_seething_lane,422,788,1662,6,7,walk,
home_seething_lane,navy_office,788,422,1662,6,9,walk,
navy_office,home_seething_lane,422,788,1662,6,9,walk,
home_seething_lane,greatorexs,788,383,1662,6,9,walk,
greatorexs,navy_office,383,422,1662,6,9,walk,
navy_office,tom_pepys_shop,422,121,1662,6,10,walk,
tom_pepys_shop,home_seething_lane,121,788,1662,6,10,walk,
navy_office,dolphin_tavern,422,149,1662,6,12,walk,
dolphin_tavern,navy_office,149,422,1662,6,12,walk,
sir_g_carterets_house,tom_pepys_shop,503,121,1662,6,13,walk,
tom_pepys_shop,great_wardrobe,121,576,1662,6,13,walk,
great_wardrobe,halfway_house,576,226,1662,6,13,walk,Elizabeth Pepys
halfway_house,home_seething_lane,226,788,1662,6,13,walk,Elizabeth Pepys
home_seething_lane,navy_office,788,422,1662,6,14,walk,
navy_office,tower_hill,422,582,1662,6,14,walk,
tower_hill,trinity_house,582,588,1662,6,14,walk,
home_seething_lane,st_catharines,788,532,1662,6,16,walk,
st_catharines,ratcliffe,532,471,1662,6,16,walk,
ratcliffe,deptford,471,77,1662,6,16,boat,
deptford,home_seething_lane,77,788,1662,6,16,walk,
home_seething_lane,great_wardrobe,788,576,1662,6,16,boat,Elizabeth Pepys
somerset_house,lillys_studio,523,134,1662,6,18,walk,Commissioner Pett
lillys_studio,wrights_studio,134,134,1662,6,18,walk,
wrights_studio,the_temple,134,102,1662,6,18,walk,
the_temple,old_exchange,102,129,1662,6,18,coach,Commissioner Pett
old_exchange,home_seething_lane,129,788,1662,6,18,walk,
navy_office,home_seething_lane,422,788,1662,6,19,walk,
home_seething_lane,backwells,788,3,1662,6,19,walk,
backwells,navy_office,3,422,1662,6,19,walk,
royal_exchange,popes_head,789,459,1662,6,20,walk,
popes_head,home_seething_lane,459,788,1662,6,20,walk,
home_seething_lane,halfway_house,788,226,1662,6,20,boat,Elizabeth Pepys
halfway_house,home_seething_lane,226,788,1662,6,20,walk,Elizabeth Pepys
home_seething_lane,great_wardrobe,788,576,1662,6,22,walk,Robert Shepley
great_wardrobe,tom_pepys_shop,576,121,1662,6,22,walk,
tom_pepys_shop,great_wardrobe,121,576,1662,6,22,walk,
great_wardrobe,home_seething_lane,576,788,1662,6,22,walk,
home_seething_lane,sir_w_pen_house,788,516,1662,6,22,walk,
sir_w_pen_house,home_seething_lane,516,788,1662,6,22,walk,
royal_exchange,navy_office,789,422,1662,6,23,walk,
navy_office,sir_w_warrens_yard,422,605,1662,6,23,walk,Sir W. Warren
sir_w_warrens_yard,home_seething_lane,605,788,1662,6,23,boat,
home_seething_lane,royal_exchange,788,789,1662,6,25,walk,
royal_exchange,home_seething_lane,789,788,1662,6,25,walk,
home_seething_lane,great_wardrobe,788,576,1662,6,27,walk,
great_wardrobe,navy_office,576,422,1662,6,27,walk,
navy_office,deptford,422,77,1662,6,27,boat,
deptford,redriffe,77,475,1662,6,27,walk,
home_seething_lane,navy_office,788,422,1662,6,28,walk,
navy_office,mitre_tavern,422,358,1662,6,28,walk,Robert Shepley; John Creed
parish_church,sir_w_pen_house,544,516,1662,6,29,walk,
sir_w_pen_house,parish_church,516,544,1662,6,29,walk,
parish_church,navy_office,544,422,1662,6,30,walk,
navy_office,great_wardrobe,422,576,1662,6,30,walk,
great_wardrobe,lady_carterets_deptford,576,305,1662,6,30,coach,Elizabeth Pepys; Lady Sandwich
lady_carterets_deptford,home_seething_lane,305,788,1662,6,30,coach,
greenwich_park,blackfriars,76,46,1662,6,30,boat,
blackfriars,great_wardrobe,46,576,1662,6,30,walk,
home_seething_lane,navy_office,788,422,1662,7,1,walk,
navy_office,deptford,422,77,1662,7,1,boat,Captain Cuttance
deptford,redriffe,77,475,1662,7,1,walk,
home_seething_lane,tower,788,583,1662,7,2,walk,Commissioner Pett
tower,deptford,583,77,1662,7,2,boat,Mr. Coventry; Commissioner Pett
deptford,home_seething_lane,77,788,1662,7,2,boat,
home_seething_lane,navy_office,788,422,1662,7,3,walk,
navy_office,dolphin_tavern,422,149,1662,7,3,walk,
navy_office,home_seething_lane,422,788,1662,7,6,walk,
home_seething_lane,parish_church,788,544,1662,7,6,walk,
parish_church,great_wardrobe,544,576,1662,7,6,walk,
home_seething_lane,navy_office,788,422,1662,7,7,walk,Elizabeth Pepys
navy_office,home_seething_lane,422,788,1662,7,7,walk,
home_seething_lane,westminster_hall,788,610,1662,7,7,boat,Elizabeth Pepys
westminster_hall,home_seething_lane,610,788,1662,7,7,boat,Elizabeth Pepys
home_seething_lane,navy_office,788,422,1662,7,8,walk,
navy_office,home_seething_lane,422,788,1662,7,8,walk,
home_seething_lane,great_wardrobe,788,576,1662,7,8,walk,
great_wardrobe,home_seething_lane,576,788,1662,7,8,boat,Henry Moore
home_seething_lane,navy_office,788,422,1662,7,9,walk,
navy_office,home_seething_lane,422,788,1662,7,9,walk,
navy_office,tower,422,583,1662,7,11,walk,Commissioner Pett
tower,deptford,583,77,1662,7,11,boat,Mr. Coventry
deptford,woolwich,77,362,1662,7,11,boat,
woolwich,whitehall,362,642,1662,7,11,boat,
whitehall,mr_coventrys_lodgings,642,372,1662,7,11,walk,
mr_coventrys_lodgings,home_seething_lane,372,788,1662,7,11,boat,
home_seething_lane,deptford,788,77,1662,7,13,boat,
deptford,home_seething_lane,77,788,1662,7,13,boat,
home_seething_lane,navy_office,788,422,1662,7,14,walk,
navy_office,home_seething_lane,422,788,1662,7,14,walk,
navy_office,great_wardrobe,422,576,1662,7,16,walk,
great_wardrobe,home_seething_lane,576,788,1662,7,16,boat,
navy_office,great_wardrobe,422,576,1662,7,17,walk,
great_wardrobe,navy_office,576,422,1662,7,17,walk,
navy_office,home_seething_lane,422,788,1662,7,17,walk,
home_seething_lane,deptford,788,77,1662,7,18,boat,
deptford,navy_office,77,422,1662,7,18,boat,
home_seething_lane,navy_office,788,422,1662,7,20,walk,
navy_office,sir_w_pen_house,422,516,1662,7,20,walk,
sir_w_pen_house,captain_cockes_house,516,76,1662,7,21,boat,
captain_cockes_house,woolwich,76,362,1662,7,21,walk,
woolwich,greenwich,362,212,1662,7,21,boat,
greenwich,captain_cockes_house,212,76,1662,7,21,walk,
captain_cockes_house,great_wardrobe,76,576,1662,7,21,boat,
great_wardrobe,home_seething_lane,576,788,1662,7,21,walk,
home_seething_lane,navy_office,788,422,1662,7,24,walk,
navy_office,sir_w_pen_house,422,516,1662,7,24,walk,
sir_w_pen_house,navy_office,516,422,1662,7,25,walk,
navy_office,westminster_hall,422,610,1662,7,26,walk,
westminster_hall,great_wardrobe,610,576,1662,7,26,walk,
parish_church,westminster_hall,544,610,1662,7,27,boat,Elizabeth Pepys
westminster_hall,st_james_park,610,541,1662,7,27,walk,
home_seething_lane,sir_w_pen_house,788,516,1662,7,27,walk,
sir_w_pen_house,home_seething_lane,516,788,1662,7,27,walk,
home_seething_lane,george_holborn,788,191,1662,7,28,walk,Elizabeth Pepys
george_holborn,tower,191,583,1662,7,28,boat,
tower,navy_office,583,422,1662,7,28,walk,
navy_office,sir_w_pen_house,422,516,1662,7,28,walk,
sir_w_pen_house,navy_office,516,422,1662,7,29,walk,
navy_office,sir_w_batten_house,422,514,1662,7,29,walk,
sir_w_batten_house,deptford,514,77,1662,7,29,walk,
deptford,redriffe,77,475,1662,7,29,walk,
whitehall,woolwich,642,362,1662,7,30,boat,Captain Fletcher
woolwich,home_seething_lane,362,788,1662,7,30,boat,Sir W. Warren
home_seething_lane,navy_office,788,422,1662,7,31,walk,
navy_office,royal_exchange,422,789,1662,7,31,coach,Mr. Coventry
royal_exchange,ship_behind_exchange,789,499,1662,7,31,walk,
ship_behind_exchange,billingsgate,499,42,1662,7,31,walk,
billingsgate,woolwich,42,362,1662,7,31,boat,Mr. Coventry
woolwich,home_seething_lane,362,788,1662,7,31,boat,
home_seething_lane,captain_cockes_house,788,76,1662,8,2,boat,
gravesend,rochester,203,478,1662,8,2,horse,
rochester,hill_house_chatham,478,91,1662,8,2,boat,
hill_house_chatham,chatham_dock,91,74,1662,8,3,walk,Captain Cocke
chatham_dock,commissioner_petts_house,74,89,1662,8,3,walk,
commissioner_petts_house,hill_house_chatham,89,91,1662,8,3,walk,
hill_house_chatham,chatham_dock,91,74,1662,8,4,boat,Commissioner Pett
chatham_dock,upnor_castle,74,594,1662,8,4,boat,
upnor_castle,chatham_dock,594,74,1662,8,4,boat,
chatham_dock,hill_house_chatham,74,91,1662,8,4,walk,
hill_house_chatham,rochester,91,478,1662,8,4,coach,Captain Cocke
greenwich,home_seething_lane,212,788,1662,8,4,boat,
home_seething_lane,whitehall,788,642,1662,8,6,boat,
navy_office,home_seething_lane,422,788,1662,8,6,walk,
home_seething_lane,woolwich,788,362,1662,8,8,boat,
woolwich,greenwich,362,212,1662,8,8,walk,Mr. Coventry
greenwich,deptford,212,77,1662,8,8,boat,
deptford,redriffe,77,475,1662,8,8,walk,
trinity_house,whitehall,588,642,1662,8,9,coach,Mr. Coventry
whitehall,home_seething_lane,642,788,1662,8,9,boat,
home_seething_lane,st_dunstans,788,534,1662,8,10,walk,
st_dunstans,tom_pepys_shop,534,121,1662,8,10,walk,
home_seething_lane,navy_office,788,422,1662,8,11,walk,
navy_office,hermitage,422,728,1662,8,11,walk,Dean Fuller
dolphin_tavern,navy_office,149,422,1662,8,11,walk,
navy_office,home_seething_lane,422,788,1662,8,11,walk,
home_seething_lane,navy_office,788,422,1662,8,15,walk,
navy_office,royal_exchange,422,789,1662,8,15,walk,
pauls_churchyard,home_seething_lane,546,788,1662,8,15,walk,
home_seething_lane,tom_pepys_shop,788,121,1662,8,17,walk,
tom_pepys_shop,st_dunstans,121,534,1662,8,17,walk,
st_dunstans,mrs_turner_house,534,419,1662,8,17,walk,
mrs_turner_house,st_dunstans,419,534,1662,8,17,walk,
st_dunstans,home_seething_lane,534,788,1662,8,17,coach,
barking,home_seething_lane,21,788,1662,8,18,horse,
home_seething_lane,great_wardrobe,788,576,1662,8,20,walk,
great_wardrobe,westminster_hall,576,610,1662,8,20,walk,
westminster_hall,fleet_street,610,133,1662,8,20,walk,
fleet_street,home_seething_lane,133,788,1662,8,20,boat,
mr_rawlinsons_house,navy_office,396,422,1662,8,21,walk,
navy_office,home_seething_lane,422,788,1662,8,21,walk,
home_seething_lane,deptford,788,77,1662,8,22,boat,
deptford,home_seething_lane,77,788,1662,8,22,boat,
home_seething_lane,westminster_hall,788,610,1662,8,22,boat,
westminster_hall,great_wardrobe,610,576,1662,8,22,walk,
great_wardrobe,home_seething_lane,576,788,1662,8,22,boat,
whitehall,banqueting_house,642,20,1662,8,23,walk,
banqueting_house,great_wardrobe,20,576,1662,8,23,walk,
great_wardrobe,palace_yard,576,372,1662,8,23,walk,
palace_yard,old_swan,372,444,1662,8,23,boat,
parish_church,tom_pepys_shop,544,121,1662,8,24,walk,
tom_pepys_shop,great_wardrobe,121,576,1662,8,24,walk,
great_wardrobe,uncle_wight_house,576,592,1662,8,24,walk,
woolwich,deptford,362,77,1662,8,25,boat,
deptford,home_seething_lane,77,788,1662,8,25,boat,
home_seething_lane,sir_w_batten_house,788,514,1662,8,25,walk,
sir_w_batten_house,deptford,514,77,1662,8,26,boat,Sir W. Batten
deptford,custom_house,77,130,1662,8,26,boat,
sir_w_batten_house,navy_office,514,422,1662,8,28,walk,
navy_office,home_seething_lane,422,788,1662,8,28,walk,
navy_office,tower_hill_lodging,422,582,1662,8,30,walk,
tower_hill_lodging,parish_church,582,544,1662,8,31,walk,
parish_church,tom_pepys_shop,544,121,1662,8,31,walk,
tom_pepys_shop,mr_rawlinsons_house,121,396,1662,8,31,walk,
mr_rawlinsons_house,sir_w_pen_house,396,516,1662,8,31,walk,
sir_w_pen_house,tower_hill_lodging,516,582,1662,8,31,walk,
tower_hill_lodging,navy_office,582,422,1662,9,1,walk,
navy_office,st_james_palace,422,540,1662,9,1,coach,Sir W. Batten; Sir W. Pen
st_james_palace,my_lords_lodgings,540,650,1662,9,1,walk,
my_lords_lodgings,home_seething_lane,650,788,1662,9,1,boat,
home_seething_lane,navy_office,788,422,1662,9,1,walk,
navy_office,tower_hill_lodging,422,582,1662,9,1,walk,
tower_hill_lodging,navy_office,582,422,1662,9,2,walk,
navy_office,sir_w_batten_house,422,514,1662,9,2,walk,
sir_w_batten_house,navy_office,514,422,1662,9,2,walk,
navy_office,tower_hill_lodging,422,582,1662,9,2,walk,
tower_hill_lodging,navy_office,582,422,1662,9,3,walk,
navy_office,redriffe,422,475,1662,9,3,walk,
redriffe,deptford,475,77,1662,9,3,walk,
deptford,navy_office,77,422,1662,9,3,boat,
navy_office,tom_pepys_shop,422,121,1662,9,3,walk,
tom_pepys_shop,great_wardrobe,121,576,1662,9,3,walk,
great_wardrobe,my_lords_lodgings,576,650,1662,9,3,walk,
my_lords_lodgings,tower,650,583,1662,9,4,boat,
tower,navy_office,583,422,1662,9,4,walk,
navy_office,trinity_house,422,588,1662,9,4,walk,
trinity_house,navy_office,588,422,1662,9,4,walk,
navy_office,tower_hill_lodging,422,582,1662,9,4,walk,
tower_hill_lodging,woolwich,582,362,1662,9,5,boat,
woolwich,greenwich,362,212,1662,9,5,walk,
greenwich,deptford,212,77,1662,9,5,boat,
deptford,redriffe,77,475,1662,9,5,walk,
redriffe,mr_blands_house,475,365,1662,9,5,boat,
mr_blands_house,navy_office,365,422,1662,9,5,walk,
navy_office,tower_hill_lodging,422,582,1662,9,5,walk,
tower_hill_lodging,navy_office,582,422,1662,9,6,walk,
trinity_house,navy_office,588,422,1662,9,6,walk,
navy_office,tower_hill_lodging,422,582,1662,9,6,walk,
tower_hill_lodging,whitehall,582,642,1662,9,7,coach,Sir J. Minnes
whitehall,whitehall_chapel,642,619,1662,9,7,walk,
whitehall_chapel,mr_foxs_house,619,381,1662,9,7,walk,
mr_foxs_house,my_lords_lodgings,381,650,1662,9,7,walk,
my_lords_lodgings,somerset_house,650,523,1662,9,7,walk,Mr. Pierce
somerset_house,home_seething_lane,523,788,1662,9,7,walk,
home_seething_lane,tower_hill_lodging,788,582,1662,9,7,walk,
tower_hill_lodging,old_swan,582,444,1662,9,8,walk,
old_swan,whitehall,444,642,1662,9,8,boat,
st_james_palace,exchequer,540,169,1662,9,8,walk,
exchequer,sun_tavern,169,561,1662,9,8,walk,
sun_tavern,falcon_bankside,561,68,1662,9,8,boat,
falcon_bankside,royal_exchange,68,789,1662,9,8,walk,
royal_exchange,redriffe,789,475,1662,9,8,walk,
redriffe,deptford,475,77,1662,9,8,walk,
deptford,home_seething_lane,77,788,1662,9,8,boat,
home_seething_lane,tower_hill_lodging,788,582,1662,9,8,walk,
tower_hill_lodging,navy_office,582,422,1662,9,9,boat,
navy_office,deptford,422,77,1662,9,9,boat,
deptford,navy_office,77,422,1662,9,9,boat,
navy_office,tower_hill_lodging,422,582,1662,9,9,walk,
tower_hill_lodging,home_seething_lane,582,788,1662,9,10,walk,
home_seething_lane,great_wardrobe,788,576,1662,9,10,walk,
great_wardrobe,tom_pepys_shop,576,121,1662,9,10,walk,
tom_pepys_shop,royal_exchange,121,789,1662,9,10,walk,
royal_exchange,navy_office,789,422,1662,9,10,walk,
navy_office,tower_hill_lodging,422,582,1662,9,10,walk,
tower_hill_lodging,navy_office,582,422,1662,9,11,walk,
navy_office,sir_w_pen_house,422,516,1662,9,11,walk,
sir_w_pen_house,navy_office,516,422,1662,9,11,walk,
navy_office,tower_hill_lodging,422,582,1662,9,11,walk,
tower_hill_lodging,navy_office,582,422,1662,9,12,walk,
navy_office,home_seething_lane,422,788,1662,9,12,walk,
home_seething_lane,tower_hill_lodging,788,582,1662,9,12,walk,
tower_hill_lodging,navy_office,582,422,1662,9,13,walk,
navy_office,tower_hill_lodging,422,582,1662,9,13,walk,
tower_hill_lodging,whitehall,582,642,1662,9,14,coach,Sir J. Minnes
whitehall,whitehall_chapel,642,619,1662,9,14,walk,
whitehall_chapel,sir_g_carterets_house,619,503,1662,9,14,walk,
sir_g_carterets_house,parish_church,503,544,1662,9,14,walk,
parish_church,sir_w_batten_house,544,514,1662,9,14,walk,
sir_w_batten_house,navy_office,514,422,1662,9,14,walk,
navy_office,tower_hill_lodging,422,582,1662,9,14,walk,
tower_hill_lodging,whitehall,582,642,1662,9,15,boat,Sir W. Pen
whitehall,deptford,642,77,1662,9,15,walk,
deptford,home_seething_lane,77,788,1662,9,15,boat,
home_seething_lane,tower_hill_lodging,788,582,1662,9,15,walk,
tower_hill_lodging,navy_office,582,422,1662,9,16,walk,
royal_exchange,navy_office,789,422,1662,9,16,walk,
navy_office,tower_hill_lodging,422,582,1662,9,16,walk,
tower_hill_lodging,navy_office,582,422,1662,9,17,walk,
home_seething_lane,tower_hill_lodging,788,582,1662,9,17,walk,
tower_hill_lodging,navy_office,582,422,1662,9,18,walk,
navy_office,tower_hill_lodging,422,582,1662,9,18,walk,
tower_hill_lodging,navy_office,582,422,1662,9,19,walk,
navy_office,deptford,422,77,1662,9,19,boat,
deptford,redriffe,77,475,1662,9,19,walk,
redriffe,home_seething_lane,475,788,1662,9,19,boat,
home_seething_lane,tower_hill_lodging,788,582,1662,9,19,walk,
tower_hill_lodging,navy_office,582,422,1662,9,20,walk,
navy_office,home_seething_lane,422,788,1662,9,20,walk,
home_seething_lane,st_james_palace,788,540,1662,9,21,boat,
st_james_palace,st_james_park,540,541,1662,9,21,walk,
st_james_park,queens_chapel_whitehall,541,468,1662,9,21,walk,
queens_chapel_whitehall,whitehall_chapel,468,619,1662,9,21,walk,
whitehall_chapel,whitehall,619,642,1662,9,21,walk,
whitehall,tom_pepys_shop,642,121,1662,9,21,walk,
tom_pepys_shop,uncle_wight_house,121,592,1662,9,21,walk,
uncle_wight_house,home_seething_lane,592,788,1662,9,21,walk,
home_seething_lane,st_james_palace,788,540,1662,9,22,coach,Sir J. Minnes; Sir W. Batten; Sir W. Pen
st_james_palace,greatorexs,540,383,1662,9,22,walk,
greatorexs,lord_crews_house,383,337,1662,9,22,walk,
lord_crews_house,tom_pepys_shop,337,121,1662,9,22,walk,
tom_pepys_shop,blackfriars,121,46,1662,9,22,walk,
blackfriars,home_seething_lane,46,788,1662,9,22,walk,
navy_office,deptford,422,77,1662,9,23,boat,
deptford,home_seething_lane,77,788,1662,9,23,coach,Sir G. Carteret; Sir W. Batten
lord_crews_house,mr_wottons_shop,337,670,1662,9,24,walk,
mr_wottons_shop,tom_pepys_shop,670,121,1662,9,24,walk,
tom_pepys_shop,home_seething_lane,121,788,1662,9,24,walk,
home_seething_lane,navy_office,788,422,1662,9,25,walk,
navy_office,sir_w_batten_house,422,514,1662,9,25,walk,
sir_w_batten_house,home_seething_lane,514,788,1662,9,25,walk,
home_seething_lane,navy_office,788,422,1662,9,26,walk,
navy_office,home_seething_lane,422,788,1662,9,26,walk,
home_seething_lane,navy_office,788,422,1662,9,27,walk,
navy_office,home_seething_lane,422,788,1662,9,27,walk,
home_seething_lane,tom_pepys_shop,788,121,1662,9,27,walk,
tom_pepys_shop,home_seething_lane,121,788,1662,9,27,walk,Elizabeth Pepys
home_seething_lane,tom_pepys_shop,788,121,1662,9,28,walk,Elizabeth Pepys
tom_pepys_shop,french_church_savoy,121,187,1662,9,28,walk,
french_church_savoy,tom_pepys_shop,187,121,1662,9,28,walk,
tom_pepys_shop,home_seething_lane,121,788,1662,9,28,walk,Elizabeth Pepys
home_seething_lane,whitehall,788,642,1662,9,29,coach,
st_james_park,tom_pepys_shop,541,121,1662,9,29,walk,
tom_pepys_shop,home_seething_lane,121,788,1662,9,29,coach,Elizabeth Pepys
home_seething_lane,kings_theatre,788,295,1662,9,29,walk,Elizabeth Pepys; Mrs. Margaret Pen
kings_theatre,mrs_turner_house,295,419,1662,9,29,walk,Elizabeth Pepys
home_seething_lane,sir_w_pen_house,788,516,1662,9,30,walk,
sir_w_pen_house,dukes_theatre,516,160,1662,9,30,coach,Elizabeth Pepys
dukes_theatre,home_seething_lane,160,788,1662,9,30,coach,Elizabeth Pepys
home_seething_lane,tower_hill_lodging,788,582,1662,9,30,walk,
tower_hill_lodging,home_seething_lane,582,788,1662,10,1,walk,
home_seething_lane,deptford,788,77,1662,10,1,boat,
deptford,home_seething_lane,77,788,1662,10,1,boat,
home_seething_lane,whitehall,788,642,1662,10,2,coach,
whitehall,cockpit,642,104,1662,10,2,walk,
my_lords_lodgings,tom_pepys_shop,650,121,1662,10,3,walk,
tom_pepys_shop,pauls_churchyard,121,546,1662,10,3,walk,
parish_church,tom_pepys_shop,544,121,1662,10,5,walk,
tom_pepys_shop,home_seething_lane,121,788,1662,10,5,walk,
whitehall,woolwich,642,362,1662,10,6,boat,Mr. Coventry; Sir W. Pen
woolwich,deptford,362,77,1662,10,6,walk,
deptford,redriffe,77,475,1662,10,6,walk,
home_seething_lane,navy_office,788,422,1662,10,7,coach,Elizabeth Pepys
navy_office,home_seething_lane,422,788,1662,10,7,walk,
westminster_hall,new_exchange,610,129,1662,10,7,coach,Elizabeth Pepys
new_exchange,tom_pepys_shop,129,121,1662,10,7,walk,
tom_pepys_shop,home_seething_lane,121,788,1662,10,7,coach,Elizabeth Pepys
navy_office,home_seething_lane,422,788,1662,10,9,walk,
home_seething_lane,puckeridge,788,466,1662,10,9,horse,
puckeridge,cambridge,466,65,1662,10,10,horse,
cambridge,regent_house,65,749,1662,10,10,walk,
regent_house,trinity_hall,749,587,1662,10,10,walk,
hinchingbroke,huntingdon,238,270,1662,10,13,walk,
huntingdon,brampton,270,51,1662,10,13,walk,
brampton,portholme,51,680,1662,10,13,walk,
portholme,brampton,680,51,1662,10,13,walk,
hinchingbroke,cambridge,238,65,1662,10,14,horse,Tom Pepys
cambridge,ware,65,606,1662,10,15,horse,
home_seething_lane,treasury_office,788,640,1662,10,16,walk,
treasury_office,home_seething_lane,640,788,1662,10,16,walk,
westminster_hall,great_wardrobe,610,576,1662,10,17,walk,
great_wardrobe,deptford,576,77,1662,10,17,boat,Commissioner Pett
deptford,home_seething_lane,77,788,1662,10,17,boat,
home_seething_lane,navy_office,788,422,1662,10,18,walk,
navy_office,home_seething_lane,422,788,1662,10,18,walk,
home_seething_lane,tom_pepys_shop,788,121,1662,10,19,walk,
tom_pepys_shop,great_wardrobe,121,576,1662,10,19,walk,
whitehall,lillys_studio,642,134,1662,10,20,walk,Commissioner Pett
lillys_studio,tom_pepys_shop,134,121,1662,10,20,walk,
tom_pepys_shop,dukes_theatre,121,160,1662,10,20,coach,Elizabeth Pepys
dukes_theatre,home_seething_lane,160,788,1662,10,20,coach,Elizabeth Pepys
navy_office,home_seething_lane,422,788,1662,10,21,walk,
home_seething_lane,the_temple,788,102,1662,10,21,boat,
the_temple,home_seething_lane,102,788,1662,10,21,walk,
home_seething_lane,covent_garden,788,123,1662,10,22,coach,Elizabeth Pepys
covent_garden,my_lords_lodgings,123,650,1662,10,22,walk,
my_lords_lodgings,tom_pepys_shop,650,121,1662,10,22,walk,
tom_pepys_shop,great_wardrobe,121,576,1662,10,22,walk,
great_wardrobe,home_seething_lane,576,788,1662,10,22,coach,Elizabeth Pepys
navy_office,home_seething_lane,422,788,1662,10,23,walk,
home_seething_lane,deptford,788,77,1662,10,24,boat,
deptford,home_seething_lane,77,788,1662,10,24,walk,
home_seething_lane,sir_w_pen_house,788,516,1662,10,24,walk,
sir_w_pen_house,treasury_office,516,640,1662,10,24,walk,
treasury_office,home_seething_lane,640,788,1662,10,24,walk,
parish_church,uncle_wight_house,544,592,1662,10,26,walk,
royal_exchange,home_seething_lane,789,788,1662,10,27,coach,
home_seething_lane,sir_w_batten_house,788,514,1662,10,27,walk,
sir_w_batten_house,sir_w_pen_house,514,516,1662,10,27,walk,
sir_w_pen_house,home_seething_lane,516,788,1662,10,27,walk,
home_seething_lane,navy_office,788,422,1662,10,29,walk,
navy_office,sir_w_batten_house,422,514,1662,10,29,walk,
navy_office,minchen_lane,422,45,1662,10,30,walk,
minchen_lane,tower,45,583,1662,10,30,walk,
whitehall,home_seething_lane,642,788,1662,10,30,coach,
dolphin_tavern,home_seething_lane,149,788,1662,11,1,walk,
parish_church,sir_w_batten_house,544,514,1662,11,2,walk,
sir_w_batten_house,sir_w_pen_house,514,516,1662,11,2,walk,
sir_w_pen_house,home_seething_lane,516,788,1662,11,2,walk,
wilkinsons,st_pauls,656,545,1662,11,3,coach,Henry Moore
st_pauls,home_seething_lane,545,788,1662,11,3,walk,
navy_office,home_seething_lane,422,788,1662,11,4,walk,
home_seething_lane,sir_w_pen_house,788,516,1662,11,4,walk,
home_seething_lane,sir_w_pen_house,788,516,1662,11,5,walk,
sir_w_pen_house,home_seething_lane,516,788,1662,11,5,walk,
tower,whitehall,583,642,1662,11,7,coach,
whitehall,my_lords_lodgings,642,650,1662,11,7,walk,
my_lords_lodgings,tom_pepys_shop,650,121,1662,11,7,walk,
tom_pepys_shop,home_seething_lane,121,788,1662,11,7,walk,
home_seething_lane,tom_pepys_shop,788,121,1662,11,9,walk,
tom_pepys_shop,the_temple,121,102,1662,11,9,walk,
the_temple,st_gregorys,102,536,1662,11,9,walk,
st_gregorys,sir_w_batten_house,536,514,1662,11,9,walk,
whitehall,westminster_hall,642,610,1662,11,10,walk,
lord_crews_house,tom_pepys_shop,337,121,1662,11,10,walk,
tom_pepys_shop,charing_cross,121,85,1662,11,10,coach,Elizabeth Pepys
my_lords_lodgings,tom_pepys_shop,650,121,1662,11,10,walk,
tom_pepys_shop,home_seething_lane,121,788,1662,11,10,walk,Elizabeth Pepys
navy_office,home_seething_lane,422,788,1662,11,12,walk,
home_seething_lane,lincolns_inn_fields,788,319,1662,11,12,coach,
lincolns_inn_fields,the_temple,319,102,1662,11,12,walk,
the_temple,pauls_churchyard,102,546,1662,11,12,walk,
navy_office,home_seething_lane,422,788,1662,11,13,walk,
parish_church,tom_pepys_shop,544,121,1662,11,16,walk,
tom_pepys_shop,home_seething_lane,121,788,1662,11,16,walk,
westminster_hall,home_seething_lane,610,788,1662,11,17,walk,
home_seething_lane,cockpit,788,104,1662,11,17,boat,Elizabeth Pepys
sir_w_batten_house,home_seething_lane,514,788,1662,11,18,walk,
home_seething_lane,great_wardrobe,788,576,1662,11,18,walk,
great_wardrobe,the_temple,576,102,1662,11,18,walk,
the_temple,home_seething_lane,102,788,1662,11,18,walk,
navy_office,the_temple,422,102,1662,11,20,coach,Mr. Coventry
the_temple,mr_coventrys_lodgings,102,372,1662,11,20,walk,
mr_coventrys_lodgings,the_temple,372,102,1662,11,20,walk,
the_temple,home_seething_lane,102,788,1662,11,20,coach,
home_seething_lane,navy_office,788,422,1662,11,22,walk,
navy_office,home_seething_lane,422,788,1662,11,22,walk,
home_seething_lane,the_temple,788,102,1662,11,22,walk,
the_temple,great_wardrobe,102,576,1662,11,22,walk,
great_wardrobe,home_seething_lane,576,788,1662,11,22,walk,
parish_church,sir_w_pen_house,544,516,1662,11,23,walk,
sir_w_batten_house,home_seething_lane,514,788,1662,11,23,walk,
lord_crews_house,the_temple,337,102,1662,11,24,walk,
the_temple,home_seething_lane,102,788,1662,11,24,coach,
dolphin_tavern,the_temple,149,102,1662,11,25,coach,Mr. Coventry
the_temple,greatorexs,102,383,1662,11,25,walk,
my_lords_lodgings,the_temple,650,102,1662,11,25,walk,
the_temple,home_seething_lane,102,788,1662,11,25,walk,
home_seething_lane,the_temple,788,102,1662,11,26,walk,
the_temple,home_seething_lane,102,788,1662,11,26,walk,
navy_office,home_seething_lane,422,788,1662,11,27,walk,
home_seething_lane,cornhill,788,106,1662,11,27,walk,
cornhill,navy_office,106,422,1662,11,27,walk,
navy_office,the_temple,422,102,1662,11,27,coach,Mr. Coventry
the_temple,home_seething_lane,102,788,1662,11,27,walk,
mrs_turner_house,the_temple,419,102,1662,11,29,walk,
the_temple,my_lords_lodgings,102,650,1662,11,29,walk,
my_lords_lodgings,wilkinsons,650,656,1662,11,29,walk,
home_seething_lane,french_church_city,788,187,1662,11,30,walk,
french_church_city,sir_w_pen_house,187,516,1662,11,30,walk,
sir_w_pen_house,sir_w_batten_house,516,514,1662,11,30,walk,
sir_w_batten_house,home_seething_lane,514,788,1662,11,30,walk,
st_james_park,mr_coventrys_lodgings,541,372,1662,12,1,walk,
mr_coventrys_lodgings,whitehall,372,642,1662,12,1,walk,
whitehall,cockpit,642,104,1662,12,1,walk,
home_seething_lane,navy_office,788,422,1662,12,2,walk,
navy_office,home_seething_lane,422,788,1662,12,2,walk,
home_seething_lane,deptford,788,77,1662,12,3,boat,Commissioner Pett
deptford,globe_deptford,77,143,1662,12,3,walk,
limehouse,the_temple,317,102,1662,12,3,walk,Commissioner Pett
the_temple,home_seething_lane,102,788,1662,12,3,walk,
guildhall,grays_inn,222,204,1662,12,5,walk,
grays_inn,tom_pepys_shop,204,121,1662,12,5,walk,
tom_pepys_shop,temple_church,121,567,1662,12,5,walk,
temple_church,the_temple,567,102,1662,12,5,walk,
the_temple,home_seething_lane,102,788,1662,12,5,coach,
navy_office,home_seething_lane,422,788,1662,12,6,walk,
home_seething_lane,temple_bar,788,102,1662,12,8,coach,
temple_bar,whitehall,102,642,1662,12,8,walk,
home_seething_lane,navy_office,788,422,1662,12,10,coach,Sir J. Minnes
parish_church,whitehall,544,642,1662,12,14,walk,
whitehall,crown_tavern,642,129,1662,12,15,walk,John Creed; Henry Moore
navy_office,home_seething_lane,422,788,1662,12,16,walk,
home_seething_lane,whitehall,788,642,1662,12,16,coach,
my_lords_lodgings,tom_pepys_shop,650,121,1662,12,16,coach,
tom_pepys_shop,home_seething_lane,121,788,1662,12,16,walk,
navy_office,home_seething_lane,422,788,1662,12,19,walk,
navy_office,mr_coventrys_lodgings,422,372,1662,12,20,coach,Mr. Coventry
mr_coventrys_lodgings,whitehall,372,642,1662,12,20,walk,
parish_church,tom_pepys_shop,544,121,1662,12,21,walk,
tom_pepys_shop,whitehall,121,642,1662,12,21,walk,
my_lords_lodgings,mr_coventrys_lodgings,650,372,1662,12,22,walk,
mr_coventrys_lodgings,hyde_park,372,275,1662,12,22,horse,Mr. Coventry
lambeth,woolwich,309,362,1662,12,22,boat,Mr. Coventry
woolwich,whitehall,362,642,1662,12,22,boat,
sir_w_batten_house,pauls_churchyard,514,546,1662,12,24,walk,
pauls_churchyard,tom_pepys_shop,546,121,1662,12,24,walk,
tom_pepys_shop,lord_crews_house,121,337,1662,12,24,walk,
great_wardrobe,the_temple,576,102,1662,12,26,walk,
the_temple,great_wardrobe,102,576,1662,12,26,walk,
great_wardrobe,dukes_theatre,576,160,1662,12,26,walk,
dukes_theatre,home_seething_lane,160,788,1662,12,26,walk,
home_seething_lane,navy_office,788,422,1662,12,27,walk,
navy_office,royal_exchange,422,789,1662,12,27,walk,
royal_exchange,dukes_theatre,789,160,1662,12,27,walk,Elizabeth Pepys
dukes_theatre,home_seething_lane,160,788,1662,12,27,coach,Elizabeth Pepys
home_seething_lane,french_church_city,788,187,1662,12,28,walk,
french_church_city,uncle_wight_house,187,592,1662,12,28,walk,
home_seething_lane,westminster_hall,788,610,1662,12,29,walk,
westminster_hall,swan_westminster,610,562,1662,12,29,walk,
banqueting_house,harp_and_ball,20,230,1662,12,29,walk,
harp_and_ball,home_seething_lane,230,788,1662,12,29,coach,
royal_exchange,home_seething_lane,789,788,1662,12,30,walk,
whitehall,my_lords_lodgings,642,650,1662,12,30,walk,
swan_westminster,mrs_pierce_house,562,418,1662,12,31,walk,Elizabeth Pepys
mrs_pierce_house,whitehall,418,642,1662,12,31,walk,
whitehall,mrs_pierce_house,642,418,1662,12,31,walk,
mrs_pierce_house,my_lords_lodgings,418,650,1662,12,31,walk,Elizabeth Pepys
my_lords_lodgings,navy_office,650,422,1663,1,2,walk,
navy_office,home_seething_lane,422,788,1663,1,2,walk,
home_seething_lane,sir_w_pen_house,788,516,1663,1,2,walk,
whitehall,cockpit,642,104,1663,1,5,walk,
cockpit,my_lords_lodgings,104,650,1663,1,6,walk,
my_lords_lodgings,tom_pepys_shop,650,121,1663,1,6,walk,
tom_pepys_shop,pauls_churchyard,121,546,1663,1,6,walk,John Creed
pauls_churchyard,st_pauls,546,545,1663,1,6,walk,
st_pauls,royal_exchange,545,789,1663,1,6,walk,
royal_exchange,tom_pepys_shop,789,121,1663,1,6,walk,
tom_pepys_shop,dukes_theatre,121,160,1663,1,6,walk,Elizabeth Pepys; John Creed
dukes_theatre,home_seething_lane,160,788,1663,1,6,coach,Elizabeth Pepys
navy_office,deptford,422,77,1663,1,7,boat,
deptford,home_seething_lane,77,788,1663,1,7,boat,
home_seething_lane,navy_office,788,422,1663,1,9,walk,
navy_office,home_seething_lane,422,788,1663,1,9,walk,
parish_church,sir_w_pen_house,544,516,1663,1,11,walk,
sir_w_batten_house,home_seething_lane,514,788,1663,1,11,walk,
home_seething_lane,sir_w_pen_house,788,516,1663,1,12,walk,
home_seething_lane,deptford,788,77,1663,1,15,horse,Mr. Coventry
deptford,home_seething_lane,77,788,1663,1,15,horse,
home_seething_lane,dukes_theatre,788,160,1663,1,17,coach,John Creed
dukes_theatre,china_alehouse,160,19,1663,1,17,walk,
china_alehouse,home_seething_lane,19,788,1663,1,17,walk,
home_seething_lane,sir_w_pen_house,788,516,1663,1,18,walk,
my_lords_lodgings,mr_povys_house,650,395,1663,1,19,walk,
lord_chancellors,tom_pepys_shop,336,121,1663,1,19,walk,
tom_pepys_shop,great_wardrobe,121,576,1663,1,19,walk,
navy_office,deptford,422,77,1663,1,21,boat,Commissioner Pett
deptford,greenwich,77,212,1663,1,21,boat,
greenwich,woolwich,212,362,1663,1,21,boat,
woolwich,globe_eastcheap,362,143,1663,1,21,boat,
globe_eastcheap,home_seething_lane,143,788,1663,1,21,walk,
home_seething_lane,st_dunstans,788,534,1663,1,22,walk,
st_dunstans,mr_povys_house,534,395,1663,1,22,coach,
my_lords_lodgings,mr_creeds_lodging,650,128,1663,1,22,walk,
mr_creeds_lodging,tom_pepys_shop,128,121,1663,1,23,walk,
tom_pepys_shop,royal_exchange,121,789,1663,1,23,walk,
royal_exchange,sir_w_batten_house,789,514,1663,1,23,coach,Sir W. Batten
home_seething_lane,navy_office,788,422,1663,1,24,boat,
navy_office,royal_exchange,422,789,1663,1,24,walk,
royal_exchange,home_seething_lane,789,788,1663,1,24,walk,
home_seething_lane,redriffe,788,475,1663,1,24,walk,
my_lords_lodgings,tom_pepys_shop,650,121,1663,1,25,walk,
tom_pepys_shop,home_seething_lane,121,788,1663,1,25,walk,
westminster_hall,mr_povys_house,610,395,1663,1,26,walk,
home_seething_lane,my_lords_lodgings,788,650,1663,1,28,walk,Elizabeth Pepys
my_lords_lodgings,the_temple,650,102,1663,1,28,walk,
the_temple,mr_wottons_shop,102,670,1663,1,28,walk,
home_seething_lane,sir_w_pen_house,788,516,1663,1,29,walk,
parish_church,home_seething_lane,544,788,1663,1,30,walk,
home_seething_lane,navy_office,788,422,1663,1,30,walk,
whitehall,mr_coventrys_lodgings,642,372,1663,2,2,walk,
mr_coventrys_lodgings,the_temple,372,102,1663,2,2,walk,John Creed
the_temple,mrs_turner_house,102,419,1663,2,2,walk,
mrs_turner_house,tom_pepys_shop,419,121,1663,2,2,walk,
tom_pepys_shop,home_seething_lane,121,788,1663,2,2,walk,
home_seething_lane,pauls_school,788,548,1663,2,4,walk,
pauls_school,the_temple,548,102,1663,2,4,walk,
the_temple,home_seething_lane,102,788,1663,2,4,walk,
home_seething_lane,navy_office,788,422,1663,2,5,boat,Sir W. Batten
navy_office,home_seething_lane,422,788,1663,2,5,walk,
home_seething_lane,the_temple,788,102,1663,2,5,walk,
the_temple,home_seething_lane,102,788,1663,2,5,walk,
home_seething_lane,navy_office,788,422,1663,2,6,walk,
navy_office,lincolns_inn_fields,422,319,1663,2,6,walk,
mr_povys_house,the_temple,395,102,1663,2,6,walk,
the_temple,my_lords_lodgings,102,650,1663,2,6,walk,
st_james_park,great_wardrobe,541,576,1663,2,8,walk,
great_wardrobe,home_seething_lane,576,788,1663,2,8,walk,
home_seething_lane,tom_pepys_shop,788,121,1663,2,13,coach,Elizabeth Pepys
tom_pepys_shop,the_temple,121,102,1663,2,13,walk,
the_temple,home_seething_lane,102,788,1663,2,13,walk,
navy_office,home_seething_lane,422,788,1663,2,14,walk,
home_seething_lane,the_temple,788,102,1663,2,14,coach,Elizabeth Pepys
the_temple,home_seething_lane,102,788,1663,2,14,coach,
whitehall,westminster_hall,642,610,1663,2,16,walk,
lord_crews_house,the_temple,337,102,1663,2,16,walk,
the_temple,sir_w_pen_house,102,516,1663,2,16,walk,
sir_w_pen_house,home_seething_lane,516,788,1663,2,16,walk,
home_seething_lane,navy_office,788,422,1663,2,17,walk,Elizabeth Pepys
navy_office,home_seething_lane,422,788,1663,2,17,walk,
home_seething_lane,the_temple,788,102,1663,2,17,boat,
the_temple,westminster_hall,102,610,1663,2,17,boat,
westminster_hall,my_lords_lodgings,610,650,1663,2,17,walk,
home_seething_lane,navy_office,788,422,1663,2,18,walk,
navy_office,home_seething_lane,422,788,1663,2,18,walk,
home_seething_lane,deptford,788,77,1663,2,20,boat,Commissioner Pett
deptford,woolwich,77,362,1663,2,20,boat,
woolwich,cuckolds_point,362,701,1663,2,20,boat,
cuckolds_point,the_temple,701,102,1663,2,20,boat,
the_temple,home_seething_lane,102,788,1663,2,20,walk,
home_seething_lane,sir_w_batten_house,788,514,1663,2,21,walk,
sir_w_batten_house,cornhill,514,106,1663,2,21,walk,
cornhill,sir_w_batten_house,106,514,1663,2,21,walk,
sir_w_batten_house,home_seething_lane,514,788,1663,2,21,walk,
my_lords_lodgings,home_seething_lane,650,788,1663,2,23,boat,
home_seething_lane,dukes_theatre,788,160,1663,2,23,coach,Elizabeth Pepys; John Creed
dukes_theatre,cockpit,160,104,1663,2,23,coach,
cockpit,home_seething_lane,104,788,1663,2,23,coach,Elizabeth Pepys
home_seething_lane,navy_office,788,422,1663,2,24,walk,
navy_office,home_seething_lane,422,788,1663,2,24,walk,
home_seething_lane,navy_office,788,422,1663,2,25,coach,
navy_office,home_seething_lane,422,788,1663,2,25,walk,
home_seething_lane,the_temple,788,102,1663,2,25,walk,
the_temple,tom_pepys_shop,102,121,1663,2,25,walk,
tom_pepys_shop,great_wardrobe,121,576,1663,2,25,walk,
new_exchange,home_seething_lane,129,788,1663,2,26,boat,
home_seething_lane,navy_office,788,422,1663,2,28,walk,
navy_office,sir_w_batten_house,422,514,1663,2,28,walk,
sir_w_batten_house,the_temple,514,102,1663,2,28,walk,
the_temple,westminster_hall,102,610,1663,2,28,boat,
westminster_hall,my_lords_lodgings,610,650,1663,2,28,walk,
my_lords_lodgings,the_temple,650,102,1663,2,28,walk,
the_temple,whitehall,102,642,1663,2,28,walk,
home_seething_lane,deptford,788,77,1663,3,2,boat,Commissioner Pett
deptford,woolwich,77,362,1663,3,2,boat,
woolwich,home_seething_lane,362,788,1663,3,2,boat,
home_seething_lane,the_temple,788,102,1663,3,3,walk,Commissioner Pett
the_temple,whitehall,102,642,1663,3,3,walk,
whitehall,home_seething_lane,642,788,1663,3,3,boat,
home_seething_lane,whitehall,788,642,1663,3,5,coach,Sir J. Minnes; Sir W. Batten
whitehall,westminster_hall,642,610,1663,3,5,walk,
home_seething_lane,woolwich,788,362,1663,3,6,coach,Sir J. Minnes; Sir W. Batten
woolwich,deptford,362,77,1663,3,6,coach,
deptford,home_seething_lane,77,788,1663,3,6,coach,
home_seething_lane,sir_w_batten_house,788,514,1663,3,6,walk,
sir_w_batten_house,home_seething_lane,514,788,1663,3,6,walk,
home_seething_lane,navy_office,788,422,1663,3,7,walk,
navy_office,home_seething_lane,422,788,1663,3,7,walk,
whitehall,whitehall_chapel,642,619,1663,3,8,walk,
pauls_churchyard,home_seething_lane,546,788,1663,3,8,walk,
home_seething_lane,navy_office,788,422,1663,3,9,walk,
navy_office,home_seething_lane,422,788,1663,3,11,walk,
home_seething_lane,navy_office,788,422,1663,3,13,walk,
navy_office,home_seething_lane,422,788,1663,3,13,walk,
home_seething_lane,mrs_pierce_house,788,418,1663,3,13,boat,Elizabeth Pepys; Mary Ashwell
mrs_pierce_house,whitehall,418,642,1663,3,13,walk,
home_seething_lane,navy_office,788,422,1663,3,16,walk,
navy_office,home_seething_lane,422,788,1663,3,16,walk,
home_seething_lane,my_lords_lodgings,788,650,1663,3,16,coach,Elizabeth Pepys; Mary Ashwell
home_seething_lane,st_margarets_hill,788,91,1663,3,17,coach,Sir W. Batten
st_margarets_hill,home_seething_lane,91,788,1663,3,17,boat,
navy_office,home_seething_lane,422,788,1663,3,18,walk,
home_seething_lane,redriffe,788,475,1663,3,18,boat,Elizabeth Pepys; Mary Ashwell
redriffe,halfway_house,475,226,1663,3,18,walk,
halfway_house,deptford,226,77,1663,3,18,walk,
deptford,home_seething_lane,77,788,1663,3,18,walk,Elizabeth Pepys; Mary Ashwell
home_seething_lane,woolwich,788,362,1663,3,19,boat,
woolwich,greenwich,362,212,1663,3,19,walk,
greenwich,deptford,212,77,1663,3,19,walk,
deptford,redriffe,77,475,1663,3,19,walk,
home_seething_lane,deptford,788,77,1663,3,20,walk,
deptford,home_seething_lane,77,788,1663,3,20,walk,
home_seething_lane,the_temple,788,102,1663,3,20,boat,
the_temple,pauls_churchyard,102,546,1663,3,20,walk,
pauls_churchyard,tom_pepys_shop,546,121,1663,3,20,walk,
tom_pepys_shop,home_seething_lane,121,788,1663,3,20,walk,
home_seething_lane,chelsea,788,93,1663,3,22,coach,Elizabeth Pepys; Mary Ashwell; John Creed
home_seething_lane,navy_office,788,422,1663,3,23,walk,
navy_office,home_seething_lane,422,788,1663,3,23,walk,
home_seething_lane,whitehall,788,642,1663,3,23,coach,
home_seething_lane,navy_office,788,422,1663,3,25,coach,Sir W. Pen
navy_office,royal_exchange,422,789,1663,3,25,walk,
home_seething_lane,navy_office,788,422,1663,3,25,walk,
navy_office,home_seething_lane,422,788,1663,3,25,walk,
home_seething_lane,navy_office,788,422,1663,3,26,walk,
navy_office,royal_exchange,422,789,1663,3,26,walk,
home_seething_lane,navy_office,788,422,1663,3,27,walk,
navy_office,royal_exchange,422,789,1663,3,27,walk,
royal_exchange,exchequer,789,169,1663,3,27,walk,
exchequer,hercules_pillars,169,234,1663,3,27,walk,John Creed
hercules_pillars,pauls_churchyard,234,546,1663,3,27,walk,
pauls_churchyard,home_seething_lane,546,788,1663,3,27,walk,
home_seething_lane,navy_office,788,422,1663,3,28,walk,
navy_office,home_seething_lane,422,788,1663,3,28,walk,
home_seething_lane,deptford,788,77,1663,3,28,walk,John Creed
deptford,home_seething_lane,77,788,1663,3,28,walk,
home_seething_lane,glass_house,788,193,1663,3,30,walk,
glass_house,whitehall,193,642,1663,3,30,coach,Sir W. Pen; Elizabeth Pepys; Mary Ashwell
navy_office,sir_w_batten_house,422,514,1663,3,31,walk,
sir_w_batten_house,home_seething_lane,514,788,1663,3,31,walk,
home_seething_lane,tom_pepys_shop,788,121,1663,4,1,walk,
tom_pepys_shop,the_temple,121,102,1663,4,1,walk,
the_temple,tom_pepys_shop,102,121,1663,4,1,walk,
tom_pepys_shop,home_seething_lane,121,788,1663,4,1,walk,
home_seething_lane,navy_office,788,422,1663,4,2,coach,Sir W. Pen
navy_office,westminster_hall,422,610,1663,4,2,coach,Sir W. Pen
home_seething_lane,navy_office,788,422,1663,4,2,walk,
navy_office,home_seething_lane,422,788,1663,4,2,walk,
home_seething_lane,old_swan,788,444,1663,4,3,walk,
old_swan,whitehall,444,642,1663,4,3,boat,
whitehall,whitehall_chapel,642,619,1663,4,3,walk,
whitehall_chapel,whitehall,619,642,1663,4,3,walk,
whitehall,my_lords_lodgings,642,650,1663,4,3,walk,
home_seething_lane,navy_office,788,422,1663,4,4,walk,
navy_office,lombard_street,422,485,1663,4,4,walk,
lombard_street,navy_office,485,422,1663,4,4,walk,
navy_office,home_seething_lane,422,788,1663,4,4,walk,
navy_office,home_seething_lane,422,788,1663,4,6,walk,
home_seething_lane,whitehall,788,642,1663,4,6,coach,
whitehall,my_lords_lodgings,642,650,1663,4,6,walk,
navy_office,home_seething_lane,422,788,1663,4,7,walk,
home_seething_lane,navy_office,788,422,1663,4,8,walk,
navy_office,the_temple,422,102,1663,4,8,walk,
the_temple,whitehall,102,642,1663,4,8,walk,
whitehall,whitehall_chapel,642,619,1663,4,8,walk,
whitehall_chapel,home_seething_lane,619,788,1663,4,8,boat,
home_seething_lane,woolwich,788,362,1663,4,8,boat,Elizabeth Pepys; Mary Ashwell; John Pepys Sr.
woolwich,greenwich,362,212,1663,4,8,walk,
greenwich,deptford,212,77,1663,4,8,walk,
deptford,halfway_house,77,226,1663,4,8,walk,
halfway_house,home_seething_lane,226,788,1663,4,8,walk,
home_seething_lane,navy_office,788,422,1663,4,10,walk,
navy_office,royal_exchange,422,789,1663,4,10,walk,
royal_exchange,royal_oak,789,9,1663,4,10,walk,
royal_oak,home_seething_lane,9,788,1663,4,10,walk,
whitehall,st_james_park,642,541,1663,4,10,walk,
st_james_park,my_lords_lodgings,541,650,1663,4,10,walk,
my_lords_lodgings,new_exchange,650,129,1663,4,10,walk,
new_exchange,home_seething_lane,129,788,1663,4,10,coach,Elizabeth Pepys
parish_church,home_seething_lane,544,788,1663,4,12,walk,
home_seething_lane,whitehall,788,642,1663,4,12,coach,Elizabeth Pepys; Mary Ashwell
whitehall,grays_inn,642,204,1663,4,12,coach,
grays_inn,home_seething_lane,204,788,1663,4,12,coach,
home_seething_lane,navy_office,788,422,1663,4,13,walk,
navy_office,steelyard,422,555,1663,4,13,walk,Sir W. Batten
whitehall,great_wardrobe,642,576,1663,4,13,walk,
great_wardrobe,home_seething_lane,576,788,1663,4,13,walk,
home_seething_lane,navy_office,788,422,1663,4,14,walk,
navy_office,woolwich,422,362,1663,4,14,boat,Sir J. Minnes; Sir W. Batten; Sir W. Pen
woolwich,greenwich,362,212,1663,4,14,walk,
greenwich,deptford,212,77,1663,4,14,walk,
deptford,redriffe,77,475,1663,4,14,walk,
home_seething_lane,navy_office,788,422,1663,4,14,walk,
navy_office,home_seething_lane,422,788,1663,4,14,walk,
navy_office,home_seething_lane,422,788,1663,4,15,walk,
home_seething_lane,deptford,788,77,1663,4,15,walk,
deptford,home_seething_lane,77,788,1663,4,15,boat,
navy_office,pauls_churchyard,422,546,1663,4,17,walk,John Pepys Sr.
parish_church,uncle_wight_house,544,592,1663,4,19,walk,John Pepys Sr.
uncle_wight_house,home_seething_lane,592,788,1663,4,19,walk,
home_seething_lane,whitehall,788,642,1663,4,20,coach,
whitehall,home_seething_lane,642,788,1663,4,20,coach,Sir J. Minnes
home_seething_lane,navy_office,788,422,1663,4,22,walk,
navy_office,royal_exchange,422,789,1663,4,22,walk,
uncle_wight_house,kings_playhouse,592,295,1663,4,22,coach,Elizabeth Pepys; Mary Ashwell; John Pepys Sr.
kings_playhouse,home_seething_lane,295,788,1663,4,22,coach,
home_seething_lane,halfway_house,788,226,1663,4,24,walk,Elizabeth Pepys; Mary Ashwell
halfway_house,home_seething_lane,226,788,1663,4,24,walk,
navy_office,old_exchange,422,129,1663,4,25,walk,
old_exchange,westminster_hall,129,610,1663,4,25,walk,
westminster_hall,whitehall,610,642,1663,4,25,walk,
whitehall,my_lords_lodgings,642,650,1663,4,25,walk,
my_lords_lodgings,new_exchange,650,129,1663,4,25,walk,
new_exchange,home_seething_lane,129,788,1663,4,25,walk,
home_seething_lane,halfway_house,788,226,1663,4,26,walk,Elizabeth Pepys; Mary Ashwell
halfway_house,home_seething_lane,226,788,1663,4,26,walk,
home_seething_lane,navy_office,788,422,1663,4,27,walk,
navy_office,whitehall,422,642,1663,4,27,boat,
st_james_palace,my_lords_lodgings,540,650,1663,4,27,walk,
home_seething_lane,tom_pepys_shop,788,121,1663,4,29,coach,
tom_pepys_shop,chelsea,121,93,1663,4,29,coach,John Pepys Sr.
navy_office,home_seething_lane,422,788,1663,4,30,walk,
home_seething_lane,tom_pepys_shop,788,121,1663,5,1,walk,John Pepys Sr.
tom_pepys_shop,bishopsgate,121,44,1663,5,1,walk,
bishopsgate,chequer_charing_cross,44,94,1663,5,1,horse,
chequer_charing_cross,hyde_park,94,275,1663,5,1,horse,
hyde_park,home_seething_lane,275,788,1663,5,1,horse,
home_seething_lane,sir_w_pen_house,788,516,1663,5,2,walk,
sir_w_pen_house,home_seething_lane,516,788,1663,5,2,walk,
home_seething_lane,st_james_palace,788,540,1663,5,4,walk,
my_lords_lodgings,mrs_pierce_house,650,418,1663,5,4,walk,
mrs_pierce_house,new_exchange,418,129,1663,5,4,walk,
new_exchange,tom_pepys_shop,129,121,1663,5,4,walk,
tom_pepys_shop,home_seething_lane,121,788,1663,5,4,coach,Elizabeth Pepys
home_seething_lane,navy_office,788,422,1663,5,5,walk,Sir J. Minnes
home_seething_lane,navy_office,788,422,1663,5,6,walk,Sir J. Minnes
navy_office,royal_exchange,422,789,1663,5,6,walk,
royal_exchange,pauls_churchyard,789,546,1663,5,6,walk,
pauls_churchyard,trinity_house,546,588,1663,5,6,walk,
home_seething_lane,new_exchange,788,129,1663,5,7,boat,Elizabeth Pepys
new_exchange,tom_pepys_shop,129,121,1663,5,7,walk,
tom_pepys_shop,westminster_hall,121,610,1663,5,7,walk,
home_seething_lane,somerset_house,788,523,1663,5,8,walk,
somerset_house,tom_pepys_shop,523,121,1663,5,8,walk,
tom_pepys_shop,theatre_royal,121,577,1663,5,8,walk,Elizabeth Pepys; Mary Ashwell
home_seething_lane,navy_office,788,422,1663,5,9,walk,
navy_office,westminster_hall,422,610,1663,5,9,walk,
westminster_hall,home_seething_lane,610,788,1663,5,9,walk,
home_seething_lane,woolwich,788,362,1663,5,11,boat,
woolwich,greenwich,362,212,1663,5,11,walk,
st_james_palace,tom_pepys_shop,540,121,1663,5,11,walk,
tom_pepys_shop,home_seething_lane,121,788,1663,5,11,walk,
home_seething_lane,navy_office,788,422,1663,5,12,walk,
navy_office,home_seething_lane,422,788,1663,5,12,walk,
home_seething_lane,navy_office,788,422,1663,5,13,walk,
navy_office,home_seething_lane,422,788,1663,5,13,walk,
home_seething_lane,the_temple,788,102,1663,5,13,boat,
the_temple,home_seething_lane,102,788,1663,5,13,walk,
home_seething_lane,the_temple,788,102,1663,5,14,walk,
the_temple,home_seething_lane,102,788,1663,5,14,walk,
home_seething_lane,navy_office,788,422,1663,5,14,walk,
navy_office,home_seething_lane,422,788,1663,5,14,walk,
home_seething_lane,navy_office,788,422,1663,5,16,walk,
navy_office,home_seething_lane,422,788,1663,5,16,walk,
home_seething_lane,navy_office,788,422,1663,5,17,walk,
navy_office,home_seething_lane,422,788,1663,5,17,walk,
home_seething_lane,st_james_palace,788,540,1663,5,18,coach,
st_james_palace,my_lords_lodgings,540,650,1663,5,18,walk,
whitehall,st_james_park,642,541,1663,5,18,walk,
hyde_park,home_seething_lane,275,788,1663,5,18,coach,Elizabeth Pepys
home_seething_lane,tower_mint,788,582,1663,5,19,boat,Sir J. Minnes
tower_mint,navy_office,582,422,1663,5,19,walk,
navy_office,halfway_house,422,226,1663,5,19,boat,Elizabeth Pepys; Mary Ashwell
home_seething_lane,trinity_house,788,588,1663,5,20,walk,
trinity_house,home_seething_lane,588,788,1663,5,20,walk,
home_seething_lane,greenwich,788,212,1663,5,20,boat,Elizabeth Pepys; Mary Ashwell; William Howe
greenwich,woolwich,212,362,1663,5,20,walk,
woolwich,home_seething_lane,362,788,1663,5,20,boat,
home_seething_lane,navy_office,788,422,1663,5,21,walk,
navy_office,home_seething_lane,422,788,1663,5,21,walk,
home_seething_lane,navy_office,788,422,1663,5,22,walk,
navy_office,royal_exchange,422,789,1663,5,22,walk,John Creed
royal_exchange,home_seething_lane,789,788,1663,5,22,walk,
home_seething_lane,greenwich,788,212,1663,5,22,boat,John Creed
greenwich,woolwich,212,362,1663,5,22,walk,
woolwich,deptford,362,77,1663,5,22,boat,
deptford,redriffe,77,475,1663,5,22,walk,
redriffe,halfway_house,475,226,1663,5,22,walk,
halfway_house,whitehall,226,642,1663,5,22,boat,
whitehall,home_seething_lane,642,788,1663,5,22,walk,
home_seething_lane,navy_office,788,422,1663,5,23,walk,
navy_office,home_seething_lane,422,788,1663,5,23,walk,
home_seething_lane,the_temple,788,102,1663,5,23,boat,
the_temple,greatorexs,102,383,1663,5,23,walk,
greatorexs,whitehall,383,642,1663,5,23,coach,Sir J. Minnes; Sir W. Pen
whitehall,greatorexs,642,383,1663,5,23,walk,
greatorexs,home_seething_lane,383,788,1663,5,23,boat,
home_seething_lane,st_james_palace,788,540,1663,5,25,coach,Elizabeth Pepys; Mary Ashwell
home_seething_lane,navy_office,788,422,1663,5,26,walk,Elizabeth Pepys
navy_office,home_seething_lane,422,788,1663,5,26,walk,
home_seething_lane,the_temple,788,102,1663,5,27,walk,
the_temple,st_james_palace,102,540,1663,5,27,walk,Commissioner Pett
st_james_palace,lord_ashlys_house,540,329,1663,5,27,walk,
lord_ashlys_house,westminster_hall,329,610,1663,5,27,walk,
westminster_hall,chelsea,610,93,1663,5,27,boat,
home_seething_lane,royal_exchange,788,789,1663,5,28,walk,
royal_exchange,dukes_theatre,789,160,1663,5,28,walk,Elizabeth Pepys; Mary Ashwell; John Creed
dukes_theatre,the_temple,160,102,1663,5,28,walk,
the_temple,halfway_house,102,226,1663,5,28,boat,
home_seething_lane,dukes_theatre,788,160,1663,5,29,coach,Elizabeth Pepys; Mary Ashwell; John Creed
dukes_theatre,tom_pepys_shop,160,121,1663,5,29,walk,
tom_pepys_shop,home_seething_lane,121,788,1663,5,29,walk,
home_seething_lane,new_exchange,788,129,1663,5,30,boat,John Creed
new_exchange,tom_pepys_shop,129,121,1663,5,30,walk,
tom_pepys_shop,navy_office,121,422,1663,5,30,walk,
navy_office,home_seething_lane,422,788,1663,5,30,walk,
home_seething_lane,parish_church,788,544,1663,5,31,walk,
parish_church,home_seething_lane,544,788,1663,5,31,walk,
home_seething_lane,tom_pepys_shop,788,121,1663,6,1,walk,
tom_pepys_shop,st_james_palace,121,540,1663,6,1,walk,
whitehall,new_theatre_fencing,642,153,1663,6,1,coach,Sir J. Minnes
new_theatre_fencing,home_seething_lane,153,788,1663,6,1,walk,
home_seething_lane,sir_w_pen_house,788,516,1663,6,1,walk,
sir_w_pen_house,home_seething_lane,516,788,1663,6,1,walk,
westminster_hall,royal_exchange,610,789,1663,6,2,walk,
royal_exchange,sir_w_batten_house,789,514,1663,6,2,walk,
sir_w_batten_house,navy_office,514,422,1663,6,2,walk,
navy_office,sir_w_pen_house,422,516,1663,6,2,walk,
sir_w_pen_house,home_seething_lane,516,788,1663,6,2,walk,
home_seething_lane,navy_office,788,422,1663,6,3,walk,Sir W. Batten
navy_office,sun_exchange,422,561,1663,6,3,walk,
sun_exchange,royal_exchange,561,789,1663,6,3,walk,
home_seething_lane,navy_office,788,422,1663,6,3,walk,
navy_office,home_seething_lane,422,788,1663,6,3,walk,
home_seething_lane,westminster_hall,788,610,1663,6,4,coach,Elizabeth Pepys; Mary Ashwell
westminster_hall,home_seething_lane,610,788,1663,6,4,boat,
home_seething_lane,navy_office,788,422,1663,6,4,walk,
navy_office,home_seething_lane,422,788,1663,6,4,walk,
home_seething_lane,tom_pepys_shop,788,121,1663,6,5,walk,
tom_pepys_shop,pauls_churchyard,121,546,1663,6,5,walk,
pauls_churchyard,deptford,546,77,1663,6,5,boat,
deptford,redriffe,77,475,1663,6,5,walk,
home_seething_lane,whitehall,788,642,1663,6,6,walk,
whitehall,york_house,642,672,1663,6,6,walk,
home_seething_lane,the_temple,788,102,1663,6,6,boat,
the_temple,home_seething_lane,102,788,1663,6,6,boat,
home_seething_lane,parish_church,788,544,1663,6,7,walk,Sir J. Minnes
parish_church,sir_w_batten_house,544,514,1663,6,7,walk,
sir_w_batten_house,sir_w_pen_house,514,516,1663,6,7,walk,
sir_w_pen_house,home_seething_lane,516,788,1663,6,7,walk,
home_seething_lane,parish_church,788,544,1663,6,7,walk,
parish_church,home_seething_lane,544,788,1663,6,7,walk,
home_seething_lane,navy_office,788,422,1663,6,8,walk,
navy_office,home_seething_lane,422,788,1663,6,8,walk,
home_seething_lane,navy_office,788,422,1663,6,9,walk,
navy_office,home_seething_lane,422,788,1663,6,9,walk,
home_seething_lane,navy_office,788,422,1663,6,10,walk,
navy_office,royal_exchange,422,789,1663,6,10,walk,
royal_exchange,home_seething_lane,789,788,1663,6,10,walk,
home_seething_lane,theatre_royal,788,577,1663,6,10,boat,Elizabeth Pepys; Mary Ashwell; John Creed
theatre_royal,half_moon,577,224,1663,6,10,walk,
half_moon,sir_w_pen_house,224,516,1663,6,10,walk,
sir_w_pen_house,home_seething_lane,516,788,1663,6,10,walk,
home_seething_lane,navy_office,788,422,1663,6,11,walk,
home_seething_lane,navy_office,788,422,1663,6,12,walk,Elizabeth Pepys
navy_office,royal_exchange,422,789,1663,6,12,walk,
home_seething_lane,sir_w_pen_house,788,516,1663,6,12,walk,
sir_w_pen_house,home_seething_lane,516,788,1663,6,12,walk,
home_seething_lane,theatre_royal,788,577,1663,6,12,boat,Elizabeth Pepys
royal_exchange,home_seething_lane,789,788,1663,6,13,boat,
whitehall,westminster_hall,642,610,1663,6,13,walk,
westminster_hall,theatre_royal,610,577,1663,6,13,boat,Elizabeth Pepys
theatre_royal,mrs_hunts_house,577,388,1663,6,13,coach,
mrs_hunts_house,home_seething_lane,388,788,1663,6,13,coach,Elizabeth Pepys
home_seething_lane,parish_church,788,544,1663,6,14,walk,
parish_church,sir_w_batten_house,544,514,1663,6,14,walk,
sir_w_batten_house,sir_w_pen_house,514,516,1663,6,14,walk,
sir_w_pen_house,home_seething_lane,516,788,1663,6,14,walk,
home_seething_lane,parish_church,788,544,1663,6,14,walk,
parish_church,home_seething_lane,544,788,1663,6,14,walk,
home_seething_lane,deptford,788,77,1663,6,15,boat,
deptford,trinity_house,77,588,1663,6,15,boat,
trinity_house,blackfriars,588,46,1663,6,15,boat,
blackfriars,home_seething_lane,46,788,1663,6,15,walk,
home_seething_lane,navy_office,788,422,1663,6,16,walk,Sir W. Batten
navy_office,sir_w_batten_house,422,514,1663,6,16,walk,
sir_w_batten_house,navy_office,514,422,1663,6,16,walk,
navy_office,home_seething_lane,422,788,1663,6,16,walk,
home_seething_lane,navy_office,788,422,1663,6,17,walk,
navy_office,home_seething_lane,422,788,1663,6,17,walk,
home_seething_lane,navy_office,788,422,1663,6,18,walk,
navy_office,home_seething_lane,422,788,1663,6,18,walk,
home_seething_lane,sir_w_batten_house,788,514,1663,6,18,walk,
sir_w_batten_house,home_seething_lane,514,788,1663,6,18,walk,
home_seething_lane,navy_office,788,422,1663,6,19,walk,
navy_office,royal_exchange,422,789,1663,6,19,walk,
royal_exchange,home_seething_lane,789,788,1663,6,19,walk,
home_seething_lane,lambeth,788,309,1663,6,19,boat,John Creed; Henry Moore
whitehall,wilkinsons,642,656,1663,6,19,walk,
wilkinsons,rhenish_wine_house,656,476,1663,6,19,walk,
navy_office,home_seething_lane,422,788,1663,6,20,walk,
whitehall,mr_coventrys_lodgings,642,372,1663,6,21,walk,
mr_coventrys_lodgings,whitehall,372,642,1663,6,21,walk,
parish_church,home_seething_lane,544,788,1663,6,21,walk,
westminster_hall,royal_exchange,610,789,1663,6,22,walk,John Creed
royal_exchange,st_james_park,789,541,1663,6,22,walk,
st_james_park,the_temple,541,102,1663,6,22,walk,
the_temple,home_seething_lane,102,788,1663,6,22,walk,
home_seething_lane,sir_w_batten_house,788,514,1663,6,22,walk,
sir_w_batten_house,home_seething_lane,514,788,1663,6,22,walk,
home_seething_lane,the_temple,788,102,1663,6,23,walk,
the_temple,royal_exchange,102,789,1663,6,23,walk,
royal_exchange,home_seething_lane,789,788,1663,6,23,walk,
home_seething_lane,navy_office,788,422,1663,6,23,walk,
navy_office,home_seething_lane,422,788,1663,6,23,walk,
the_temple,st_james_palace,102,540,1663,6,24,walk,
st_james_park,greenwich,541,212,1663,6,24,boat,John Creed
greenwich,home_seething_lane,212,788,1663,6,24,boat,
home_seething_lane,navy_office,788,422,1663,6,25,walk,
navy_office,home_seething_lane,422,788,1663,6,25,walk,
home_seething_lane,paternoster_row,788,684,1663,6,25,walk,
paternoster_row,navy_office,684,422,1663,6,25,walk,
navy_office,home_seething_lane,422,788,1663,6,26,walk,
home_seething_lane,the_temple,788,102,1663,6,26,walk,
the_temple,westminster_hall,102,610,1663,6,26,boat,
westminster_hall,home_seething_lane,610,788,1663,6,26,boat,
home_seething_lane,bednall_green,788,39,1663,6,26,coach,Sir W. Batten; Sir J. Minnes
bednall_green,home_seething_lane,39,788,1663,6,26,coach,
home_seething_lane,sir_w_warrens_yard,788,605,1663,6,27,boat,Sir W. Warren
sir_w_warrens_yard,navy_office,605,422,1663,6,27,walk,
navy_office,lincolns_inn,422,159,1663,6,27,boat,
lincolns_inn,home_seething_lane,159,788,1663,6,27,walk,
home_seething_lane,the_temple,788,102,1663,6,29,walk,
the_temple,westminster_hall,102,610,1663,6,29,boat,
westminster_hall,rhenish_wine_house,610,476,1663,6,29,walk,
whitehall,the_temple,642,102,1663,6,29,boat,
the_temple,grays_inn,102,204,1663,6,29,walk,
grays_inn,home_seething_lane,204,788,1663,6,29,boat,
home_seething_lane,sir_w_batten_house,788,514,1663,6,29,walk,
sir_w_batten_house,home_seething_lane,514,788,1663,6,29,walk,
whitehall,st_james_park,642,541,1663,6,30,walk,John Creed
st_james_park,my_lords_lodgings,541,650,1663,6,30,walk,
my_lords_lodgings,home_seething_lane,650,788,1663,6,30,boat,
home_seething_lane,deptford,788,77,1663,6,30,boat,
deptford,home_seething_lane,77,788,1663,6,30,walk,John Creed
westminster_hall,trinity_house,610,588,1663,7,1,boat,Sir W. Batten
trinity_house,the_temple,588,102,1663,7,1,walk,
the_temple,tom_pepys_shop,102,121,1663,7,1,walk,
tom_pepys_shop,home_seething_lane,121,788,1663,7,1,walk,
home_seething_lane,navy_office,788,422,1663,7,2,coach,Sir J. Minnes
navy_office,royal_exchange,422,789,1663,7,2,walk,
home_seething_lane,st_james_palace,788,540,1663,7,3,coach,Sir J. Minnes; Sir W. Batten
lambeth,southwark,309,526,1663,7,3,walk,
southwark,royal_exchange,526,789,1663,7,3,walk,
home_seething_lane,deptford,788,77,1663,7,3,boat,
deptford,sir_w_pen_house,77,516,1663,7,3,walk,
sir_w_pen_house,home_seething_lane,516,788,1663,7,3,walk,
home_seething_lane,navy_office,788,422,1663,7,6,walk,
navy_office,home_seething_lane,422,788,1663,7,6,walk,
navy_office,woolwich,422,362,1663,7,7,boat,Sir J. Minnes
woolwich,greenwich,362,212,1663,7,7,walk,
greenwich,deptford,212,77,1663,7,7,boat,Mr. Coventry
deptford,home_seething_lane,77,788,1663,7,7,boat,Mr. Coventry
home_seething_lane,navy_office,788,422,1663,7,8,walk,
navy_office,home_seething_lane,422,788,1663,7,8,walk,
home_seething_lane,blackfriars,788,46,1663,7,9,walk,
blackfriars,home_seething_lane,46,788,1663,7,9,walk,
home_seething_lane,deptford,788,77,1663,7,9,boat,
deptford,sir_w_pen_house,77,516,1663,7,9,walk,
sir_w_pen_house,home_seething_lane,516,788,1663,7,9,walk,
gravesend,hill_house_chatham,203,91,1663,7,10,coach,
hill_house_chatham,chatham_dock,91,74,1663,7,11,walk,
hill_house_chatham,chatham_dock,91,74,1663,7,11,walk,
chatham_dock,hill_house_chatham,74,91,1663,7,11,walk,
hill_house_chatham,commissioner_petts_house,91,89,1663,7,12,walk,
commissioner_petts_house,hill_house_chatham,89,91,1663,7,12,walk,
hill_house_chatham,chatham_dock,91,74,1663,7,13,walk,
chatham_dock,rochester,74,478,1663,7,13,walk,
rochester,home_seething_lane,478,788,1663,7,13,coach,
home_seething_lane,the_temple,788,102,1663,7,13,walk,
the_temple,whitehall,102,642,1663,7,13,walk,
st_james_palace,st_james_park,540,541,1663,7,13,walk,
st_james_park,whitehall,541,642,1663,7,13,walk,
whitehall,home_seething_lane,642,788,1663,7,13,boat,
home_seething_lane,navy_office,788,422,1663,7,14,walk,
navy_office,royal_exchange,422,789,1663,7,14,walk,
home_seething_lane,navy_office,788,422,1663,7,15,walk,
navy_office,westminster_hall,422,610,1663,7,15,walk,
westminster_hall,the_temple,610,102,1663,7,15,walk,
the_temple,home_seething_lane,102,788,1663,7,15,walk,
wapping,royal_exchange,604,789,1663,7,16,walk,
royal_exchange,navy_office,789,422,1663,7,16,walk,
navy_office,sir_w_batten_house,422,514,1663,7,16,walk,
sir_w_batten_house,home_seething_lane,514,788,1663,7,16,walk,
redriffe,sir_w_pen_house,475,516,1663,7,17,walk,
sir_w_pen_house,bagwells_house,516,141,1663,7,17,walk,
bagwells_house,home_seething_lane,141,788,1663,7,17,boat,
home_seething_lane,navy_office,788,422,1663,7,18,walk,
navy_office,the_temple,422,102,1663,7,18,walk,
the_temple,westminster_hall,102,610,1663,7,18,walk,
the_temple,home_seething_lane,102,788,1663,7,18,walk,
home_seething_lane,woolwich,788,362,1663,7,20,walk,
woolwich,captain_cockes_house,362,76,1663,7,20,walk,
captain_cockes_house,whitehall,76,642,1663,7,20,boat,
whitehall,st_james_palace,642,540,1663,7,20,walk,
st_james_palace,greenwich,540,212,1663,7,20,boat,
home_seething_lane,deptford,788,77,1663,7,21,boat,
deptford,navy_office,77,422,1663,7,21,boat,Sir J. Minnes; Sir W. Batten
navy_office,the_temple,422,102,1663,7,21,boat,
the_temple,home_seething_lane,102,788,1663,7,21,walk,
home_seething_lane,lord_crews_house,788,337,1663,7,22,walk,
lord_crews_house,mr_wottons_shop,337,670,1663,7,22,walk,
mr_wottons_shop,ratcliffe,670,471,1663,7,22,boat,
ratcliffe,deptford,471,77,1663,7,22,walk,
deptford,sir_w_pen_house,77,516,1663,7,22,walk,
sir_w_pen_house,home_seething_lane,516,788,1663,7,22,walk,
home_seething_lane,woolwich,788,362,1663,7,23,boat,
woolwich,home_seething_lane,362,788,1663,7,23,boat,
home_seething_lane,navy_office,788,422,1663,7,23,walk,
navy_office,sir_w_batten_house,422,514,1663,7,23,walk,
sir_w_batten_house,home_seething_lane,514,788,1663,7,23,walk,
home_seething_lane,the_temple,788,102,1663,7,24,walk,
the_temple,westminster_hall,102,610,1663,7,24,walk,
westminster_hall,mr_blands_house,610,365,1663,7,24,walk,
mr_blands_house,navy_office,365,422,1663,7,24,walk,
navy_office,home_seething_lane,422,788,1663,7,24,walk,
home_seething_lane,navy_office,788,422,1663,7,25,walk,
navy_office,whitehall,422,642,1663,7,25,boat,
whitehall,fox_hall,642,185,1663,7,25,walk,
nonsuch,epsom,435,164,1663,7,26,horse,
ewell,nonsuch,168,435,1663,7,26,walk,John Creed
nonsuch,ewell,435,168,1663,7,27,walk,
ewell,epsom_wells,168,26,1663,7,27,horse,John Creed
epsom_wells,ewell,26,168,1663,7,27,horse,
westminster_hall,whitehall,610,642,1663,7,27,walk,
whitehall,new_spring_garden,642,30,1663,7,27,boat,John Creed
new_spring_garden,st_james_park,30,541,1663,7,27,walk,
st_james_park,whitehall,541,642,1663,7,27,walk,
navy_office,home_seething_lane,422,788,1663,7,28,walk,
wapping,sir_w_batten_house,604,514,1663,7,29,walk,
sir_w_batten_house,deptford,514,77,1663,7,29,walk,
deptford,sir_w_pen_house,77,516,1663,7,29,walk,
sir_w_pen_house,home_seething_lane,516,788,1663,7,29,walk,
navy_office,woolwich,422,362,1663,7,30,boat,Mr. Coventry
woolwich,deptford,362,77,1663,7,30,boat,
deptford,whitehall,77,642,1663,7,30,boat,Mr. Coventry
whitehall,home_seething_lane,642,788,1663,7,30,walk,
home_seething_lane,navy_office,788,422,1663,7,31,walk,
navy_office,home_seething_lane,422,788,1663,7,31,walk,
home_seething_lane,chatham_dock,788,74,1663,8,3,walk,
chatham_dock,hill_house_chatham,74,91,1663,8,3,walk,Mr. Coventry
hill_house_chatham,gravesend,91,203,1663,8,3,horse,Mr. Coventry
home_seething_lane,navy_office,788,422,1663,8,4,walk,
navy_office,home_seething_lane,422,788,1663,8,4,walk,
home_seething_lane,westminster_hall,788,610,1663,8,4,boat,
westminster_hall,home_seething_lane,610,788,1663,8,4,boat,
home_seething_lane,navy_office,788,422,1663,8,6,walk,
navy_office,royal_exchange,422,789,1663,8,6,walk,
royal_exchange,mary_joyces_house,789,8,1663,8,6,walk,
mary_joyces_house,lincolns_inn_fields,8,319,1663,8,6,walk,
lincolns_inn_fields,home_seething_lane,319,788,1663,8,6,walk,
home_seething_lane,deptford,788,77,1663,8,7,walk,
deptford,home_seething_lane,77,788,1663,8,7,walk,
home_seething_lane,navy_office,788,422,1663,8,8,walk,
navy_office,royal_exchange,422,789,1663,8,8,walk,
royal_exchange,home_seething_lane,789,788,1663,8,8,walk,
home_seething_lane,woolwich,788,362,1663,8,8,boat,
woolwich,greenwich,362,212,1663,8,8,boat,
greenwich,wapping,212,604,1663,8,8,boat,
wapping,home_seething_lane,604,788,1663,8,8,walk,
sir_w_batten_house,st_dunstans,514,534,1663,8,9,walk,Lady Batten
st_dunstans,mrs_russells,534,696,1663,8,9,walk,
st_james_palace,lord_peterboroughs,540,339,1663,8,10,coach,Lord Sandwich; Lord Peterborough
home_seething_lane,navy_office,788,422,1663,8,11,walk,
navy_office,royal_exchange,422,789,1663,8,11,walk,
home_seething_lane,mr_povys_house,788,395,1663,8,11,coach,Mrs. Turner; Mrs. Morrice
mr_povys_house,the_temple,395,102,1663,8,11,walk,
the_temple,westminster_hall,102,610,1663,8,11,boat,
westminster_hall,greenwich,610,212,1663,8,11,boat,
greenwich,mrs_turner_house,212,419,1663,8,11,coach,
mrs_turner_house,home_seething_lane,419,788,1663,8,11,walk,
whitehall,tom_pepys_shop,642,121,1663,8,12,boat,
tom_pepys_shop,home_seething_lane,121,788,1663,8,12,walk,
home_seething_lane,navy_office,788,422,1663,8,13,walk,Elizabeth Pepys
navy_office,home_seething_lane,422,788,1663,8,13,walk,
my_lords_lodgings,mrs_hunts_house,650,388,1663,8,13,walk,
mrs_hunts_house,st_james_park,388,541,1663,8,13,walk,
st_james_park,mrs_hunts_house,541,388,1663,8,13,walk,
mrs_hunts_house,mrs_turner_house,388,419,1663,8,13,boat,
home_seething_lane,navy_office,788,422,1663,8,14,walk,
navy_office,home_seething_lane,422,788,1663,8,14,walk,
home_seething_lane,tom_pepys_shop,788,121,1663,8,14,walk,
tom_pepys_shop,home_seething_lane,121,788,1663,8,14,walk,
home_seething_lane,navy_office,788,422,1663,8,15,walk,
navy_office,home_seething_lane,422,788,1663,8,15,walk,
home_seething_lane,deptford,788,77,1663,8,15,boat,
deptford,home_seething_lane,77,788,1663,8,15,boat,
home_seething_lane,parish_church,788,544,1663,8,16,walk,Elizabeth Pepys
parish_church,home_seething_lane,544,788,1663,8,16,walk,
home_seething_lane,sir_w_pen_house,788,516,1663,8,16,walk,Elizabeth Pepys
sir_w_pen_house,uncle_wight_house,516,592,1663,8,16,walk,
uncle_wight_house,home_seething_lane,592,788,1663,8,16,walk,
home_seething_lane,tom_pepys_shop,788,121,1663,8,17,walk,
tom_pepys_shop,home_seething_lane,121,788,1663,8,17,walk,
home_seething_lane,navy_office,788,422,1663,8,18,walk,
navy_office,home_seething_lane,422,788,1663,8,18,walk,
home_seething_lane,whitehall,788,642,1663,8,19,walk,
whitehall,home_seething_lane,642,788,1663,8,19,walk,
home_seething_lane,navy_office,788,422,1663,8,20,walk,
navy_office,home_seething_lane,422,788,1663,8,20,walk,
home_seething_lane,whitehall,788,642,1663,8,21,boat,
whitehall,tom_pepys_shop,642,121,1663,8,21,walk,
tom_pepys_shop,home_seething_lane,121,788,1663,8,21,walk,
home_seething_lane,deptford,788,77,1663,8,21,boat,
deptford,greenwich,77,212,1663,8,21,walk,
greenwich,home_seething_lane,212,788,1663,8,21,boat,
home_seething_lane,woolwich,788,362,1663,8,22,boat,Sir W. Batten; Sir J. Minnes
woolwich,greenwich,362,212,1663,8,22,walk,
greenwich,deptford,212,77,1663,8,22,walk,
deptford,home_seething_lane,77,788,1663,8,22,boat,
home_seething_lane,parish_church,788,544,1663,8,23,walk,
parish_church,home_seething_lane,544,788,1663,8,23,walk,
home_seething_lane,my_lords_lodgings,788,650,1663,8,24,walk,
st_james_palace,new_exchange,540,129,1663,8,24,walk,
new_exchange,home_seething_lane,129,788,1663,8,24,boat,
limehouse,navy_office,317,422,1663,8,25,walk,
navy_office,royal_exchange,422,789,1663,8,25,walk,
home_seething_lane,deptford,788,77,1663,8,26,walk,Henry Moore
deptford,home_seething_lane,77,788,1663,8,26,walk,
home_seething_lane,navy_office,788,422,1663,8,27,walk,Elizabeth Pepys
navy_office,home_seething_lane,422,788,1663,8,27,walk,
home_seething_lane,navy_office,788,422,1663,8,28,walk,
navy_office,home_seething_lane,422,788,1663,8,28,walk,
my_lords_lodgings,new_exchange,650,129,1663,8,29,walk,Elizabeth Pepys
new_exchange,leadenhall,129,726,1663,8,29,walk,
leadenhall,home_seething_lane,726,788,1663,8,29,walk,Elizabeth Pepys
home_seething_lane,navy_office,788,422,1663,8,31,walk,
navy_office,home_seething_lane,422,788,1663,8,31,walk,
home_seething_lane,whitehall,788,642,1663,9,2,coach,Sir J. Minnes; Sir W. Batten
whitehall,old_bailey,642,440,1663,9,2,coach,
old_bailey,home_seething_lane,440,788,1663,9,2,boat,
home_seething_lane,navy_office,788,422,1663,9,3,walk,
navy_office,greenwich,422,212,1663,9,3,coach,Lady Batten
greenwich,deptford,212,77,1663,9,3,walk,
deptford,redriffe,77,475,1663,9,3,walk,
westminster_hall,mr_povys_house,610,395,1663,9,4,walk,John Creed
mr_povys_house,lincolns_inn,395,159,1663,9,4,walk,
lincolns_inn,mr_povys_house,159,395,1663,9,4,walk,
mr_povys_house,home_seething_lane,395,788,1663,9,4,coach,
home_seething_lane,bartholomew_fair,788,27,1663,9,4,coach,Elizabeth Pepys
royal_exchange,home_seething_lane,789,788,1663,9,5,walk,John Creed
home_seething_lane,paternoster_row,788,684,1663,9,7,walk,
paternoster_row,lord_crews_house,684,337,1663,9,7,walk,
lord_crews_house,tom_pepys_shop,337,121,1663,9,7,walk,
tom_pepys_shop,black_spread_eagle,121,45,1663,9,7,walk,
sir_w_warrens_yard,woolwich,605,362,1663,9,9,boat,
woolwich,greenwich,362,212,1663,9,9,walk,
greenwich,home_seething_lane,212,788,1663,9,9,walk,
westminster_hall,home_seething_lane,610,788,1663,9,9,walk,
home_seething_lane,navy_office,788,422,1663,9,10,walk,
navy_office,home_seething_lane,422,788,1663,9,10,walk,
home_seething_lane,navy_office,788,422,1663,9,11,walk,
navy_office,dolphin_tavern,422,149,1663,9,11,walk,
dolphin_tavern,home_seething_lane,149,788,1663,9,11,walk,
whitehall,westminster_hall,642,610,1663,9,12,walk,
whitehall,home_seething_lane,642,788,1663,9,12,boat,
home_seething_lane,royal_exchange,788,789,1663,9,12,walk,
royal_exchange,home_seething_lane,789,788,1663,9,12,walk,
home_seething_lane,bishopsgate,788,44,1663,9,14,coach,
bishopsgate,ware,44,606,1663,9,14,horse,Elizabeth Pepys; Henry Moore
ware,buntingford,606,64,1663,9,14,horse,Elizabeth Pepys
brampton,hinchingbroke,51,238,1663,9,15,horse,
hinchingbroke,brampton,238,51,1663,9,15,horse,
brampton,hinchingbroke,51,238,1663,9,16,walk,Elizabeth Pepys
hinchingbroke,brampton,238,51,1663,9,16,walk,
st_ives,brampton,537,51,1663,9,19,horse,
brampton,huntingdon,51,270,1663,9,19,horse,Elizabeth Pepys
huntingdon,hinchingbroke,270,238,1663,9,19,walk,
hinchingbroke,brampton,238,51,1663,9,19,horse,
brampton,huntingdon,51,270,1663,9,20,walk,
huntingdon,hinchingbroke,270,238,1663,9,20,walk,
hinchingbroke,brampton,238,51,1663,9,20,walk,
brampton,bigglesworth,51,41,1663,9,20,horse,Elizabeth Pepys
bigglesworth,hatfield,41,232,1663,9,21,horse,Elizabeth Pepys
hatfield,home_seething_lane,232,788,1663,9,21,horse,
navy_office,home_seething_lane,422,788,1663,9,22,walk,
home_seething_lane,westminster_hall,788,610,1663,9,22,boat,Elizabeth Pepys
home_seething_lane,sir_w_pen_house,788,516,1663,9,22,walk,
sir_w_pen_house,home_seething_lane,516,788,1663,9,22,walk,
home_seething_lane,navy_office,788,422,1663,9,23,boat,
navy_office,lord_crews_house,422,337,1663,9,23,walk,
home_seething_lane,navy_office,788,422,1663,9,24,boat,
navy_office,home_seething_lane,422,788,1663,9,24,walk,
navy_office,deptford,422,77,1663,9,25,boat,Sir J. Minnes; Sir W. Batten
deptford,home_seething_lane,77,788,1663,9,25,boat,
navy_office,home_seething_lane,422,788,1663,9,26,walk,
home_seething_lane,parish_church,788,544,1663,9,27,walk,
parish_church,home_seething_lane,544,788,1663,9,27,walk,
whitehall,home_seething_lane,642,788,1663,9,28,boat,
home_seething_lane,deptford,788,77,1663,9,28,boat,Sir J. Minnes; Sir W. Batten
deptford,home_seething_lane,77,788,1663,9,28,boat,
home_seething_lane,sir_w_pen_house,788,516,1663,9,28,walk,
sir_w_pen_house,home_seething_lane,516,788,1663,9,28,walk,
home_seething_lane,navy_office,788,422,1663,9,30,walk,
navy_office,home_seething_lane,422,788,1663,9,30,walk,
whitehall,home_seething_lane,642,788,1663,9,30,boat,Sir W. Rider
navy_office,home_seething_lane,422,788,1663,10,1,walk,
home_seething_lane,deptford,788,77,1663,10,1,boat,
deptford,home_seething_lane,77,788,1663,10,1,boat,
home_seething_lane,navy_office,788,422,1663,10,2,walk,
navy_office,home_seething_lane,422,788,1663,10,2,walk,
home_seething_lane,navy_office,788,422,1663,10,3,walk,
navy_office,home_seething_lane,422,788,1663,10,3,walk,
home_seething_lane,the_temple,788,102,1663,10,5,coach,Sir J. Minnes
the_temple,tom_pepys_shop,102,121,1663,10,5,walk,
tom_pepys_shop,new_exchange,121,129,1663,10,5,walk,John Creed
new_exchange,home_seething_lane,129,788,1663,10,5,walk,
home_seething_lane,sir_w_pen_house,788,516,1663,10,5,walk,
sir_w_pen_house,home_seething_lane,516,788,1663,10,5,walk,
home_seething_lane,navy_office,788,422,1663,10,6,walk,
navy_office,home_seething_lane,422,788,1663,10,6,walk,
home_seething_lane,navy_office,788,422,1663,10,10,walk,
navy_office,home_seething_lane,422,788,1663,10,10,walk,
new_exchange,my_lords_lodgings,129,650,1663,10,12,walk,
my_lords_lodgings,whitehall,650,642,1663,10,12,walk,
whitehall,home_seething_lane,642,788,1663,10,12,coach,Elizabeth Pepys
navy_office,royal_exchange,422,789,1663,10,13,walk,John Creed
royal_exchange,home_seething_lane,789,788,1663,10,13,walk,
home_seething_lane,navy_office,788,422,1663,10,14,walk,
navy_office,royal_exchange,422,789,1663,10,14,walk,
royal_exchange,jewish_synagogue,789,289,1663,10,14,coach,Elizabeth Pepys
whitehall,new_exchange,642,129,1663,10,14,walk,Elizabeth Pepys
new_exchange,home_seething_lane,129,788,1663,10,14,coach,
home_seething_lane,sir_w_pen_house,788,516,1663,10,14,walk,
sir_w_pen_house,home_seething_lane,516,788,1663,10,14,walk,
home_seething_lane,navy_office,788,422,1663,10,15,walk,
navy_office,home_seething_lane,422,788,1663,10,15,walk,
home_seething_lane,navy_office,788,422,1663,10,16,walk,
navy_office,home_seething_lane,422,788,1663,10,16,walk,
home_seething_lane,whitehall,788,642,1663,10,16,coach,Elizabeth Pepys
whitehall,my_lords_lodgings,642,650,1663,10,16,walk,
my_lords_lodgings,new_exchange,650,129,1663,10,16,walk,
new_exchange,home_seething_lane,129,788,1663,10,16,coach,Elizabeth Pepys
parish_church,sir_w_pen_house,544,516,1663,10,18,walk,
sir_w_pen_house,home_seething_lane,516,788,1663,10,18,walk,
st_james_palace,cornhill,540,106,1663,10,19,coach,Sir W. Batten
cornhill,st_james_palace,106,540,1663,10,19,coach,
lord_barkeleys,axe_yard,332,88,1663,10,19,walk,
axe_yard,whitehall,88,642,1663,10,19,walk,
whitehall,new_exchange,642,129,1663,10,19,walk,
new_exchange,tom_pepys_shop,129,121,1663,10,19,walk,
tom_pepys_shop,home_seething_lane,121,788,1663,10,19,walk,
home_seething_lane,navy_office,788,422,1663,10,20,walk,
home_seething_lane,whitehall,788,642,1663,10,20,coach,Elizabeth Pepys
pauls_churchyard,home_seething_lane,546,788,1663,10,20,coach,Elizabeth Pepys
home_seething_lane,royal_exchange,788,789,1663,10,21,walk,
royal_exchange,trinity_house,789,588,1663,10,21,walk,
trinity_house,steelyard,588,555,1663,10,21,walk,
steelyard,tom_pepys_shop,555,121,1663,10,21,walk,
tom_pepys_shop,new_exchange,121,129,1663,10,21,walk,Elizabeth Pepys
new_exchange,home_seething_lane,129,788,1663,10,21,walk,
home_seething_lane,tom_pepys_shop,788,121,1663,10,23,walk,
the_temple,home_seething_lane,102,788,1663,10,23,walk,
whitehall,the_temple,642,102,1663,10,24,walk,
the_temple,home_seething_lane,102,788,1663,10,24,walk,
home_seething_lane,parish_church,788,544,1663,10,25,walk,Elizabeth Pepys
parish_church,home_seething_lane,544,788,1663,10,25,walk,
home_seething_lane,parish_church,788,544,1663,10,25,walk,
parish_church,sir_w_pen_house,544,516,1663,10,25,walk,
sir_w_pen_house,home_seething_lane,516,788,1663,10,25,walk,
westminster_hall,my_lords_lodgings,610,650,1663,10,26,walk,
the_temple,globe_fleet_st,102,143,1663,10,26,walk,Sir W. Batten
globe_fleet_st,home_seething_lane,143,788,1663,10,26,coach,Sir W. Batten
navy_office,home_seething_lane,422,788,1663,10,27,walk,
home_seething_lane,the_temple,788,102,1663,10,27,walk,
the_temple,popes_head,102,459,1663,10,27,walk,
home_seething_lane,navy_office,788,422,1663,10,28,walk,
navy_office,royal_exchange,422,789,1663,10,28,walk,John Creed
royal_exchange,home_seething_lane,789,788,1663,10,28,walk,
home_seething_lane,guildhall,788,222,1663,10,29,coach,
guildhall,hercules_pillars,222,234,1663,10,29,coach,John Creed
home_seething_lane,tom_pepys_shop,788,121,1663,10,29,walk,
tom_pepys_shop,new_exchange,121,129,1663,10,29,coach,Elizabeth Pepys
new_exchange,home_seething_lane,129,788,1663,10,29,coach,
royal_exchange,home_seething_lane,789,788,1663,10,30,walk,
home_seething_lane,new_exchange,788,129,1663,10,30,coach,Elizabeth Pepys
new_exchange,tom_pepys_shop,129,121,1663,10,30,walk,
tom_pepys_shop,home_seething_lane,121,788,1663,10,30,walk,
navy_office,home_seething_lane,422,788,1663,10,31,walk,John Creed
navy_office,home_seething_lane,422,788,1663,11,3,walk,
home_seething_lane,sir_w_pen_house,788,516,1663,11,3,walk,
sir_w_pen_house,home_seething_lane,516,788,1663,11,3,walk,
navy_office,new_exchange,422,129,1663,11,4,coach,
new_exchange,home_seething_lane,129,788,1663,11,4,coach,
home_seething_lane,navy_office,788,422,1663,11,5,walk,
navy_office,mitre_tavern,422,358,1663,11,5,walk,
home_seething_lane,navy_office,788,422,1663,11,6,walk,
navy_office,royal_exchange,422,789,1663,11,6,walk,
royal_exchange,home_seething_lane,789,788,1663,11,6,walk,
home_seething_lane,whitehall,788,642,1663,11,6,coach,
whitehall,my_lords_lodgings,642,650,1663,11,6,walk,
my_lords_lodgings,home_seething_lane,650,788,1663,11,6,coach,Elizabeth Pepys
home_seething_lane,navy_office,788,422,1663,11,7,walk,
navy_office,westminster_hall,422,610,1663,11,7,coach,
westminster_hall,home_seething_lane,610,788,1663,11,7,coach,
home_seething_lane,parish_church,788,544,1663,11,8,walk,
parish_church,home_seething_lane,544,788,1663,11,8,walk,
home_seething_lane,whitehall,788,642,1663,11,9,coach,
whitehall,westminster_hall,642,610,1663,11,9,walk,
my_lords_lodgings,home_seething_lane,650,788,1663,11,9,coach,
home_seething_lane,navy_office,788,422,1663,11,10,walk,
navy_office,royal_exchange,422,789,1663,11,10,walk,
navy_office,royal_exchange,422,789,1663,11,11,walk,
royal_exchange,home_seething_lane,789,788,1663,11,12,walk,
home_seething_lane,my_lords_lodgings,788,650,1663,11,12,coach,
my_lords_lodgings,home_seething_lane,650,788,1663,11,12,walk,
navy_office,royal_exchange,422,789,1663,11,13,walk,
royal_exchange,home_seething_lane,789,788,1663,11,13,walk,
home_seething_lane,navy_office,788,422,1663,11,14,walk,
navy_office,home_seething_lane,422,788,1663,11,14,walk,
home_seething_lane,parish_church,788,544,1663,11,15,walk,
parish_church,home_seething_lane,544,788,1663,11,15,walk,
whitehall,my_lords_lodgings,642,650,1663,11,16,walk,
my_lords_lodgings,whitehall,650,642,1663,11,16,walk,
whitehall,new_exchange,642,129,1663,11,16,walk,
new_exchange,the_temple,129,102,1663,11,16,walk,
the_temple,home_seething_lane,102,788,1663,11,16,walk,
home_seething_lane,deptford,788,77,1663,11,18,boat,
deptford,globe_deptford,77,143,1663,11,18,walk,
globe_deptford,home_seething_lane,143,788,1663,11,18,walk,
home_seething_lane,navy_office,788,422,1663,11,19,walk,
navy_office,whitehall,422,642,1663,11,19,coach,Sir G. Carteret
whitehall,lord_treasurers,642,343,1663,11,19,coach,
lord_treasurers,new_exchange,343,129,1663,11,19,coach,
new_exchange,the_temple,129,102,1663,11,19,walk,
the_temple,home_seething_lane,102,788,1663,11,19,walk,
royal_exchange,home_seething_lane,789,788,1663,11,20,walk,
home_seething_lane,covent_garden,788,123,1663,11,20,coach,Elizabeth Pepys
covent_garden,my_lords_lodgings,123,650,1663,11,20,walk,
my_lords_lodgings,whitehall,650,642,1663,11,20,walk,
whitehall,home_seething_lane,642,788,1663,11,20,coach,Elizabeth Pepys
home_seething_lane,navy_office,788,422,1663,11,21,walk,
navy_office,home_seething_lane,422,788,1663,11,21,walk,
home_seething_lane,my_lords_lodgings,788,650,1663,11,22,coach,
my_lords_lodgings,whitehall_chapel,650,619,1663,11,22,walk,
home_seething_lane,royal_exchange,788,789,1663,11,23,walk,
royal_exchange,pauls_churchyard,789,546,1663,11,23,walk,
pauls_churchyard,the_temple,546,102,1663,11,23,walk,
the_temple,whitehall,102,642,1663,11,23,coach,
whitehall,the_temple,642,102,1663,11,23,walk,
the_temple,home_seething_lane,102,788,1663,11,23,walk,
home_seething_lane,navy_office,788,422,1663,11,24,walk,
navy_office,royal_exchange,422,789,1663,11,24,walk,
royal_exchange,home_seething_lane,789,788,1663,11,24,walk,
home_seething_lane,whitehall,788,642,1663,11,24,coach,
whitehall,home_seething_lane,642,788,1663,11,24,coach,
home_seething_lane,whitehall,788,642,1663,11,25,coach,Sir G. Carteret
whitehall,my_lords_lodgings,642,650,1663,11,25,coach,
my_lords_lodgings,whitehall,650,642,1663,11,25,walk,
whitehall,royal_exchange,642,789,1663,11,25,walk,
home_seething_lane,navy_office,788,422,1663,11,26,walk,
navy_office,royal_exchange,422,789,1663,11,26,walk,
royal_exchange,home_seething_lane,789,788,1663,11,26,walk,
home_seething_lane,navy_office,788,422,1663,11,27,walk,
navy_office,royal_exchange,422,789,1663,11,27,walk,
home_seething_lane,navy_office,788,422,1663,11,28,walk,
navy_office,royal_exchange,422,789,1663,11,28,walk,Mr. Coventry
home_seething_lane,st_dunstans,788,534,1663,11,29,walk,
st_dunstans,home_seething_lane,534,788,1663,11,29,walk,
royal_exchange,home_seething_lane,789,788,1663,11,30,walk,
home_seething_lane,the_temple,788,102,1663,11,30,walk,
the_temple,home_seething_lane,102,788,1663,11,30,coach,
home_seething_lane,navy_office,788,422,1663,12,1,walk,
navy_office,guildhall,422,222,1663,12,1,walk,
home_seething_lane,navy_office,788,422,1663,12,2,walk,Elizabeth Pepys
navy_office,home_seething_lane,422,788,1663,12,2,walk,
home_seething_lane,navy_office,788,422,1663,12,3,walk,
navy_office,royal_exchange,422,789,1663,12,3,coach,Mr. Coventry
home_seething_lane,woolwich,788,362,1663,12,4,boat,
woolwich,home_seething_lane,362,788,1663,12,4,boat,
navy_office,captain_allens,422,74,1663,12,5,walk,Mr. Coventry; Sir J. Minnes; Sir W. Batten
captain_allens,home_seething_lane,74,788,1663,12,5,walk,
home_seething_lane,whitehall,788,642,1663,12,7,walk,
whitehall,the_temple,642,102,1663,12,7,coach,Sir W. Batten
the_temple,whitehall,102,642,1663,12,7,coach,
navy_office,royal_exchange,422,789,1663,12,8,walk,
royal_exchange,whitehall,789,642,1663,12,8,coach,
home_seething_lane,navy_office,788,422,1663,12,9,walk,
navy_office,home_seething_lane,422,788,1663,12,9,walk,
home_seething_lane,navy_office,788,422,1663,12,10,walk,
navy_office,pauls_churchyard,422,546,1663,12,10,walk,
pauls_churchyard,home_seething_lane,546,788,1663,12,10,walk,
great_wardrobe,pauls_churchyard,576,546,1663,12,11,walk,
pauls_churchyard,home_seething_lane,546,788,1663,12,11,walk,
royal_exchange,home_seething_lane,789,788,1663,12,12,walk,
home_seething_lane,parish_church,788,544,1663,12,13,walk,
parish_church,home_seething_lane,544,788,1663,12,13,walk,
home_seething_lane,whitehall,788,642,1663,12,14,coach,
shoe_lane_cockpit,my_lords_lodgings,104,650,1663,12,14,coach,
my_lords_lodgings,whitehall,650,642,1663,12,14,walk,
whitehall,tom_pepys_shop,642,121,1663,12,14,coach,
tom_pepys_shop,home_seething_lane,121,788,1663,12,14,coach,Elizabeth Pepys
home_seething_lane,navy_office,788,422,1663,12,15,walk,
navy_office,royal_exchange,422,789,1663,12,15,walk,
royal_exchange,dolphin_tavern,789,149,1663,12,15,walk,
dolphin_tavern,whitehall,149,642,1663,12,15,walk,
whitehall,home_seething_lane,642,788,1663,12,15,coach,
home_seething_lane,navy_office,788,422,1663,12,17,coach,
navy_office,mrs_turner_house,422,419,1663,12,17,coach,
mrs_turner_house,the_temple,419,102,1663,12,17,walk,
the_temple,home_seething_lane,102,788,1663,12,17,coach,
woolwich,deptford,362,77,1663,12,18,boat,
deptford,home_seething_lane,77,788,1663,12,18,boat,
home_seething_lane,navy_office,788,422,1663,12,19,walk,
navy_office,home_seething_lane,422,788,1663,12,19,walk,
whitehall,home_seething_lane,642,788,1663,12,21,coach,Elizabeth Pepys
home_seething_lane,whitehall,788,642,1663,12,21,coach,
whitehall,salisbury_court,642,488,1663,12,21,walk,
salisbury_court,charing_cross,488,85,1663,12,21,walk,
charing_cross,my_lords_lodgings,85,650,1663,12,21,walk,
my_lords_lodgings,shoe_lane_cockpit,650,104,1663,12,21,coach,
shoe_lane_cockpit,navy_office,104,422,1663,12,22,walk,
navy_office,home_seething_lane,422,788,1663,12,22,walk,
home_seething_lane,westminster_hall,788,610,1663,12,22,coach,Elizabeth Pepys
westminster_hall,mrs_hunts_house,610,388,1663,12,22,walk,
mrs_hunts_house,home_seething_lane,388,788,1663,12,22,coach,Elizabeth Pepys
home_seething_lane,salisbury_court,788,488,1663,12,23,coach,Elizabeth Pepys
salisbury_court,royal_exchange,488,789,1663,12,23,coach,
royal_exchange,navy_office,789,422,1663,12,23,walk,
navy_office,home_seething_lane,422,788,1663,12,23,walk,
erith,woolwich,165,362,1663,12,24,boat,
woolwich,home_seething_lane,362,788,1663,12,24,boat,
cornhill,home_seething_lane,106,788,1663,12,26,walk,
french_church,parish_church,187,544,1663,12,27,walk,
parish_church,sir_w_pen_house,544,516,1663,12,27,walk,
sir_w_pen_house,home_seething_lane,516,788,1663,12,27,walk,
whitehall,tennis_court,642,429,1663,12,28,walk,
home_seething_lane,navy_office,788,422,1663,12,29,walk,
navy_office,royal_exchange,422,789,1663,12,29,walk,
my_lords_lodgings,whitehall,650,642,1663,12,30,coach,Mr. Coventry
whitehall,royal_exchange,642,789,1663,12,30,walk,
home_seething_lane,navy_office,788,422,1663,12,31,walk,
navy_office,royal_exchange,422,789,1663,12,31,walk,
royal_exchange,tom_pepys_shop,789,121,1663,12,31,coach,
tom_pepys_shop,home_seething_lane,121,788,1663,12,31,coach,
home_seething_lane,kings_playhouse,788,295,1664,1,2,coach,Elizabeth Pepys
kings_playhouse,home_seething_lane,295,788,1664,1,2,coach,
home_seething_lane,my_lords_lodgings,788,650,1664,1,4,coach,
whitehall,tennis_court,642,429,1664,1,4,walk,
tennis_court,st_james_park,429,541,1664,1,4,walk,
sir_w_pen_house,salisbury_court,516,488,1664,1,7,coach,Sir G. Carteret; Sir J. Minnes
salisbury_court,home_seething_lane,488,788,1664,1,7,coach,
royal_exchange,home_seething_lane,789,788,1664,1,9,walk,
home_seething_lane,westminster_hall,788,610,1664,1,9,coach,Elizabeth Pepys
westminster_hall,bell_tavern_westminster,610,34,1664,1,9,walk,
bell_tavern_westminster,westminster_hall,34,610,1664,1,9,walk,
westminster_hall,new_exchange,610,129,1664,1,9,walk,
new_exchange,tom_pepys_shop,129,121,1664,1,9,walk,
tom_pepys_shop,home_seething_lane,121,788,1664,1,9,coach,Elizabeth Pepys
whitehall,tennis_court,642,429,1664,1,11,walk,
tennis_court,st_james_palace,429,540,1664,1,11,walk,
navy_office,home_seething_lane,422,788,1664,1,12,walk,
home_seething_lane,african_house,788,2,1664,1,13,walk,
african_house,royal_exchange,2,789,1664,1,13,walk,
home_seething_lane,sir_w_pen_house,788,516,1664,1,14,walk,
sir_w_pen_house,home_seething_lane,516,788,1664,1,14,walk,
home_seething_lane,deptford,788,77,1664,1,15,boat,
deptford,home_seething_lane,77,788,1664,1,15,walk,
home_seething_lane,parish_church,788,544,1664,1,17,walk,Elizabeth Pepys
parish_church,home_seething_lane,544,788,1664,1,17,walk,
home_seething_lane,french_church,788,187,1664,1,17,walk,Elizabeth Pepys
french_church,sir_w_pen_house,187,516,1664,1,17,walk,
sir_w_pen_house,home_seething_lane,516,788,1664,1,17,walk,
my_lords_lodgings,royal_exchange,650,789,1664,1,18,walk,
royal_exchange,home_seething_lane,789,788,1664,1,19,walk,
tennis_court,tom_pepys_shop,429,121,1664,1,20,walk,
tom_pepys_shop,royal_exchange,121,789,1664,1,20,walk,
whitehall,my_lords_lodgings,642,650,1664,1,20,walk,
my_lords_lodgings,home_seething_lane,650,788,1664,1,20,coach,Elizabeth Pepys
home_seething_lane,uncle_wight_house,788,592,1664,1,21,walk,
home_seething_lane,woolwich,788,362,1664,1,22,boat,
woolwich,greenwich,362,212,1664,1,22,boat,
greenwich,deptford,212,77,1664,1,22,boat,
deptford,home_seething_lane,77,788,1664,1,22,boat,
navy_office,home_seething_lane,422,788,1664,1,23,walk,
home_seething_lane,my_lords_lodgings,788,650,1664,1,25,coach,
my_lords_lodgings,whitehall,650,642,1664,1,25,walk,
whitehall,royal_exchange,642,789,1664,1,25,coach,Sir W. Batten
home_seething_lane,navy_office,788,422,1664,1,26,walk,
home_seething_lane,uncle_wight_house,788,592,1664,1,26,walk,
uncle_wight_house,home_seething_lane,592,788,1664,1,26,walk,
navy_office,royal_exchange,422,789,1664,1,27,walk,
royal_exchange,home_seething_lane,789,788,1664,1,27,walk,
home_seething_lane,covent_garden,788,123,1664,1,27,coach,Elizabeth Pepys
covent_garden,tom_pepys_shop,123,121,1664,1,27,walk,
tom_pepys_shop,home_seething_lane,121,788,1664,1,27,walk,
navy_office,royal_exchange,422,789,1664,1,28,walk,
royal_exchange,deptford,789,77,1664,1,28,boat,
deptford,redriffe,77,475,1664,1,28,walk,
redriffe,home_seething_lane,475,788,1664,1,28,boat,
home_seething_lane,wapping,788,604,1664,1,29,boat,Elizabeth Pepys
fleece_cornhill,uncle_wight_house,180,592,1664,1,29,walk,
home_seething_lane,parish_church,788,544,1664,1,30,walk,
parish_church,home_seething_lane,544,788,1664,1,30,walk,
home_seething_lane,my_lords_lodgings,788,650,1664,2,1,coach,
royal_exchange,kings_playhouse,789,295,1664,2,1,coach,Elizabeth Pepys
kings_playhouse,home_seething_lane,295,788,1664,2,1,coach,
home_seething_lane,the_temple,788,102,1664,2,3,coach,
the_temple,royal_exchange,102,789,1664,2,3,walk,
home_seething_lane,covent_garden,788,123,1664,2,3,coach,
covent_garden,home_seething_lane,123,788,1664,2,3,coach,Elizabeth Pepys
home_seething_lane,navy_office,788,422,1664,2,4,walk,Elizabeth Pepys
navy_office,pauls_school,422,548,1664,2,4,walk,
home_seething_lane,woolwich,788,362,1664,2,5,boat,
woolwich,greenwich,362,212,1664,2,5,walk,
greenwich,deptford,212,77,1664,2,5,walk,
deptford,home_seething_lane,77,788,1664,2,5,boat,
home_seething_lane,navy_office,788,422,1664,2,6,walk,Sir J. Minnes
navy_office,royal_exchange,422,789,1664,2,6,walk,
royal_exchange,tom_pepys_shop,789,121,1664,2,6,walk,
tom_pepys_shop,home_seething_lane,121,788,1664,2,6,walk,
home_seething_lane,parish_church,788,544,1664,2,7,walk,
parish_church,home_seething_lane,544,788,1664,2,7,walk,
home_seething_lane,my_lords_lodgings,788,650,1664,2,8,walk,
royal_exchange,home_seething_lane,789,788,1664,2,8,walk,
lord_sandwich_lincolns_inn,royal_exchange,341,789,1664,2,10,walk,
royal_exchange,mr_povys_house,789,395,1664,2,10,walk,
mr_povys_house,whitehall,395,642,1664,2,10,walk,
whitehall,the_temple,642,102,1664,2,10,walk,
the_temple,home_seething_lane,102,788,1664,2,10,walk,
home_seething_lane,navy_office,788,422,1664,2,11,coach,
navy_office,home_seething_lane,422,788,1664,2,11,walk,
home_seething_lane,navy_office,788,422,1664,2,12,walk,
navy_office,royal_exchange,422,789,1664,2,12,walk,
royal_exchange,home_seething_lane,789,788,1664,2,12,walk,John Creed
home_seething_lane,deptford,788,77,1664,2,12,walk,John Creed
deptford,redriffe,77,475,1664,2,12,walk,
redriffe,home_seething_lane,475,788,1664,2,12,boat,
home_seething_lane,tom_pepys_shop,788,121,1664,2,12,coach,Elizabeth Pepys
tom_pepys_shop,mitre_tavern,121,358,1664,2,12,walk,
mitre_tavern,home_seething_lane,358,788,1664,2,12,walk,
home_seething_lane,navy_office,788,422,1664,2,13,boat,
navy_office,african_house,422,2,1664,2,13,coach,Mr. Coventry
new_exchange,home_seething_lane,129,788,1664,2,13,coach,
home_seething_lane,parish_church,788,544,1664,2,14,walk,
parish_church,home_seething_lane,544,788,1664,2,14,walk,
home_seething_lane,uncle_wight_house,788,592,1664,2,14,walk,Elizabeth Pepys
uncle_wight_house,home_seething_lane,592,788,1664,2,14,walk,
home_seething_lane,my_lords_lodgings,788,650,1664,2,15,coach,Elizabeth Pepys
my_lords_lodgings,whitehall,650,642,1664,2,15,walk,
whitehall,royal_exchange,642,789,1664,2,15,walk,
whitehall,st_james_park,642,541,1664,2,17,walk,
st_james_park,royal_exchange,541,789,1664,2,17,walk,
whitehall,mrs_hunts_house,642,388,1664,2,17,walk,
mrs_hunts_house,home_seething_lane,388,788,1664,2,17,coach,
home_seething_lane,navy_office,788,422,1664,2,18,walk,
navy_office,african_house,422,2,1664,2,18,coach,Mr. Coventry
royal_exchange,mr_jaggards,789,389,1664,2,19,walk,
mr_jaggards,uncle_wight_house,389,592,1664,2,19,coach,
uncle_wight_house,home_seething_lane,592,788,1664,2,19,coach,
royal_exchange,woolwich,789,362,1664,2,20,boat,
woolwich,greenwich,362,212,1664,2,20,walk,
greenwich,home_seething_lane,212,788,1664,2,20,boat,
home_seething_lane,uncle_wight_house,788,592,1664,2,21,walk,Elizabeth Pepys
uncle_wight_house,home_seething_lane,592,788,1664,2,21,walk,
home_seething_lane,st_james_park,788,541,1664,2,22,walk,
home_seething_lane,uncle_wight_house,788,592,1664,2,22,walk,
uncle_wight_house,home_seething_lane,592,788,1664,2,22,walk,
whitehall,st_james_park,642,541,1664,2,24,walk,
st_james_park,somerset_house,541,523,1664,2,24,walk,
somerset_house,royal_exchange,523,789,1664,2,24,boat,
home_seething_lane,navy_office,788,422,1664,2,25,walk,
navy_office,african_house,422,2,1664,2,25,coach,Mr. Coventry
home_seething_lane,lord_sandwich_lincolns_inn,788,341,1664,2,25,coach,Elizabeth Pepys; John Creed
lord_sandwich_lincolns_inn,whitehall,341,642,1664,2,25,walk,
whitehall,home_seething_lane,642,788,1664,2,25,coach,Elizabeth Pepys
home_seething_lane,highgate,788,236,1664,2,26,horse,John Creed
highgate,barnett,236,25,1664,2,26,horse,
barnett,lord_sandwich_lincolns_inn,25,341,1664,2,26,horse,
lord_sandwich_lincolns_inn,uncle_wight_house,341,592,1664,2,26,walk,
uncle_wight_house,home_seething_lane,592,788,1664,2,26,walk,
home_seething_lane,sir_w_pen_house,788,516,1664,2,27,walk,
sir_w_pen_house,home_seething_lane,516,788,1664,2,27,walk,
st_pauls,tower,545,583,1664,2,28,coach,
tower,home_seething_lane,583,788,1664,2,28,walk,
home_seething_lane,sir_w_pen_house,788,516,1664,2,28,walk,
sir_w_pen_house,home_seething_lane,516,788,1664,2,28,walk,
home_seething_lane,whitehall,788,642,1664,2,29,coach,Sir W. Pen
whitehall,royal_exchange,642,789,1664,2,29,walk,
royal_exchange,home_seething_lane,789,788,1664,2,29,walk,
home_seething_lane,westminster_hall,788,610,1664,2,29,walk,
westminster_hall,salisbury_court,610,488,1664,2,29,boat,
salisbury_court,home_seething_lane,488,788,1664,2,29,coach,Elizabeth Pepys
home_seething_lane,deptford,788,77,1664,3,1,coach,Elizabeth Pepys; John Creed
deptford,home_seething_lane,77,788,1664,3,1,walk,
home_seething_lane,pauls_churchyard,788,546,1664,3,2,walk,
pauls_churchyard,navy_office,546,422,1664,3,2,walk,
navy_office,home_seething_lane,422,788,1664,3,2,walk,
lord_sandwich_lincolns_inn,the_temple,341,102,1664,3,4,walk,
the_temple,woolwich,102,362,1664,3,4,boat,
woolwich,greenwich,362,212,1664,3,4,walk,
greenwich,home_seething_lane,212,788,1664,3,4,walk,
navy_office,dukes_theatre,422,160,1664,3,7,coach,Elizabeth Pepys
dukes_theatre,home_seething_lane,160,788,1664,3,7,walk,
royal_exchange,dukes_theatre,789,160,1664,3,8,walk,Elizabeth Pepys
dukes_theatre,tom_pepys_shop,160,121,1664,3,8,walk,
tom_pepys_shop,home_seething_lane,121,788,1664,3,8,walk,
home_seething_lane,navy_office,788,422,1664,3,9,walk,Elizabeth Pepys
navy_office,home_seething_lane,422,788,1664,3,9,walk,
home_seething_lane,navy_office,788,422,1664,3,10,walk,
navy_office,royal_exchange,422,789,1664,3,10,walk,
royal_exchange,home_seething_lane,789,788,1664,3,10,walk,
home_seething_lane,whitehall,788,642,1664,3,10,coach,
whitehall,mrs_hunts_house,642,388,1664,3,10,walk,
mrs_hunts_house,home_seething_lane,388,788,1664,3,10,coach,Elizabeth Pepys
home_seething_lane,lord_sandwich_lincolns_inn,788,341,1664,3,11,walk,
lord_sandwich_lincolns_inn,royal_exchange,341,789,1664,3,11,walk,
royal_exchange,home_seething_lane,789,788,1664,3,12,walk,
home_seething_lane,deptford,788,77,1664,3,12,walk,
deptford,halfway_house,77,226,1664,3,12,walk,
halfway_house,home_seething_lane,226,788,1664,3,12,walk,
home_seething_lane,tom_pepys_shop,788,121,1664,3,13,walk,
tom_pepys_shop,mrs_turner_house,121,419,1664,3,13,walk,
mrs_turner_house,uncle_fenners,419,591,1664,3,13,walk,
uncle_fenners,tom_pepys_shop,591,121,1664,3,13,walk,
tom_pepys_shop,home_seething_lane,121,788,1664,3,13,walk,
home_seething_lane,tom_pepys_shop,788,121,1664,3,14,walk,
tom_pepys_shop,whitehall,121,642,1664,3,14,walk,
whitehall,tom_pepys_shop,642,121,1664,3,14,walk,
tom_pepys_shop,lord_sandwich_lincolns_inn,121,341,1664,3,14,coach,Elizabeth Pepys
lord_sandwich_lincolns_inn,uncle_fenners,341,591,1664,3,14,coach,Elizabeth Pepys
uncle_fenners,home_seething_lane,591,788,1664,3,14,walk,
navy_office,tom_pepys_shop,422,121,1664,3,15,walk,
tom_pepys_shop,mrs_turner_house,121,419,1664,3,15,walk,
mrs_turner_house,tom_pepys_shop,419,121,1664,3,16,walk,
tom_pepys_shop,royal_exchange,121,789,1664,3,16,walk,
mrs_turner_house,tom_pepys_shop,419,121,1664,3,16,walk,
tom_pepys_shop,home_seething_lane,121,788,1664,3,16,walk,
home_seething_lane,tom_pepys_shop,788,121,1664,3,17,walk,
tom_pepys_shop,royal_exchange,121,789,1664,3,17,walk,
navy_office,tom_pepys_shop,422,121,1664,3,17,walk,
tom_pepys_shop,mrs_turner_house,121,419,1664,3,17,walk,
mrs_turner_house,home_seething_lane,419,788,1664,3,17,walk,
home_seething_lane,tom_pepys_shop,788,121,1664,3,18,walk,
tom_pepys_shop,parish_church,121,544,1664,3,18,walk,
parish_church,tom_pepys_shop,544,121,1664,3,18,walk,
tom_pepys_shop,home_seething_lane,121,788,1664,3,18,coach,Elizabeth Pepys
home_seething_lane,navy_office,788,422,1664,3,19,boat,
navy_office,tom_pepys_shop,422,121,1664,3,19,coach,
tom_pepys_shop,home_seething_lane,121,788,1664,3,19,walk,
home_seething_lane,navy_office,788,422,1664,3,21,walk,
navy_office,home_seething_lane,422,788,1664,3,21,walk,
home_seething_lane,navy_office,788,422,1664,3,22,walk,
navy_office,home_seething_lane,422,788,1664,3,22,walk,
home_seething_lane,uncle_wight_house,788,592,1664,3,22,walk,
uncle_wight_house,home_seething_lane,592,788,1664,3,22,walk,
home_seething_lane,navy_office,788,422,1664,3,23,boat,
navy_office,royal_exchange,422,789,1664,3,23,walk,
royal_exchange,trinity_house,789,588,1664,3,23,walk,
trinity_house,home_seething_lane,588,788,1664,3,23,walk,
greenwich,woolwich,212,362,1664,3,24,walk,
woolwich,deptford,362,77,1664,3,24,walk,
deptford,halfway_house,77,226,1664,3,24,walk,
home_seething_lane,navy_office,788,422,1664,3,24,walk,
navy_office,home_seething_lane,422,788,1664,3,24,walk,
home_seething_lane,whitehall,788,642,1664,3,25,boat,
whitehall,whitehall_chapel,642,619,1664,3,25,walk,
whitehall_chapel,home_seething_lane,619,788,1664,3,25,walk,
home_seething_lane,tom_pepys_shop,788,121,1664,3,25,coach,Elizabeth Pepys
tom_pepys_shop,home_seething_lane,121,788,1664,3,25,coach,Elizabeth Pepys
home_seething_lane,hyde_park,788,275,1664,3,26,coach,Elizabeth Pepys
hyde_park,home_seething_lane,275,788,1664,3,26,coach,
home_seething_lane,st_james_park,788,541,1664,3,27,walk,
st_james_park,home_seething_lane,541,788,1664,3,27,walk,
home_seething_lane,westminster_hall,788,610,1664,3,28,walk,
westminster_hall,st_james_park,610,541,1664,3,28,walk,
st_james_park,st_james_palace,541,540,1664,3,28,walk,
st_james_palace,home_seething_lane,540,788,1664,3,28,coach,Sir W. Batten; Sir W. Pen
home_seething_lane,whitehall,788,642,1664,3,29,walk,
whitehall,home_seething_lane,642,788,1664,3,29,coach,
home_seething_lane,whitehall,788,642,1664,3,30,walk,
whitehall,royal_exchange,642,789,1664,3,30,walk,
royal_exchange,home_seething_lane,789,788,1664,3,30,walk,
home_seething_lane,navy_office,788,422,1664,3,30,walk,
navy_office,home_seething_lane,422,788,1664,3,30,walk,
home_seething_lane,navy_office,788,422,1664,3,31,walk,
navy_office,home_seething_lane,422,788,1664,3,31,walk,
home_seething_lane,deptford,788,77,1664,3,31,walk,John Creed
deptford,home_seething_lane,77,788,1664,3,31,walk,
home_seething_lane,navy_office,788,422,1664,3,31,walk,
navy_office,royal_exchange,422,789,1664,4,2,walk,
royal_exchange,woolwich,789,362,1664,4,2,boat,Sir W. Warren
woolwich,greenwich,362,212,1664,4,2,walk,Sir W. Warren
lord_sandwich_lincolns_inn,westminster_hall,341,610,1664,4,4,walk,
st_james_palace,whitehall,540,642,1664,4,4,walk,
whitehall,navy_office,642,422,1664,4,4,walk,
navy_office,halfway_house,422,226,1664,4,4,boat,
halfway_house,home_seething_lane,226,788,1664,4,4,walk,Elizabeth Pepys
home_seething_lane,westminster_hall,788,610,1664,4,5,walk,
navy_office,home_seething_lane,422,788,1664,4,6,walk,
home_seething_lane,paternoster_row,788,684,1664,4,6,coach,Elizabeth Pepys
paternoster_row,new_exchange,684,129,1664,4,6,walk,
new_exchange,whitehall,129,642,1664,4,6,walk,
royal_exchange,home_seething_lane,789,788,1664,4,6,coach,Elizabeth Pepys
home_seething_lane,navy_office,788,422,1664,4,7,walk,
navy_office,royal_exchange,422,789,1664,4,7,walk,
home_seething_lane,deptford,788,77,1664,4,8,boat,Sir W. Batten
deptford,home_seething_lane,77,788,1664,4,8,boat,
home_seething_lane,navy_office,788,422,1664,4,8,walk,
navy_office,home_seething_lane,422,788,1664,4,8,walk,
home_seething_lane,uncle_wight_house,788,592,1664,4,12,coach,Elizabeth Pepys
uncle_wight_house,lord_sandwich_lincolns_inn,592,341,1664,4,12,coach,Elizabeth Pepys
home_seething_lane,st_james_palace,788,540,1664,4,13,coach,
st_james_palace,home_seething_lane,540,788,1664,4,13,coach,
st_james_palace,covent_garden,540,123,1664,4,14,coach,
covent_garden,home_seething_lane,123,788,1664,4,14,coach,
home_seething_lane,navy_office,788,422,1664,4,15,walk,
navy_office,royal_exchange,422,789,1664,4,15,walk,
royal_exchange,dukes_theatre,789,160,1664,4,15,coach,Elizabeth Pepys
dukes_theatre,mrs_turner_house,160,419,1664,4,15,walk,
home_seething_lane,halfway_house,788,226,1664,4,16,coach,Elizabeth Pepys
halfway_house,home_seething_lane,226,788,1664,4,16,walk,
home_seething_lane,parish_church,788,544,1664,4,17,walk,Elizabeth Pepys
parish_church,home_seething_lane,544,788,1664,4,17,walk,
home_seething_lane,parish_church,788,544,1664,4,17,walk,
parish_church,sir_w_pen_house,544,516,1664,4,17,walk,
sir_w_pen_house,uncle_wight_house,516,592,1664,4,17,walk,
uncle_wight_house,home_seething_lane,592,788,1664,4,17,walk,
home_seething_lane,westminster_hall,788,610,1664,4,18,coach,
westminster_hall,hyde_park,610,275,1664,4,18,coach,Elizabeth Pepys
home_seething_lane,st_james_palace,788,540,1664,4,19,walk,
st_james_palace,physic_garden,540,30,1664,4,19,walk,John Creed
physic_garden,westminster_hall,30,610,1664,4,19,walk,
westminster_hall,the_temple,610,102,1664,4,19,boat,
the_temple,royal_exchange,102,789,1664,4,19,walk,
westminster_hall,home_seething_lane,610,788,1664,4,20,coach,Sir W. Pen
home_seething_lane,navy_office,788,422,1664,4,21,walk,
navy_office,royal_exchange,422,789,1664,4,21,walk,
royal_exchange,westminster_hall,789,610,1664,4,21,coach,John Creed; Elizabeth Pepys
westminster_hall,uncle_wight_house,610,592,1664,4,21,walk,
uncle_wight_house,navy_office,592,422,1664,4,21,walk,
navy_office,home_seething_lane,422,788,1664,4,21,walk,
home_seething_lane,greenwich,788,212,1664,4,22,boat,
greenwich,woolwich,212,362,1664,4,22,walk,
woolwich,greenwich,362,212,1664,4,22,walk,
greenwich,home_seething_lane,212,788,1664,4,22,boat,
home_seething_lane,lord_sandwich_lincolns_inn,788,341,1664,4,22,coach,Elizabeth Pepys
hyde_park,st_james_park,275,541,1664,4,22,walk,
st_james_park,home_seething_lane,541,788,1664,4,22,coach,
home_seething_lane,royal_exchange,788,789,1664,4,23,walk,
home_seething_lane,st_james_palace,788,540,1664,4,25,coach,Sir W. Pen
lord_sandwich_lincolns_inn,bethnal_green,341,39,1664,4,25,coach,Elizabeth Pepys
bethnal_green,hackney,39,223,1664,4,25,coach,
hackney,kingsland,223,299,1664,4,25,coach,
kingsland,islington,299,282,1664,4,25,coach,
islington,home_seething_lane,282,788,1664,4,25,coach,Elizabeth Pepys
home_seething_lane,lord_sandwich_lincolns_inn,788,341,1664,4,26,walk,
lord_sandwich_lincolns_inn,st_james_palace,341,540,1664,4,26,coach,Lord Sandwich; John Creed
st_james_palace,new_exchange,540,129,1664,4,26,walk,
new_exchange,royal_exchange,129,789,1664,4,26,walk,
home_seething_lane,navy_office,788,422,1664,4,27,walk,
navy_office,westminster_hall,422,610,1664,4,27,walk,
westminster_hall,royal_exchange,610,789,1664,4,27,coach,
royal_exchange,lord_sandwich_lincolns_inn,789,341,1664,4,27,coach,Elizabeth Pepys
home_seething_lane,navy_office,788,422,1664,4,28,walk,
navy_office,royal_exchange,422,789,1664,4,28,walk,
royal_exchange,home_seething_lane,789,788,1664,4,28,walk,
home_seething_lane,whitehall,788,642,1664,4,29,coach,Sir W. Rider
whitehall,st_james_palace,642,540,1664,4,29,walk,
royal_exchange,home_seething_lane,789,788,1664,4,29,walk,
home_seething_lane,lord_sandwich_lincolns_inn,788,341,1664,4,29,coach,Elizabeth Pepys
royal_exchange,home_seething_lane,789,788,1664,4,30,walk,
home_seething_lane,woolwich,788,362,1664,4,30,boat,
woolwich,home_seething_lane,362,788,1664,4,30,boat,
royal_exchange,kings_playhouse,789,295,1664,5,2,coach,Elizabeth Pepys
kings_playhouse,hyde_park,295,275,1664,5,2,coach,
hyde_park,home_seething_lane,275,788,1664,5,2,coach,
home_seething_lane,whitehall,788,642,1664,5,3,boat,
whitehall,st_james_palace,642,540,1664,5,3,walk,
westminster_hall,royal_exchange,610,789,1664,5,3,walk,
royal_exchange,home_seething_lane,789,788,1664,5,3,walk,
navy_office,royal_exchange,422,789,1664,5,4,walk,
home_seething_lane,navy_office,788,422,1664,5,5,walk,
navy_office,royal_exchange,422,789,1664,5,5,walk,Sir W. Warren
home_seething_lane,navy_office,788,422,1664,5,6,walk,
navy_office,home_seething_lane,422,788,1664,5,6,walk,
home_seething_lane,new_exchange,788,129,1664,5,9,coach,Elizabeth Pepys
new_exchange,lord_sandwich_lincolns_inn,129,341,1664,5,9,walk,
home_seething_lane,navy_office,788,422,1664,5,10,walk,
navy_office,home_seething_lane,422,788,1664,5,10,walk,
home_seething_lane,navy_office,788,422,1664,5,11,walk,
navy_office,home_seething_lane,422,788,1664,5,11,walk,
home_seething_lane,woolwich,788,362,1664,5,12,boat,
woolwich,greenwich,362,212,1664,5,12,walk,
greenwich,deptford,212,77,1664,5,12,walk,
deptford,home_seething_lane,77,788,1664,5,12,walk,
home_seething_lane,woolwich,788,362,1664,5,13,boat,
woolwich,westminster_hall,362,610,1664,5,13,walk,
westminster_hall,whitehall,610,642,1664,5,13,walk,
whitehall,home_seething_lane,642,788,1664,5,13,walk,
home_seething_lane,navy_office,788,422,1664,5,14,walk,
navy_office,home_seething_lane,422,788,1664,5,14,walk,
mr_pierces_house,home_seething_lane,394,788,1664,5,16,coach,
home_seething_lane,navy_office,788,422,1664,5,18,walk,
navy_office,whitehall,422,642,1664,5,18,walk,
home_seething_lane,sir_w_pen_house,788,516,1664,5,18,walk,
sir_w_pen_house,home_seething_lane,516,788,1664,5,18,walk,
home_seething_lane,whitehall,788,642,1664,5,19,coach,Sir W. Pen
home_seething_lane,navy_office,788,422,1664,5,19,walk,
navy_office,home_seething_lane,422,788,1664,5,19,walk,
home_seething_lane,navy_office,788,422,1664,5,20,walk,
navy_office,home_seething_lane,422,788,1664,5,20,walk,
home_seething_lane,navy_office,788,422,1664,5,21,walk,
navy_office,royal_exchange,422,789,1664,5,21,walk,
royal_exchange,new_exchange,789,129,1664,5,21,coach,Elizabeth Pepys
new_exchange,lord_sandwich_lincolns_inn,129,341,1664,5,21,walk,
lord_sandwich_lincolns_inn,home_seething_lane,341,788,1664,5,21,walk,
home_seething_lane,whitehall,788,642,1664,5,22,boat,
whitehall,st_james_palace,642,540,1664,5,22,walk,
st_james_palace,home_seething_lane,540,788,1664,5,22,walk,
home_seething_lane,woolwich,788,362,1664,5,22,boat,Elizabeth Pepys; John Creed
woolwich,deptford,362,77,1664,5,22,boat,
deptford,halfway_house,77,226,1664,5,22,walk,
halfway_house,home_seething_lane,226,788,1664,5,22,walk,Elizabeth Pepys
home_seething_lane,navy_office,788,422,1664,5,23,walk,
navy_office,woolwich,422,362,1664,5,23,boat,Elizabeth Pepys
woolwich,deptford,362,77,1664,5,23,boat,
deptford,home_seething_lane,77,788,1664,5,23,boat,Elizabeth Pepys
home_seething_lane,navy_office,788,422,1664,5,24,walk,
navy_office,home_seething_lane,422,788,1664,5,24,walk,
navy_office,royal_exchange,422,789,1664,5,26,walk,
royal_exchange,lord_sandwich_lincolns_inn,789,341,1664,5,26,coach,Elizabeth Pepys
lord_sandwich_lincolns_inn,old_bailey,341,440,1664,5,26,coach,
old_bailey,home_seething_lane,440,788,1664,5,26,walk,
navy_office,home_seething_lane,422,788,1664,5,27,walk,
home_seething_lane,navy_office,788,422,1664,5,28,walk,
navy_office,royal_exchange,422,789,1664,5,28,walk,
home_seething_lane,st_james_palace,788,540,1664,5,31,coach,Elizabeth Pepys
st_james_palace,hyde_park,540,275,1664,5,31,coach,
hyde_park,home_seething_lane,275,788,1664,5,31,coach,Elizabeth Pepys
home_seething_lane,woolwich,788,362,1664,6,1,boat,
woolwich,deptford,362,77,1664,6,1,boat,
deptford,home_seething_lane,77,788,1664,6,1,boat,
home_seething_lane,kings_playhouse,788,295,1664,6,1,coach,Elizabeth Pepys
kings_playhouse,home_seething_lane,295,788,1664,6,1,coach,
home_seething_lane,navy_office,788,422,1664,6,3,walk,
navy_office,royal_exchange,422,789,1664,6,3,walk,
royal_exchange,whitehall,789,642,1664,6,3,coach,
home_seething_lane,navy_office,788,422,1664,6,6,boat,
navy_office,whitehall,422,642,1664,6,6,boat,
lord_sandwich_lincolns_inn,deptford,341,77,1664,6,6,boat,
deptford,whitehall,77,642,1664,6,6,boat,
home_seething_lane,navy_office,788,422,1664,6,7,boat,
navy_office,royal_exchange,422,789,1664,6,7,walk,
royal_exchange,home_seething_lane,789,788,1664,6,7,walk,
home_seething_lane,navy_office,788,422,1664,6,9,walk,
navy_office,home_seething_lane,422,788,1664,6,9,walk,
st_james_park,home_seething_lane,541,788,1664,6,10,boat,
home_seething_lane,navy_office,788,422,1664,6,11,walk,
navy_office,royal_exchange,422,789,1664,6,11,walk,
royal_exchange,home_seething_lane,789,788,1664,6,11,walk,
home_seething_lane,hackney,788,223,1664,6,11,coach,Elizabeth Pepys
hackney,home_seething_lane,223,788,1664,6,11,coach,
home_seething_lane,halfway_house,788,226,1664,6,12,boat,Elizabeth Pepys; John Creed
halfway_house,home_seething_lane,226,788,1664,6,12,walk,
home_seething_lane,deptford,788,77,1664,6,13,boat,
deptford,whitehall,77,642,1664,6,13,boat,
st_james_palace,greenwich,540,212,1664,6,13,boat,
home_seething_lane,navy_office,788,422,1664,6,14,walk,
navy_office,home_seething_lane,422,788,1664,6,14,walk,
kensington,home_seething_lane,291,788,1664,6,14,coach,
home_seething_lane,greenwich,788,212,1664,6,15,boat,John Creed
lord_sandwich_lincolns_inn,kensington,341,291,1664,6,15,walk,John Creed
kensington,knightsbridge,291,303,1664,6,16,walk,John Creed
navy_office,woolwich,422,362,1664,6,17,boat,
woolwich,deptford,362,77,1664,6,17,boat,
deptford,home_seething_lane,77,788,1664,6,17,walk,
home_seething_lane,navy_office,788,422,1664,6,18,walk,
navy_office,home_seething_lane,422,788,1664,6,18,walk,
whitehall,st_james_palace,642,540,1664,6,20,walk,
st_james_palace,westminster_hall,540,610,1664,6,20,walk,
my_lords_lodgings,lord_sandwich_lincolns_inn,650,341,1664,6,20,walk,
lord_sandwich_lincolns_inn,home_seething_lane,341,788,1664,6,20,coach,
home_seething_lane,navy_office,788,422,1664,6,21,walk,
navy_office,whitehall,422,642,1664,6,21,boat,
whitehall,new_exchange,642,129,1664,6,21,walk,John Creed
new_exchange,home_seething_lane,129,788,1664,6,21,coach,
home_seething_lane,navy_office,788,422,1664,6,23,walk,
navy_office,royal_exchange,422,789,1664,6,23,walk,
royal_exchange,home_seething_lane,789,788,1664,6,23,walk,
home_seething_lane,navy_office,788,422,1664,6,24,walk,
navy_office,uncle_wight_house,422,592,1664,6,24,walk,
uncle_wight_house,whitehall,592,642,1664,6,24,walk,
whitehall,hyde_park,642,275,1664,6,24,walk,
hyde_park,home_seething_lane,275,788,1664,6,24,walk,
home_seething_lane,navy_office,788,422,1664,6,25,walk,
navy_office,home_seething_lane,422,788,1664,6,25,walk,
home_seething_lane,lord_sandwich_lincolns_inn,788,341,1664,6,26,walk,
lord_sandwich_lincolns_inn,parish_church,341,544,1664,6,26,walk,
parish_church,gravesend,544,203,1664,6,26,boat,Elizabeth Pepys; John Creed
gravesend,home_seething_lane,203,788,1664,6,26,boat,
st_james_palace,home_seething_lane,540,788,1664,6,27,walk,
home_seething_lane,woolwich,788,362,1664,6,27,boat,
woolwich,home_seething_lane,362,788,1664,6,27,boat,
home_seething_lane,navy_office,788,422,1664,6,28,walk,
navy_office,royal_exchange,422,789,1664,6,28,walk,
royal_exchange,home_seething_lane,789,788,1664,6,28,walk,
home_seething_lane,the_temple,788,102,1664,6,29,walk,
the_temple,westminster_hall,102,610,1664,6,29,walk,
westminster_hall,lord_sandwich_lincolns_inn,610,341,1664,6,29,walk,
lord_sandwich_lincolns_inn,home_seething_lane,341,788,1664,6,29,walk,
home_seething_lane,navy_office,788,422,1664,6,30,walk,
navy_office,deptford,422,77,1664,6,30,boat,
deptford,woolwich,77,362,1664,6,30,boat,
woolwich,greenwich,362,212,1664,6,30,walk,
greenwich,home_seething_lane,212,788,1664,6,30,walk,
home_seething_lane,navy_office,788,422,1664,7,1,walk,
navy_office,royal_exchange,422,789,1664,7,1,walk,
home_seething_lane,navy_office,788,422,1664,7,2,walk,
navy_office,royal_exchange,422,789,1664,7,2,walk,
royal_exchange,home_seething_lane,789,788,1664,7,2,walk,
home_seething_lane,navy_office,788,422,1664,7,5,walk,
navy_office,royal_exchange,422,789,1664,7,5,walk,
royal_exchange,home_seething_lane,789,788,1664,7,5,walk,
home_seething_lane,the_hope,788,327,1664,7,6,boat,Elizabeth Pepys
the_hope,greenwich,327,212,1664,7,6,boat,
greenwich,home_seething_lane,212,788,1664,7,6,boat,Elizabeth Pepys
home_seething_lane,navy_office,788,422,1664,7,7,walk,
navy_office,whitehall,422,642,1664,7,7,coach,
whitehall,new_exchange,642,129,1664,7,7,walk,
new_exchange,home_seething_lane,129,788,1664,7,7,walk,
home_seething_lane,navy_office,788,422,1664,7,9,coach,Sir J. Minnes
navy_office,whitehall,422,642,1664,7,9,coach,Sir J. Minnes
somerset_house,lord_sandwich_lincolns_inn,523,341,1664,7,10,walk,
lord_sandwich_lincolns_inn,home_seething_lane,341,788,1664,7,10,coach,
barnett_wells,home_seething_lane,26,788,1664,7,11,horse,
home_seething_lane,navy_office,788,422,1664,7,12,walk,
navy_office,home_seething_lane,422,788,1664,7,12,walk,
home_seething_lane,deptford,788,77,1664,7,12,boat,Sir G. Carteret; Sir J. Minnes; Sir W. Batten
deptford,blackwall,77,47,1664,7,12,boat,Mr. Coventry
home_seething_lane,navy_office,788,422,1664,7,13,walk,
navy_office,lord_sandwich_lincolns_inn,422,341,1664,7,13,walk,
lord_sandwich_lincolns_inn,whitehall,341,642,1664,7,13,walk,
home_seething_lane,lord_sandwich_lincolns_inn,788,341,1664,7,14,walk,
lord_sandwich_lincolns_inn,whitehall,341,642,1664,7,14,walk,
whitehall,home_seething_lane,642,788,1664,7,14,walk,
home_seething_lane,royal_exchange,788,789,1664,7,14,walk,
royal_exchange,lord_chancellors,789,336,1664,7,14,walk,
home_seething_lane,lord_sandwich_lincolns_inn,788,341,1664,7,15,walk,
lord_sandwich_lincolns_inn,st_james_palace,341,540,1664,7,15,walk,John Creed
st_james_palace,whitehall,540,642,1664,7,15,walk,
home_seething_lane,navy_office,788,422,1664,7,16,walk,
navy_office,royal_exchange,422,789,1664,7,16,walk,
whitehall,lord_sandwich_lincolns_inn,642,341,1664,7,16,walk,
lord_sandwich_lincolns_inn,home_seething_lane,341,788,1664,7,16,walk,
home_seething_lane,lord_sandwich_lincolns_inn,788,341,1664,7,17,walk,
lord_sandwich_lincolns_inn,home_seething_lane,341,788,1664,7,17,walk,
home_seething_lane,lord_sandwich_lincolns_inn,788,341,1664,7,18,walk,
lord_sandwich_lincolns_inn,st_james_palace,341,540,1664,7,18,walk,
st_james_palace,westminster_hall,540,610,1664,7,18,walk,
westminster_hall,royal_exchange,610,789,1664,7,18,walk,
mr_povys_house,lord_chancellors,395,336,1664,7,18,walk,
lord_chancellors,home_seething_lane,336,788,1664,7,18,walk,
home_seething_lane,navy_office,788,422,1664,7,19,boat,
navy_office,woolwich,422,362,1664,7,19,boat,Sir W. Batten
woolwich,deptford,362,77,1664,7,19,boat,
deptford,home_seething_lane,77,788,1664,7,19,boat,
home_seething_lane,navy_office,788,422,1664,7,20,walk,
navy_office,whitehall,422,642,1664,7,20,walk,
whitehall,home_seething_lane,642,788,1664,7,20,coach,
home_seething_lane,navy_office,788,422,1664,7,21,walk,
navy_office,whitehall,422,642,1664,7,21,walk,
whitehall,westminster_hall,642,610,1664,7,21,walk,
westminster_hall,home_seething_lane,610,788,1664,7,21,boat,
home_seething_lane,navy_office,788,422,1664,7,22,boat,
navy_office,royal_exchange,422,789,1664,7,22,walk,
royal_exchange,deptford,789,77,1664,7,22,boat,
deptford,home_seething_lane,77,788,1664,7,22,boat,
home_seething_lane,navy_office,788,422,1664,7,23,walk,
navy_office,royal_exchange,422,789,1664,7,23,walk,
fleet_alley,pauls_churchyard,181,546,1664,7,23,walk,
pauls_churchyard,home_seething_lane,546,788,1664,7,23,walk,
st_james_palace,royal_exchange,540,789,1664,7,25,walk,
royal_exchange,home_seething_lane,789,788,1664,7,25,walk,
home_seething_lane,navy_office,788,422,1664,7,26,walk,
navy_office,anthony_joyces_house,422,8,1664,7,26,walk,
home_seething_lane,mr_povys_house,788,395,1664,7,27,walk,
mr_povys_house,st_james_palace,395,540,1664,7,27,walk,
st_james_palace,whitehall,540,642,1664,7,27,walk,
whitehall,home_seething_lane,642,788,1664,7,27,walk,
home_seething_lane,navy_office,788,422,1664,7,28,walk,
navy_office,dukes_theatre,422,160,1664,7,28,walk,
dukes_theatre,westminster_hall,160,610,1664,7,28,walk,
westminster_hall,home_seething_lane,610,788,1664,7,28,walk,
home_seething_lane,navy_office,788,422,1664,7,29,walk,
navy_office,royal_exchange,422,789,1664,7,29,walk,
royal_exchange,fleet_alley,789,181,1664,7,29,walk,
fleet_alley,home_seething_lane,181,788,1664,7,29,walk,
home_seething_lane,navy_office,788,422,1664,7,30,walk,
navy_office,royal_exchange,422,789,1664,7,30,walk,
parish_church,home_seething_lane,544,788,1664,7,31,walk,
st_james_palace,royal_exchange,540,789,1664,8,1,walk,
royal_exchange,anthony_joyces_house,789,8,1664,8,1,walk,
anthony_joyces_house,westminster_hall,8,610,1664,8,1,walk,
westminster_hall,lord_chancellors,610,336,1664,8,1,walk,
lord_chancellors,home_seething_lane,336,788,1664,8,1,walk,
home_seething_lane,navy_office,788,422,1664,8,2,walk,
navy_office,royal_exchange,422,789,1664,8,2,walk,
royal_exchange,kings_playhouse,789,295,1664,8,2,walk,
kings_playhouse,home_seething_lane,295,788,1664,8,2,walk,
home_seething_lane,parish_church,788,544,1664,8,2,walk,
parish_church,home_seething_lane,544,788,1664,8,2,walk,
home_seething_lane,westminster_hall,788,610,1664,8,3,walk,
westminster_hall,whitehall,610,642,1664,8,3,walk,
whitehall,royal_exchange,642,789,1664,8,3,walk,
royal_exchange,woolwich,789,362,1664,8,3,boat,
woolwich,deptford,362,77,1664,8,3,boat,
deptford,home_seething_lane,77,788,1664,8,3,boat,
home_seething_lane,navy_office,788,422,1664,8,4,walk,Sir W. Pen
navy_office,sir_w_pen_house,422,516,1664,8,4,walk,
sir_w_pen_house,kings_playhouse,516,295,1664,8,4,coach,Sir W. Pen
kings_playhouse,lord_sandwich_lincolns_inn,295,341,1664,8,4,walk,
lord_sandwich_lincolns_inn,home_seething_lane,341,788,1664,8,4,walk,
home_seething_lane,barnett,788,25,1664,8,5,horse,
st_james_palace,royal_exchange,540,789,1664,8,8,walk,
royal_exchange,kings_playhouse,789,295,1664,8,8,coach,Elizabeth Pepys
kings_playhouse,home_seething_lane,295,788,1664,8,8,coach,
home_seething_lane,navy_office,788,422,1664,8,9,walk,
navy_office,home_seething_lane,422,788,1664,8,9,walk,
home_seething_lane,navy_office,788,422,1664,8,10,walk,
navy_office,home_seething_lane,422,788,1664,8,10,walk,
home_seething_lane,navy_office,788,422,1664,8,11,walk,
navy_office,royal_exchange,422,789,1664,8,11,walk,
royal_exchange,new_exchange,789,129,1664,8,11,coach,Elizabeth Pepys
new_exchange,lord_sandwich_lincolns_inn,129,341,1664,8,11,walk,
lord_sandwich_lincolns_inn,home_seething_lane,341,788,1664,8,11,walk,
home_seething_lane,navy_office,788,422,1664,8,12,walk,
navy_office,royal_exchange,422,789,1664,8,12,walk,
royal_exchange,whitehall,789,642,1664,8,12,coach,Elizabeth Pepys
home_seething_lane,navy_office,788,422,1664,8,13,walk,
navy_office,dukes_theatre,422,160,1664,8,13,walk,Elizabeth Pepys; John Creed
dukes_theatre,home_seething_lane,160,788,1664,8,13,walk,
st_james_palace,royal_exchange,540,789,1664,8,15,walk,
royal_exchange,westminster_hall,789,610,1664,8,15,walk,
westminster_hall,charing_cross,610,85,1664,8,15,coach,Elizabeth Pepys
charing_cross,home_seething_lane,85,788,1664,8,15,coach,
home_seething_lane,navy_office,788,422,1664,8,16,walk,
navy_office,royal_exchange,422,789,1664,8,16,walk,
home_seething_lane,lord_crews_house,788,337,1664,8,17,walk,
lord_crews_house,lord_sandwich_lincolns_inn,337,341,1664,8,17,walk,Elizabeth Pepys
lord_sandwich_lincolns_inn,mr_pierces_house,341,394,1664,8,17,walk,
mr_pierces_house,whitehall,394,642,1664,8,17,walk,
whitehall,home_seething_lane,642,788,1664,8,17,coach,Elizabeth Pepys
home_seething_lane,navy_office,788,422,1664,8,18,walk,
navy_office,westminster_hall,422,610,1664,8,18,walk,
westminster_hall,home_seething_lane,610,788,1664,8,18,walk,
home_seething_lane,navy_office,788,422,1664,8,19,walk,
navy_office,sir_w_pen_house,422,516,1664,8,19,walk,Elizabeth Pepys
home_seething_lane,navy_office,788,422,1664,8,20,walk,
royal_exchange,whitehall,789,642,1664,8,20,walk,
whitehall,home_seething_lane,642,788,1664,8,20,walk,
home_seething_lane,navy_office,788,422,1664,8,22,walk,
navy_office,whitehall,422,642,1664,8,22,walk,
whitehall,westminster_hall,642,610,1664,8,22,walk,
westminster_hall,home_seething_lane,610,788,1664,8,22,coach,Elizabeth Pepys
home_seething_lane,navy_office,788,422,1664,8,23,walk,Elizabeth Pepys
navy_office,royal_exchange,422,789,1664,8,23,walk,
royal_exchange,home_seething_lane,789,788,1664,8,23,walk,
home_seething_lane,navy_office,788,422,1664,8,24,walk,
navy_office,whitehall,422,642,1664,8,24,walk,
whitehall,home_seething_lane,642,788,1664,8,24,walk,
home_seething_lane,whitehall,788,642,1664,8,24,walk,
whitehall,navy_office,642,422,1664,8,25,walk,
navy_office,royal_exchange,422,789,1664,8,25,walk,
royal_exchange,home_seething_lane,789,788,1664,8,25,walk,
home_seething_lane,deptford,788,77,1664,8,26,boat,
deptford,woolwich,77,362,1664,8,26,boat,
woolwich,deptford,362,77,1664,8,26,boat,
deptford,home_seething_lane,77,788,1664,8,26,boat,
royal_exchange,whitehall,789,642,1664,8,26,boat,
home_seething_lane,navy_office,788,422,1664,8,27,walk,
navy_office,royal_exchange,422,789,1664,8,27,walk,
royal_exchange,home_seething_lane,789,788,1664,8,27,walk,
home_seething_lane,parish_church,788,544,1664,8,28,walk,
parish_church,royal_exchange,544,789,1664,8,28,walk,John Creed
royal_exchange,home_seething_lane,789,788,1664,8,28,walk,
home_seething_lane,deptford,788,77,1664,8,29,boat,
deptford,home_seething_lane,77,788,1664,8,29,boat,
home_seething_lane,lord_sandwich_lincolns_inn,788,341,1664,8,29,walk,
lord_sandwich_lincolns_inn,westminster_hall,341,610,1664,8,29,walk,
westminster_hall,home_seething_lane,610,788,1664,8,29,walk,
home_seething_lane,navy_office,788,422,1664,8,30,walk,
navy_office,home_seething_lane,422,788,1664,8,30,walk,
home_seething_lane,navy_office,788,422,1664,8,31,walk,
navy_office,whitehall,422,642,1664,8,31,coach,
whitehall,home_seething_lane,642,788,1664,8,31,coach,
home_seething_lane,royal_exchange,788,789,1664,9,2,walk,
royal_exchange,home_seething_lane,789,788,1664,9,2,walk,
home_seething_lane,bartholomew_fair,788,27,1664,9,2,coach,Elizabeth Pepys
bartholomew_fair,home_seething_lane,27,788,1664,9,2,coach,Elizabeth Pepys
home_seething_lane,navy_office,788,422,1664,9,3,walk,
navy_office,whitehall,422,642,1664,9,3,walk,
royal_exchange,woolwich,789,362,1664,9,5,boat,
woolwich,deptford,362,77,1664,9,5,boat,
deptford,home_seething_lane,77,788,1664,9,5,boat,
home_seething_lane,navy_office,788,422,1664,9,6,walk,
navy_office,whitehall,422,642,1664,9,6,coach,
whitehall,home_seething_lane,642,788,1664,9,6,walk,
home_seething_lane,limehouse,788,317,1664,9,7,walk,
limehouse,royal_exchange,317,789,1664,9,7,walk,
home_seething_lane,bartholomew_fair,788,27,1664,9,7,coach,John Creed
bartholomew_fair,home_seething_lane,27,788,1664,9,7,coach,
home_seething_lane,navy_office,788,422,1664,9,8,boat,
navy_office,woolwich,422,362,1664,9,8,boat,
woolwich,home_seething_lane,362,788,1664,9,8,boat,
home_seething_lane,navy_office,788,422,1664,9,9,walk,
navy_office,home_seething_lane,422,788,1664,9,9,walk,
home_seething_lane,navy_office,788,422,1664,9,10,walk,
navy_office,dukes_theatre,422,160,1664,9,10,walk,Elizabeth Pepys
dukes_theatre,home_seething_lane,160,788,1664,9,10,walk,
westminster_abbey,uncle_wight_house,609,592,1664,9,11,walk,
home_seething_lane,st_james_palace,788,540,1664,9,12,coach,
st_james_palace,westminster_abbey,540,609,1664,9,12,walk,
westminster_abbey,home_seething_lane,609,788,1664,9,12,walk,
home_seething_lane,uncle_wight_house,788,592,1664,9,12,walk,
home_seething_lane,navy_office,788,422,1664,9,13,walk,
navy_office,fishmongers_hall,422,179,1664,9,13,walk,
fishmongers_hall,home_seething_lane,179,788,1664,9,13,walk,
home_seething_lane,navy_office,788,422,1664,9,14,walk,
navy_office,royal_exchange,422,789,1664,9,14,walk,
royal_exchange,blackwall,789,47,1664,9,14,boat,
blackwall,home_seething_lane,47,788,1664,9,14,boat,
home_seething_lane,navy_office,788,422,1664,9,15,walk,
navy_office,royal_exchange,422,789,1664,9,15,walk,
royal_exchange,home_seething_lane,789,788,1664,9,15,walk,
home_seething_lane,navy_office,788,422,1664,9,16,walk,
navy_office,royal_exchange,422,789,1664,9,16,walk,
royal_exchange,sun_tavern,789,561,1664,9,16,walk,Sir W. Warren
sun_tavern,home_seething_lane,561,788,1664,9,16,coach,
home_seething_lane,navy_office,788,422,1664,9,17,walk,
navy_office,home_seething_lane,422,788,1664,9,17,walk,
home_seething_lane,parish_church,788,544,1664,9,18,walk,
parish_church,westminster_abbey,544,609,1664,9,18,walk,
westminster_abbey,uncle_wight_house,609,592,1664,9,18,walk,
uncle_wight_house,home_seething_lane,592,788,1664,9,18,walk,
st_james_palace,whitehall,540,642,1664,9,19,walk,
whitehall,westminster_hall,642,610,1664,9,19,walk,
westminster_hall,home_seething_lane,610,788,1664,9,19,coach,
home_seething_lane,navy_office,788,422,1664,9,20,walk,
navy_office,royal_exchange,422,789,1664,9,20,walk,
royal_exchange,fishmongers_hall,789,179,1664,9,20,walk,
fishmongers_hall,home_seething_lane,179,788,1664,9,20,walk,
mr_povys_house,westminster_hall,395,610,1664,9,21,coach,
westminster_hall,mr_povys_house,610,395,1664,9,21,walk,
home_seething_lane,navy_office,788,422,1664,9,22,walk,
navy_office,royal_exchange,422,789,1664,9,22,walk,
royal_exchange,whitehall,789,642,1664,9,22,walk,
home_seething_lane,navy_office,788,422,1664,9,24,walk,
navy_office,royal_exchange,422,789,1664,9,24,walk,
royal_exchange,whitehall,789,642,1664,9,24,coach,
home_seething_lane,navy_office,788,422,1664,9,26,walk,
navy_office,royal_exchange,422,789,1664,9,26,walk,
royal_exchange,home_seething_lane,789,788,1664,9,26,walk,
home_seething_lane,navy_office,788,422,1664,9,27,walk,
navy_office,fishmongers_hall,422,179,1664,9,27,walk,
fishmongers_hall,home_seething_lane,179,788,1664,9,27,walk,
home_seething_lane,woolwich,788,362,1664,9,28,boat,
woolwich,home_seething_lane,362,788,1664,9,28,boat,
whitehall,dukes_theatre,642,160,1664,9,28,walk,
dukes_theatre,home_seething_lane,160,788,1664,9,28,coach,
home_seething_lane,navy_office,788,422,1664,9,29,walk,
navy_office,home_seething_lane,422,788,1664,9,29,walk,
home_seething_lane,navy_office,788,422,1664,10,1,walk,
navy_office,home_seething_lane,422,788,1664,10,1,walk,
clerkenwell,lord_sandwich_lincolns_inn,99,341,1664,10,2,walk,
lord_sandwich_lincolns_inn,clerkenwell,341,99,1664,10,2,walk,
clerkenwell,home_seething_lane,99,788,1664,10,2,walk,
st_james_palace,royal_exchange,540,789,1664,10,3,walk,
home_seething_lane,deptford,788,77,1664,10,3,boat,Mr. Coventry
deptford,home_seething_lane,77,788,1664,10,3,boat,Mr. Coventry
home_seething_lane,navy_office,788,422,1664,10,4,walk,
navy_office,royal_exchange,422,789,1664,10,4,walk,
royal_exchange,dukes_theatre,789,160,1664,10,4,coach,
dukes_theatre,home_seething_lane,160,788,1664,10,4,coach,Elizabeth Pepys
home_seething_lane,royal_exchange,788,789,1664,10,5,walk,
royal_exchange,trinity_house,789,588,1664,10,5,walk,
home_seething_lane,navy_office,788,422,1664,10,6,walk,
navy_office,home_seething_lane,422,788,1664,10,6,walk,
home_seething_lane,navy_office,788,422,1664,10,7,walk,Elizabeth Pepys
navy_office,home_seething_lane,422,788,1664,10,7,walk,
home_seething_lane,navy_office,788,422,1664,10,8,walk,
navy_office,royal_exchange,422,789,1664,10,8,walk,
royal_exchange,home_seething_lane,789,788,1664,10,8,walk,
home_seething_lane,parish_church,788,544,1664,10,9,walk,Elizabeth Pepys
st_james_palace,royal_exchange,540,789,1664,10,10,walk,
home_seething_lane,navy_office,788,422,1664,10,12,walk,
navy_office,royal_exchange,422,789,1664,10,12,walk,
royal_exchange,home_seething_lane,789,788,1664,10,12,walk,
home_seething_lane,navy_office,788,422,1664,10,13,walk,
navy_office,welling,422,608,1664,10,13,horse,
st_james_palace,lord_sandwich_lincolns_inn,540,341,1664,10,17,walk,
lord_sandwich_lincolns_inn,lord_crews_house,341,337,1664,10,17,walk,
home_seething_lane,navy_office,788,422,1664,10,18,walk,
navy_office,royal_exchange,422,789,1664,10,18,walk,
royal_exchange,fishmongers_hall,789,179,1664,10,18,walk,
fishmongers_hall,whitehall,179,642,1664,10,18,coach,
home_seething_lane,navy_office,788,422,1664,10,19,coach,
navy_office,home_seething_lane,422,788,1664,10,19,walk,
home_seething_lane,navy_office,788,422,1664,10,20,walk,
navy_office,lord_sandwich_lincolns_inn,422,341,1664,10,20,walk,
lord_sandwich_lincolns_inn,home_seething_lane,341,788,1664,10,20,walk,
home_seething_lane,navy_office,788,422,1664,10,22,walk,
navy_office,deptford,422,77,1664,10,22,boat,
deptford,home_seething_lane,77,788,1664,10,22,boat,
home_seething_lane,parish_church,788,544,1664,10,23,walk,
parish_church,home_seething_lane,544,788,1664,10,23,walk,
home_seething_lane,st_james_palace,788,540,1664,10,24,coach,Sir J. Minnes
st_james_palace,royal_exchange,540,789,1664,10,24,walk,
royal_exchange,whitehall,789,642,1664,10,24,walk,Sir W. Warren
whitehall,home_seething_lane,642,788,1664,10,24,walk,
home_seething_lane,navy_office,788,422,1664,10,25,walk,
navy_office,royal_exchange,422,789,1664,10,25,walk,
royal_exchange,fishmongers_hall,789,179,1664,10,25,walk,
fishmongers_hall,home_seething_lane,179,788,1664,10,25,walk,
home_seething_lane,woolwich,788,362,1664,10,26,boat,Elizabeth Pepys
woolwich,home_seething_lane,362,788,1664,10,26,coach,
home_seething_lane,navy_office,788,422,1664,10,27,walk,
navy_office,dolphin_tavern,422,149,1664,10,27,walk,
dolphin_tavern,whitehall,149,642,1664,10,27,coach,Sir G. Carteret
home_seething_lane,navy_office,788,422,1664,10,28,walk,
navy_office,royal_exchange,422,789,1664,10,28,walk,
royal_exchange,home_seething_lane,789,788,1664,10,28,walk,
home_seething_lane,navy_office,788,422,1664,10,29,walk,
navy_office,home_seething_lane,422,788,1664,10,29,walk,
home_seething_lane,parish_church,788,544,1664,10,30,walk,
parish_church,home_seething_lane,544,788,1664,10,30,walk,
home_seething_lane,navy_office,788,422,1664,10,31,walk,
navy_office,whitehall,422,642,1664,10,31,walk,John Creed
home_seething_lane,navy_office,788,422,1664,11,1,walk,
navy_office,whitehall,422,642,1664,11,1,walk,
whitehall,home_seething_lane,642,788,1664,11,1,walk,
redriffe,deptford,475,77,1664,11,2,walk,
deptford,home_seething_lane,77,788,1664,11,2,walk,
home_seething_lane,navy_office,788,422,1664,11,3,walk,
navy_office,royal_exchange,422,789,1664,11,3,walk,
royal_exchange,home_seething_lane,789,788,1664,11,3,walk,
home_seething_lane,navy_office,788,422,1664,11,5,walk,Elizabeth Pepys
navy_office,royal_exchange,422,789,1664,11,5,walk,
royal_exchange,dukes_theatre,789,160,1664,11,5,coach,Elizabeth Pepys
dukes_theatre,home_seething_lane,160,788,1664,11,5,coach,
whitehall,lord_sandwich_lincolns_inn,642,341,1664,11,7,walk,
lord_sandwich_lincolns_inn,westminster_hall,341,610,1664,11,7,walk,
westminster_hall,home_seething_lane,610,788,1664,11,7,coach,Elizabeth Pepys
home_seething_lane,navy_office,788,422,1664,11,8,walk,
navy_office,tower,422,583,1664,11,8,walk,
tower,home_seething_lane,583,788,1664,11,8,walk,
home_seething_lane,the_hope,788,327,1664,11,9,boat,
the_hope,whitehall,327,642,1664,11,9,boat,
whitehall,home_seething_lane,642,788,1664,11,9,walk,
dolphin_tavern,home_seething_lane,149,788,1664,11,10,walk,
home_seething_lane,navy_office,788,422,1664,11,12,walk,
navy_office,royal_exchange,422,789,1664,11,12,walk,
royal_exchange,home_seething_lane,789,788,1664,11,12,walk,
home_seething_lane,parish_church,788,544,1664,11,13,walk,
parish_church,home_seething_lane,544,788,1664,11,13,walk,
whitehall,royal_exchange,642,789,1664,11,14,walk,
royal_exchange,whitehall,789,642,1664,11,14,walk,
whitehall,home_seething_lane,642,788,1664,11,14,walk,
home_seething_lane,navy_office,788,422,1664,11,15,walk,
navy_office,royal_exchange,422,789,1664,11,15,walk,
royal_exchange,whitehall,789,642,1664,11,15,walk,
home_seething_lane,navy_office,788,422,1664,11,17,walk,
navy_office,royal_exchange,422,789,1664,11,17,walk,
royal_exchange,home_seething_lane,789,788,1664,11,17,walk,John Creed
home_seething_lane,navy_office,788,422,1664,11,18,walk,
navy_office,whitehall,422,642,1664,11,18,walk,
home_seething_lane,navy_office,788,422,1664,11,19,walk,
navy_office,home_seething_lane,422,788,1664,11,19,boat,
home_seething_lane,parish_church,788,544,1664,11,20,walk,Elizabeth Pepys
parish_church,home_seething_lane,544,788,1664,11,20,walk,
whitehall,royal_exchange,642,789,1664,11,21,walk,
whitehall,home_seething_lane,642,788,1664,11,21,coach,
home_seething_lane,navy_office,788,422,1664,11,22,walk,
navy_office,royal_exchange,422,789,1664,11,22,walk,
royal_exchange,whitehall,789,642,1664,11,22,walk,
whitehall,home_seething_lane,642,788,1664,11,22,walk,
home_seething_lane,navy_office,788,422,1664,11,23,walk,
navy_office,home_seething_lane,422,788,1664,11,23,walk,
home_seething_lane,navy_office,788,422,1664,11,24,walk,
navy_office,westminster_hall,422,610,1664,11,24,coach,
westminster_hall,whitehall,610,642,1664,11,24,walk,
whitehall,home_seething_lane,642,788,1664,11,24,walk,
home_seething_lane,navy_office,788,422,1664,11,24,walk,
navy_office,home_seething_lane,422,788,1664,11,24,walk,
home_seething_lane,navy_office,788,422,1664,11,25,walk,
navy_office,westminster_hall,422,610,1664,11,25,walk,
westminster_hall,royal_exchange,610,789,1664,11,25,walk,
royal_exchange,whitehall,789,642,1664,11,25,coach,Elizabeth Pepys
whitehall,westminster_hall,642,610,1664,11,25,walk,
westminster_hall,home_seething_lane,610,788,1664,11,25,coach,Elizabeth Pepys
home_seething_lane,navy_office,788,422,1664,11,26,walk,
navy_office,home_seething_lane,422,788,1664,11,26,walk,
home_seething_lane,parish_church,788,544,1664,11,27,walk,
parish_church,home_seething_lane,544,788,1664,11,27,walk,
westminster_hall,royal_exchange,610,789,1664,11,28,walk,
royal_exchange,whitehall,789,642,1664,11,28,walk,
whitehall,home_seething_lane,642,788,1664,11,28,walk,
home_seething_lane,whitehall,788,642,1664,11,29,coach,Sir W. Batten
whitehall,westminster_hall,642,610,1664,11,29,walk,
westminster_hall,home_seething_lane,610,788,1664,11,29,walk,
royal_exchange,home_seething_lane,789,788,1664,11,30,walk,
whitehall,home_seething_lane,642,788,1664,11,30,coach,Elizabeth Pepys
home_seething_lane,navy_office,788,422,1664,12,1,walk,
navy_office,whitehall,422,642,1664,12,1,walk,
home_seething_lane,navy_office,788,422,1664,12,2,walk,Elizabeth Pepys
navy_office,dukes_theatre,422,160,1664,12,2,coach,Elizabeth Pepys
dukes_theatre,home_seething_lane,160,788,1664,12,2,walk,
home_seething_lane,navy_office,788,422,1664,12,3,walk,
navy_office,whitehall,422,642,1664,12,3,coach,Sir W. Rider
home_seething_lane,parish_church,788,544,1664,12,4,walk,
parish_church,home_seething_lane,544,788,1664,12,4,walk,
home_seething_lane,mrs_turner_house,788,419,1664,12,5,coach,
mrs_turner_house,whitehall,419,642,1664,12,5,walk,
whitehall,home_seething_lane,642,788,1664,12,6,walk,Elizabeth Pepys
home_seething_lane,whitehall,788,642,1664,12,6,coach,Sir W. Batten
whitehall,westminster_hall,642,610,1664,12,6,walk,
westminster_hall,royal_exchange,610,789,1664,12,6,walk,
royal_exchange,home_seething_lane,789,788,1664,12,6,walk,
home_seething_lane,navy_office,788,422,1664,12,6,walk,
navy_office,home_seething_lane,422,788,1664,12,6,walk,
home_seething_lane,navy_office,788,422,1664,12,7,walk,
navy_office,lord_sandwich_lincolns_inn,422,341,1664,12,7,walk,
lord_sandwich_lincolns_inn,whitehall,341,642,1664,12,7,walk,
whitehall,the_temple,642,102,1664,12,7,walk,
the_temple,home_seething_lane,102,788,1664,12,7,walk,
home_seething_lane,navy_office,788,422,1664,12,8,walk,
navy_office,home_seething_lane,422,788,1664,12,8,walk,
mr_povys_house,home_seething_lane,395,788,1664,12,9,walk,
home_seething_lane,westminster_hall,788,610,1664,12,9,coach,
westminster_hall,home_seething_lane,610,788,1664,12,9,coach,
home_seething_lane,whitehall,788,642,1664,12,10,coach,Sir W. Batten
whitehall,royal_exchange,642,789,1664,12,10,coach,
royal_exchange,whitehall,789,642,1664,12,10,walk,
whitehall,home_seething_lane,642,788,1664,12,10,walk,
home_seething_lane,parish_church,788,544,1664,12,11,walk,
parish_church,french_church,544,187,1664,12,11,walk,
whitehall,lord_sandwich_lincolns_inn,642,341,1664,12,12,walk,
lord_sandwich_lincolns_inn,home_seething_lane,341,788,1664,12,12,walk,
home_seething_lane,navy_office,788,422,1664,12,13,walk,
navy_office,royal_exchange,422,789,1664,12,13,walk,
royal_exchange,deptford,789,77,1664,12,13,boat,
deptford,home_seething_lane,77,788,1664,12,13,boat,
home_seething_lane,navy_office,788,422,1664,12,14,walk,
navy_office,royal_exchange,422,789,1664,12,14,walk,
royal_exchange,whitehall,789,642,1664,12,14,walk,
whitehall,home_seething_lane,642,788,1664,12,14,walk,
home_seething_lane,navy_office,788,422,1664,12,15,walk,
navy_office,home_seething_lane,422,788,1664,12,15,walk,
home_seething_lane,deptford,788,77,1664,12,16,boat,
deptford,home_seething_lane,77,788,1664,12,16,boat,
home_seething_lane,royal_exchange,788,789,1664,12,16,walk,
royal_exchange,whitehall,789,642,1664,12,16,walk,
whitehall,home_seething_lane,642,788,1664,12,16,walk,
home_seething_lane,navy_office,788,422,1664,12,17,walk,
navy_office,home_seething_lane,422,788,1664,12,17,walk,
home_seething_lane,parish_church,788,544,1664,12,18,walk,
parish_church,home_seething_lane,544,788,1664,12,18,walk,
home_seething_lane,whitehall,788,642,1664,12,19,coach,
home_seething_lane,navy_office,788,422,1664,12,20,walk,
navy_office,royal_exchange,422,789,1664,12,20,walk,
royal_exchange,home_seething_lane,789,788,1664,12,20,walk,
home_seething_lane,navy_office,788,422,1664,12,21,walk,
navy_office,royal_exchange,422,789,1664,12,21,walk,
royal_exchange,whitehall,789,642,1664,12,21,walk,
whitehall,home_seething_lane,642,788,1664,12,21,walk,
home_seething_lane,navy_office,788,422,1664,12,22,walk,
navy_office,home_seething_lane,422,788,1664,12,22,walk,
home_seething_lane,navy_office,788,422,1664,12,23,walk,
navy_office,royal_exchange,422,789,1664,12,23,walk,
royal_exchange,home_seething_lane,789,788,1664,12,23,walk,
home_seething_lane,navy_office,788,422,1664,12,24,walk,
navy_office,deptford,422,77,1664,12,24,boat,
deptford,home_seething_lane,77,788,1664,12,24,boat,
home_seething_lane,parish_church,788,544,1664,12,25,walk,Elizabeth Pepys
parish_church,home_seething_lane,544,788,1664,12,25,walk,
home_seething_lane,navy_office,788,422,1664,12,26,walk,Sir W. Batten
navy_office,home_seething_lane,422,788,1664,12,26,walk,
home_seething_lane,navy_office,788,422,1664,12,27,walk,
navy_office,home_seething_lane,422,788,1664,12,27,walk,
home_seething_lane,navy_office,788,422,1664,12,28,walk,
navy_office,whitehall,422,642,1664,12,28,walk,
home_seething_lane,navy_office,788,422,1664,12,29,walk,Sir W. Pen
navy_office,home_seething_lane,422,788,1664,12,29,walk,
home_seething_lane,navy_office,788,422,1664,12,31,walk,
navy_office,home_seething_lane,422,788,1664,12,31,walk,
whitehall,westminster_hall,642,610,1665,1,2,walk,
westminster_hall,covent_garden,610,123,1665,1,2,walk,
covent_garden,home_seething_lane,123,788,1665,1,2,coach,
home_seething_lane,st_james_park,788,541,1665,1,3,coach,
st_james_park,royal_exchange,541,789,1665,1,3,walk,
home_seething_lane,royal_exchange,788,789,1665,1,4,walk,
royal_exchange,dukes_theatre,789,160,1665,1,4,coach,Henry Moore
dukes_theatre,home_seething_lane,160,788,1665,1,4,walk,
home_seething_lane,navy_office,788,422,1665,1,5,coach,
navy_office,home_seething_lane,422,788,1665,1,5,walk,
home_seething_lane,navy_office,788,422,1665,1,6,boat,
navy_office,home_seething_lane,422,788,1665,1,6,walk,
home_seething_lane,navy_office,788,422,1665,1,7,walk,
navy_office,home_seething_lane,422,788,1665,1,7,walk,
home_seething_lane,whitehall_chapel,788,619,1665,1,8,walk,
whitehall_chapel,lord_sandwich_lincolns_inn,619,341,1665,1,8,walk,
lord_sandwich_lincolns_inn,westminster_abbey,341,609,1665,1,8,walk,
whitehall,westminster_hall,642,610,1665,1,9,walk,
westminster_hall,lord_crews_house,610,337,1665,1,9,walk,
home_seething_lane,navy_office,788,422,1665,1,10,coach,
navy_office,home_seething_lane,422,788,1665,1,10,walk,
home_seething_lane,navy_office,788,422,1665,1,11,walk,
navy_office,royal_exchange,422,789,1665,1,11,walk,
home_seething_lane,navy_office,788,422,1665,1,12,coach,
navy_office,westminster_hall,422,610,1665,1,12,walk,
westminster_hall,royal_exchange,610,789,1665,1,12,walk,
lord_bellasses_lodgings,royal_exchange,331,789,1665,1,13,walk,
royal_exchange,kings_playhouse,789,295,1665,1,13,walk,
kings_playhouse,home_seething_lane,295,788,1665,1,13,walk,
royal_exchange,kings_playhouse,789,295,1665,1,14,coach,Elizabeth Pepys
kings_playhouse,home_seething_lane,295,788,1665,1,14,coach,Sir W. Pen
home_seething_lane,whitehall,788,642,1665,1,16,coach,Sir W. Batten; Sir W. Pen
mr_povys_house,lord_sandwich_lincolns_inn,395,341,1665,1,16,walk,
lord_sandwich_lincolns_inn,whitehall,341,642,1665,1,16,walk,
whitehall,home_seething_lane,642,788,1665,1,16,walk,
mr_povys_house,royal_exchange,395,789,1665,1,17,walk,
royal_exchange,home_seething_lane,789,788,1665,1,17,walk,
home_seething_lane,lord_sandwich_lincolns_inn,788,341,1665,1,18,walk,
lord_sandwich_lincolns_inn,mr_povys_house,341,395,1665,1,18,walk,
home_seething_lane,navy_office,788,422,1665,1,19,walk,
navy_office,home_seething_lane,422,788,1665,1,19,walk,
westminster_hall,lord_sandwich_lincolns_inn,610,341,1665,1,20,walk,
lord_sandwich_lincolns_inn,new_exchange,341,129,1665,1,20,coach,Elizabeth Pepys
new_exchange,home_seething_lane,129,788,1665,1,20,coach,
home_seething_lane,navy_office,788,422,1665,1,21,walk,Sir J. Minnes
navy_office,mr_povys_house,422,395,1665,1,21,coach,
mr_povys_house,somerset_house,395,523,1665,1,21,walk,
westminster_abbey,home_seething_lane,609,788,1665,1,22,coach,
home_seething_lane,whitehall,788,642,1665,1,23,coach,Sir W. Batten; Sir W. Pen
whitehall,st_james_palace,642,540,1665,1,23,walk,
st_james_palace,royal_exchange,540,789,1665,1,23,walk,
home_seething_lane,navy_office,788,422,1665,1,25,walk,
navy_office,whitehall,422,642,1665,1,25,coach,
whitehall,home_seething_lane,642,788,1665,1,25,walk,
home_seething_lane,navy_office,788,422,1665,1,26,walk,
navy_office,home_seething_lane,422,788,1665,1,26,walk,
home_seething_lane,royal_exchange,788,789,1665,1,27,boat,
royal_exchange,mr_povys_house,789,395,1665,1,27,walk,
mr_povys_house,whitehall,395,642,1665,1,27,coach,
home_seething_lane,navy_office,788,422,1665,1,28,walk,
navy_office,pauls_churchyard,422,546,1665,1,28,walk,
home_seething_lane,parish_church,788,544,1665,1,29,walk,
parish_church,home_seething_lane,544,788,1665,1,29,walk,
home_seething_lane,navy_office,788,422,1665,2,2,walk,
navy_office,royal_exchange,422,789,1665,2,2,walk,
royal_exchange,home_seething_lane,789,788,1665,2,2,walk,
home_seething_lane,lord_bellasses_lodgings,788,331,1665,2,3,walk,
lord_bellasses_lodgings,mr_povys_house,331,395,1665,2,3,walk,
royal_exchange,uncle_wight_house,789,592,1665,2,3,walk,
uncle_wight_house,lord_sandwich_lincolns_inn,592,341,1665,2,3,coach,
lord_sandwich_lincolns_inn,home_seething_lane,341,788,1665,2,3,coach,
home_seething_lane,navy_office,788,422,1665,2,4,walk,
navy_office,home_seething_lane,422,788,1665,2,4,walk,
home_seething_lane,navy_office,788,422,1665,2,7,walk,
navy_office,home_seething_lane,422,788,1665,2,7,walk,
home_seething_lane,whitehall,788,642,1665,2,8,coach,
whitehall,home_seething_lane,642,788,1665,2,8,coach,
home_seething_lane,navy_office,788,422,1665,2,9,walk,
navy_office,home_seething_lane,422,788,1665,2,9,walk,
home_seething_lane,pauls_churchyard,788,546,1665,2,10,walk,
pauls_churchyard,westminster_hall,546,610,1665,2,10,coach,
westminster_hall,home_seething_lane,610,788,1665,2,10,walk,
home_seething_lane,navy_office,788,422,1665,2,11,walk,
navy_office,royal_exchange,422,789,1665,2,11,coach,
royal_exchange,home_seething_lane,789,788,1665,2,11,walk,
home_seething_lane,navy_office,788,422,1665,2,14,walk,
navy_office,westminster_hall,422,610,1665,2,14,coach,
westminster_hall,royal_exchange,610,789,1665,2,14,walk,
home_seething_lane,navy_office,788,422,1665,2,15,walk,
navy_office,trinity_house,422,588,1665,2,15,walk,John Creed
gresham_college,home_seething_lane,219,788,1665,2,15,walk,
home_seething_lane,navy_office,788,422,1665,2,16,walk,
navy_office,whitehall,422,642,1665,2,16,walk,
royal_exchange,ratcliffe,789,471,1665,2,18,walk,
st_james_palace,westminster_hall,540,610,1665,2,20,walk,
westminster_hall,royal_exchange,610,789,1665,2,20,walk,
royal_exchange,deptford,789,77,1665,2,20,boat,
deptford,redriffe,77,475,1665,2,20,walk,
redriffe,home_seething_lane,475,788,1665,2,20,walk,
home_seething_lane,navy_office,788,422,1665,2,21,walk,Sir J. Minnes
navy_office,royal_exchange,422,789,1665,2,21,walk,
royal_exchange,lord_sandwich_lincolns_inn,789,341,1665,2,21,coach,
lord_sandwich_lincolns_inn,home_seething_lane,341,788,1665,2,21,coach,
home_seething_lane,navy_office,788,422,1665,2,22,coach,Elizabeth Pepys
navy_office,royal_exchange,422,789,1665,2,22,walk,
home_seething_lane,navy_office,788,422,1665,2,23,walk,
navy_office,royal_exchange,422,789,1665,2,23,walk,
home_seething_lane,navy_office,788,422,1665,2,24,coach,
navy_office,home_seething_lane,422,788,1665,2,24,walk,
home_seething_lane,navy_office,788,422,1665,2,25,walk,
navy_office,royal_exchange,422,789,1665,2,25,walk,
royal_exchange,home_seething_lane,789,788,1665,2,25,walk,
home_seething_lane,parish_church,788,544,1665,2,26,walk,
parish_church,home_seething_lane,544,788,1665,2,26,walk,
st_james_palace,royal_exchange,540,789,1665,2,27,walk,
royal_exchange,whitehall,789,642,1665,2,27,coach,Elizabeth Pepys; Sir J. Minnes
whitehall,st_james_park,642,541,1665,2,27,walk,Mr. Coventry
st_james_park,ratcliffe,541,471,1665,2,27,coach,
ratcliffe,home_seething_lane,471,788,1665,2,27,walk,
home_seething_lane,navy_office,788,422,1665,2,28,boat,
navy_office,home_seething_lane,422,788,1665,2,28,walk,
home_seething_lane,navy_office,788,422,1665,3,2,walk,
navy_office,home_seething_lane,422,788,1665,3,2,walk,
home_seething_lane,royal_exchange,788,789,1665,3,3,walk,
ratcliffe,navy_office,471,422,1665,3,4,walk,
navy_office,home_seething_lane,422,788,1665,3,4,walk,
home_seething_lane,lord_sandwich_lincolns_inn,788,341,1665,3,5,coach,
lord_sandwich_lincolns_inn,home_seething_lane,341,788,1665,3,5,coach,
home_seething_lane,navy_office,788,422,1665,3,7,walk,
navy_office,home_seething_lane,422,788,1665,3,7,walk,
home_seething_lane,navy_office,788,422,1665,3,8,walk,
navy_office,royal_exchange,422,789,1665,3,8,walk,
home_seething_lane,navy_office,788,422,1665,3,9,walk,
navy_office,new_exchange,422,129,1665,3,9,coach,Elizabeth Pepys
new_exchange,westminster_hall,129,610,1665,3,9,walk,
westminster_hall,home_seething_lane,610,788,1665,3,9,coach,Elizabeth Pepys
home_seething_lane,navy_office,788,422,1665,3,10,walk,
navy_office,royal_exchange,422,789,1665,3,10,walk,
royal_exchange,whitehall,789,642,1665,3,10,walk,
whitehall,home_seething_lane,642,788,1665,3,10,walk,
home_seething_lane,navy_office,788,422,1665,3,11,walk,
navy_office,home_seething_lane,422,788,1665,3,11,walk,
home_seething_lane,lord_sandwich_lincolns_inn,788,341,1665,3,12,coach,
lord_sandwich_lincolns_inn,home_seething_lane,341,788,1665,3,12,coach,Elizabeth Pepys
st_james_palace,royal_exchange,540,789,1665,3,15,walk,
royal_exchange,gresham_college,789,219,1665,3,15,walk,
gresham_college,home_seething_lane,219,788,1665,3,15,walk,
home_seething_lane,navy_office,788,422,1665,3,16,walk,
navy_office,home_seething_lane,422,788,1665,3,16,walk,
home_seething_lane,st_james_palace,788,540,1665,3,17,coach,Sir W. Batten
st_james_palace,whitehall,540,642,1665,3,17,walk,
whitehall,royal_exchange,642,789,1665,3,17,walk,Elizabeth Pepys
home_seething_lane,navy_office,788,422,1665,3,18,coach,Sir W. Batten
navy_office,royal_exchange,422,789,1665,3,18,walk,
mr_povys_house,st_james_park,395,541,1665,3,19,walk,John Creed
st_james_park,lord_sandwich_lincolns_inn,541,341,1665,3,19,walk,
lord_sandwich_lincolns_inn,mr_povys_house,341,395,1665,3,19,walk,
mr_povys_house,lord_sandwich_lincolns_inn,395,341,1665,3,20,walk,
lord_sandwich_lincolns_inn,st_james_palace,341,540,1665,3,20,walk,
whitehall,mr_povys_house,642,395,1665,3,20,walk,
home_seething_lane,navy_office,788,422,1665,3,21,coach,
navy_office,royal_exchange,422,789,1665,3,21,walk,
mr_povys_house,home_seething_lane,395,788,1665,3,21,walk,
royal_exchange,gresham_college,789,219,1665,3,22,walk,
gresham_college,whitehall,219,642,1665,3,22,walk,
home_seething_lane,lord_sandwich_lincolns_inn,788,341,1665,3,23,walk,
lord_sandwich_lincolns_inn,royal_exchange,341,789,1665,3,23,walk,
royal_exchange,westminster_hall,789,610,1665,3,23,coach,Elizabeth Pepys
westminster_hall,home_seething_lane,610,788,1665,3,23,coach,
home_seething_lane,mr_povys_house,788,395,1665,3,24,walk,
mr_povys_house,lord_sandwich_lincolns_inn,395,341,1665,3,24,walk,
lord_sandwich_lincolns_inn,home_seething_lane,341,788,1665,3,24,walk,
home_seething_lane,navy_office,788,422,1665,3,25,walk,
navy_office,home_seething_lane,422,788,1665,3,25,walk,
home_seething_lane,parish_church,788,544,1665,3,26,walk,Elizabeth Pepys
parish_church,home_seething_lane,544,788,1665,3,26,walk,
mr_povys_house,whitehall,395,642,1665,3,27,walk,
whitehall,mr_povys_house,642,395,1665,3,27,walk,
mr_povys_house,lord_sandwich_lincolns_inn,395,341,1665,3,27,walk,
lord_sandwich_lincolns_inn,home_seething_lane,341,788,1665,3,27,walk,
home_seething_lane,navy_office,788,422,1665,3,28,boat,
navy_office,royal_exchange,422,789,1665,3,28,walk,
royal_exchange,home_seething_lane,789,788,1665,3,28,walk,
mr_povys_house,home_seething_lane,395,788,1665,3,29,walk,
home_seething_lane,whitehall,788,642,1665,3,30,walk,
whitehall,navy_office,642,422,1665,3,30,walk,
navy_office,whitehall,422,642,1665,3,30,walk,
whitehall,home_seething_lane,642,788,1665,3,30,walk,
home_seething_lane,whitehall,788,642,1665,3,31,walk,
whitehall,lord_sandwich_lincolns_inn,642,341,1665,3,31,walk,
lord_sandwich_lincolns_inn,mr_povys_house,341,395,1665,3,31,walk,
mr_povys_house,lord_sandwich_lincolns_inn,395,341,1665,3,31,walk,
lord_sandwich_lincolns_inn,home_seething_lane,341,788,1665,3,31,coach,Elizabeth Pepys
home_seething_lane,whitehall,788,642,1665,4,3,walk,
whitehall,dukes_theatre,642,160,1665,4,3,coach,Elizabeth Pepys; John Creed
dukes_theatre,home_seething_lane,160,788,1665,4,3,walk,
home_seething_lane,navy_office,788,422,1665,4,4,walk,
navy_office,royal_exchange,422,789,1665,4,4,walk,
home_seething_lane,woolwich,788,362,1665,4,5,boat,
woolwich,deptford,362,77,1665,4,5,boat,
deptford,home_seething_lane,77,788,1665,4,5,boat,
home_seething_lane,hackney,788,223,1665,4,5,coach,Elizabeth Pepys; John Creed
home_seething_lane,navy_office,788,422,1665,4,6,walk,
navy_office,royal_exchange,422,789,1665,4,6,walk,
royal_exchange,whitehall,789,642,1665,4,6,walk,
whitehall,royal_exchange,642,789,1665,4,6,coach,Elizabeth Pepys
home_seething_lane,whitehall,788,642,1665,4,7,walk,
whitehall,westminster_hall,642,610,1665,4,7,walk,
westminster_hall,whitehall,610,642,1665,4,7,walk,
home_seething_lane,navy_office,788,422,1665,4,8,walk,
navy_office,whitehall,422,642,1665,4,8,walk,
whitehall,royal_exchange,642,789,1665,4,8,walk,
home_seething_lane,parish_church,788,544,1665,4,9,walk,Elizabeth Pepys
parish_church,home_seething_lane,544,788,1665,4,9,walk,
home_seething_lane,whitehall,788,642,1665,4,10,walk,
whitehall,royal_exchange,642,789,1665,4,10,walk,
royal_exchange,whitehall,789,642,1665,4,10,walk,
home_seething_lane,navy_office,788,422,1665,4,11,walk,
navy_office,home_seething_lane,422,788,1665,4,11,walk,
home_seething_lane,navy_office,788,422,1665,4,13,walk,
navy_office,home_seething_lane,422,788,1665,4,13,walk,
mr_povys_house,whitehall,395,642,1665,4,14,walk,
home_seething_lane,navy_office,788,422,1665,4,15,walk,
navy_office,whitehall,422,642,1665,4,15,walk,
home_seething_lane,whitehall,788,642,1665,4,17,walk,
whitehall,royal_exchange,642,789,1665,4,17,walk,
royal_exchange,dukes_theatre,789,160,1665,4,17,coach,Elizabeth Pepys; John Creed
dukes_theatre,home_seething_lane,160,788,1665,4,17,coach,
home_seething_lane,st_james_park,788,541,1665,4,18,walk,
st_james_park,navy_office,541,422,1665,4,18,walk,
navy_office,chelsea,422,93,1665,4,18,boat,Elizabeth Pepys; Henry Moore
chelsea,whitehall,93,642,1665,4,18,boat,
whitehall,home_seething_lane,642,788,1665,4,18,coach,Elizabeth Pepys
home_seething_lane,chelsea,788,93,1665,4,19,coach,
chelsea,royal_exchange,93,789,1665,4,19,coach,
home_seething_lane,navy_office,788,422,1665,4,20,walk,
navy_office,home_seething_lane,422,788,1665,4,20,walk,
home_seething_lane,navy_office,788,422,1665,4,21,walk,
navy_office,islington,422,282,1665,4,21,coach,Elizabeth Pepys
home_seething_lane,navy_office,788,422,1665,4,22,walk,
navy_office,home_seething_lane,422,788,1665,4,22,walk,
home_seething_lane,whitehall_chapel,788,619,1665,4,23,coach,Elizabeth Pepys
whitehall_chapel,mr_povys_house,619,395,1665,4,23,walk,
home_seething_lane,whitehall,788,642,1665,4,24,coach,Sir W. Batten
whitehall,royal_exchange,642,789,1665,4,24,walk,
royal_exchange,lord_sandwich_lincolns_inn,789,341,1665,4,24,walk,
lord_sandwich_lincolns_inn,whitehall,341,642,1665,4,24,walk,
whitehall,hyde_park,642,275,1665,4,24,coach,Elizabeth Pepys
home_seething_lane,navy_office,788,422,1665,4,25,walk,
navy_office,home_seething_lane,422,788,1665,4,25,walk,
home_seething_lane,mr_povys_house,788,395,1665,4,26,walk,
mr_povys_house,whitehall,395,642,1665,4,26,walk,
whitehall,lord_sandwich_lincolns_inn,642,341,1665,4,26,walk,
lord_sandwich_lincolns_inn,home_seething_lane,341,788,1665,4,26,walk,
home_seething_lane,navy_office,788,422,1665,4,27,walk,
navy_office,home_seething_lane,422,788,1665,4,27,walk,
home_seething_lane,whitehall,788,642,1665,4,28,walk,
home_seething_lane,navy_office,788,422,1665,4,29,walk,
navy_office,whitehall,422,642,1665,4,29,walk,
whitehall,home_seething_lane,642,788,1665,4,29,walk,
home_seething_lane,woolwich,788,362,1665,4,30,boat,
woolwich,deptford,362,77,1665,4,30,boat,
deptford,home_seething_lane,77,788,1665,4,30,boat,
home_seething_lane,navy_office,788,422,1665,5,2,walk,
navy_office,royal_exchange,422,789,1665,5,2,walk,Elizabeth Pepys; Sir W. Batten
royal_exchange,home_seething_lane,789,788,1665,5,2,walk,
home_seething_lane,whitehall,788,642,1665,5,3,walk,
whitehall,royal_exchange,642,789,1665,5,3,walk,
home_seething_lane,navy_office,788,422,1665,5,4,walk,
navy_office,home_seething_lane,422,788,1665,5,4,walk,
westminster_hall,woolwich,610,362,1665,5,5,boat,
woolwich,blackwall,362,47,1665,5,5,boat,
blackwall,deptford,47,77,1665,5,5,boat,
deptford,home_seething_lane,77,788,1665,5,5,walk,
home_seething_lane,navy_office,788,422,1665,5,6,walk,
navy_office,home_seething_lane,422,788,1665,5,6,walk,
home_seething_lane,parish_church,788,544,1665,5,7,walk,Elizabeth Pepys
parish_church,home_seething_lane,544,788,1665,5,7,walk,
home_seething_lane,navy_office,788,422,1665,5,8,walk,
navy_office,whitehall,422,642,1665,5,8,walk,Sir W. Batten
whitehall,royal_exchange,642,789,1665,5,8,walk,
home_seething_lane,navy_office,788,422,1665,5,9,walk,
navy_office,home_seething_lane,422,788,1665,5,9,walk,
home_seething_lane,whitehall,788,642,1665,5,10,walk,
whitehall,mr_povys_house,642,395,1665,5,10,walk,
mr_povys_house,royal_exchange,395,789,1665,5,10,walk,
royal_exchange,home_seething_lane,789,788,1665,5,10,walk,
home_seething_lane,navy_office,788,422,1665,5,11,walk,
navy_office,home_seething_lane,422,788,1665,5,11,walk,
exchequer,new_exchange,169,129,1665,5,12,coach,Elizabeth Pepys
new_exchange,royal_exchange,129,789,1665,5,12,walk,
home_seething_lane,navy_office,788,422,1665,5,13,walk,
navy_office,royal_exchange,422,789,1665,5,13,walk,
royal_exchange,home_seething_lane,789,788,1665,5,13,walk,
home_seething_lane,parish_church,788,544,1665,5,14,walk,Elizabeth Pepys
parish_church,wanstead,544,603,1665,5,14,coach,
walthamstow,the_hope,601,327,1665,5,14,boat,
the_hope,home_seething_lane,327,788,1665,5,14,boat,
home_seething_lane,kings_playhouse,788,295,1665,5,15,walk,
kings_playhouse,whitehall,295,642,1665,5,15,walk,
whitehall,home_seething_lane,642,788,1665,5,15,walk,
home_seething_lane,whitehall,788,642,1665,5,16,boat,
whitehall,navy_office,642,422,1665,5,16,walk,
navy_office,home_seething_lane,422,788,1665,5,16,walk,
home_seething_lane,westminster_hall,788,610,1665,5,17,walk,
westminster_hall,home_seething_lane,610,788,1665,5,17,walk,
home_seething_lane,navy_office,788,422,1665,5,17,walk,
navy_office,home_seething_lane,422,788,1665,5,17,walk,
home_seething_lane,whitehall,788,642,1665,5,18,walk,Sir J. Minnes
whitehall,navy_office,642,422,1665,5,18,coach,
navy_office,home_seething_lane,422,788,1665,5,18,walk,
home_seething_lane,navy_office,788,422,1665,5,20,walk,
navy_office,home_seething_lane,422,788,1665,5,20,walk,
home_seething_lane,whitehall,788,642,1665,5,22,boat,
whitehall,deptford,642,77,1665,5,22,boat,
deptford,redriffe,77,475,1665,5,22,walk,
trinity_house,home_seething_lane,588,788,1665,5,22,walk,
home_seething_lane,navy_office,788,422,1665,5,23,walk,
navy_office,mr_povys_house,422,395,1665,5,23,walk,
home_seething_lane,navy_office,788,422,1665,5,24,walk,William Hewer
navy_office,royal_exchange,422,789,1665,5,24,walk,
royal_exchange,home_seething_lane,789,788,1665,5,24,walk,
home_seething_lane,navy_office,788,422,1665,5,25,walk,
navy_office,home_seething_lane,422,788,1665,5,25,walk,
home_seething_lane,navy_office,788,422,1665,5,26,walk,William Hewer
navy_office,whitehall,422,642,1665,5,26,boat,
whitehall,home_seething_lane,642,788,1665,5,26,walk,
home_seething_lane,navy_office,788,422,1665,5,27,walk,
navy_office,home_seething_lane,422,788,1665,5,27,walk,
whitehall,lord_sandwich_lincolns_inn,642,341,1665,5,28,walk,
lord_sandwich_lincolns_inn,home_seething_lane,341,788,1665,5,28,walk,
home_seething_lane,whitehall,788,642,1665,5,29,coach,
whitehall,home_seething_lane,642,788,1665,5,29,walk,
home_seething_lane,greenwich,788,212,1665,5,29,boat,Elizabeth Pepys
greenwich,woolwich,212,362,1665,5,29,walk,
woolwich,home_seething_lane,362,788,1665,5,29,boat,
home_seething_lane,navy_office,788,422,1665,5,30,walk,
navy_office,royal_exchange,422,789,1665,5,30,walk,
royal_exchange,whitehall,789,642,1665,5,30,walk,
whitehall,home_seething_lane,642,788,1665,5,30,walk,
home_seething_lane,islington,788,282,1665,5,30,coach,Elizabeth Pepys
home_seething_lane,navy_office,788,422,1665,5,31,walk,
navy_office,westminster_hall,422,610,1665,5,31,walk,
westminster_hall,royal_exchange,610,789,1665,5,31,walk,
whitehall,westminster_hall,642,610,1665,6,2,walk,
home_seething_lane,royal_exchange,788,789,1665,6,2,walk,
royal_exchange,whitehall,789,642,1665,6,2,walk,
whitehall,lord_sandwich_lincolns_inn,642,341,1665,6,2,walk,
lord_sandwich_lincolns_inn,whitehall,341,642,1665,6,2,walk,
home_seething_lane,deptford,788,77,1665,6,3,boat,
deptford,home_seething_lane,77,788,1665,6,3,boat,
home_seething_lane,whitehall,788,642,1665,6,5,walk,
whitehall,royal_exchange,642,789,1665,6,5,walk,
royal_exchange,deptford,789,77,1665,6,5,boat,John Creed
deptford,home_seething_lane,77,788,1665,6,5,boat,
home_seething_lane,navy_office,788,422,1665,6,6,walk,
navy_office,whitehall,422,642,1665,6,6,walk,
whitehall,lord_sandwich_lincolns_inn,642,341,1665,6,6,coach,
lord_sandwich_lincolns_inn,home_seething_lane,341,788,1665,6,6,coach,
home_seething_lane,navy_office,788,422,1665,6,7,walk,
navy_office,royal_exchange,422,789,1665,6,7,walk,
royal_exchange,dolphin_tavern,789,149,1665,6,7,walk,
dolphin_tavern,whitehall,149,642,1665,6,7,walk,John Creed
whitehall,new_exchange,642,129,1665,6,7,walk,
new_exchange,fox_hall,129,185,1665,6,7,boat,
fox_hall,whitehall,185,642,1665,6,7,boat,
whitehall,home_seething_lane,642,788,1665,6,7,boat,
home_seething_lane,navy_office,788,422,1665,6,8,walk,
navy_office,whitehall,422,642,1665,6,8,walk,
whitehall,home_seething_lane,642,788,1665,6,8,walk,
home_seething_lane,whitehall,788,642,1665,6,9,walk,
whitehall,home_seething_lane,642,788,1665,6,9,walk,
home_seething_lane,royal_exchange,788,789,1665,6,9,walk,
home_seething_lane,navy_office,788,422,1665,6,10,walk,
navy_office,home_seething_lane,422,788,1665,6,10,walk,
royal_exchange,deptford,789,77,1665,6,12,boat,
deptford,whitehall,77,642,1665,6,12,boat,
whitehall,home_seething_lane,642,788,1665,6,12,walk,
home_seething_lane,navy_office,788,422,1665,6,13,walk,
navy_office,whitehall,422,642,1665,6,13,walk,
home_seething_lane,whitehall,788,642,1665,6,14,walk,
whitehall,westminster_hall,642,610,1665,6,14,walk,John Creed
westminster_hall,home_seething_lane,610,788,1665,6,14,walk,
home_seething_lane,navy_office,788,422,1665,6,15,walk,
navy_office,royal_exchange,422,789,1665,6,15,walk,Elizabeth Pepys
royal_exchange,deptford,789,77,1665,6,15,boat,
deptford,woolwich,77,362,1665,6,15,boat,
woolwich,home_seething_lane,362,788,1665,6,15,boat,
home_seething_lane,navy_office,788,422,1665,6,16,walk,
navy_office,whitehall,422,642,1665,6,16,walk,
home_seething_lane,whitehall,788,642,1665,6,17,walk,
whitehall,mr_povys_house,642,395,1665,6,17,walk,
mr_povys_house,home_seething_lane,395,788,1665,6,17,coach,
royal_exchange,greenwich,789,212,1665,6,19,boat,Sir W. Pen
home_seething_lane,navy_office,788,422,1665,6,20,walk,
navy_office,dolphin_tavern,422,149,1665,6,20,walk,
dolphin_tavern,whitehall,149,642,1665,6,20,coach,
whitehall,fox_hall,642,185,1665,6,20,boat,
home_seething_lane,navy_office,788,422,1665,6,21,walk,
navy_office,exchequer,422,169,1665,6,21,walk,John Creed
home_seething_lane,navy_office,788,422,1665,6,22,walk,
navy_office,home_seething_lane,422,788,1665,6,22,walk,
whitehall,royal_exchange,642,789,1665,6,23,walk,
royal_exchange,mr_povys_house,789,395,1665,6,23,walk,
mr_povys_house,fox_hall,395,185,1665,6,23,boat,John Creed
whitehall,home_seething_lane,642,788,1665,6,24,walk,
greenwich,whitehall,212,642,1665,6,25,boat,
whitehall,home_seething_lane,642,788,1665,6,25,boat,
whitehall,mr_povys_house,642,395,1665,6,26,walk,
mr_povys_house,royal_exchange,395,789,1665,6,26,walk,
royal_exchange,greenwich,789,212,1665,6,26,boat,
greenwich,woolwich,212,362,1665,6,26,walk,
woolwich,greenwich,362,212,1665,6,26,walk,
home_seething_lane,navy_office,788,422,1665,6,27,walk,
navy_office,home_seething_lane,422,788,1665,6,27,walk,
whitehall,pauls_churchyard,642,546,1665,6,28,boat,
whitehall,fox_hall,642,185,1665,6,28,walk,
fox_hall,home_seething_lane,185,788,1665,6,28,coach,
whitehall,somerset_house,642,523,1665,6,29,walk,
somerset_house,navy_office,523,422,1665,6,29,coach,
navy_office,home_seething_lane,422,788,1665,6,29,walk,
home_seething_lane,whitehall,788,642,1665,6,30,walk,
whitehall,royal_exchange,642,789,1665,6,30,walk,
royal_exchange,home_seething_lane,789,788,1665,6,30,walk,
home_seething_lane,woolwich,788,362,1665,6,30,boat,Elizabeth Pepys
woolwich,greenwich,362,212,1665,6,30,walk,
greenwich,whitehall,212,642,1665,6,30,boat,
whitehall,home_seething_lane,642,788,1665,6,30,boat,
home_seething_lane,whitehall,788,642,1665,7,3,boat,Sir W. Batten; Sir J. Minnes
whitehall,home_seething_lane,642,788,1665,7,3,walk,
home_seething_lane,navy_office,788,422,1665,7,4,walk,
navy_office,royal_exchange,422,789,1665,7,4,walk,
royal_exchange,home_seething_lane,789,788,1665,7,4,walk,
home_seething_lane,navy_office,788,422,1665,7,5,walk,
navy_office,st_james_palace,422,540,1665,7,5,walk,
st_james_palace,whitehall,540,642,1665,7,5,walk,
whitehall,deptford,642,77,1665,7,5,coach,Sir G. Carteret
deptford,woolwich,77,362,1665,7,5,boat,
woolwich,greenwich,362,212,1665,7,5,walk,
greenwich,home_seething_lane,212,788,1665,7,5,boat,
home_seething_lane,navy_office,788,422,1665,7,6,walk,
navy_office,whitehall,422,642,1665,7,6,boat,
whitehall,home_seething_lane,642,788,1665,7,6,coach,
home_seething_lane,westminster_hall,788,610,1665,7,7,boat,
westminster_hall,home_seething_lane,610,788,1665,7,7,walk,
home_seething_lane,navy_office,788,422,1665,7,8,walk,
navy_office,deptford,422,77,1665,7,8,boat,
deptford,woolwich,77,362,1665,7,8,boat,
woolwich,deptford,362,77,1665,7,9,boat,Elizabeth Pepys
deptford,home_seething_lane,77,788,1665,7,9,walk,
home_seething_lane,deptford,788,77,1665,7,9,boat,
deptford,woolwich,77,362,1665,7,9,boat,Elizabeth Pepys
woolwich,whitehall,362,642,1665,7,10,boat,
whitehall,home_seething_lane,642,788,1665,7,10,walk,
home_seething_lane,hampton_court,788,228,1665,7,10,coach,
hampton_court,home_seething_lane,228,788,1665,7,10,boat,
home_seething_lane,whitehall,788,642,1665,7,11,boat,
whitehall,trinity_house,642,588,1665,7,11,walk,
home_seething_lane,navy_office,788,422,1665,7,12,walk,
navy_office,deptford,422,77,1665,7,12,boat,
deptford,hampton_court,77,228,1665,7,12,boat,
hampton_court,home_seething_lane,228,788,1665,7,12,boat,
home_seething_lane,navy_office,788,422,1665,7,13,walk,
navy_office,deptford,422,77,1665,7,13,boat,
deptford,woolwich,77,362,1665,7,13,boat,Elizabeth Pepys
woolwich,home_seething_lane,362,788,1665,7,13,boat,
home_seething_lane,navy_office,788,422,1665,7,14,walk,
navy_office,exchequer,422,169,1665,7,14,walk,
home_seething_lane,deptford,788,77,1665,7,14,boat,
deptford,woolwich,77,362,1665,7,14,boat,
woolwich,home_seething_lane,362,788,1665,7,14,boat,
home_seething_lane,navy_office,788,422,1665,7,15,walk,
navy_office,deptford,422,77,1665,7,15,boat,
deptford,dagenhams,77,131,1665,7,15,coach,Mr. Philip Carteret
dagenhams,home_seething_lane,131,788,1665,7,17,coach,Mr. Philip Carteret
home_seething_lane,deptford,788,77,1665,7,17,boat,
deptford,navy_office,77,422,1665,7,18,boat,
navy_office,royal_exchange,422,789,1665,7,18,walk,
royal_exchange,the_temple,789,102,1665,7,18,walk,
the_temple,whitehall,102,642,1665,7,18,boat,
whitehall,home_seething_lane,642,788,1665,7,18,boat,
home_seething_lane,deptford,788,77,1665,7,18,boat,
deptford,woolwich,77,362,1665,7,18,boat,
woolwich,exchequer,362,169,1665,7,19,boat,
exchequer,deptford,169,77,1665,7,19,boat,
deptford,navy_office,77,422,1665,7,20,boat,
navy_office,deptford,422,77,1665,7,20,boat,
deptford,home_seething_lane,77,788,1665,7,20,walk,
home_seething_lane,whitehall,788,642,1665,7,20,walk,
whitehall,home_seething_lane,642,788,1665,7,20,walk,
home_seething_lane,navy_office,788,422,1665,7,21,walk,
navy_office,royal_exchange,422,789,1665,7,21,walk,
royal_exchange,home_seething_lane,789,788,1665,7,21,walk,
navy_office,whitehall,422,642,1665,7,22,boat,
whitehall,fox_hall,642,185,1665,7,22,boat,
fox_hall,whitehall,185,642,1665,7,22,boat,
whitehall,home_seething_lane,642,788,1665,7,22,coach,
home_seething_lane,hampton_court,788,228,1665,7,23,coach,
hampton_court,home_seething_lane,228,788,1665,7,23,boat,
home_seething_lane,deptford,788,77,1665,7,24,boat,
deptford,dagenhams,77,131,1665,7,24,coach,Sir G. Carteret; Lady Carteret
dagenhams,deptford,131,77,1665,7,25,coach,
deptford,navy_office,77,422,1665,7,25,boat,
navy_office,royal_exchange,422,789,1665,7,25,walk,
royal_exchange,whitehall,789,642,1665,7,25,coach,
whitehall,home_seething_lane,642,788,1665,7,25,walk,
home_seething_lane,deptford,788,77,1665,7,26,boat,Sir W. Batten
deptford,greenwich,77,212,1665,7,26,walk,
greenwich,woolwich,212,362,1665,7,26,boat,
woolwich,greenwich,362,212,1665,7,26,boat,
home_seething_lane,royal_exchange,788,789,1665,7,26,coach,
royal_exchange,home_seething_lane,789,788,1665,7,26,walk,
fox_hall,hampton_court,185,228,1665,7,27,coach,
deptford,halfway_house,77,226,1665,7,27,walk,
halfway_house,home_seething_lane,226,788,1665,7,27,walk,
home_seething_lane,deptford,788,77,1665,7,28,boat,
deptford,dagenhams,77,131,1665,7,28,coach,Lady Carteret
dagenhams,woolwich,131,362,1665,7,28,coach,
woolwich,navy_office,362,422,1665,7,29,boat,
navy_office,royal_exchange,422,789,1665,7,29,walk,
royal_exchange,home_seething_lane,789,788,1665,7,29,coach,
home_seething_lane,deptford,788,77,1665,7,31,boat,
deptford,dagenhams,77,131,1665,7,31,coach,Sir G. Carteret; Lady Carteret
dagenhams,lady_carterets_deptford,131,305,1665,8,1,coach,Sir G. Carteret; Lady Carteret
lady_carterets_deptford,navy_office,305,422,1665,8,1,walk,
navy_office,home_seething_lane,422,788,1665,8,2,walk,
home_seething_lane,navy_office,788,422,1665,8,2,walk,
navy_office,home_seething_lane,422,788,1665,8,2,walk,
home_seething_lane,lady_carterets_deptford,788,305,1665,8,3,walk,
chatham,gravesend,90,203,1665,8,3,horse,
gravesend,chatham,203,90,1665,8,4,walk,
chatham,chatham_dock,90,74,1665,8,4,walk,Lady Slanning
chatham_dock,mr_pett_builder,74,89,1665,8,4,walk,Lady Slanning
mr_pett_builder,hill_house_chatham,89,91,1665,8,4,walk,Lady Slanning
gravesend,blackwall,203,47,1665,8,4,boat,
blackwall,wapping,47,604,1665,8,4,walk,Captain Bowd
wapping,navy_office,604,422,1665,8,4,walk,
navy_office,woolwich,422,362,1665,8,4,boat,
woolwich,deptford,362,77,1665,8,5,boat,
deptford,halfway_house,77,226,1665,8,5,walk,Sir W. Warren
halfway_house,redriffe,226,475,1665,8,5,walk,Sir W. Warren
redriffe,home_seething_lane,475,788,1665,8,5,walk,
home_seething_lane,colvills_goldsmith,788,370,1665,8,5,walk,
colvills_goldsmith,home_seething_lane,370,788,1665,8,5,walk,
home_seething_lane,woolwich,788,362,1665,8,6,boat,
woolwich,home_seething_lane,362,788,1665,8,7,boat,
home_seething_lane,navy_office,788,422,1665,8,8,walk,
navy_office,cockpit,422,104,1665,8,8,walk,
cockpit,westminster_hall,104,610,1665,8,8,walk,
westminster_hall,home_seething_lane,610,788,1665,8,8,walk,
home_seething_lane,navy_office,788,422,1665,8,8,walk,
navy_office,sir_w_batten_house,422,514,1665,8,8,walk,
sir_w_batten_house,navy_office,514,422,1665,8,8,walk,
navy_office,home_seething_lane,422,788,1665,8,8,walk,
home_seething_lane,navy_office,788,422,1665,8,9,walk,
navy_office,exchequer,422,169,1665,8,9,walk,
exchequer,navy_office,169,422,1665,8,9,walk,
navy_office,home_seething_lane,422,788,1665,8,9,walk,
home_seething_lane,navy_office,788,422,1665,8,10,walk,
navy_office,sir_g_smiths_house,422,504,1665,8,10,walk,Lord Bruncker; Sir J. Minnes; Sir W. Batten
sir_g_smiths_house,navy_office,504,422,1665,8,10,walk,
navy_office,home_seething_lane,422,788,1665,8,10,walk,
home_seething_lane,exchequer,788,169,1665,8,11,walk,
exchequer,home_seething_lane,169,788,1665,8,11,walk,
home_seething_lane,lady_carterets_deptford,788,305,1665,8,12,boat,
lady_carterets_deptford,greenwich,305,212,1665,8,12,boat,
greenwich,lady_carterets_deptford,212,305,1665,8,12,boat,
lady_carterets_deptford,bagwells_house,305,141,1665,8,12,walk,
bagwells_house,home_seething_lane,141,788,1665,8,12,walk,
home_seething_lane,navy_office,788,422,1665,8,12,walk,
navy_office,home_seething_lane,422,788,1665,8,12,walk,
home_seething_lane,lady_carterets_deptford,788,305,1665,8,14,boat,
lady_carterets_deptford,sir_j_minnes_greenwich,305,331,1665,8,14,walk,
sir_w_battens_greenwich,woolwich,514,362,1665,8,14,boat,
woolwich,captain_cockes_house,362,76,1665,8,15,walk,
captain_cockes_house,lady_carterets_deptford,76,305,1665,8,15,walk,
lady_carterets_deptford,sir_j_minnes_greenwich,305,331,1665,8,15,walk,Sir G. Carteret
sir_j_minnes_greenwich,captain_cockes_house,331,76,1665,8,15,walk,
captain_cockes_house,cockpit,76,104,1665,8,15,boat,
cockpit,home_seething_lane,104,788,1665,8,15,walk,
home_seething_lane,navy_office,788,422,1665,8,16,walk,
navy_office,royal_exchange,422,789,1665,8,16,walk,
royal_exchange,sir_g_smiths_house,789,504,1665,8,16,walk,Mr. Fenn
sir_g_smiths_house,royal_exchange,504,789,1665,8,16,walk,
royal_exchange,home_seething_lane,789,788,1665,8,16,walk,
home_seething_lane,navy_office,788,422,1665,8,17,walk,
navy_office,sir_w_batten_house,422,514,1665,8,17,walk,
sir_w_batten_house,greenwich,514,212,1665,8,17,boat,Sir W. Batten; Sir J. Minnes; Lord Bruncker
greenwich,gravesend,212,203,1665,8,17,boat,Sir W. Batten; Sir J. Minnes; Lord Bruncker
gravesend,ship_sovereign_nore,203,259,1665,8,18,boat,Sir W. Batten; Sir J. Minnes; Lord Bruncker
ship_sovereign_nore,sheerness,259,498,1665,8,18,boat,Sir W. Batten; Sir J. Minnes; Lord Bruncker
sheerness,chatham,498,90,1665,8,18,boat,Sir W. Batten; Sir J. Minnes; Lord Bruncker; Commissioner Pett
chatham,hill_house_chatham,90,91,1665,8,18,walk,
hill_house_chatham,gravesend,91,203,1665,8,18,coach,Commissioner Pett
gravesend,tower_dock,203,582,1665,8,18,boat,
tower_dock,home_seething_lane,582,788,1665,8,18,walk,
home_seething_lane,cockpit,788,104,1665,8,19,boat,
cockpit,home_seething_lane,104,788,1665,8,19,boat,
home_seething_lane,post_house_charing_cross,788,8,1665,8,19,boat,
post_house_charing_cross,hounslow,8,267,1665,8,19,horse,
hounslow,staines,267,549,1665,8,19,horse,
staines,cranborne,549,125,1665,8,19,horse,
cranborne,staines,125,549,1665,8,20,horse,
staines,povy_house_brentford,549,395,1665,8,20,horse,
queenhithe,home_seething_lane,470,788,1665,8,20,walk,
home_seething_lane,cockpit,788,104,1665,8,21,walk,
cockpit,navy_office,104,422,1665,8,21,walk,Sir W. Batten
navy_office,sir_w_batten_house,422,514,1665,8,21,walk,
sir_w_batten_house,sir_w_warrens_yard,514,605,1665,8,21,boat,
sir_w_warrens_yard,lord_brunckers_greenwich,605,334,1665,8,21,boat,
lord_brunckers_greenwich,sir_j_minnes_greenwich,334,331,1665,8,21,walk,
sir_j_minnes_greenwich,woolwich,331,362,1665,8,21,walk,
woolwich,greenwich,362,212,1665,8,22,walk,
deptford,globe_deptford,77,143,1665,8,22,walk,Mr. Andrews
globe_deptford,deptford,143,77,1665,8,22,walk,
deptford,bagwells_house,77,141,1665,8,22,walk,
bagwells_house,redriffe,141,475,1665,8,22,walk,
redriffe,home_seething_lane,475,788,1665,8,22,boat,
home_seething_lane,navy_office,788,422,1665,8,24,walk,
navy_office,sir_j_minnes_greenwich,422,331,1665,8,24,boat,
home_seething_lane,navy_office,788,422,1665,8,25,walk,
navy_office,home_seething_lane,422,788,1665,8,25,walk,
navy_office_greenwich,lord_brunckers_greenwich,422,334,1665,8,26,walk,Mr. Andrews; Mr. Yeabsly
lord_brunckers_greenwich,deptford,334,77,1665,8,26,boat,
deptford,globe_deptford,77,143,1665,8,26,walk,Mr. Andrews
globe_deptford,bagwells_house,143,141,1665,8,26,walk,
bagwells_house,redriffe,141,475,1665,8,26,walk,
redriffe,home_seething_lane,475,788,1665,8,26,boat,
royal_exchange,home_seething_lane,789,788,1665,8,28,walk,
home_seething_lane,woolwich,788,362,1665,8,28,boat,
woolwich,greenwich,362,212,1665,8,29,coach,Commissioner Pett
navy_office_greenwich,sir_j_minnes_greenwich,422,331,1665,8,29,walk,
sir_j_minnes_greenwich,deptford,331,77,1665,8,29,walk,
deptford,redriffe,77,475,1665,8,29,walk,
redriffe,home_seething_lane,475,788,1665,8,29,walk,
home_seething_lane,sir_r_viners,788,370,1665,8,30,walk,
sir_r_viners,moorfields,370,359,1665,8,30,walk,
moorfields,sir_r_viners,359,370,1665,8,30,walk,
sir_r_viners,home_seething_lane,370,788,1665,8,30,walk,
home_seething_lane,navy_office_greenwich,788,422,1665,8,31,boat,
navy_office_greenwich,sir_w_boreman_house,422,215,1665,8,31,walk,Sir W. Boreman; Lord Bruncker; Sir J. Minnes
sir_w_boreman_house,navy_office_greenwich,215,422,1665,8,31,walk,
navy_office_greenwich,woolwich,422,362,1665,8,31,boat,
woolwich,woolwich_rope_yard,362,88,1665,9,1,walk,
woolwich_rope_yard,mr_sheldens_house,88,666,1665,9,1,walk,
mr_sheldens_house,greenwich,666,212,1665,9,1,boat,Captain Cocke
greenwich,home_seething_lane,212,788,1665,9,1,boat,
home_seething_lane,cockpit,788,104,1665,9,1,boat,
cockpit,home_seething_lane,104,788,1665,9,1,boat,
home_seething_lane,woolwich,788,362,1665,9,2,boat,Sir J. Minnes
woolwich,navy_office_greenwich,362,422,1665,9,2,walk,
navy_office_greenwich,sir_j_minnes_greenwich,422,331,1665,9,2,walk,
sir_j_minnes_greenwich,deptford,331,77,1665,9,2,boat,
deptford,greenwich,77,212,1665,9,2,boat,
greenwich,woolwich,212,362,1665,9,2,boat,
woolwich,greenwich,362,212,1665,9,3,boat,
greenwich,greenwich_church,212,217,1665,9,3,walk,
captain_cockes_house,woolwich,76,362,1665,9,3,boat,
woolwich,sir_j_minnes_greenwich,362,331,1665,9,4,boat,
sir_j_minnes_greenwich,greenwich_park,331,76,1665,9,4,walk,Lord Bruncker; Mr. Hammond; Mr. Turner
greenwich_park,sir_j_minnes_greenwich,76,331,1665,9,4,walk,
sir_j_minnes_greenwich,woolwich,331,362,1665,9,4,walk,
woolwich,navy_office_greenwich,362,422,1665,9,5,walk,
navy_office_greenwich,lord_brunckers_greenwich,422,334,1665,9,5,walk,Lord Bruncker
lord_brunckers_greenwich,greenwich_park,334,76,1665,9,5,coach,Colonel Blunt
greenwich_park,lord_brunckers_greenwich,76,334,1665,9,5,coach,Colonel Blunt
lord_brunckers_greenwich,navy_office_greenwich,334,422,1665,9,5,coach,
navy_office_greenwich,woolwich,422,362,1665,9,5,walk,
woolwich,home_seething_lane,362,788,1665,9,6,boat,
home_seething_lane,cockpit,788,104,1665,9,6,boat,
cockpit,woolwich,104,362,1665,9,6,boat,
woolwich,tower,362,583,1665,9,7,boat,
tower,brentford,583,55,1665,9,7,boat,
brentford,woolwich,55,362,1665,9,7,boat,
woolwich,navy_office_greenwich,362,422,1665,9,9,walk,
navy_office_greenwich,lord_brunckers_greenwich,422,334,1665,9,9,walk,
lord_brunckers_greenwich,navy_office_greenwich,334,422,1665,9,9,walk,
navy_office_greenwich,captain_cockes_house,422,76,1665,9,9,walk,
captain_cockes_house,woolwich,76,362,1665,9,10,walk,
woolwich,greenwich,362,212,1665,9,10,walk,Mr. Andrews
greenwich,captain_cockes_house,212,76,1665,9,10,walk,
captain_cockes_house,navy_office_greenwich,76,422,1665,9,11,walk,
sir_w_batten_country,greenwich,601,212,1665,9,11,coach,Lord Bruncker; Sir J. Minnes; Sir W. Doyly
greenwich,woolwich,212,362,1665,9,11,boat,
woolwich,navy_office_greenwich,362,422,1665,9,12,walk,
navy_office_greenwich,sir_j_minnes_greenwich,422,331,1665,9,12,walk,
sir_j_minnes_greenwich,navy_office_greenwich,331,422,1665,9,12,walk,
navy_office_greenwich,woolwich,422,362,1665,9,12,walk,
woolwich,captain_cockes_house,362,76,1665,9,13,walk,
captain_cockes_house,sir_w_hickes_house,76,603,1665,9,13,coach,Lord Bruncker; Sir J. Minnes; Lady Batten; Sir W. Batten
sir_w_hickes_house,greenwich,603,212,1665,9,13,coach,William Penn
greenwich,woolwich,212,362,1665,9,13,coach,William Penn; Mrs. Barbara Penn
woolwich,navy_office_greenwich,362,422,1665,9,14,walk,
navy_office_greenwich,cockpit,422,104,1665,9,14,boat,
cockpit,bear_bridge_foot,104,32,1665,9,14,walk,
bear_bridge_foot,royal_exchange,32,789,1665,9,14,walk,
royal_exchange,sir_r_viners,789,370,1665,9,14,walk,
sir_r_viners,home_seething_lane,370,788,1665,9,14,walk,
home_seething_lane,navy_office,788,422,1665,9,14,walk,
navy_office,woolwich,422,362,1665,9,14,boat,
woolwich,navy_office_greenwich,362,422,1665,9,15,boat,
navy_office_greenwich,deptford,422,77,1665,9,15,boat,
deptford,navy_office_greenwich,77,422,1665,9,15,boat,
navy_office_greenwich,captain_cockes_house,422,76,1665,9,15,walk,
captain_cockes_house,woolwich,76,362,1665,9,15,boat,
woolwich,navy_office_greenwich,362,422,1665,9,16,walk,
navy_office_greenwich,lord_brunckers_greenwich,422,334,1665,9,16,walk,
lord_brunckers_greenwich,navy_office_greenwich,334,422,1665,9,16,walk,
navy_office_greenwich,captain_cockes_house,422,76,1665,9,16,walk,
captain_cockes_house,lord_brunckers_greenwich,76,334,1665,9,16,walk,
lord_brunckers_greenwich,captain_cockes_house,334,76,1665,9,16,walk,
captain_cockes_house,greenwich_church,76,217,1665,9,17,walk,Captain Cocke
greenwich_church,captain_cockes_house,217,76,1665,9,17,coach,Captain Cocke
captain_cockes_house,woolwich,76,362,1665,9,17,walk,
woolwich,gravesend,362,203,1665,9,17,boat,Lord Bruncker; Captain Cocke
gravesend,ship_prince,203,256,1665,9,18,boat,Lord Bruncker; Captain Cocke
ship_prince,chatham,256,90,1665,9,18,boat,Lord Bruncker; Captain Cocke
chatham,commissioner_petts_house,90,89,1665,9,18,walk,Lord Bruncker; Captain Cocke
commissioner_petts_house,greenwich,89,212,1665,9,18,coach,Lord Bruncker; Captain Cocke
greenwich,captain_cockes_house,212,76,1665,9,19,walk,Captain Cocke
captain_cockes_house,navy_office_greenwich,76,422,1665,9,19,walk,
navy_office_greenwich,lord_brunckers_greenwich,422,334,1665,9,19,walk,
lord_brunckers_greenwich,navy_office_greenwich,334,422,1665,9,19,walk,
navy_office_greenwich,sir_j_minnes_greenwich,422,331,1665,9,19,walk,
sir_j_minnes_greenwich,mr_glanvills_house,331,214,1665,9,19,walk,
mr_glanvills_house,sir_j_minnes_greenwich,214,331,1665,9,20,walk,
sir_j_minnes_greenwich,lambeth,331,309,1665,9,20,coach,Lord Bruncker; Sir J. Minnes; Sir W. Batten
lambeth,cockpit,309,104,1665,9,20,walk,
cockpit,lord_brunckers_greenwich,104,334,1665,9,20,coach,Lord Bruncker
lord_brunckers_greenwich,navy_office_greenwich,334,422,1665,9,20,walk,
navy_office_greenwich,sir_j_minnes_greenwich,422,331,1665,9,20,walk,
sir_j_minnes_greenwich,mr_glanvills_house,331,214,1665,9,20,walk,
mr_glanvills_house,nonesuch_palace,214,229,1665,9,21,coach,William Hewer
nonesuch_palace,ewell_yowell,229,168,1665,9,21,walk,Mr. Spicer; Mr. Falconbridge
ewell_yowell,nonesuch_palace,168,229,1665,9,21,walk,
nonesuch_palace,lord_brunckers_greenwich,229,334,1665,9,21,coach,William Hewer
lord_brunckers_greenwich,mr_glanvills_house,334,214,1665,9,21,walk,Captain Cocke
mr_glanvills_house,navy_office_greenwich,214,422,1665,9,22,walk,
navy_office_greenwich,blackwall,422,47,1665,9,22,boat,Lord Bruncker; Sir J. Minnes
lord_brunckers_greenwich,woolwich,334,362,1665,9,22,coach,Lord Bruncker
woolwich,sir_w_boreman_house,362,215,1665,9,22,coach,Lord Sandwich; Lord Bruncker; Captain Cocke
sir_w_boreman_house,mr_glanvills_house,215,214,1665,9,22,walk,
mr_glanvills_house,sir_w_boreman_house,214,215,1665,9,23,walk,
sir_w_boreman_house,lambeth,215,309,1665,9,23,coach,Lord Sandwich; Lord Bruncker; Mr. Evelyn
lambeth,cockpit,309,104,1665,9,23,walk,
cockpit,tower,104,583,1665,9,23,boat,Sir W. Batten
tower,home_seething_lane,583,788,1665,9,23,walk,
home_seething_lane,navy_office_greenwich,788,422,1665,9,23,boat,
navy_office_greenwich,sir_w_boreman_house,422,215,1665,9,23,walk,
sir_w_boreman_house,gravesend,215,203,1665,9,23,boat,Captain Cocke
gravesend_whites,gravesend,203,203,1665,9,24,walk,Captain Cocke
gravesend,gravesend_whites,203,203,1665,9,24,walk,Captain Cocke
gravesend_whites,ship_prince,203,256,1665,9,25,boat,Captain Cocke
ship_prince,chatham,256,90,1665,9,25,boat,Captain Cocke
chatham,crown_inn_rochester,90,479,1665,9,25,walk,Captain Cocke
crown_inn_rochester,dartford,479,135,1665,9,26,horse,Captain Cocke
dartford,greenwich,135,212,1665,9,26,horse,Captain Cocke
greenwich,navy_office_greenwich,212,422,1665,9,26,walk,
navy_office_greenwich,mr_wright_house_greenwich,422,691,1665,9,26,walk,
mr_wright_house_greenwich,navy_office_greenwich,691,422,1665,9,26,walk,
navy_office_greenwich,woolwich,422,362,1665,9,26,boat,
woolwich,greenwich,362,212,1665,9,27,boat,
greenwich,kings_head_greenwich,212,213,1665,9,27,walk,John Creed; Lord Rutherford
kings_head_greenwich,captain_cockes_house,213,76,1665,9,27,walk,
captain_cockes_house,mr_evelyns_house,76,379,1665,9,27,walk,
mr_evelyns_house,lambeth,379,309,1665,9,27,coach,Mr. Evelyn
lambeth,cockpit,309,104,1665,9,27,walk,
cockpit,navy_office_greenwich,104,422,1665,9,27,coach,Mr. Evelyn
mr_glanvills_house,navy_office_greenwich,214,422,1665,9,28,walk,
navy_office_greenwich,lord_brunckers_greenwich,422,334,1665,9,28,walk,
lord_brunckers_greenwich,woolwich,334,362,1665,9,28,boat,
woolwich,greenwich,362,212,1665,9,28,walk,
greenwich,navy_office_greenwich,212,422,1665,9,28,walk,
navy_office_greenwich,mr_glanvills_house,422,214,1665,9,28,walk,Captain Cocke
mr_glanvills_house,nonesuch_palace,214,229,1665,9,29,horse,Lashmore
nonesuch_palace,ewell_yowell,229,168,1665,9,29,walk,Mr. Spicer
ewell_yowell,nonesuch_palace,168,229,1665,9,29,walk,
nonesuch_palace,mr_glanvills_house,229,214,1665,9,29,horse,Lashmore
mr_glanvills_house,navy_office_greenwich,214,422,1665,9,30,walk,
navy_office_greenwich,captain_cockes_house,422,76,1665,9,30,walk,
captain_cockes_house,woolwich,76,362,1665,9,30,boat,Captain Cocke
woolwich,gravesend,362,203,1665,10,1,walk,
gravesend,ship_prince,203,256,1665,10,1,boat,Captain Cocke; Mr. Temple
chatham,hill_house_chatham,90,91,1665,10,2,walk,Captain Cocke; Commissioner Pett
hill_house_chatham,rochester,91,478,1665,10,2,walk,Captain Cocke
rochester,rochester_castle,478,82,1665,10,2,walk,
rochester_castle,rochester_cathedral,82,481,1665,10,2,walk,
rochester_cathedral,crown_inn_rochester,481,479,1665,10,2,walk,
gravesend,erith_east_indiaman,203,165,1665,10,2,boat,
erith_east_indiaman,woolwich,165,362,1665,10,2,boat,
woolwich,navy_office_greenwich,362,422,1665,10,3,walk,Mr. Woolly
kings_head_greenwich,navy_office_greenwich,213,422,1665,10,3,walk,
navy_office_greenwich,mrs_pierce_house,422,418,1665,10,3,walk,
kings_head_greenwich,navy_office_greenwich,213,422,1665,10,4,walk,
navy_office_greenwich,mr_glanvills_house,422,214,1665,10,4,walk,
navy_office_greenwich,cockpit,422,104,1665,10,5,boat,
cockpit,swan_westminster,104,562,1665,10,5,walk,
swan_westminster,deptford,562,77,1665,10,5,boat,
deptford,mr_evelyns_house,77,379,1665,10,5,walk,
mr_evelyns_house,navy_office_greenwich,379,422,1665,10,5,coach,Mr. Evelyn
mr_glanvills_house,navy_office_greenwich,214,422,1665,10,6,walk,
navy_office_greenwich,lambeth,422,309,1665,10,6,coach,Mr. Gawden
lambeth,cockpit,309,104,1665,10,6,walk,
cockpit,navy_office_greenwich,104,422,1665,10,6,coach,Mr. Gawden
navy_office_greenwich,kings_head_greenwich,422,213,1665,10,6,walk,Mr. Woolly
kings_head_greenwich,navy_office_greenwich,213,422,1665,10,6,walk,
navy_office_greenwich,captain_cockes_house,422,76,1665,10,8,walk,
captain_cockes_house,navy_office_greenwich,76,422,1665,10,8,walk,
cockpit,navy_office,104,422,1665,10,9,boat,
navy_office,navy_office_greenwich,422,422,1665,10,9,boat,
lambeth,cockpit,309,104,1665,10,10,walk,
cockpit,navy_office_greenwich,104,422,1665,10,10,coach,Captain Cocke
captain_cockes_house,erith,76,165,1665,10,11,boat,Captain Cocke
erith,woolwich,165,362,1665,10,11,boat,
woolwich,erith_east_indiaman,362,165,1665,10,12,boat,
erith_east_indiaman,woolwich,165,362,1665,10,12,boat,
woolwich,captain_cockes_house,362,76,1665,10,12,coach,
captain_cockes_house,navy_office_greenwich,76,422,1665,10,12,walk,
navy_office_greenwich,kings_head_greenwich,422,213,1665,10,13,walk,Sir W. Warren
kings_head_greenwich,cockpit,213,104,1665,10,13,boat,
cockpit,navy_office_greenwich,104,422,1665,10,13,boat,
tower,lombard_street,583,485,1665,10,16,walk,
lombard_street,royal_exchange,485,789,1665,10,16,walk,
royal_exchange,tower,789,583,1665,10,16,walk,
tower,navy_office,583,422,1665,10,16,walk,
navy_office,colvills_goldsmith,422,370,1665,10,16,walk,
colvills_goldsmith,tower,370,583,1665,10,16,walk,
tower,still_yard,583,555,1665,10,16,boat,Captain Cocke
still_yard,navy_office_greenwich,555,422,1665,10,16,boat,Captain Cocke
navy_office_greenwich,cockpit,422,104,1665,10,18,boat,
cockpit,navy_office_greenwich,104,422,1665,10,19,boat,
captain_cockes_house,greenwich_church,76,217,1665,10,22,walk,
greenwich_church,lambeth,217,309,1665,10,22,coach,
lambeth,cockpit,309,104,1665,10,22,walk,
cockpit,navy_office_greenwich,104,422,1665,10,22,coach,
navy_office_greenwich,mr_glanvills_house,422,214,1665,10,22,walk,Mr. Salomon
mr_glanvills_house,woolwich,214,362,1665,10,23,boat,
woolwich,erith,362,165,1665,10,23,boat,
erith,erith_east_indiaman,165,165,1665,10,23,boat,Lord Bruncker; Sir J. Minnes; Sir W. Warren
erith_east_indiaman,navy_office_greenwich,165,422,1665,10,23,boat,Sir W. Warren
navy_office_greenwich,captain_cockes_house,422,76,1665,10,24,walk,Mr. Evelyn
captain_cockes_house,navy_office_greenwich,76,422,1665,10,24,walk,
navy_office_greenwich,sir_w_boreman_house,422,215,1665,10,24,walk,
sir_w_boreman_house,captain_cockes_house,215,76,1665,10,24,walk,Lord Sandwich; Sir W. Batten
sir_w_boreman_house,navy_office_greenwich,215,422,1665,10,25,walk,
navy_office_greenwich,mr_evelyns_house,422,379,1665,10,25,coach,Mr. Evelyn
navy_office_greenwich,tower,422,583,1665,10,26,boat,Sir Christopher Mings
tower,royal_exchange,583,789,1665,10,26,walk,Sir Christopher Mings
royal_exchange,tower,789,583,1665,10,26,walk,
tower,tower_wharf,583,586,1665,10,26,boat,
captain_cockes_house,royal_exchange,76,789,1665,10,27,coach,Captain Cocke
royal_exchange,cockpit,789,104,1665,10,27,boat,
cockpit,navy_office_greenwich,104,422,1665,10,27,boat,
sir_w_boreman_house,erith,215,165,1665,10,28,horse,Mr. Deane
erith,erith_east_indiaman,165,165,1665,10,28,boat,Lord Bruncker
erith_east_indiaman,greenwich,165,212,1665,10,28,horse,Mr. Deane
greenwich,navy_office_greenwich,212,422,1665,10,28,walk,
erith_east_indiaman,woolwich,165,362,1665,10,29,coach,Captain Cocke
woolwich,mr_sheldens_house,362,666,1665,10,29,walk,
erith_east_indiaman,mrs_williams_erith,165,152,1665,11,1,walk,Lord Bruncker; Sir W. Batten
ship_royal_james,the_hope,258,327,1665,11,3,boat,
the_hope,navy_office_greenwich,327,422,1665,11,4,boat,
navy_office_greenwich,sir_w_boreman_house,422,215,1665,11,4,walk,Sir W. Batten
sir_w_boreman_house,navy_office_greenwich,215,422,1665,11,4,walk,
navy_office_greenwich,mr_glanvills_house,422,214,1665,11,4,walk,
cockpit,swan_westminster,104,562,1665,11,5,walk,
swan_westminster,mr_evelyns_house,562,379,1665,11,5,boat,
navy_office_greenwich,captain_cockes_house,422,76,1665,11,6,walk,Mr. Evelyn
captain_cockes_house,lambeth,76,309,1665,11,6,coach,Mr. Evelyn; Captain Cocke
cockpit,captain_cockes_house,104,76,1665,11,6,boat,Sir G. Carteret; Captain Cocke
captain_cockes_house,mr_glanvills_house,76,214,1665,11,6,walk,
mr_glanvills_house,cockpit,214,104,1665,11,7,boat,Sir G. Carteret
cockpit,lambeth,104,309,1665,11,7,walk,Sir W. Batten
lambeth,sir_w_boreman_house,309,215,1665,11,7,coach,Sir W. Batten
sir_w_boreman_house,navy_office_greenwich,215,422,1665,11,7,walk,
navy_office_greenwich,kings_head_greenwich,422,213,1665,11,8,walk,Lord Rutherford
kings_head_greenwich,deptford,213,77,1665,11,8,boat,
mrs_pierce_house,mr_glanvills_house,418,214,1665,11,8,walk,
captain_cockes_house,cockpit,76,104,1665,11,12,boat,
cockpit,captain_cockes_house,104,76,1665,11,12,boat,
captain_cockes_house,mr_glanvills_house,76,214,1665,11,12,walk,Captain Cocke
mr_glanvills_house,captain_cockes_house,214,76,1665,11,12,walk,
navy_office_greenwich,captain_cockes_house,422,76,1665,11,13,walk,
captain_cockes_house,mr_glanvills_house,76,214,1665,11,13,walk,Captain Cocke
sir_r_viners,colvills_goldsmith,370,370,1665,11,14,walk,Captain Cocke
colvills_goldsmith,home_seething_lane,370,788,1665,11,14,walk,
home_seething_lane,navy_office_greenwich,788,422,1665,11,14,boat,
navy_office_greenwich,cockpit,422,104,1665,11,14,boat,
cockpit,navy_office_greenwich,104,422,1665,11,14,boat,
navy_office_greenwich,kings_head_greenwich,422,213,1665,11,15,walk,Sir W. Batten; Lady Batten
kings_head_greenwich,mr_glanvills_house,213,214,1665,11,15,walk,Sir J. Robinson; Sir G. Smith; Captain Cocke
sir_w_boreman_house,erith,215,165,1665,11,16,horse,
erith,mrs_williams_erith,165,152,1665,11,16,walk,
mrs_williams_erith,erith_east_indiaman,152,165,1665,11,16,boat,Lord Bruncker; Sir Edmund Pooly
ship_royal_james,ship_charles,258,242,1665,11,17,boat,Lord Sandwich
ship_charles,ship_royal_james,242,258,1665,11,17,boat,
ship_royal_james,erith,258,165,1665,11,17,boat,
erith,mrs_williams_erith,165,152,1665,11,18,walk,
mrs_williams_erith,navy_office_greenwich,152,422,1665,11,18,horse,
erith_east_indiaman,mrs_williams_erith,165,152,1665,11,19,walk,Lord Bruncker; Captain Cocke; Sir Edmund Pooly
mrs_williams_erith,woolwich,152,362,1665,11,19,boat,
nonesuch_palace,ewell_yowell,229,168,1665,11,20,walk,Mr. Spicer
ewell_yowell,nonesuch_palace,168,229,1665,11,20,walk,
cockpit,swan_westminster,104,562,1665,11,22,walk,
swan_westminster,royal_exchange,562,789,1665,11,22,boat,
home_seething_lane,royal_exchange,788,789,1665,11,24,walk,
sir_g_smiths_house,mr_evelyns_house,504,379,1665,11,24,walk,Captain Cocke
erith_east_indiaman,mrs_williams_erith,165,152,1665,11,26,walk,Sir W. Warren
mrs_williams_erith,woolwich,152,362,1665,11,26,horse,Sir W. Warren
woolwich,mr_sheldens_house,362,666,1665,11,26,walk,
mr_sheldens_house,greenwich,666,212,1665,11,26,walk,
greenwich,captain_cockes_house,212,76,1665,11,26,walk,
captain_cockes_house,mr_glanvills_house,76,214,1665,11,26,walk,
lambeth,cockpit,309,104,1665,11,27,walk,
cockpit,swan_westminster,104,562,1665,11,27,walk,
swan_westminster,cockpit,562,104,1665,11,27,walk,
cockpit,st_james_park,104,541,1665,11,27,walk,Sir G. Carteret; Captain Cocke
st_james_park,sir_r_viners,541,370,1665,11,27,coach,
sir_r_viners,popes_head_tavern,370,459,1665,11,27,walk,Captain Cocke
popes_head_tavern,sir_g_smiths_house,459,504,1665,11,27,walk,Captain Cocke
sir_g_smiths_house,london_bridge,504,324,1665,11,28,coach,Captain Cocke
london_bridge,nonesuch_palace,324,229,1665,11,28,coach,Captain Cocke
wandsworth,sir_allen_brodericks,502,502,1665,11,28,walk,Captain Cocke
sir_allen_brodericks,fox_hall,502,185,1665,11,28,walk,Captain Cocke
fox_hall,old_swan,185,444,1665,11,28,boat,Captain Cocke
old_swan,lombard_street,444,485,1665,11,28,walk,Captain Cocke
lombard_street,tower,485,583,1665,11,28,walk,Captain Cocke
tower,navy_office_greenwich,583,422,1665,11,28,boat,Captain Cocke
captain_cockes_house,home_seething_lane,76,788,1665,11,29,boat,Captain Cocke
greenwich_church,captain_cockes_house,217,76,1665,12,3,walk,
mrs_pierces_greenwich,captain_cockes_house,418,76,1665,12,3,coach,Mrs. Pierce
captain_cockes_house,mrs_pierces_greenwich,76,418,1665,12,3,walk,Mrs. Pierce
royal_exchange,greenwich,789,212,1665,12,4,boat,
navy_office_greenwich,deptford,422,77,1665,12,5,boat,
cockpit,greenwich_church,104,217,1665,12,6,boat,
home_seething_lane,royal_exchange,788,789,1665,12,8,walk,
royal_exchange,popes_head_tavern,789,459,1665,12,8,walk,Mr. Gawden
popes_head_tavern,cockpit,459,104,1665,12,8,boat,Mr. Gawden
cockpit,lambeth,104,309,1665,12,9,boat,
royal_exchange,popes_head_tavern,789,459,1665,12,11,walk,Mr. Gawden
popes_head_tavern,sir_r_viners,459,370,1665,12,11,walk,
sir_r_viners,colvills_goldsmith,370,370,1665,12,11,walk,
colvills_goldsmith,popes_head_tavern,370,459,1665,12,11,walk,
sir_g_downings_house,navy_office_greenwich,693,422,1665,12,12,boat,
lord_brunckers_greenwich,mrs_pierces_greenwich,334,418,1665,12,13,walk,
popes_head_tavern,cockpit,459,104,1665,12,13,coach,Sir W. Warren
cockpit,home_seething_lane,104,788,1665,12,13,coach,Sir W. Warren
home_seething_lane,lord_brunckers_greenwich,788,334,1665,12,13,boat,
navy_office_greenwich,popes_head_tavern,422,459,1665,12,14,boat,
popes_head_tavern,east_india_house,459,161,1665,12,14,walk,
east_india_house,home_seething_lane,161,788,1665,12,14,walk,
navy_office_greenwich,lord_brunckers_greenwich,422,334,1665,12,15,walk,
whitehall,sir_g_downings_house,642,693,1665,12,16,walk,
old_swan,billingsgate,444,42,1665,12,16,walk,Sir W. Warren
cutlers_house_hackney,mr_evelyns_house,375,379,1665,12,17,coach,
halfway_house,redriffe,226,475,1665,12,18,walk,
redriffe,home_seething_lane,475,788,1665,12,18,walk,
royal_exchange,st_martins,789,354,1665,12,18,walk,
st_martins,duck_lane,354,154,1665,12,18,walk,
duck_lane,royal_exchange,154,789,1665,12,18,walk,
royal_exchange,popes_head_tavern,789,459,1665,12,18,walk,Sir W. Warren
popes_head_tavern,lombard_street,459,485,1665,12,18,walk,Sir W. Warren
lombard_street,home_seething_lane,485,788,1665,12,18,walk,Sir W. Warren
home_seething_lane,redriffe,788,475,1665,12,18,boat,Sir W. Warren
redriffe,captain_cockes_house,475,76,1665,12,18,walk,
sir_j_minnes_greenwich,ship_bezan,331,240,1665,12,19,boat,Lord Bruncker
ship_bezan,sir_j_minnes_greenwich,240,331,1665,12,19,boat,Lord Bruncker
sir_j_minnes_greenwich,navy_office_greenwich,331,422,1665,12,19,walk,
lambeth,cockpit,309,104,1665,12,20,walk,
cockpit,old_exchange,104,129,1665,12,20,coach,
old_exchange,captain_cockes_house,129,76,1665,12,20,walk,Sir Ellis Layton
captain_cockes_house,royal_exchange,76,789,1665,12,20,walk,
royal_exchange,lombard_street,789,485,1665,12,20,walk,
lombard_street,greenwich,485,212,1665,12,20,coach,Lord Bruncker
navy_office_greenwich,captain_cockes_house,422,76,1665,12,21,walk,
captain_cockes_house,navy_office_greenwich,76,422,1665,12,21,walk,
greenwich_church,lord_brunckers_greenwich,217,334,1665,12,25,walk,
navy_office_greenwich,captain_cockes_house,422,76,1665,12,26,walk,
home_seething_lane,royal_exchange,788,789,1665,12,27,walk,Sir W. Warren
royal_exchange,popes_head_tavern,789,459,1665,12,27,walk,Sir W. Warren
popes_head_tavern,lombard_street,459,485,1665,12,27,walk,Sir W. Warren
lombard_street,home_seething_lane,485,788,1665,12,27,walk,Sir W. Warren
home_seething_lane,redriffe,788,475,1665,12,27,boat,Sir W. Warren
redriffe,captain_cockes_house,475,76,1665,12,27,walk,
navy_office_greenwich,captain_cockes_house,422,76,1665,12,28,walk,
lord_brunckers_greenwich,navy_office_greenwich,334,422,1666,1,2,walk,
navy_office_greenwich,lord_brunckers_greenwich,422,334,1666,1,2,walk,
lord_brunckers_covent_garden,sir_g_carterets_whitehall,334,125,1666,1,5,coach,Lord Bruncker
sir_g_carterets_whitehall,royal_exchange,125,789,1666,1,5,walk,
royal_exchange,sir_g_smiths_house,789,504,1666,1,5,walk,Mr. Povy
sir_g_smiths_house,cornhill,504,106,1666,1,5,walk,
cornhill,lord_brunckers_greenwich,106,334,1666,1,5,coach,Lord Bruncker
lord_brunckers_greenwich,mr_boremans_house,334,215,1666,1,5,walk,
cockpit,st_james_park,104,541,1666,1,6,walk,Sir G. Carteret
st_james_park,greenwich,541,212,1666,1,6,boat,Lord Bruncker
home_seething_lane,bennetts_paternoster_row,788,684,1666,1,8,coach,Elizabeth Pepys
bennetts_paternoster_row,royal_exchange,684,789,1666,1,8,coach,Elizabeth Pepys
royal_exchange,home_seething_lane,789,788,1666,1,8,coach,Elizabeth Pepys
home_seething_lane,navy_office,788,422,1666,1,9,walk,
navy_office,home_seething_lane,422,788,1666,1,9,walk,
home_seething_lane,sir_g_downings_house,788,693,1666,1,10,coach,Mr. Gawden
sir_g_downings_house,lord_brunckers_covent_garden,693,334,1666,1,10,walk,
lord_brunckers_covent_garden,royal_exchange,334,789,1666,1,10,walk,
royal_exchange,home_seething_lane,789,788,1666,1,10,walk,
home_seething_lane,cockpit,788,104,1666,1,10,coach,Sir W. Warren
cockpit,navy_office,104,422,1666,1,10,coach,Sir W. Warren
navy_office,home_seething_lane,422,788,1666,1,10,walk,
home_seething_lane,navy_office,788,422,1666,1,11,walk,
navy_office,custom_house,422,130,1666,1,11,walk,
custom_house,navy_office,130,422,1666,1,11,walk,
navy_office,sir_w_pen_house,422,516,1666,1,11,walk,
sir_w_pen_house,east_india_house,516,161,1666,1,11,walk,Mr. Mountney
east_india_house,sir_w_pen_house,161,516,1666,1,11,walk,
sir_w_pen_house,gresham_college,516,219,1666,1,11,coach,Lord Bruncker
home_seething_lane,cockpit,788,104,1666,1,12,coach,Sir W. Batten
cockpit,wottons_shoemaker,104,670,1666,1,12,coach,
wottons_shoemaker,mr_pennys_tailor,670,758,1666,1,12,walk,
mr_pennys_tailor,royal_exchange,758,789,1666,1,12,walk,
royal_exchange,home_seething_lane,789,788,1666,1,12,walk,Henry Moore
home_seething_lane,navy_office,788,422,1666,1,12,walk,
navy_office,home_seething_lane,422,788,1666,1,12,walk,
home_seething_lane,navy_office,788,422,1666,1,13,walk,
navy_office,mrs_williams_covent_garden,422,420,1666,1,13,coach,Lord Bruncker
mrs_williams_covent_garden,royal_exchange,420,789,1666,1,13,coach,Captain Cocke
royal_exchange,navy_office,789,422,1666,1,13,walk,
navy_office,home_seething_lane,422,788,1666,1,13,walk,
home_seething_lane,mrs_pierces_covent_garden,788,418,1666,1,15,coach,
mrs_pierces_covent_garden,home_seething_lane,418,788,1666,1,15,coach,Mrs. Pierce
home_seething_lane,mr_boremans_house,788,215,1666,1,15,boat,Elizabeth Pepys; Mrs. Pierce
mr_boremans_house,navy_office,215,422,1666,1,16,boat,
navy_office,home_seething_lane,422,788,1666,1,16,walk,
home_seething_lane,kate_joyces_house,788,290,1666,1,16,coach,Kate Joyce; Mrs. Pierce
kate_joyces_house,mrs_pierces_covent_garden,290,418,1666,1,16,coach,Mrs. Pierce
mrs_pierces_covent_garden,cockpit,418,104,1666,1,16,coach,
cockpit,home_seething_lane,104,788,1666,1,16,coach,
navy_office,captain_cockes_house,422,76,1666,1,18,coach,Lord Bruncker
captain_cockes_house,navy_office,76,422,1666,1,18,walk,
home_seething_lane,cockpit,788,104,1666,1,19,walk,Sir J. Minnes
cockpit,sir_h_cholmleys_house,104,754,1666,1,19,walk,
sir_h_cholmleys_house,royal_exchange,754,789,1666,1,19,walk,
royal_exchange,home_seething_lane,789,788,1666,1,19,walk,
navy_office,home_seething_lane,422,788,1666,1,19,walk,
home_seething_lane,navy_office,788,422,1666,1,20,walk,
navy_office,home_seething_lane,422,788,1666,1,20,walk,
home_seething_lane,navy_office_greenwich,788,422,1666,1,22,boat,
navy_office_greenwich,deptford,422,77,1666,1,22,boat,
deptford,home_seething_lane,77,788,1666,1,22,boat,
home_seething_lane,cockpit,788,104,1666,1,22,boat,
cockpit,deptford,104,77,1666,1,22,boat,
deptford,crown_tavern_exchange,77,129,1666,1,22,boat,
crown_tavern_exchange,home_seething_lane,129,788,1666,1,22,walk,
home_seething_lane,navy_office,788,422,1666,1,23,walk,
navy_office,home_seething_lane,422,788,1666,1,23,walk,
navy_office,lady_carterets_deptford,422,305,1666,1,24,boat,Lord Bruncker
home_seething_lane,navy_office,788,422,1666,1,24,walk,
navy_office,home_seething_lane,422,788,1666,1,24,walk,
home_seething_lane,navy_office,788,422,1666,1,25,walk,
home_seething_lane,cockpit,788,104,1666,1,25,walk,
cockpit,kate_joyces_house,104,290,1666,1,25,walk,
kate_joyces_house,navy_office,290,422,1666,1,25,walk,
home_seething_lane,sir_g_carterets_whitehall,788,125,1666,1,26,coach,
sir_g_carterets_whitehall,cockpit,125,104,1666,1,26,walk,
cockpit,royal_exchange,104,789,1666,1,26,walk,Sir J. Bankes; Mr. Gawden
royal_exchange,popes_head_tavern,789,459,1666,1,26,walk,Mr. Gawden
popes_head_tavern,home_seething_lane,459,788,1666,1,26,walk,
home_seething_lane,navy_office,788,422,1666,1,27,walk,
navy_office,home_seething_lane,422,788,1666,1,27,walk,
lord_brunckers_covent_garden,brentford,334,55,1666,1,28,coach,Lord Bruncker
home_seething_lane,parish_church,788,544,1666,1,30,walk,
parish_church,home_seething_lane,544,788,1666,1,30,walk,
home_seething_lane,deptford,788,77,1666,1,30,boat,
deptford,home_seething_lane,77,788,1666,1,30,boat,
home_seething_lane,sir_r_viners,788,370,1666,1,31,walk,Tom Pepys; Henry Moore
sir_r_viners,lord_chancellors_new_house,370,336,1666,1,31,walk,Henry Moore
lord_chancellors_new_house,cockpit,336,104,1666,1,31,walk,Henry Moore
cockpit,whitehall,104,642,1666,1,31,walk,
home_seething_lane,navy_office,788,422,1666,2,1,walk,
navy_office,captain_cockes_house,422,76,1666,2,1,walk,
captain_cockes_house,royal_exchange,76,789,1666,2,1,coach,Lord Bruncker; Mrs. Williams
alderman_backewells,sir_r_viners,3,370,1666,2,1,walk,
sir_r_viners,navy_office,370,422,1666,2,1,walk,
navy_office,home_seething_lane,422,788,1666,2,1,walk,
home_seething_lane,lord_sandwichs_lodgings,788,650,1666,2,2,walk,
lord_sandwichs_lodgings,cades_pictures,650,368,1666,2,2,walk,
cades_pictures,home_seething_lane,368,788,1666,2,2,walk,
home_seething_lane,navy_office,788,422,1666,2,2,walk,
navy_office,home_seething_lane,422,788,1666,2,2,walk,
home_seething_lane,navy_office,788,422,1666,2,3,walk,
navy_office,home_seething_lane,422,788,1666,2,3,walk,
home_seething_lane,parish_church,788,544,1666,2,4,walk,Elizabeth Pepys
parish_church,home_seething_lane,544,788,1666,2,4,walk,Elizabeth Pepys
home_seething_lane,lord_brunckers_covent_garden,788,334,1666,2,5,coach,Sir W. Batten
lord_brunckers_covent_garden,westminster_hall,334,610,1666,2,5,walk,
westminster_hall,royal_exchange,610,789,1666,2,5,walk,
royal_exchange,home_seething_lane,789,788,1666,2,5,walk,
home_seething_lane,whitehall,788,642,1666,2,5,walk,
whitehall,lord_sandwichs_lodgings,642,650,1666,2,5,walk,
lord_sandwichs_lodgings,sun_behind_exchange,650,561,1666,2,5,walk,
sun_behind_exchange,home_seething_lane,561,788,1666,2,5,walk,Mr. J. Houblon; Mr. Hill
whitehall,sir_r_viners,642,370,1666,2,6,coach,Mr. Tooker
sir_r_viners,navy_office,370,422,1666,2,6,walk,
navy_office,royal_exchange,422,789,1666,2,8,walk,
royal_exchange,captain_cockes_house,789,76,1666,2,8,walk,
captain_cockes_house,lord_sandwichs_lodgings,76,650,1666,2,8,walk,
lord_sandwichs_lodgings,home_seething_lane,650,788,1666,2,8,walk,
home_seething_lane,navy_office,788,422,1666,2,10,walk,
navy_office,royal_exchange,422,789,1666,2,10,walk,
lord_treasurers_house,exchequer,343,169,1666,2,10,walk,
old_exchange,home_seething_lane,129,788,1666,2,10,coach,Elizabeth Pepys
home_seething_lane,parish_church,788,544,1666,2,11,walk,
parish_church,home_seething_lane,544,788,1666,2,11,walk,
st_james_park,lord_brunckers_covent_garden,541,334,1666,2,11,walk,Lord Bruncker
lord_brunckers_covent_garden,home_seething_lane,334,788,1666,2,11,coach,
home_seething_lane,royal_exchange,788,789,1666,2,12,walk,
home_seething_lane,navy_office,788,422,1666,2,13,walk,
navy_office,royal_exchange,422,789,1666,2,13,walk,
navy_office,home_seething_lane,422,788,1666,2,13,walk,
home_seething_lane,lord_sandwichs_lodgings,788,650,1666,2,14,coach,Mr. Hill
lord_sandwichs_lodgings,lord_chancellors_new_house,650,336,1666,2,14,walk,Mr. Hill
royal_exchange,home_seething_lane,789,788,1666,2,14,walk,
home_seething_lane,lord_treasurers_house,788,343,1666,2,14,coach,Elizabeth Pepys; Mrs. Batelier
lord_treasurers_house,royal_exchange,343,789,1666,2,14,coach,Elizabeth Pepys
home_seething_lane,navy_office,788,422,1666,2,15,coach,Sir W. Batten
navy_office,home_seething_lane,422,788,1666,2,15,walk,
home_seething_lane,navy_office,788,422,1666,2,15,walk,
navy_office,starkys_austin_friars,422,554,1666,2,15,walk,
royal_exchange,charing_cross,789,85,1666,2,16,coach,Mr. Houblon
charing_cross,lord_sandwichs_lodgings,85,650,1666,2,16,walk,
lord_sandwichs_lodgings,exchequer,650,169,1666,2,16,walk,
royal_exchange,coffee_house_exchange,789,106,1666,2,16,walk,Henry Moore
coffee_house_exchange,royal_exchange,106,789,1666,2,16,walk,
home_seething_lane,navy_office,788,422,1666,2,16,walk,
navy_office,whitehall,422,642,1666,2,16,coach,Sir W. Warren
whitehall,navy_office,642,422,1666,2,16,coach,Sir W. Warren
navy_office,home_seething_lane,422,788,1666,2,16,walk,
home_seething_lane,navy_office,788,422,1666,2,17,walk,
navy_office,home_seething_lane,422,788,1666,2,17,walk,
whitehall,st_james_park,642,541,1666,2,18,walk,John Creed
st_james_park,home_seething_lane,541,788,1666,2,18,coach,
home_seething_lane,lord_sandwichs_lodgings,788,650,1666,2,19,coach,
lord_sandwichs_lodgings,whitehall,650,642,1666,2,19,walk,
whitehall,lord_sandwichs_lodgings,642,650,1666,2,19,walk,
lord_sandwichs_lodgings,exchequer,650,169,1666,2,19,walk,
exchequer,st_pauls_churchyard,169,546,1666,2,19,coach,
st_pauls_churchyard,royal_exchange,546,789,1666,2,19,walk,
home_seething_lane,mr_hales_studio,788,384,1666,2,19,walk,
whitehall,lord_chancellors_new_house,642,336,1666,2,19,coach,
lord_chancellors_new_house,navy_office,336,422,1666,2,19,coach,
navy_office,home_seething_lane,422,788,1666,2,19,walk,
home_seething_lane,navy_office,788,422,1666,2,20,walk,
navy_office,home_seething_lane,422,788,1666,2,20,walk,Mr. Evelyn
whitehall,lord_sandwichs_lodgings,642,650,1666,2,20,walk,
lord_sandwichs_lodgings,westminster_hall,650,610,1666,2,20,walk,
mrs_lanes_lodging,navy_office,414,422,1666,2,20,walk,
navy_office,home_seething_lane,422,788,1666,2,21,walk,
home_seething_lane,navy_office,788,422,1666,2,22,walk,
navy_office,home_seething_lane,422,788,1666,2,22,walk,
mr_hales_studio,lord_sandwichs_lodgings,384,650,1666,2,22,coach,
lord_sandwichs_lodgings,home_seething_lane,650,788,1666,2,22,coach,Elizabeth Pepys
royal_exchange,navy_office,789,422,1666,2,23,walk,
navy_office,home_seething_lane,422,788,1666,2,23,walk,
home_seething_lane,mrs_pierces_covent_garden,788,418,1666,2,23,coach,Mrs. Knipp
mrs_pierces_covent_garden,unthankes,418,593,1666,2,23,coach,Mrs. Knipp
unthankes,home_seething_lane,593,788,1666,2,23,coach,Mrs. Knipp
home_seething_lane,navy_office,788,422,1666,2,24,walk,
navy_office,home_seething_lane,422,788,1666,2,24,walk,
mr_hales_studio,navy_office,384,422,1666,2,24,coach,
navy_office,home_seething_lane,422,788,1666,2,25,walk,
home_seething_lane,kensington,788,291,1666,2,25,coach,Elizabeth Pepys; Mercer
kensington,brentford,291,55,1666,2,25,coach,Elizabeth Pepys; Mercer; Captain Ferrers
eton_college,home_seething_lane,66,788,1666,2,26,coach,Elizabeth Pepys; Mercer
home_seething_lane,navy_office,788,422,1666,2,27,walk,
navy_office,home_seething_lane,422,788,1666,2,27,walk,
home_seething_lane,st_james_park,788,541,1666,2,28,walk,
st_james_park,whitehall,541,642,1666,2,28,walk,
mrs_martins_lodging,home_seething_lane,415,788,1666,2,28,walk,
mrs_lanes_lodging,home_seething_lane,414,788,1666,2,28,coach,
white_horse_lombard,navy_office,613,422,1666,3,1,walk,
navy_office,home_seething_lane,422,788,1666,3,1,walk,
home_seething_lane,navy_office,788,422,1666,3,2,walk,
navy_office,home_seething_lane,422,788,1666,3,2,walk,
home_seething_lane,navy_office,788,422,1666,3,3,walk,
navy_office,old_james,422,258,1666,3,3,walk,
old_james,crown_tavern_exchange,258,129,1666,3,3,walk,
mr_hales_studio,navy_office,384,422,1666,3,3,coach,
navy_office,home_seething_lane,422,788,1666,3,3,walk,
home_seething_lane,colvills_goldsmith,788,370,1666,3,5,walk,Mr. Moone
colvills_goldsmith,royal_exchange,370,789,1666,3,5,walk,
royal_exchange,home_seething_lane,789,788,1666,3,5,walk,
home_seething_lane,navy_office,788,422,1666,3,5,walk,
navy_office,sir_r_viners,422,370,1666,3,5,walk,
sir_r_viners,home_seething_lane,370,788,1666,3,5,walk,
home_seething_lane,navy_office,788,422,1666,3,6,coach,
navy_office,sir_w_batten_house,422,514,1666,3,6,walk,
sir_w_batten_house,home_seething_lane,514,788,1666,3,6,walk,
home_seething_lane,navy_office,788,422,1666,3,6,walk,
navy_office,home_seething_lane,422,788,1666,3,6,walk,
home_seething_lane,whitehall,788,642,1666,3,7,walk,
whitehall,the_temple,642,102,1666,3,7,coach,
the_temple,captain_cockes_house,102,76,1666,3,7,boat,
the_temple,home_seething_lane,102,788,1666,3,7,walk,
home_seething_lane,navy_office,788,422,1666,3,8,walk,
navy_office,white_horse_lombard,422,613,1666,3,8,walk,Sir W. Batten; Lord Bruncker
white_horse_lombard,mr_hales_studio,613,384,1666,3,8,coach,
mr_hales_studio,navy_office,384,422,1666,3,8,coach,
navy_office,home_seething_lane,422,788,1666,3,8,walk,
cockpit,deptford,104,77,1666,3,9,boat,Lord Bruncker; Sir W. Batten
deptford,redriffe,77,475,1666,3,9,walk,
home_seething_lane,new_exchange,788,129,1666,3,10,coach,Elizabeth Pepys; Mrs. Pierce; Mrs. Knipp
new_exchange,cakehouse_hales,129,761,1666,3,10,coach,Elizabeth Pepys; Mrs. Pierce; Mrs. Knipp
cakehouse_hales,mrs_pierces_covent_garden,761,418,1666,3,10,coach,Mrs. Pierce; Mrs. Knipp
mrs_pierces_covent_garden,navy_office,418,422,1666,3,10,coach,
home_seething_lane,whitehall,788,642,1666,3,11,boat,
whitehall,tower,642,583,1666,3,11,boat,Sir W. Coventry
tower,parish_church,583,544,1666,3,11,walk,
home_seething_lane,exchequer,788,169,1666,3,12,boat,
exchequer,old_exchange,169,129,1666,3,12,coach,
old_exchange,home_seething_lane,129,788,1666,3,12,walk,
home_seething_lane,navy_office,788,422,1666,3,12,walk,
navy_office,home_seething_lane,422,788,1666,3,12,walk,
home_seething_lane,navy_office,788,422,1666,3,13,walk,
navy_office,home_seething_lane,422,788,1666,3,13,walk,
royal_exchange,home_seething_lane,789,788,1666,3,14,walk,
home_seething_lane,trinity_house,788,588,1666,3,14,walk,
trinity_house,kate_joyces_house,588,290,1666,3,14,walk,
kate_joyces_house,mr_hales_studio,290,384,1666,3,14,walk,
mr_hales_studio,fields_grays_inn,384,205,1666,3,14,walk,
fields_grays_inn,mrs_pierces_covent_garden,205,418,1666,3,14,walk,
mrs_pierces_covent_garden,home_seething_lane,418,788,1666,3,14,coach,Elizabeth Pepys; Mercer
home_seething_lane,navy_office,788,422,1666,3,15,walk,
navy_office,home_seething_lane,422,788,1666,3,15,walk,
mr_hales_studio,navy_office,384,422,1666,3,15,walk,
home_seething_lane,navy_office,788,422,1666,3,16,walk,
navy_office,royal_exchange,422,789,1666,3,16,walk,
home_seething_lane,mr_hales_studio,788,384,1666,3,17,walk,Elizabeth Pepys
mr_hales_studio,navy_office,384,422,1666,3,17,walk,
navy_office,home_seething_lane,422,788,1666,3,18,walk,
parish_church,home_seething_lane,544,788,1666,3,18,walk,
home_seething_lane,st_james_church,788,539,1666,3,18,walk,
mrs_martins_lodging,home_seething_lane,415,788,1666,3,18,coach,
home_seething_lane,navy_office,788,422,1666,3,19,walk,
navy_office,guildhall,422,222,1666,3,19,walk,Lord Bruncker; Sir W. Coventry
guildhall,sir_robert_longs,222,682,1666,3,19,walk,Lord Bruncker; Sir W. Coventry
sir_robert_longs,mrs_williams_covent_garden,682,420,1666,3,19,walk,Lord Bruncker
mrs_williams_covent_garden,kings_playhouse,420,295,1666,3,19,walk,Lord Bruncker; Sir J. Minnes
kings_playhouse,mrs_williams_covent_garden,295,420,1666,3,19,walk,Lord Bruncker
mrs_williams_covent_garden,navy_office,420,422,1666,3,19,coach,
home_seething_lane,navy_office,788,422,1666,3,20,walk,
navy_office,home_seething_lane,422,788,1666,3,20,walk,
home_seething_lane,mr_hales_studio,788,384,1666,3,20,coach,Elizabeth Pepys; Mrs. Barbary; Mercer
mr_hales_studio,home_seething_lane,384,788,1666,3,20,coach,Elizabeth Pepys; Mrs. Barbary; Mercer
home_seething_lane,cockpit,788,104,1666,3,21,walk,
cockpit,whitehall,104,642,1666,3,21,walk,
whitehall,sir_robert_longs,642,682,1666,3,21,walk,Lord Bruncker
sir_robert_longs,excise_office,682,170,1666,3,21,walk,
excise_office,home_seething_lane,170,788,1666,3,21,walk,
home_seething_lane,whitehall,788,642,1666,3,21,coach,Sir W. Warren
whitehall,gresham_college,642,219,1666,3,21,coach,
gresham_college,navy_office,219,422,1666,3,21,walk,
navy_office,home_seething_lane,422,788,1666,3,21,walk,
home_seething_lane,navy_office,788,422,1666,3,22,walk,
navy_office,sir_w_batten_house,422,514,1666,3,22,walk,
sir_w_batten_house,navy_office,514,422,1666,3,22,walk,
navy_office,home_seething_lane,422,788,1666,3,22,walk,
home_seething_lane,mr_hales_studio,788,384,1666,3,23,walk,
mr_hales_studio,exchequer,384,169,1666,3,23,walk,
westminster_hall,kate_joyces_house,610,290,1666,3,23,coach,
kate_joyces_house,navy_office,290,422,1666,3,23,coach,
navy_office,home_seething_lane,422,788,1666,3,23,walk,
home_seething_lane,navy_office,788,422,1666,3,24,walk,
navy_office,home_seething_lane,422,788,1666,3,24,walk,
home_seething_lane,whitehall,788,642,1666,3,24,walk,
whitehall,navy_office,642,422,1666,3,24,walk,
navy_office,home_seething_lane,422,788,1666,3,26,walk,
home_seething_lane,navy_office,788,422,1666,3,26,walk,
navy_office,home_seething_lane,422,788,1666,3,26,walk,
home_seething_lane,navy_office,788,422,1666,3,27,walk,
navy_office,home_seething_lane,422,788,1666,3,27,walk,
whitehall,st_james_park,642,541,1666,3,28,walk,Sir W. Clerke
st_james_park,cockpit,541,104,1666,3,28,walk,
home_seething_lane,navy_office,788,422,1666,3,29,walk,
navy_office,home_seething_lane,422,788,1666,3,29,walk,
home_seething_lane,sir_r_viners,788,370,1666,3,29,walk,
sir_r_viners,navy_office,370,422,1666,3,29,walk,
navy_office,home_seething_lane,422,788,1666,3,30,walk,
home_seething_lane,lombard_street,788,485,1666,3,30,walk,
lombard_street,home_seething_lane,485,788,1666,3,30,walk,
home_seething_lane,mr_hales_studio,788,384,1666,3,30,walk,
home_seething_lane,navy_office,788,422,1666,3,31,walk,
navy_office,home_seething_lane,422,788,1666,3,31,walk,
whitehall,st_james_park,642,541,1666,4,1,walk,Dr. Allen
st_james_park,queens_chapel_whitehall,541,468,1666,4,1,walk,
queens_chapel_whitehall,home_seething_lane,468,788,1666,4,1,coach,
lord_chancellors_new_house,lord_st_albans_building,336,342,1666,4,1,walk,Uncle Wight
lord_st_albans_building,home_seething_lane,342,788,1666,4,1,coach,Uncle Wight
home_seething_lane,navy_office,788,422,1666,4,2,walk,
navy_office,guildhall,422,222,1666,4,2,coach,Mr. Gawden
westminster_hall,royal_exchange,610,789,1666,4,2,walk,Mr. Gawden
royal_exchange,coffee_house_exchange,789,106,1666,4,2,walk,Sir W. Warren
coffee_house_exchange,crown_tavern_exchange,106,129,1666,4,2,walk,
crown_tavern_exchange,whitehall,129,642,1666,4,2,coach,Elizabeth Pepys
home_seething_lane,navy_office,788,422,1666,4,3,walk,
navy_office,home_seething_lane,422,788,1666,4,3,walk,
home_seething_lane,sir_r_viners,788,370,1666,4,5,walk,
sir_r_viners,navy_office,370,422,1666,4,5,walk,
navy_office,sun_tavern_fish_st,422,6,1666,4,5,walk,Lord Bruncker; Captain Cocke
sun_tavern_fish_st,navy_office,6,422,1666,4,5,walk,
navy_office,home_seething_lane,422,788,1666,4,5,walk,
home_seething_lane,navy_office,788,422,1666,4,6,walk,
navy_office,home_seething_lane,422,788,1666,4,6,walk,
home_seething_lane,home_axe_yard,788,264,1666,4,6,coach,Mrs. Hunt
home_axe_yard,mr_hales_studio,264,384,1666,4,6,coach,
mr_hales_studio,home_seething_lane,384,788,1666,4,6,walk,Mr. Pierce; Mrs. Pierce
home_seething_lane,whitehall,788,642,1666,4,6,walk,
whitehall,home_seething_lane,642,788,1666,4,6,walk,
home_seething_lane,mrs_williams_covent_garden,788,420,1666,4,7,coach,Lord Bruncker
mr_hales_studio,cakehouse_hales,384,761,1666,4,7,walk,Mrs. Pierce; Bab Allen
cakehouse_hales,lord_chancellors_new_house,761,336,1666,4,7,coach,Mrs. Pierce; Bab Allen
lord_chancellors_new_house,navy_office,336,422,1666,4,7,coach,
navy_office,home_seething_lane,422,788,1666,4,7,walk,
home_seething_lane,old_swan,788,444,1666,4,8,walk,
old_swan,whitehall,444,642,1666,4,8,boat,
whitehall,home_axe_yard,642,264,1666,4,8,coach,
home_axe_yard,home_seething_lane,264,788,1666,4,8,coach,Mrs. Hunt
home_seething_lane,home_axe_yard,788,264,1666,4,8,coach,Mrs. Hunt
home_axe_yard,queens_chapel_whitehall,264,468,1666,4,8,coach,
queens_chapel_whitehall,home_seething_lane,468,788,1666,4,8,coach,
home_seething_lane,navy_office,788,422,1666,4,9,walk,
navy_office,royal_exchange,422,789,1666,4,9,walk,
royal_exchange,home_seething_lane,789,788,1666,4,9,walk,John Creed
home_seething_lane,whitehall,788,642,1666,4,9,coach,John Creed
whitehall,mrs_pierces_covent_garden,642,418,1666,4,9,coach,
mrs_pierces_covent_garden,chelsea,418,93,1666,4,9,coach,Mrs. Pierce; Mrs. Knipp
chelsea,kensington,93,291,1666,4,9,coach,Mrs. Pierce; Mrs. Knipp
kensington,mrs_pierces_covent_garden,291,418,1666,4,9,coach,Mrs. Pierce; Mrs. Knipp
mrs_pierces_covent_garden,home_seething_lane,418,788,1666,4,9,coach,
home_seething_lane,navy_office,788,422,1666,4,10,walk,
navy_office,home_seething_lane,422,788,1666,4,10,walk,
home_seething_lane,whitehall,788,642,1666,4,11,walk,
whitehall,mr_hales_studio,642,384,1666,4,11,walk,
mr_hales_studio,home_seething_lane,384,788,1666,4,11,walk,
home_seething_lane,gresham_college,788,219,1666,4,11,walk,
gresham_college,navy_office,219,422,1666,4,11,walk,
navy_office,home_seething_lane,422,788,1666,4,11,walk,
home_seething_lane,navy_office,788,422,1666,4,12,walk,
navy_office,home_seething_lane,422,788,1666,4,12,walk,
home_seething_lane,cockpit,788,104,1666,4,13,coach,Balthasar St. Michel
cockpit,st_james_park,104,541,1666,4,13,walk,Balthasar St. Michel
st_james_park,queens_chapel_whitehall,541,468,1666,4,13,walk,Balthasar St. Michel
queens_chapel_whitehall,cockpit,468,104,1666,4,13,walk,Balthasar St. Michel
cockpit,mr_hales_studio,104,384,1666,4,13,coach,
mr_hales_studio,pannier_alley,384,450,1666,4,13,walk,
pannier_alley,home_seething_lane,450,788,1666,4,13,walk,
home_seething_lane,pannier_alley,788,450,1666,4,13,walk,
pannier_alley,westminster_hall,450,610,1666,4,13,walk,
westminster_hall,home_seething_lane,610,788,1666,4,13,walk,
home_seething_lane,navy_office,788,422,1666,4,14,walk,
navy_office,home_seething_lane,422,788,1666,4,14,walk,
whitehall,queens_chapel_whitehall,642,468,1666,4,15,walk,
queens_chapel_whitehall,mrs_pierces_covent_garden,468,418,1666,4,15,walk,
mrs_pierces_covent_garden,st_james_park,418,541,1666,4,15,walk,James Pierce
st_james_park,mrs_pierces_covent_garden,541,418,1666,4,15,walk,James Pierce
mrs_pierces_covent_garden,kensington,418,291,1666,4,15,coach,Mrs. Pierce
kensington,home_seething_lane,291,788,1666,4,15,walk,
westminster_hall,home_seething_lane,610,788,1666,4,16,coach,
home_seething_lane,navy_office,788,422,1666,4,17,walk,
navy_office,home_seething_lane,422,788,1666,4,17,walk,
whitehall,lillys_studio,642,134,1666,4,18,walk,Sir W. Batten; Sir Thomas Allen
lillys_studio,print_seller,134,176,1666,4,18,walk,
print_seller,new_exchange,176,129,1666,4,18,walk,
lambeth,royal_exchange,309,789,1666,4,18,boat,
royal_exchange,mr_hales_studio,789,384,1666,4,18,coach,
mrs_pierces_covent_garden,cornhill,418,106,1666,4,18,coach,
cornhill,fish_street,106,177,1666,4,18,coach,Mrs. Pierce; Mrs. Knipp
fish_street,pannier_alley,177,450,1666,4,18,coach,
pannier_alley,home_seething_lane,450,788,1666,4,18,coach,
home_seething_lane,westminster_hall,788,610,1666,4,20,coach,
new_exchange,mr_hales_studio,129,384,1666,4,20,walk,
mr_hales_studio,st_pauls_churchyard,384,546,1666,4,20,walk,
st_pauls_churchyard,pannier_alley,546,450,1666,4,20,walk,
pannier_alley,home_seething_lane,450,788,1666,4,20,walk,
home_seething_lane,navy_office,788,422,1666,4,21,walk,
navy_office,home_seething_lane,422,788,1666,4,21,walk,
home_seething_lane,whitehall,788,642,1666,4,21,coach,Sir W. Batten
whitehall,hyde_park,642,275,1666,4,21,coach,Lord Bruncker
hyde_park,royal_exchange,275,789,1666,4,21,coach,Lord Bruncker
royal_exchange,home_seething_lane,789,788,1666,4,21,coach,
home_seething_lane,whitehall,788,642,1666,4,22,coach,Sir W. Batten
whitehall,home_seething_lane,642,788,1666,4,22,coach,Sir W. Batten
home_seething_lane,whitehall,788,642,1666,4,22,walk,
whitehall,st_james_park,642,541,1666,4,22,walk,
st_james_park,queens_chapel_whitehall,541,468,1666,4,22,walk,
queens_chapel_whitehall,worcester_house,468,668,1666,4,22,walk,
worcester_house,cockpit,668,104,1666,4,22,walk,
cockpit,home_seething_lane,104,788,1666,4,22,coach,
home_seething_lane,whitehall,788,642,1666,4,23,coach,Sir W. Batten; Lord Bruncker
whitehall,westminster_hall,642,610,1666,4,23,walk,
westminster_hall,home_seething_lane,610,788,1666,4,23,coach,
home_seething_lane,mr_hales_studio,788,384,1666,4,23,coach,Balthasar St. Michel
mr_hales_studio,home_seething_lane,384,788,1666,4,23,coach,Elizabeth Pepys; Mercer
home_seething_lane,islington,788,282,1666,4,23,coach,Elizabeth Pepys; Mercer
islington,home_seething_lane,282,788,1666,4,23,coach,Elizabeth Pepys; Mercer
home_seething_lane,navy_office,788,422,1666,4,24,walk,
navy_office,home_seething_lane,422,788,1666,4,24,walk,
home_seething_lane,navy_office,788,422,1666,4,25,walk,
navy_office,pannier_alley,422,450,1666,4,25,walk,
pannier_alley,home_seething_lane,450,788,1666,4,25,walk,
home_seething_lane,navy_office,788,422,1666,4,26,walk,
navy_office,home_seething_lane,422,788,1666,4,26,walk,
home_seething_lane,lord_treasurers_house,788,343,1666,4,27,walk,Balthasar St. Michel
lord_treasurers_house,royal_exchange,343,789,1666,4,27,walk,
home_seething_lane,navy_office,788,422,1666,4,28,walk,
navy_office,home_seething_lane,422,788,1666,4,28,walk,
home_seething_lane,mr_hales_studio,788,384,1666,4,28,coach,Elizabeth Pepys
mr_hales_studio,home_seething_lane,384,788,1666,4,28,coach,
home_seething_lane,parish_church,788,544,1666,4,29,walk,
parish_church,home_seething_lane,544,788,1666,4,29,walk,
home_seething_lane,navy_office,788,422,1666,4,30,walk,
navy_office,home_seething_lane,422,788,1666,4,30,walk,
home_seething_lane,bow,788,50,1666,4,30,coach,Elizabeth Pepys; Mercer
bow,home_seething_lane,50,788,1666,4,30,coach,Elizabeth Pepys; Mercer
home_seething_lane,navy_office,788,422,1666,5,1,walk,
navy_office,home_seething_lane,422,788,1666,5,1,walk,
home_seething_lane,old_swan,788,444,1666,5,1,walk,
old_swan,redriffe,444,475,1666,5,1,boat,
redriffe,deptford,475,77,1666,5,1,walk,
deptford,halfway_house,77,226,1666,5,1,walk,Mr. Castle
whitehall,pannier_alley,642,450,1666,5,2,walk,
pannier_alley,home_seething_lane,450,788,1666,5,2,walk,
navy_office,home_seething_lane,422,788,1666,5,2,walk,
home_seething_lane,navy_office,788,422,1666,5,3,walk,
navy_office,home_seething_lane,422,788,1666,5,3,walk,
home_seething_lane,sir_ph_warwickes,788,509,1666,5,4,boat,Mr. Gregory
sir_ph_warwickes,whitehall,509,642,1666,5,4,walk,Mr. Gregory
navy_office,home_seething_lane,422,788,1666,5,4,walk,
home_seething_lane,new_exchange,788,129,1666,5,4,walk,
new_exchange,whitehall,129,642,1666,5,4,walk,
home_seething_lane,bow,788,50,1666,5,4,coach,Elizabeth Pepys
bow,home_seething_lane,50,788,1666,5,4,coach,Elizabeth Pepys
home_seething_lane,navy_office,788,422,1666,5,5,walk,
navy_office,home_seething_lane,422,788,1666,5,5,walk,
home_seething_lane,parish_church,788,544,1666,5,6,walk,
parish_church,home_seething_lane,544,788,1666,5,6,walk,
home_seething_lane,whitehall,788,642,1666,5,6,walk,
whitehall,home_seething_lane,642,788,1666,5,6,walk,
home_seething_lane,victualling_office,788,597,1666,5,6,walk,
home_seething_lane,navy_office,788,422,1666,5,7,walk,
navy_office,victualling_office,422,597,1666,5,7,walk,Sir W. Coventry
victualling_office,home_seething_lane,597,788,1666,5,7,walk,
lord_treasurers_house,exchequer,343,169,1666,5,7,walk,
exchequer,navy_office,169,422,1666,5,7,walk,
navy_office,home_seething_lane,422,788,1666,5,7,walk,
home_seething_lane,navy_office,788,422,1666,5,8,walk,
navy_office,home_seething_lane,422,788,1666,5,8,walk,
home_seething_lane,deptford,788,77,1666,5,9,boat,
deptford,home_seething_lane,77,788,1666,5,9,walk,
home_seething_lane,lovetts_house,788,346,1666,5,9,coach,
lovetts_house,lord_treasurers_house,346,343,1666,5,9,coach,
lord_treasurers_house,mrs_pierces_covent_garden,343,418,1666,5,9,coach,
mr_hales_studio,cornhill,384,106,1666,5,9,coach,Mrs. Pierce; Mrs. Knipp
cornhill,home_seething_lane,106,788,1666,5,9,coach,
home_seething_lane,navy_office,788,422,1666,5,10,walk,
navy_office,home_seething_lane,422,788,1666,5,10,walk,
hackney,home_seething_lane,223,788,1666,5,10,coach,Elizabeth Pepys; Mrs. Turner
home_seething_lane,lord_ashlys_house,788,329,1666,5,11,walk,Mr. Yeabsly
lord_ashlys_house,exchequer,329,169,1666,5,11,walk,
exchequer,royal_exchange,169,789,1666,5,11,walk,
home_seething_lane,hackney,788,223,1666,5,11,coach,Elizabeth Pepys; Mrs. Pierce
hackney,kingsland,223,299,1666,5,11,coach,Elizabeth Pepys; Mrs. Pierce
kingsland,islington,299,282,1666,5,11,coach,Elizabeth Pepys; Mrs. Pierce
islington,mrs_pierces_covent_garden,282,418,1666,5,11,coach,Mrs. Pierce
mrs_pierces_covent_garden,home_seething_lane,418,788,1666,5,11,coach,Elizabeth Pepys
home_seething_lane,navy_office,788,422,1666,5,12,walk,
navy_office,home_seething_lane,422,788,1666,5,12,walk,
whitehall,home_seething_lane,642,788,1666,5,12,boat,
whitehall,home_seething_lane,642,788,1666,5,13,walk,
home_seething_lane,navy_office,788,422,1666,5,14,walk,
navy_office,new_exchange,422,129,1666,5,14,coach,Elizabeth Pepys
new_exchange,exchequer,129,169,1666,5,14,walk,
exchequer,new_exchange,169,129,1666,5,14,walk,
new_exchange,home_seething_lane,129,788,1666,5,14,coach,Elizabeth Pepys
home_seething_lane,bow,788,50,1666,5,14,coach,Elizabeth Pepys; Aunt Wight
bow,home_seething_lane,50,788,1666,5,14,coach,Elizabeth Pepys; Aunt Wight
home_seething_lane,navy_office,788,422,1666,5,15,walk,
navy_office,home_seething_lane,422,788,1666,5,15,walk,
lord_crews_house,lord_treasurers_house,337,343,1666,5,15,walk,
home_seething_lane,deptford,788,77,1666,5,16,boat,
deptford,home_seething_lane,77,788,1666,5,16,walk,
home_seething_lane,deptford,788,77,1666,5,16,boat,
home_seething_lane,islington,788,282,1666,5,16,coach,Elizabeth Pepys; Mrs. Barbary; Mercer
islington,home_seething_lane,282,788,1666,5,16,coach,Elizabeth Pepys; Mrs. Barbary; Mercer
home_seething_lane,navy_office,788,422,1666,5,17,walk,
navy_office,home_seething_lane,422,788,1666,5,17,walk,
home_seething_lane,deptford,788,77,1666,5,18,boat,
deptford,blackwall,77,47,1666,5,18,boat,
home_seething_lane,exchequer,788,169,1666,5,18,walk,
home_seething_lane,navy_office,788,422,1666,5,19,walk,
navy_office,home_seething_lane,422,788,1666,5,19,walk,
home_seething_lane,parish_church,788,544,1666,5,20,walk,Elizabeth Pepys
parish_church,home_seething_lane,544,788,1666,5,20,walk,Elizabeth Pepys
home_seething_lane,mrs_martins_lodging,788,415,1666,5,20,walk,
westminster_abbey,home_seething_lane,609,788,1666,5,20,boat,
home_seething_lane,deptford,788,77,1666,5,20,boat,
deptford,home_seething_lane,77,788,1666,5,20,boat,
home_seething_lane,greenwich,788,212,1666,5,20,boat,Elizabeth Pepys
greenwich,home_seething_lane,212,788,1666,5,20,boat,Elizabeth Pepys
home_seething_lane,navy_office,788,422,1666,5,21,walk,
navy_office,home_seething_lane,422,788,1666,5,21,walk,
home_seething_lane,lord_ashlys_house,788,329,1666,5,21,walk,
lord_ashlys_house,lord_bellasses_house,329,330,1666,5,21,walk,Sir H. Cholmly
lord_bellasses_house,westminster_hall,330,610,1666,5,21,walk,
home_seething_lane,islington,788,282,1666,5,21,coach,Elizabeth Pepys; Balthasar St. Michel; Mercer
islington,home_seething_lane,282,788,1666,5,21,coach,Elizabeth Pepys; Balthasar St. Michel; Mercer
home_seething_lane,navy_office,788,422,1666,5,22,walk,
navy_office,lovetts_house,422,346,1666,5,22,walk,
lovetts_house,home_seething_lane,346,788,1666,5,22,walk,
home_seething_lane,navy_office,788,422,1666,5,22,walk,
navy_office,home_seething_lane,422,788,1666,5,22,walk,
home_seething_lane,lord_bellasses_house,788,330,1666,5,23,walk,
lord_bellasses_house,whitehall,330,642,1666,5,23,walk,
whitehall,excise_office,642,170,1666,5,23,walk,
excise_office,royal_exchange,170,789,1666,5,23,walk,
royal_exchange,home_seething_lane,789,788,1666,5,23,walk,John Creed
home_seething_lane,new_exchange,788,129,1666,5,23,coach,Elizabeth Pepys; John Creed; Mercer
new_exchange,sir_g_carterets_whitehall,129,125,1666,5,23,walk,
sir_g_carterets_whitehall,hyde_park,125,275,1666,5,23,coach,Sir G. Carteret
hyde_park,charing_cross,275,85,1666,5,23,coach,Sir G. Carteret
charing_cross,mrs_pierces_covent_garden,85,418,1666,5,23,walk,
home_seething_lane,navy_office,788,422,1666,5,24,walk,
navy_office,home_seething_lane,422,788,1666,5,24,walk,
home_seething_lane,kingsland,788,299,1666,5,24,coach,Elizabeth Pepys
kingsland,home_seething_lane,299,788,1666,5,24,coach,Elizabeth Pepys
home_seething_lane,royal_exchange,788,789,1666,5,25,walk,
home_seething_lane,excise_office,788,170,1666,5,25,walk,
excise_office,home_seething_lane,170,788,1666,5,25,walk,
home_seething_lane,hackney,788,223,1666,5,25,coach,Elizabeth Pepys; Mercer
hackney,home_seething_lane,223,788,1666,5,25,coach,Elizabeth Pepys; Mercer
home_seething_lane,navy_office,788,422,1666,5,26,walk,
navy_office,victualling_office,422,597,1666,5,26,walk,
victualling_office,navy_office,597,422,1666,5,26,walk,
navy_office,home_seething_lane,422,788,1666,5,26,walk,
home_seething_lane,parish_church,788,544,1666,5,27,walk,Elizabeth Pepys
parish_church,home_seething_lane,544,788,1666,5,27,walk,Elizabeth Pepys
home_seething_lane,greenwich,788,212,1666,5,27,boat,Elizabeth Pepys
greenwich,home_seething_lane,212,788,1666,5,27,boat,Elizabeth Pepys
home_seething_lane,navy_office,788,422,1666,5,28,walk,
navy_office,deptford,422,77,1666,5,28,boat,
deptford,redriffe,77,475,1666,5,28,walk,
home_seething_lane,navy_office,788,422,1666,5,28,walk,
navy_office,excise_office,422,170,1666,5,28,walk,
excise_office,home_seething_lane,170,788,1666,5,28,walk,
home_seething_lane,navy_office,788,422,1666,5,29,walk,
navy_office,sir_w_pen_house,422,516,1666,5,29,walk,
sir_w_pen_house,victualling_office,516,597,1666,5,29,walk,Sir W. Coventry; Sir W. Pen
victualling_office,navy_office,597,422,1666,5,29,walk,
navy_office,home_seething_lane,422,788,1666,5,29,walk,
home_seething_lane,foxhall_spring_gardens,788,185,1666,5,29,coach,Elizabeth Pepys; John Creed
foxhall_spring_gardens,new_exchange,185,129,1666,5,29,coach,Elizabeth Pepys; Mrs. Pierce; John Creed
new_exchange,home_seething_lane,129,788,1666,5,29,coach,Elizabeth Pepys
home_seething_lane,navy_office,788,422,1666,5,30,walk,
navy_office,whitehall,422,642,1666,5,30,walk,
exchequer,sir_ph_warwickes,169,509,1666,5,30,walk,
sir_ph_warwickes,navy_office,509,422,1666,5,30,walk,
navy_office,home_seething_lane,422,788,1666,5,30,walk,
home_seething_lane,lord_ashlys_house,788,329,1666,5,30,walk,
lord_ashlys_house,whitehall,329,642,1666,5,30,walk,
whitehall,lord_treasurers_house,642,343,1666,5,30,walk,
lord_treasurers_house,lovetts_house,343,346,1666,5,30,walk,
lovetts_house,home_seething_lane,346,788,1666,5,30,walk,
home_seething_lane,deptford,788,77,1666,5,30,boat,
deptford,home_seething_lane,77,788,1666,5,30,boat,
home_seething_lane,deptford,788,77,1666,5,31,boat,
deptford,blackwall,77,47,1666,5,31,boat,
blackwall,home_seething_lane,47,788,1666,5,31,boat,
home_seething_lane,navy_office,788,422,1666,6,1,walk,
navy_office,home_seething_lane,422,788,1666,6,1,walk,
home_seething_lane,navy_office,788,422,1666,6,2,walk,
navy_office,victualling_office,422,597,1666,6,2,walk,
victualling_office,greenwich,597,212,1666,6,2,boat,
greenwich,greenwich_park,212,76,1666,6,2,walk,Captain Erwin
greenwich_park,kings_head_greenwich,76,213,1666,6,2,walk,Captain Erwin
whitehall,parish_church,642,544,1666,6,3,boat,
home_seething_lane,royal_exchange,788,789,1666,6,3,walk,
royal_exchange,st_margarets_westminster,789,543,1666,6,3,walk,
st_margarets_westminster,westminster_abbey,543,609,1666,6,3,walk,
westminster_abbey,mrs_martins_lodging,609,415,1666,6,3,walk,
whitehall,hyde_park,642,275,1666,6,3,coach,John Creed
hyde_park,home_seething_lane,275,788,1666,6,3,coach,
home_seething_lane,st_james_palace,788,540,1666,6,4,coach,Sir J. Minnes; Sir W. Pen
st_james_palace,home_seething_lane,540,788,1666,6,4,coach,Sir W. Pen
home_seething_lane,somerset_house_stairs,788,523,1666,6,4,coach,Mr. Daniel
whitehall,new_exchange,642,129,1666,6,4,coach,
new_exchange,parish_church,129,544,1666,6,4,walk,
parish_church,home_seething_lane,544,788,1666,6,4,walk,
home_seething_lane,gresham_college,788,219,1666,6,4,walk,
gresham_college,crown_tavern_exchange,219,129,1666,6,4,walk,
crown_tavern_exchange,whitehall,129,642,1666,6,4,coach,Lord Bruncker; John Creed
whitehall,st_james_park,642,541,1666,6,4,walk,John Creed
st_james_park,home_seething_lane,541,788,1666,6,4,boat,
home_seething_lane,navy_office,788,422,1666,6,5,walk,
navy_office,home_seething_lane,422,788,1666,6,5,walk,
home_seething_lane,deptford,788,77,1666,6,5,boat,
deptford,woolwich,77,362,1666,6,5,boat,
woolwich,longreach,362,327,1666,6,5,boat,
longreach,home_seething_lane,327,788,1666,6,5,boat,
home_seething_lane,victualling_office,788,597,1666,6,6,walk,
victualling_office,st_james_palace,597,540,1666,6,6,boat,
st_james_palace,whitehall,540,642,1666,6,6,walk,
whitehall,new_exchange,642,129,1666,6,6,coach,
new_exchange,parish_church,129,544,1666,6,6,walk,
parish_church,home_seething_lane,544,788,1666,6,6,walk,
home_seething_lane,mr_hales_studio,788,384,1666,6,6,coach,
mr_hales_studio,lovetts_house,384,346,1666,6,6,walk,
lovetts_house,home_seething_lane,346,788,1666,6,6,walk,
home_seething_lane,bow,788,50,1666,6,6,coach,
bow,home_seething_lane,50,788,1666,6,6,coach,
home_seething_lane,navy_office,788,422,1666,6,7,walk,
navy_office,royal_exchange,422,789,1666,6,7,walk,
home_seething_lane,whitehall,788,642,1666,6,7,walk,
whitehall,home_seething_lane,642,788,1666,6,7,walk,
home_seething_lane,st_james_palace,788,540,1666,6,8,walk,
st_james_palace,exchequer,540,169,1666,6,8,walk,
exchequer,home_seething_lane,169,788,1666,6,8,walk,
home_seething_lane,navy_office,788,422,1666,6,8,walk,Balthasar St. Michel
navy_office,whitehall,422,642,1666,6,8,walk,
home_seething_lane,st_james_palace,788,540,1666,6,9,walk,
st_james_palace,whitehall,540,642,1666,6,9,walk,
whitehall,old_swan,642,444,1666,6,9,boat,
home_seething_lane,deptford,788,77,1666,6,10,boat,
deptford,navy_office,77,422,1666,6,10,boat,
navy_office,home_seething_lane,422,788,1666,6,10,walk,
home_seething_lane,whitehall,788,642,1666,6,10,boat,
old_swan,home_seething_lane,444,788,1666,6,10,boat,
home_seething_lane,sir_w_warrens_house,788,605,1666,6,11,boat,
sir_w_warrens_house,navy_office,605,422,1666,6,11,boat,
home_seething_lane,deptford,788,77,1666,6,11,walk,Lady Pen; Margaret Pen
deptford,navy_office,77,422,1666,6,11,boat,Sir W. Batten
navy_office,home_seething_lane,422,788,1666,6,12,walk,
home_seething_lane,navy_office,788,422,1666,6,12,walk,
navy_office,home_seething_lane,422,788,1666,6,12,walk,
home_seething_lane,whitehall,788,642,1666,6,12,walk,
whitehall,deptford,642,77,1666,6,12,boat,
deptford,home_seething_lane,77,788,1666,6,12,boat,
home_seething_lane,st_james_palace,788,540,1666,6,13,coach,
st_james_palace,whitehall,540,642,1666,6,13,walk,
whitehall,exchequer,642,169,1666,6,13,walk,Balthasar St. Michel
exchequer,mr_hales_studio,169,384,1666,6,13,walk,Balthasar St. Michel
home_seething_lane,excise_office,788,170,1666,6,13,walk,
home_seething_lane,deptford,788,77,1666,6,13,boat,
deptford,bagwells_house,77,141,1666,6,13,walk,
bagwells_house,home_seething_lane,141,788,1666,6,13,boat,
home_seething_lane,navy_office,788,422,1666,6,14,walk,
navy_office,mr_hales_studio,422,384,1666,6,14,walk,Elizabeth Pepys; John Pepys Sr.
whitehall,home_seething_lane,642,788,1666,6,14,coach,
home_seething_lane,navy_office,788,422,1666,6,15,walk,
navy_office,exchequer,422,169,1666,6,15,walk,
home_seething_lane,deptford,788,77,1666,6,16,boat,
deptford,home_seething_lane,77,788,1666,6,16,walk,
home_seething_lane,deptford,788,77,1666,6,16,boat,
deptford,woolwich,77,362,1666,6,16,boat,
woolwich,whitehall,362,642,1666,6,16,boat,
whitehall,exchequer,642,169,1666,6,16,walk,
exchequer,mr_hales_studio,169,384,1666,6,16,walk,
mr_hales_studio,home_seething_lane,384,788,1666,6,16,coach,Elizabeth Pepys
home_seething_lane,islington,788,282,1666,6,16,coach,Elizabeth Pepys; Mrs. Barbary; Mercer
islington,home_seething_lane,282,788,1666,6,16,coach,Elizabeth Pepys; Mrs. Barbary; Mercer
anthony_joyces_house,new_exchange,8,129,1666,6,17,walk,
new_exchange,milke_house_strand,129,723,1666,6,17,walk,
milke_house_strand,anthony_joyces_house,723,8,1666,6,17,coach,
anthony_joyces_house,islington,8,282,1666,6,17,coach,Elizabeth Pepys; John Pepys Sr.; Pall Pepys; Mercer
islington,hackney,282,223,1666,6,17,coach,Elizabeth Pepys; John Pepys Sr.; Pall Pepys; Mercer
hackney,home_seething_lane,223,788,1666,6,17,coach,Elizabeth Pepys; John Pepys Sr.; Pall Pepys; Mercer
home_seething_lane,lombard_street,788,485,1666,6,18,walk,
lombard_street,exchequer,485,169,1666,6,18,walk,
exchequer,mr_hales_studio,169,384,1666,6,18,walk,
mr_hales_studio,lord_bellasses_house,384,330,1666,6,18,walk,
lord_bellasses_house,navy_office,330,422,1666,6,18,walk,
navy_office,colvills_goldsmith,422,370,1666,6,18,walk,
colvills_goldsmith,deptford,370,77,1666,6,18,boat,
deptford,home_seething_lane,77,788,1666,6,18,boat,
home_seething_lane,navy_office,788,422,1666,6,19,walk,
navy_office,will_joyces_house,422,8,1666,6,19,walk,John Creed
home_seething_lane,st_james_palace,788,540,1666,6,20,walk,
st_james_palace,exchequer,540,169,1666,6,20,walk,
mr_hales_studio,bennetts_paternoster_row,384,684,1666,6,20,walk,Mrs. Williams; Mrs. Knipp
bennetts_paternoster_row,home_seething_lane,684,788,1666,6,20,coach,
home_seething_lane,navy_office,788,422,1666,6,21,walk,
navy_office,home_seething_lane,422,788,1666,6,21,walk,
home_seething_lane,deptford,788,77,1666,6,22,boat,
deptford,exchequer,77,169,1666,6,22,boat,
home_seething_lane,navy_office,788,422,1666,6,23,walk,
navy_office,home_seething_lane,422,788,1666,6,23,walk,
home_seething_lane,deptford,788,77,1666,6,23,boat,
deptford,redriffe,77,475,1666,6,23,walk,
redriffe,home_seething_lane,475,788,1666,6,23,walk,
home_seething_lane,deptford,788,77,1666,6,24,boat,
deptford,home_seething_lane,77,788,1666,6,24,boat,
home_seething_lane,whitehall,788,642,1666,6,24,boat,
whitehall,st_james_palace,642,540,1666,6,24,walk,
st_james_palace,hyde_park,540,275,1666,6,24,coach,Sir W. Coventry
hyde_park,whitehall,275,642,1666,6,24,coach,Sir W. Coventry
home_seething_lane,deptford,788,77,1666,6,25,boat,
deptford,home_seething_lane,77,788,1666,6,25,boat,
home_seething_lane,navy_office,788,422,1666,6,26,walk,
navy_office,home_seething_lane,422,788,1666,6,26,walk,
home_seething_lane,st_james_palace,788,540,1666,6,27,boat,
st_james_palace,old_exchange,540,129,1666,6,27,walk,
old_exchange,home_seething_lane,129,788,1666,6,27,walk,
home_seething_lane,mr_hales_studio,788,384,1666,6,27,coach,Elizabeth Pepys
mr_hales_studio,lovetts_house,384,346,1666,6,27,walk,
lovetts_house,grays_inn_fields,346,205,1666,6,27,walk,Mr. Lovett
grays_inn_fields,lord_bellasses_house,205,330,1666,6,27,walk,
lord_bellasses_house,home_seething_lane,330,788,1666,6,27,coach,Elizabeth Pepys
home_seething_lane,navy_office,788,422,1666,6,28,walk,
navy_office,home_seething_lane,422,788,1666,6,28,walk,
home_seething_lane,sir_r_viners,788,370,1666,6,28,walk,
sir_r_viners,navy_office,370,422,1666,6,28,walk,
navy_office,home_seething_lane,422,788,1666,6,29,walk,
home_seething_lane,deptford,788,77,1666,6,29,boat,
deptford,home_seething_lane,77,788,1666,6,29,boat,
home_seething_lane,whitehall,788,642,1666,6,29,walk,
whitehall,westminster_hall,642,610,1666,6,29,walk,
westminster_hall,st_james_palace,610,540,1666,6,29,walk,
st_james_palace,navy_office,540,422,1666,6,29,walk,
navy_office,home_seething_lane,422,788,1666,6,29,walk,
bridewell,navy_office,56,422,1666,6,30,walk,
navy_office,home_seething_lane,422,788,1666,6,30,walk,
home_seething_lane,navy_office,788,422,1666,7,1,walk,
navy_office,deptford,422,77,1666,7,1,boat,
deptford,tower,77,583,1666,7,1,boat,
home_seething_lane,navy_office,788,422,1666,7,1,walk,
navy_office,home_seething_lane,422,788,1666,7,1,walk,
bridewell,tower,56,583,1666,7,2,walk,
tower,home_seething_lane,583,788,1666,7,2,walk,
home_seething_lane,excise_office,788,170,1666,7,2,walk,
excise_office,sir_w_pen_house,170,516,1666,7,2,walk,
sir_w_pen_house,deptford,516,77,1666,7,2,boat,
deptford,tower,77,583,1666,7,2,boat,
tower,home_seething_lane,583,788,1666,7,3,walk,
home_seething_lane,navy_office,788,422,1666,7,3,walk,
navy_office,home_seething_lane,422,788,1666,7,3,walk,
home_seething_lane,lord_treasurers_house,788,343,1666,7,3,coach,Pall Pepys
lord_treasurers_house,navy_office,343,422,1666,7,3,walk,
navy_office,home_seething_lane,422,788,1666,7,4,walk,
home_seething_lane,st_james_palace,788,540,1666,7,4,walk,Robert Shepley
st_james_palace,lord_bellasses_house,540,330,1666,7,4,walk,
lord_bellasses_house,home_seething_lane,330,788,1666,7,4,walk,
home_seething_lane,navy_office,788,422,1666,7,4,walk,
navy_office,home_seething_lane,422,788,1666,7,4,walk,
home_seething_lane,navy_office,788,422,1666,7,5,walk,
navy_office,home_seething_lane,422,788,1666,7,5,walk,
home_seething_lane,lombard_street,788,485,1666,7,5,walk,
lombard_street,navy_office,485,422,1666,7,5,walk,
navy_office,home_seething_lane,422,788,1666,7,6,walk,
home_seething_lane,lombard_street,788,485,1666,7,6,walk,
lombard_street,navy_office,485,422,1666,7,6,walk,
navy_office,tower,422,583,1666,7,6,walk,
lombard_street,home_seething_lane,485,788,1666,7,6,walk,
exchequer,home_seething_lane,169,788,1666,7,6,boat,
home_seething_lane,navy_office,788,422,1666,7,7,walk,
navy_office,home_seething_lane,422,788,1666,7,7,walk,
home_seething_lane,parish_church,788,544,1666,7,8,walk,Elizabeth Pepys; Mercer
parish_church,home_seething_lane,544,788,1666,7,8,walk,Elizabeth Pepys; Mercer
home_seething_lane,foxhall_spring_gardens,788,185,1666,7,8,boat,Elizabeth Pepys; Mercer
foxhall_spring_gardens,deptford,185,77,1666,7,8,boat,Elizabeth Pepys; Mercer
deptford,home_seething_lane,77,788,1666,7,8,boat,Elizabeth Pepys; Mercer
home_seething_lane,sir_g_downings_house,788,693,1666,7,9,coach,Sir W. Pen
sir_g_downings_house,home_seething_lane,693,788,1666,7,9,boat,
home_seething_lane,navy_office,788,422,1666,7,9,walk,
navy_office,home_seething_lane,422,788,1666,7,9,walk,
home_seething_lane,navy_office,788,422,1666,7,10,walk,
navy_office,tower,422,583,1666,7,10,walk,
tower,home_seething_lane,583,788,1666,7,10,walk,
home_seething_lane,navy_office,788,422,1666,7,10,walk,
navy_office,home_seething_lane,422,788,1666,7,10,walk,
home_seething_lane,sir_g_downings_house,788,693,1666,7,11,boat,
sir_g_downings_house,st_james_palace,693,540,1666,7,11,coach,
st_james_palace,westminster_hall,540,610,1666,7,11,walk,
home_seething_lane,sir_r_viners,788,370,1666,7,11,walk,
sir_r_viners,home_seething_lane,370,788,1666,7,11,walk,
home_seething_lane,islington,788,282,1666,7,11,coach,Elizabeth Pepys
islington,hackney,282,223,1666,7,11,coach,Elizabeth Pepys
hackney,home_seething_lane,223,788,1666,7,11,coach,Elizabeth Pepys
home_seething_lane,tower,788,583,1666,7,11,walk,
tower,greenwich,583,212,1666,7,11,boat,
tower,goring_house,583,199,1666,7,12,coach,
goring_house,st_james_palace,199,540,1666,7,12,walk,
st_james_palace,navy_office,540,422,1666,7,12,coach,Sir W. Coventry
navy_office,home_seething_lane,422,788,1666,7,12,walk,
lissen_green,charing_cross,39,85,1666,7,12,coach,Mrs. Burroughs
charing_cross,whitehall,85,642,1666,7,12,walk,
whitehall,home_seething_lane,642,788,1666,7,12,walk,
home_seething_lane,navy_office,788,422,1666,7,13,walk,
navy_office,royal_exchange,422,789,1666,7,13,walk,
royal_exchange,home_seething_lane,789,788,1666,7,13,walk,
home_seething_lane,sir_r_viners,788,370,1666,7,13,walk,
sir_r_viners,navy_office,370,422,1666,7,13,walk,
navy_office,home_seething_lane,422,788,1666,7,13,walk,
home_seething_lane,navy_office,788,422,1666,7,14,walk,
navy_office,home_seething_lane,422,788,1666,7,14,walk,
home_seething_lane,parish_church,788,544,1666,7,15,walk,Elizabeth Pepys; Mercer
parish_church,home_seething_lane,544,788,1666,7,15,walk,
home_seething_lane,whitehall,788,642,1666,7,15,walk,Mr. Michell
whitehall,st_james_park,642,541,1666,7,15,walk,
st_james_park,westminster_abbey,541,609,1666,7,15,walk,
westminster_abbey,hackney,609,223,1666,7,15,coach,Elizabeth Pepys; Mr. Michell; Betty Michell
hackney,home_seething_lane,223,788,1666,7,15,coach,Elizabeth Pepys; Mr. Michell; Betty Michell
home_seething_lane,navy_office,788,422,1666,7,17,walk,
navy_office,home_seething_lane,422,788,1666,7,17,walk,
home_seething_lane,new_exchange,788,129,1666,7,17,coach,Elizabeth Pepys
new_exchange,home_seething_lane,129,788,1666,7,17,coach,Elizabeth Pepys
home_seething_lane,bow,788,50,1666,7,17,coach,Sir W. Pen
bow,home_seething_lane,50,788,1666,7,17,coach,Sir W. Pen
st_james_palace,lillys_studio,540,134,1666,7,18,coach,Sir W. Pen
lillys_studio,home_seething_lane,134,788,1666,7,18,coach,Sir W. Pen
home_seething_lane,greenwich,788,212,1666,7,18,boat,
greenwich,woolwich,212,362,1666,7,18,walk,
woolwich,deptford,362,77,1666,7,18,boat,
deptford,bagwells_house,77,141,1666,7,18,walk,
bagwells_house,home_seething_lane,141,788,1666,7,18,boat,
home_seething_lane,navy_office,788,422,1666,7,19,walk,
navy_office,home_seething_lane,422,788,1666,7,19,walk,
home_seething_lane,st_james_palace,788,540,1666,7,20,coach,Sir W. Pen
st_james_palace,whitehall,540,642,1666,7,20,walk,
whitehall,lovetts_house,642,346,1666,7,20,walk,
lovetts_house,home_seething_lane,346,788,1666,7,20,walk,
home_seething_lane,navy_office,788,422,1666,7,20,walk,
navy_office,home_seething_lane,422,788,1666,7,20,walk,
home_seething_lane,navy_office,788,422,1666,7,21,walk,
navy_office,home_seething_lane,422,788,1666,7,21,walk,
home_seething_lane,whitehall,788,642,1666,7,22,walk,
whitehall,home_seething_lane,642,788,1666,7,22,walk,
home_seething_lane,excise_office,788,170,1666,7,23,walk,
excise_office,home_seething_lane,170,788,1666,7,23,walk,
home_seething_lane,st_james_palace,788,540,1666,7,23,coach,
st_james_palace,st_james_park,540,541,1666,7,23,walk,Sir W. Coventry; Sir G. Downing
st_james_park,whitehall,541,642,1666,7,23,walk,Sir G. Downing
whitehall,home_seething_lane,642,788,1666,7,23,coach,
home_seething_lane,navy_office,788,422,1666,7,24,walk,
navy_office,home_seething_lane,422,788,1666,7,24,walk,
st_james_palace,whitehall,540,642,1666,7,25,walk,
whitehall,mrs_martins_new_lodging,642,415,1666,7,25,walk,
mrs_martins_new_lodging,whitehall,415,642,1666,7,25,walk,
whitehall,home_seething_lane,642,788,1666,7,25,boat,
home_seething_lane,lovetts_house,788,346,1666,7,25,coach,
home_seething_lane,navy_office,788,422,1666,7,26,walk,
navy_office,home_seething_lane,422,788,1666,7,26,walk,
home_seething_lane,whitehall,788,642,1666,7,26,coach,Mr. Hunt
whitehall,mrs_pierces_covent_garden,642,418,1666,7,26,walk,
mrs_pierces_covent_garden,lord_chancellors_new_house,418,336,1666,7,26,coach,Elizabeth Pepys; Mercer
lord_chancellors_new_house,islington,336,282,1666,7,26,coach,Elizabeth Pepys; Mercer
islington,kingsland,282,299,1666,7,26,coach,Elizabeth Pepys; Mercer
kingsland,home_seething_lane,299,788,1666,7,26,coach,Elizabeth Pepys; Mercer
home_seething_lane,navy_office,788,422,1666,7,27,walk,
navy_office,home_seething_lane,422,788,1666,7,27,walk,
home_seething_lane,old_swan,788,444,1666,7,27,walk,
old_swan,whitehall,444,642,1666,7,27,boat,
whitehall,st_james_park,642,541,1666,7,27,walk,Sir W. Coventry
st_james_park,islington,541,282,1666,7,27,coach,John Creed
islington,home_seething_lane,282,788,1666,7,27,coach,
home_seething_lane,navy_office,788,422,1666,7,28,walk,
navy_office,popes_head_tavern,422,459,1666,7,28,walk,Lord Bruncker; Sir W. Warren
popes_head_tavern,whitehall,459,642,1666,7,28,coach,Lord Bruncker
whitehall,st_james_palace,642,540,1666,7,28,walk,
st_james_palace,highgate,540,236,1666,7,28,coach,Lord Bruncker
lord_brunckers_covent_garden,home_seething_lane,334,788,1666,7,28,coach,
home_seething_lane,parish_church,788,544,1666,7,29,walk,
parish_church,home_seething_lane,544,788,1666,7,29,walk,
st_james_palace,home_seething_lane,540,788,1666,7,30,walk,
home_seething_lane,navy_office,788,422,1666,7,31,walk,
navy_office,home_seething_lane,422,788,1666,7,31,walk,
home_seething_lane,whitehall,788,642,1666,7,31,walk,
whitehall,westminster_hall,642,610,1666,7,31,walk,John Creed
westminster_hall,mrs_martins_new_lodging,610,415,1666,7,31,walk,
mrs_martins_new_lodging,old_swan,415,444,1666,7,31,boat,
home_seething_lane,st_james_palace,788,540,1666,8,1,coach,
st_james_palace,st_james_park,540,541,1666,8,1,walk,Sir W. Coventry
st_james_park,mrs_martins_new_lodging,541,415,1666,8,1,walk,
mrs_martins_new_lodging,westminster_abbey,415,609,1666,8,1,walk,
home_seething_lane,navy_office,788,422,1666,8,2,walk,Sir W. Batten
navy_office,victualling_office,422,597,1666,8,2,walk,John Creed
victualling_office,lord_brunckers_covent_garden,597,334,1666,8,2,coach,John Creed
lord_brunckers_covent_garden,woolwich,334,362,1666,8,2,boat,
woolwich,home_seething_lane,362,788,1666,8,2,boat,Elizabeth Pepys; Mercer; Mr. Batelier
home_seething_lane,navy_office,788,422,1666,8,2,walk,
navy_office,home_seething_lane,422,788,1666,8,2,walk,
home_seething_lane,navy_office,788,422,1666,8,3,walk,
navy_office,home_seething_lane,422,788,1666,8,3,walk,
home_seething_lane,whitehall,788,642,1666,8,3,walk,
whitehall,home_seething_lane,642,788,1666,8,3,coach,Elizabeth Pepys
home_seething_lane,navy_office,788,422,1666,8,4,walk,
navy_office,home_seething_lane,422,788,1666,8,4,walk,
home_seething_lane,old_swan,788,444,1666,8,5,walk,
st_james_palace,home_seething_lane,540,788,1666,8,5,boat,
barn_elms,neat_houses,24,423,1666,8,5,boat,Elizabeth Pepys; Mercer; Jane
neat_houses,wandsworth,423,502,1666,8,5,boat,Elizabeth Pepys; Mercer; Jane
wandsworth,old_swan,502,444,1666,8,5,boat,Elizabeth Pepys; Mercer; Jane
navy_office,lady_montagus_westminster,422,191,1666,8,6,boat,
lady_montagus_westminster,lord_treasurers_house,191,343,1666,8,6,walk,
lord_treasurers_house,home_seething_lane,343,788,1666,8,6,walk,
home_seething_lane,old_fish_street,788,177,1666,8,6,coach,Mrs. Knipp; Mrs. Pierce
old_fish_street,mrs_pierces_covent_garden,177,418,1666,8,6,coach,Mrs. Knipp; Mrs. Pierce
mrs_pierces_covent_garden,home_seething_lane,418,788,1666,8,6,coach,
home_seething_lane,the_temple,788,102,1666,8,8,walk,Mr. Reeves
the_temple,st_james_palace,102,540,1666,8,8,coach,
st_james_palace,lord_treasurers_house,540,343,1666,8,8,coach,Mrs. Burroughs
lord_treasurers_house,exchequer,343,169,1666,8,8,walk,
exchequer,westminster_abbey,169,609,1666,8,8,walk,
westminster_abbey,lissen_green,609,39,1666,8,8,coach,Mrs. Burroughs
lissen_green,acton,39,766,1666,8,8,coach,Mrs. Burroughs
acton,chelsea,766,93,1666,8,8,coach,Mrs. Burroughs
chelsea,home_seething_lane,93,788,1666,8,8,coach,
home_seething_lane,lady_poolys_bow,788,307,1666,8,8,coach,
home_seething_lane,navy_office,788,422,1666,8,9,walk,
navy_office,home_seething_lane,422,788,1666,8,9,walk,
home_seething_lane,lombard_street,788,485,1666,8,9,walk,
lombard_street,home_seething_lane,485,788,1666,8,9,walk,
home_seething_lane,lord_chancellors_new_house,788,336,1666,8,10,coach,John Creed
lord_chancellors_new_house,home_seething_lane,336,788,1666,8,10,boat,
home_seething_lane,navy_office,788,422,1666,8,11,walk,
navy_office,home_seething_lane,422,788,1666,8,11,walk,
home_seething_lane,colvills_goldsmith,788,370,1666,8,11,walk,
colvills_goldsmith,navy_office,370,422,1666,8,11,walk,
navy_office,home_seething_lane,422,788,1666,8,13,walk,Elizabeth Pepys
home_seething_lane,colvills_goldsmith,788,370,1666,8,13,walk,
colvills_goldsmith,st_pauls_churchyard,370,546,1666,8,13,walk,
st_pauls_churchyard,colvills_goldsmith,546,370,1666,8,13,walk,
colvills_goldsmith,exchequer,370,169,1666,8,13,coach,Mr. Colvill
exchequer,whitehall,169,642,1666,8,13,walk,
whitehall,royal_exchange,642,789,1666,8,13,coach,Mr. Robinson
royal_exchange,home_seething_lane,789,788,1666,8,13,walk,
whitehall,home_seething_lane,642,788,1666,8,14,coach,Captain Cocke
home_seething_lane,bear_garden,788,30,1666,8,14,coach,Elizabeth Pepys; Mercer
exchequer,old_exchange,169,129,1666,8,15,walk,
old_exchange,home_seething_lane,129,788,1666,8,15,walk,
home_seething_lane,deptford,788,77,1666,8,15,boat,
deptford,redriffe,77,475,1666,8,15,walk,
home_seething_lane,navy_office,788,422,1666,8,16,walk,
navy_office,home_seething_lane,422,788,1666,8,16,walk,
greenwich,woolwich,212,362,1666,8,17,walk,
woolwich,exchequer,362,169,1666,8,17,boat,Captain Erwin
exchequer,home_seething_lane,169,788,1666,8,17,boat,
home_seething_lane,whitehall,788,642,1666,8,17,coach,Elizabeth Pepys
whitehall,home_seething_lane,642,788,1666,8,17,coach,Elizabeth Pepys
home_seething_lane,navy_office,788,422,1666,8,18,walk,
navy_office,home_seething_lane,422,788,1666,8,18,walk,
home_seething_lane,navy_office,788,422,1666,8,18,walk,
navy_office,royal_exchange,422,789,1666,8,18,coach,Lord Bruncker
home_seething_lane,deptford,788,77,1666,8,20,boat,
deptford,old_swan,77,444,1666,8,20,walk,
exchequer,lombard_street,169,485,1666,8,20,walk,
lombard_street,home_seething_lane,485,788,1666,8,20,walk,
home_seething_lane,navy_office,788,422,1666,8,21,walk,
navy_office,home_seething_lane,422,788,1666,8,21,walk,
home_seething_lane,new_exchange,788,129,1666,8,21,coach,Elizabeth Pepys
new_exchange,exchequer,129,169,1666,8,21,walk,
exchequer,westminster_hall,169,610,1666,8,21,walk,
westminster_hall,lombard_street,610,485,1666,8,21,coach,Elizabeth Pepys
lombard_street,home_seething_lane,485,788,1666,8,21,walk,
home_seething_lane,exchequer,788,169,1666,8,22,coach,
exchequer,st_james_palace,169,540,1666,8,22,walk,
exchequer,home_seething_lane,169,788,1666,8,22,walk,
moorfields,home_seething_lane,359,788,1666,8,22,coach,Elizabeth Pepys; Mercer
home_seething_lane,navy_office,788,422,1666,8,25,walk,
navy_office,home_seething_lane,422,788,1666,8,25,walk,
home_seething_lane,whitehall,788,642,1666,8,26,coach,Sir W. Pen
home_seething_lane,navy_office,788,422,1666,8,27,walk,
navy_office,victualling_office,422,597,1666,8,27,walk,
victualling_office,home_seething_lane,597,788,1666,8,27,boat,Mr. Wilson
home_seething_lane,navy_office,788,422,1666,8,27,walk,
navy_office,home_seething_lane,422,788,1666,8,27,walk,
home_seething_lane,mrs_martins_new_lodging,788,415,1666,8,28,walk,
mrs_martins_new_lodging,navy_office,415,422,1666,8,28,walk,
navy_office,home_seething_lane,422,788,1666,8,28,walk,
home_seething_lane,victualling_office,788,597,1666,8,28,walk,
victualling_office,home_seething_lane,597,788,1666,8,28,walk,
home_seething_lane,lord_bellasses_house,788,330,1666,8,29,walk,
lord_bellasses_house,st_james_palace,330,540,1666,8,29,coach,Sir W. Pen
st_james_palace,st_james_park,540,541,1666,8,29,walk,John Creed
st_james_park,exchequer,541,169,1666,8,29,walk,John Creed
exchequer,home_seething_lane,169,788,1666,8,29,walk,
home_seething_lane,lord_bellasses_house,788,330,1666,8,29,walk,
lord_bellasses_house,home_seething_lane,330,788,1666,8,29,walk,
home_seething_lane,islington,788,282,1666,8,29,coach,Elizabeth Pepys; Mercer; Mary Batelier
islington,moorfields,282,359,1666,8,29,coach,Elizabeth Pepys; Mercer; Mary Batelier
moorfields,home_seething_lane,359,788,1666,8,29,coach,Elizabeth Pepys; Mercer; Mary Batelier
home_seething_lane,victualling_office,788,597,1666,8,29,walk,
home_seething_lane,navy_office,788,422,1666,8,30,walk,
navy_office,home_seething_lane,422,788,1666,8,30,walk,
home_seething_lane,lord_bellasses_house,788,330,1666,8,31,walk,
lord_bellasses_house,navy_office,330,422,1666,8,31,walk,
navy_office,home_seething_lane,422,788,1666,8,31,walk,
home_seething_lane,navy_office,788,422,1666,8,31,walk,
navy_office,home_seething_lane,422,788,1666,9,1,walk,
navy_office,home_seething_lane,422,788,1666,9,1,walk,
home_seething_lane,moorfields,788,359,1666,9,1,coach,Sir W. Pen; Elizabeth Pepys; Mercer
moorfields,islington,359,282,1666,9,1,coach,Sir W. Pen; Elizabeth Pepys; Mercer
tower,steelyard,583,555,1666,9,2,boat,
steelyard,whitehall,555,642,1666,9,2,boat,
home_seething_lane,pauls_wharf,788,545,1666,9,2,walk,Mr. Moone
pauls_wharf,queenhithe,545,470,1666,9,2,boat,Mr. Carcasse
queenhithe,whitehall,470,642,1666,9,2,boat,
whitehall,st_james_park,642,541,1666,9,2,walk,
st_james_park,alehouse_bankside,541,19,1666,9,2,boat,Elizabeth Pepys; John Creed; Mr. Wood
home_seething_lane,tower_hill,788,582,1666,9,3,walk,
tower_hill,home_seething_lane,582,788,1666,9,3,walk,
home_seething_lane,tower,788,583,1666,9,4,walk,Sir W. Pen
tower,home_seething_lane,583,788,1666,9,4,walk,Sir W. Pen
mr_sheldens_house,deptford,666,77,1666,9,5,boat,
deptford,home_seething_lane,77,788,1666,9,5,boat,
home_seething_lane,barking_church,788,21,1666,9,5,walk,
barking_church,sir_w_pen_house,21,516,1666,9,5,walk,
sir_w_pen_house,royal_exchange,516,789,1666,9,5,walk,Mr. Young; Mr. Whistler
royal_exchange,moorfields,789,359,1666,9,5,walk,
home_seething_lane,southwark,788,526,1666,9,6,boat,
home_seething_lane,sir_r_fords_house,788,510,1666,9,6,walk,Sir W. Batten
sir_r_fords_house,deptford,510,77,1666,9,6,boat,
deptford,home_seething_lane,77,788,1666,9,6,boat,
home_seething_lane,pauls_wharf,788,545,1666,9,7,boat,
pauls_wharf,creeds_lodging,545,128,1666,9,7,walk,
creeds_lodging,st_james_palace,128,540,1666,9,7,walk,
home_seething_lane,woolwich,788,362,1666,9,7,boat,
woolwich,deptford,362,77,1666,9,7,boat,
deptford,home_seething_lane,77,788,1666,9,7,boat,
home_seething_lane,whitehall,788,642,1666,9,8,boat,Sir W. Batten; Sir W. Pen
whitehall,st_james_palace,642,540,1666,9,8,walk,
st_james_palace,cockpit,540,104,1666,9,8,walk,Sir W. Batten
cockpit,home_seething_lane,104,788,1666,9,8,walk,
sir_w_batten_house,sir_w_riders_bethnal_green,514,518,1666,9,8,coach,John Pepys Jr.
sir_w_riders_bethnal_green,navy_office,518,422,1666,9,8,coach,John Pepys Jr.
navy_office,sir_w_pen_house,422,516,1666,9,8,walk,
parish_church,sir_w_pen_house,544,516,1666,9,9,walk,
sir_w_pen_house,home_seething_lane,516,788,1666,9,10,walk,
home_seething_lane,sir_w_riders_bethnal_green,788,518,1666,9,10,coach,
navy_office,woolwich,422,362,1666,9,10,boat,
woolwich,navy_office,362,422,1666,9,11,boat,
navy_office,lord_brunckers_covent_garden,422,334,1666,9,11,boat,Sir W. Batten
home_seething_lane,deptford,788,77,1666,9,11,boat,
deptford,home_seething_lane,77,788,1666,9,11,boat,
home_seething_lane,deptford,788,77,1666,9,12,boat,Balthasar St. Michel
deptford,home_seething_lane,77,788,1666,9,12,boat,Balthasar St. Michel
home_seething_lane,bagwells_house,788,141,1666,9,12,walk,
bagwells_house,sir_w_pen_house,141,516,1666,9,12,walk,
sir_w_pen_house,tower,516,583,1666,9,13,walk,Balthasar St. Michel
tower,home_seething_lane,583,788,1666,9,13,walk,
home_seething_lane,deptford,788,77,1666,9,13,boat,
deptford,globe_deptford,77,143,1666,9,13,walk,
globe_deptford,lady_carterets_deptford,143,305,1666,9,13,walk,
lady_carterets_deptford,home_seething_lane,305,788,1666,9,13,boat,
home_seething_lane,navy_office,788,422,1666,9,14,walk,
navy_office,home_seething_lane,422,788,1666,9,14,walk,
home_seething_lane,navy_office,788,422,1666,9,15,walk,
navy_office,sir_w_batten_house,422,514,1666,9,15,walk,
sir_w_batten_house,navy_office,514,422,1666,9,15,walk,
navy_office,home_seething_lane,422,788,1666,9,15,walk,
home_seething_lane,navy_office,788,422,1666,9,16,walk,
navy_office,sir_w_pen_house,422,516,1666,9,16,walk,Elizabeth Pepys
sir_w_pen_house,navy_office,516,422,1666,9,16,walk,
navy_office,home_seething_lane,422,788,1666,9,16,walk,
home_seething_lane,st_james_palace,788,540,1666,9,17,boat,
home_seething_lane,st_james_palace,788,540,1666,9,19,coach,Sir W. Pen
st_james_palace,wilkes_whitehall,540,642,1666,9,19,walk,Sir W. Batten; Sir W. Pen
home_seething_lane,deptford,788,77,1666,9,19,boat,
deptford,home_seething_lane,77,788,1666,9,19,boat,
home_seething_lane,whitehall,788,642,1666,9,21,coach,Elizabeth Pepys
whitehall,home_seething_lane,642,788,1666,9,21,coach,Elizabeth Pepys
home_seething_lane,navy_office,788,422,1666,9,22,walk,
navy_office,victualling_office,422,597,1666,9,22,walk,
victualling_office,home_seething_lane,597,788,1666,9,22,boat,Mr. Wilson
home_seething_lane,navy_office,788,422,1666,9,23,walk,
navy_office,whitehall,422,642,1666,9,23,boat,Mr. Wayth
whitehall,navy_office,642,422,1666,9,23,boat,Mr. Wayth
navy_office,foxhall_spring_gardens,422,185,1666,9,23,boat,Elizabeth Pepys
foxhall_spring_gardens,home_seething_lane,185,788,1666,9,23,boat,Elizabeth Pepys
home_seething_lane,st_james_palace,788,540,1666,9,24,coach,Sir W. Batten; Sir W. Pen
st_james_palace,home_seething_lane,540,788,1666,9,24,coach,
whitehall,home_seething_lane,642,788,1666,9,24,coach,Elizabeth Pepys
home_seething_lane,lord_brunckers_covent_garden,788,334,1666,9,25,coach,Elizabeth Pepys
lord_brunckers_covent_garden,westminster_hall,334,610,1666,9,25,coach,Elizabeth Pepys
westminster_hall,home_seething_lane,610,788,1666,9,25,coach,Elizabeth Pepys
home_seething_lane,navy_office,788,422,1666,9,25,walk,
navy_office,home_seething_lane,422,788,1666,9,25,walk,
whitehall,home_seething_lane,642,788,1666,9,26,coach,Elizabeth Pepys
home_seething_lane,whitehall,788,642,1666,9,26,coach,Elizabeth Pepys
whitehall,home_seething_lane,642,788,1666,9,27,walk,Elizabeth Pepys
home_seething_lane,the_temple,788,102,1666,9,27,coach,Elizabeth Pepys
the_temple,mr_pennys_tailor,102,758,1666,9,27,walk,
mr_pennys_tailor,exchequer,758,169,1666,9,27,walk,
exchequer,sun_tavern,169,561,1666,9,27,walk,
sun_tavern,st_james_palace,561,540,1666,9,27,walk,
st_james_palace,navy_office,540,422,1666,9,27,walk,
navy_office,sir_w_batten_house,422,514,1666,9,27,walk,
sir_w_batten_house,home_seething_lane,514,788,1666,9,27,walk,
home_seething_lane,navy_office,788,422,1666,9,28,walk,
navy_office,home_seething_lane,422,788,1666,9,28,walk,
home_seething_lane,navy_office,788,422,1666,9,29,walk,
navy_office,home_seething_lane,422,788,1666,9,29,walk,
home_seething_lane,st_james_palace,788,540,1666,9,29,coach,Elizabeth Pepys
st_james_palace,unthankes,540,593,1666,9,29,coach,
unthankes,home_seething_lane,593,788,1666,9,29,coach,Elizabeth Pepys
home_seething_lane,parish_church,788,544,1666,9,30,walk,
parish_church,home_seething_lane,544,788,1666,9,30,walk,
home_seething_lane,navy_office,788,422,1666,10,1,walk,
navy_office,st_james_palace,422,540,1666,10,1,walk,
st_james_palace,lord_brunckers_covent_garden,540,334,1666,10,1,coach,Sir W. Coventry
lord_brunckers_covent_garden,whitehall,334,642,1666,10,1,walk,
whitehall,exchequer,642,169,1666,10,2,walk,
exchequer,home_seething_lane,169,788,1666,10,2,walk,
whitehall,swan_westminster,642,562,1666,10,2,walk,
swan_westminster,home_seething_lane,562,788,1666,10,2,walk,
home_seething_lane,navy_office,788,422,1666,10,3,walk,
navy_office,whitehall,422,642,1666,10,3,walk,
whitehall,home_seething_lane,642,788,1666,10,3,walk,
st_james_palace,sir_g_carterets_whitehall,540,125,1666,10,4,walk,
sir_g_carterets_whitehall,home_seething_lane,125,788,1666,10,4,walk,
home_seething_lane,navy_office,788,422,1666,10,4,walk,
navy_office,home_seething_lane,422,788,1666,10,4,walk,
home_seething_lane,navy_office,788,422,1666,10,5,walk,
home_seething_lane,whitehall,788,642,1666,10,5,walk,
whitehall,st_james_palace,642,540,1666,10,6,walk,
st_james_palace,whitehall,540,642,1666,10,6,walk,
home_seething_lane,navy_office,788,422,1666,10,6,walk,
navy_office,home_seething_lane,422,788,1666,10,6,walk,
st_james_palace,home_seething_lane,540,788,1666,10,6,coach,
home_seething_lane,parish_church,788,544,1666,10,7,walk,
parish_church,home_seething_lane,544,788,1666,10,7,walk,
home_seething_lane,navy_office,788,422,1666,10,8,walk,
navy_office,westminster_hall,422,610,1666,10,8,boat,
st_james_palace,unthankes,540,593,1666,10,8,walk,
unthankes,home_seething_lane,593,788,1666,10,8,coach,Elizabeth Pepys
westminster_hall,home_seething_lane,610,788,1666,10,8,coach,
home_seething_lane,navy_office,788,422,1666,10,9,walk,
navy_office,home_seething_lane,422,788,1666,10,9,walk,
whitehall,dog_tavern,642,148,1666,10,10,walk,Sir W. Batten
home_seething_lane,islington,788,282,1666,10,10,coach,Elizabeth Pepys; John Pepys Sr.; John Pepys Jr.; William Hewer
islington,home_seething_lane,282,788,1666,10,10,coach,Elizabeth Pepys; John Pepys Sr.; John Pepys Jr.; William Hewer
home_seething_lane,navy_office,788,422,1666,10,11,walk,
navy_office,home_seething_lane,422,788,1666,10,11,walk,
westminster_hall,home_seething_lane,610,788,1666,10,12,coach,
mrs_martins_new_lodging,deptford,415,77,1666,10,12,boat,
deptford,home_seething_lane,77,788,1666,10,12,boat,
home_seething_lane,navy_office,788,422,1666,10,13,walk,
navy_office,the_temple,422,102,1666,10,13,coach,Lord Bruncker
the_temple,lord_bellasses_house,102,330,1666,10,13,walk,
lord_bellasses_house,whitehall,330,642,1666,10,13,coach,Lord Bellasses
home_seething_lane,parish_church,788,544,1666,10,14,walk,
parish_church,home_seething_lane,544,788,1666,10,14,walk,
home_seething_lane,whitehall,788,642,1666,10,14,coach,John Pepys Jr.
whitehall,mrs_martins_new_lodging,642,415,1666,10,14,walk,
mrs_martins_new_lodging,home_seething_lane,415,788,1666,10,14,coach,John Pepys Jr.
home_seething_lane,sir_r_viners,788,370,1666,10,15,walk,Sir H. Cholmly
sir_r_viners,colvills_goldsmith,370,370,1666,10,15,walk,Sir H. Cholmly
colvills_goldsmith,westminster_hall,370,610,1666,10,15,walk,Sir H. Cholmly
westminster_hall,whitehall,610,642,1666,10,15,walk,Sir G. Carteret
whitehall,home_seething_lane,642,788,1666,10,15,coach,
home_seething_lane,whitehall,788,642,1666,10,15,coach,Elizabeth Pepys
whitehall,home_seething_lane,642,788,1666,10,16,walk,
home_seething_lane,navy_office,788,422,1666,10,16,walk,
navy_office,home_seething_lane,422,788,1666,10,16,walk,
home_seething_lane,navy_office,788,422,1666,10,17,walk,
navy_office,home_seething_lane,422,788,1666,10,17,walk,
home_seething_lane,whitehall,788,642,1666,10,17,coach,Elizabeth Pepys; John Pepys Jr.; Barker
whitehall,st_james_palace,642,540,1666,10,17,coach,
st_james_palace,home_seething_lane,540,788,1666,10,17,coach,Elizabeth Pepys
home_seething_lane,navy_office,788,422,1666,10,18,walk,
navy_office,st_helens,422,460,1666,10,18,walk,Lord Bruncker
st_helens,lovetts_house,460,346,1666,10,18,coach,Elizabeth Pepys
lovetts_house,home_seething_lane,346,788,1666,10,18,coach,Elizabeth Pepys
home_seething_lane,lord_ashlys_house,788,329,1666,10,19,walk,
lord_ashlys_house,home_seething_lane,329,788,1666,10,19,walk,John Creed
home_seething_lane,navy_office,788,422,1666,10,20,walk,
navy_office,home_seething_lane,422,788,1666,10,20,walk,
home_seething_lane,navy_office,788,422,1666,10,20,walk,
navy_office,sir_g_carterets_whitehall,422,125,1666,10,20,walk,Sir G. Carteret
sir_g_carterets_whitehall,home_seething_lane,125,788,1666,10,20,walk,
home_seething_lane,parish_church,788,544,1666,10,21,walk,Elizabeth Pepys
parish_church,home_seething_lane,544,788,1666,10,21,walk,
home_seething_lane,whitehall,788,642,1666,10,21,coach,
whitehall,mrs_martins_new_lodging,642,415,1666,10,21,walk,
mrs_martins_new_lodging,home_seething_lane,415,788,1666,10,21,walk,
westminster_hall,london_bridge,610,324,1666,10,22,walk,Betty Michell; Mr. Michell Sr.
london_bridge,home_seething_lane,324,788,1666,10,22,boat,
home_seething_lane,temple_church,788,567,1666,10,22,coach,Elizabeth Pepys
temple_church,lord_bellasses_house,567,330,1666,10,22,walk,
lord_bellasses_house,whitehall,330,642,1666,10,22,walk,Mr. Povy
whitehall,unthankes,642,593,1666,10,22,walk,
unthankes,home_seething_lane,593,788,1666,10,22,coach,Elizabeth Pepys
home_seething_lane,navy_office,788,422,1666,10,23,walk,
navy_office,home_seething_lane,422,788,1666,10,23,walk,
deptford,home_seething_lane,77,788,1666,10,23,walk,
home_seething_lane,old_swan,788,444,1666,10,24,walk,
westminster_hall,sir_r_viners,610,370,1666,10,24,coach,
sir_r_viners,home_seething_lane,370,788,1666,10,24,walk,
home_seething_lane,westminster_hall,788,610,1666,10,24,coach,Elizabeth Pepys
westminster_hall,home_seething_lane,610,788,1666,10,24,coach,Elizabeth Pepys
home_seething_lane,whitehall,788,642,1666,10,25,boat,
whitehall,navy_office,642,422,1666,10,25,boat,
navy_office,home_seething_lane,422,788,1666,10,25,walk,
lord_brunckers_covent_garden,whitehall,334,642,1666,10,25,coach,Lord Bruncker
whitehall,mrs_pierces_covent_garden,642,418,1666,10,25,walk,
mrs_pierces_covent_garden,home_seething_lane,418,788,1666,10,25,coach,Elizabeth Pepys
navy_office,home_seething_lane,422,788,1666,10,27,walk,
home_seething_lane,new_exchange,788,129,1666,10,27,coach,Elizabeth Pepys; Mrs. Pierce; Mrs. Knipp
new_exchange,mrs_pierces_covent_garden,129,418,1666,10,27,coach,Mrs. Pierce; Mrs. Knipp
mrs_pierces_covent_garden,home_seething_lane,418,788,1666,10,27,coach,Elizabeth Pepys
home_seething_lane,parish_church,788,544,1666,10,28,walk,Elizabeth Pepys
parish_church,home_seething_lane,544,788,1666,10,28,walk,
whitehall,mrs_martins_new_lodging,642,415,1666,10,28,walk,
mrs_martins_new_lodging,home_seething_lane,415,788,1666,10,28,coach,John Pepys Jr.
home_seething_lane,navy_office,788,422,1666,10,29,walk,
navy_office,exchequer,422,169,1666,10,29,boat,Mr. Barber
exchequer,home_seething_lane,169,788,1666,10,29,coach,
home_seething_lane,mrs_pierces_covent_garden,788,418,1666,10,29,coach,Elizabeth Pepys
mrs_pierces_covent_garden,whitehall_playhouse,418,642,1666,10,29,coach,Elizabeth Pepys; Mrs. Pierce; Mrs. Knipp
whitehall_playhouse,home_seething_lane,642,788,1666,10,29,coach,Elizabeth Pepys; Mrs. Pierce; Mrs. Knipp
home_seething_lane,navy_office,788,422,1666,10,30,walk,
navy_office,home_seething_lane,422,788,1666,10,30,walk,
home_seething_lane,navy_office,788,422,1666,11,1,walk,
navy_office,home_seething_lane,422,788,1666,11,1,walk,
home_seething_lane,whitehall,788,642,1666,11,1,walk,
whitehall,home_seething_lane,642,788,1666,11,1,coach,Elizabeth Pepys
home_seething_lane,woolwich,788,362,1666,11,2,boat,Sir W. Batten
woolwich,deptford,362,77,1666,11,2,boat,Sir W. Batten
deptford,home_seething_lane,77,788,1666,11,2,boat,Sir W. Batten
whitehall,home_seething_lane,642,788,1666,11,2,coach,Elizabeth Pepys
home_seething_lane,parish_church,788,544,1666,11,4,walk,Elizabeth Pepys
parish_church,home_seething_lane,544,788,1666,11,4,walk,
home_seething_lane,whitehall,788,642,1666,11,4,boat,
whitehall,sir_g_carterets_whitehall,642,125,1666,11,4,walk,
sir_g_carterets_whitehall,home_seething_lane,125,788,1666,11,4,boat,
home_seething_lane,navy_office,788,422,1666,11,5,walk,
lady_peterboroughs_house,lord_crews_house,305,337,1666,11,5,walk,
lord_crews_house,home_seething_lane,337,788,1666,11,5,coach,Dr. Crew
home_seething_lane,whitehall,788,642,1666,11,5,coach,
whitehall,home_seething_lane,642,788,1666,11,5,coach,
home_seething_lane,navy_office,788,422,1666,11,6,walk,
navy_office,home_seething_lane,422,788,1666,11,6,walk,
home_seething_lane,deptford,788,77,1666,11,6,boat,
deptford,navy_office,77,422,1666,11,6,boat,
navy_office,home_seething_lane,422,788,1666,11,7,walk,Sir W. Batten
home_seething_lane,whitehall,788,642,1666,11,7,boat,Sir W. Batten
whitehall,westminster_hall,642,610,1666,11,7,walk,
westminster_hall,rose_tavern,610,483,1666,11,7,walk,
home_seething_lane,navy_office,788,422,1666,11,8,walk,
navy_office,home_seething_lane,422,788,1666,11,8,walk,
home_seething_lane,navy_office,788,422,1666,11,9,walk,
navy_office,home_seething_lane,422,788,1666,11,9,walk,
home_seething_lane,mrs_pierces_covent_garden,788,418,1666,11,9,coach,Elizabeth Pepys; Mr. Batelier; Mercer
mrs_pierces_covent_garden,home_seething_lane,418,788,1666,11,9,coach,Elizabeth Pepys; Mr. Batelier; Mercer
home_seething_lane,navy_office,788,422,1666,11,10,walk,
navy_office,captain_cockes_house,422,76,1666,11,10,walk,Lord Bruncker
captain_cockes_house,navy_office,76,422,1666,11,10,walk,
navy_office,home_seething_lane,422,788,1666,11,10,walk,
home_seething_lane,parish_church,788,544,1666,11,11,walk,Elizabeth Pepys
parish_church,home_seething_lane,544,788,1666,11,11,walk,
navy_office,royal_exchange,422,789,1666,11,12,walk,John Creed
royal_exchange,sir_r_viners,789,370,1666,11,12,walk,
sir_r_viners,home_seething_lane,370,788,1666,11,12,walk,
home_seething_lane,new_exchange,788,129,1666,11,12,coach,Elizabeth Pepys
new_exchange,home_seething_lane,129,788,1666,11,12,coach,Elizabeth Pepys
home_seething_lane,navy_office,788,422,1666,11,13,walk,
navy_office,home_seething_lane,422,788,1666,11,13,walk,
home_seething_lane,knipps_lodging,788,413,1666,11,14,coach,
home_seething_lane,sir_g_carterets_whitehall,788,125,1666,11,14,coach,Elizabeth Pepys
sir_g_carterets_whitehall,popes_head_tavern,125,459,1666,11,14,walk,
popes_head_tavern,home_seething_lane,459,788,1666,11,14,walk,
home_seething_lane,navy_office,788,422,1666,11,15,walk,
navy_office,home_seething_lane,422,788,1666,11,15,walk,
home_seething_lane,mrs_pierces_covent_garden,788,418,1666,11,15,coach,
mrs_pierces_covent_garden,whitehall,418,642,1666,11,15,coach,Mrs. Pierce; Mr. Pierce
whitehall,mrs_pierces_covent_garden,642,418,1666,11,15,coach,Mr. Pierce
mrs_pierces_covent_garden,home_seething_lane,418,788,1666,11,15,coach,Elizabeth Pepys
royal_exchange,three_tuns_tavern,789,580,1666,11,16,walk,
three_tuns_tavern,home_seething_lane,580,788,1666,11,16,walk,
home_seething_lane,berkeley_house,788,336,1666,11,19,coach,Elizabeth Pepys
berkeley_house,westminster_hall,336,610,1666,11,19,walk,
westminster_hall,bull_head,610,63,1666,11,19,walk,
bull_head,berkeley_house,63,336,1666,11,19,walk,
berkeley_house,whitehall,336,642,1666,11,19,coach,
whitehall,home_seething_lane,642,788,1666,11,19,coach,Elizabeth Pepys
home_seething_lane,navy_office,788,422,1666,11,20,walk,
navy_office,parish_church,422,544,1666,11,20,walk,
parish_church,home_seething_lane,544,788,1666,11,20,walk,
home_seething_lane,berkeley_house,788,336,1666,11,20,coach,
berkeley_house,home_seething_lane,336,788,1666,11,20,coach,
home_seething_lane,sir_philip_howards_house,788,508,1666,11,21,coach,Sir W. Batten
westminster_hall,home_seething_lane,610,788,1666,11,23,walk,
home_seething_lane,the_temple,788,102,1666,11,23,coach,John Creed
the_temple,home_seething_lane,102,788,1666,11,23,walk,
home_seething_lane,navy_office,788,422,1666,11,24,walk,
navy_office,trinity_house,422,588,1666,11,24,coach,Sir J. Minnes
trinity_house,lord_treasurers_house,588,343,1666,11,24,coach,
lord_treasurers_house,home_seething_lane,343,788,1666,11,24,coach,
whitehall,sir_g_carterets_whitehall,642,125,1666,11,25,walk,
sir_g_carterets_whitehall,whitehall,125,642,1666,11,25,walk,
home_seething_lane,exchequer,788,169,1666,11,26,boat,
new_exchange,westminster_hall,129,610,1666,11,26,walk,
westminster_hall,home_seething_lane,610,788,1666,11,26,coach,
home_seething_lane,navy_office,788,422,1666,11,27,walk,
navy_office,home_seething_lane,422,788,1666,11,27,walk,
home_seething_lane,sir_g_carterets_whitehall,788,125,1666,11,27,coach,
sir_g_carterets_whitehall,lord_crews_house,125,337,1666,11,27,walk,
home_seething_lane,navy_office,788,422,1666,11,29,walk,
navy_office,home_seething_lane,422,788,1666,11,29,walk,
home_seething_lane,exchequer,788,169,1666,11,29,coach,Elizabeth Pepys
whitehall,westminster_hall,642,610,1666,11,30,walk,
westminster_hall,home_seething_lane,610,788,1666,11,30,walk,
home_seething_lane,westminster_hall,788,610,1666,11,30,coach,
home_seething_lane,navy_office,788,422,1666,12,1,walk,
navy_office,home_seething_lane,422,788,1666,12,1,walk,
home_seething_lane,parish_church,788,544,1666,12,2,walk,
parish_church,home_seething_lane,544,788,1666,12,2,walk,
home_seething_lane,mrs_martins_new_lodging,788,415,1666,12,2,coach,Elizabeth Pepys; Mr. Michell; Betty Michell
home_seething_lane,navy_office,788,422,1666,12,3,walk,
navy_office,home_seething_lane,422,788,1666,12,3,walk,
home_seething_lane,exchequer,788,169,1666,12,3,boat,
exchequer,westminster_hall,169,610,1666,12,3,walk,
home_seething_lane,whitehall,788,642,1666,12,5,boat,
whitehall,home_seething_lane,642,788,1666,12,5,boat,
home_seething_lane,navy_office,788,422,1666,12,5,walk,
navy_office,home_seething_lane,422,788,1666,12,5,walk,
home_seething_lane,navy_office,788,422,1666,12,6,walk,
navy_office,home_seething_lane,422,788,1666,12,6,walk,
home_seething_lane,exchequer,788,169,1666,12,7,boat,
home_seething_lane,kings_playhouse,788,295,1666,12,7,boat,
kings_playhouse,home_seething_lane,295,788,1666,12,7,coach,
home_seething_lane,navy_office,788,422,1666,12,8,walk,
navy_office,home_seething_lane,422,788,1666,12,8,walk,
home_seething_lane,mrs_pierces_covent_garden,788,418,1666,12,8,coach,Elizabeth Pepys; Mrs. Pierce
mrs_pierces_covent_garden,kings_playhouse,418,295,1666,12,8,coach,
kings_playhouse,mrs_pierces_covent_garden,295,418,1666,12,8,coach,
home_seething_lane,navy_office,788,422,1666,12,10,walk,
navy_office,home_seething_lane,422,788,1666,12,10,walk,
home_seething_lane,excise_office,788,170,1666,12,10,walk,
excise_office,home_seething_lane,170,788,1666,12,10,walk,
home_seething_lane,navy_office,788,422,1666,12,11,walk,
navy_office,home_seething_lane,422,788,1666,12,11,walk,
home_seething_lane,st_clements_church,788,533,1666,12,11,coach,Elizabeth Pepys
st_clements_church,home_seething_lane,533,788,1666,12,11,coach,Elizabeth Pepys
home_seething_lane,navy_office,788,422,1666,12,12,walk,
navy_office,royal_exchange,422,789,1666,12,12,walk,
royal_exchange,captain_cockes_house,789,76,1666,12,12,walk,
captain_cockes_house,navy_office,76,422,1666,12,12,walk,
navy_office,home_seething_lane,422,788,1666,12,12,walk,
home_seething_lane,navy_office,788,422,1666,12,13,walk,
navy_office,royal_exchange,422,789,1666,12,13,walk,
royal_exchange,sir_r_viners,789,370,1666,12,13,walk,
sir_r_viners,home_seething_lane,370,788,1666,12,13,walk,
westminster_hall,bell_tavern_westminster,610,34,1666,12,14,walk,
bell_tavern_westminster,sir_stephen_foxs_house,34,513,1666,12,14,walk,
home_seething_lane,navy_office,788,422,1666,12,15,walk,
navy_office,captain_cockes_house,422,76,1666,12,15,walk,Lord Bruncker
captain_cockes_house,sir_r_viners,76,370,1666,12,15,walk,
sir_r_viners,home_seething_lane,370,788,1666,12,15,walk,
home_seething_lane,mrs_martins_new_lodging,788,415,1666,12,16,boat,
whitehall,st_james_park,642,541,1666,12,16,walk,Lord Bruncker
st_james_park,home_seething_lane,541,788,1666,12,16,boat,
home_seething_lane,royal_exchange,788,789,1666,12,17,walk,
royal_exchange,home_seething_lane,789,788,1666,12,17,walk,
home_seething_lane,navy_office,788,422,1666,12,18,walk,
navy_office,home_seething_lane,422,788,1666,12,18,walk,
home_seething_lane,lord_bellasses_house,788,330,1666,12,18,coach,
lord_bellasses_house,westminster_hall,330,610,1666,12,18,walk,
sir_r_viners,home_seething_lane,370,788,1666,12,18,coach,
dog_tavern,westminster_hall,148,610,1666,12,19,walk,
westminster_hall,tower,610,583,1666,12,19,coach,Lieutenant of the Tower
tower,sir_r_viners,583,370,1666,12,19,walk,
sir_r_viners,home_seething_lane,370,788,1666,12,19,walk,
home_seething_lane,navy_office,788,422,1666,12,20,walk,
navy_office,home_seething_lane,422,788,1666,12,20,walk,
home_seething_lane,lord_bellasses_house,788,330,1666,12,20,coach,Balthasar St. Michel
lord_bellasses_house,home_seething_lane,330,788,1666,12,20,coach,
home_seething_lane,navy_office,788,422,1666,12,21,walk,
navy_office,royal_exchange,422,789,1666,12,21,walk,
royal_exchange,home_seething_lane,789,788,1666,12,21,walk,
home_seething_lane,navy_office,788,422,1666,12,22,walk,
navy_office,home_seething_lane,422,788,1666,12,22,walk,
home_seething_lane,parish_church,788,544,1666,12,23,walk,
parish_church,home_seething_lane,544,788,1666,12,23,walk,
whitehall,harp_and_ball,642,230,1666,12,23,walk,
harp_and_ball,home_seething_lane,230,788,1666,12,23,coach,Mr. Michell; Betty Michell
home_seething_lane,navy_office,788,422,1666,12,24,walk,
navy_office,st_pauls,422,545,1666,12,24,walk,Lord Bruncker
st_pauls,home_seething_lane,545,788,1666,12,24,walk,
home_seething_lane,sir_r_viners,788,370,1666,12,24,walk,
sir_r_viners,royal_exchange,370,789,1666,12,24,walk,
royal_exchange,home_seething_lane,789,788,1666,12,24,walk,
home_seething_lane,parish_church,788,544,1666,12,25,walk,
parish_church,home_seething_lane,544,788,1666,12,25,walk,
home_seething_lane,the_temple,788,102,1666,12,25,walk,
the_temple,home_seething_lane,102,788,1666,12,25,walk,
home_seething_lane,whitehall,788,642,1666,12,26,walk,
whitehall,home_seething_lane,642,788,1666,12,26,walk,
sir_w_batten_house,kings_playhouse,514,295,1666,12,27,coach,Elizabeth Pepys; John Creed
kings_playhouse,whitehall,295,642,1666,12,27,coach,Elizabeth Pepys; John Creed
home_seething_lane,whitehall,788,642,1666,12,28,walk,John Creed
whitehall,creeds_lodging,642,128,1666,12,28,walk,John Creed
creeds_lodging,lord_crews_house,128,337,1666,12,28,walk,
lord_crews_house,dukes_playhouse,337,159,1666,12,28,coach,Elizabeth Pepys
dukes_playhouse,whitehall,159,642,1666,12,28,walk,
whitehall,golden_lion_tavern,642,198,1666,12,28,coach,
golden_lion_tavern,home_seething_lane,198,788,1666,12,28,coach,
home_seething_lane,navy_office,788,422,1666,12,29,walk,
navy_office,home_seething_lane,422,788,1666,12,29,walk,
home_seething_lane,parish_church,788,544,1666,12,30,walk,
parish_church,home_seething_lane,544,788,1666,12,30,walk,
home_seething_lane,new_exchange,788,129,1666,12,31,walk,
new_exchange,fleece_tavern,129,180,1666,12,31,walk,
fleece_tavern,half_moon,180,224,1666,12,31,walk,
half_moon,home_seething_lane,224,788,1666,12,31,coach,
royal_exchange,home_seething_lane,789,788,1667,1,1,walk,
westminster_hall,rose_tavern,610,483,1667,1,2,walk,
rose_tavern,kings_playhouse,483,295,1667,1,2,coach,
kings_playhouse,home_seething_lane,295,788,1667,1,2,walk,
home_seething_lane,dukes_playhouse,788,159,1667,1,5,coach,Elizabeth Pepys
dukes_playhouse,home_seething_lane,159,788,1667,1,5,coach,Elizabeth Pepys
home_seething_lane,pudding_lane,788,45,1667,1,6,walk,Mr. Michell
pudding_lane,bridewell,45,56,1667,1,6,walk,Mr. Michell
bridewell,home_seething_lane,56,788,1667,1,6,walk,Mr. Michell
navy_office,the_temple,422,102,1667,1,7,coach,Lord Bruncker
the_temple,dukes_playhouse,102,159,1667,1,7,coach,Elizabeth Pepys
dukes_playhouse,home_seething_lane,159,788,1667,1,7,coach,Elizabeth Pepys
navy_office,home_seething_lane,422,788,1667,1,8,walk,
westminster_hall,the_temple,610,102,1667,1,9,walk,
home_seething_lane,navy_office,788,422,1667,1,10,walk,
navy_office,home_seething_lane,422,788,1667,1,10,walk,
arundell_house,home_seething_lane,9,788,1667,1,16,coach,
whitehall,lord_ashlys_house,642,329,1667,1,16,walk,
lord_ashlys_house,royal_exchange,329,789,1667,1,16,walk,
royal_exchange,home_seething_lane,789,788,1667,1,16,walk,
berkeley_house,whitehall,336,642,1667,1,20,walk,
whitehall,home_seething_lane,642,788,1667,1,20,walk,
home_seething_lane,deptford,788,77,1667,1,21,boat,
deptford,redriffe,77,475,1667,1,21,walk,
redriffe,home_seething_lane,475,788,1667,1,21,walk,
whitehall,castle_tavern,642,82,1667,1,23,coach,Lord Bruncker
castle_tavern,kings_playhouse,82,295,1667,1,23,coach,Elizabeth Pepys; Mercer
kings_playhouse,mrs_pierces_covent_garden,295,418,1667,1,23,walk,Elizabeth Pepys; Mercer; Mrs. Pierce; Mr. Pierce
home_seething_lane,navy_office,788,422,1667,1,25,walk,
navy_office,home_seething_lane,422,788,1667,1,25,walk,
home_seething_lane,lord_bellasses_house,788,330,1667,1,25,coach,Elizabeth Pepys
lord_bellasses_house,home_seething_lane,330,788,1667,1,25,coach,Elizabeth Pepys
whitehall,sir_g_carterets_whitehall,642,125,1667,1,27,walk,
home_seething_lane,navy_office,788,422,1667,1,31,walk,
navy_office,home_seething_lane,422,788,1667,1,31,walk,
home_seething_lane,sir_r_viners,788,370,1667,1,31,walk,
sir_r_viners,royal_exchange,370,789,1667,1,31,walk,
royal_exchange,home_seething_lane,789,788,1667,1,31,walk,
navy_office,home_seething_lane,422,788,1667,2,1,walk,
home_seething_lane,redriffe,788,475,1667,2,1,boat,
redriffe,bagwells_house,475,141,1667,2,1,walk,
bagwells_house,bell_tavern_westminster,141,34,1667,2,1,boat,
bell_tavern_westminster,home_seething_lane,34,788,1667,2,1,coach,
whitehall,sir_g_carterets_whitehall,642,125,1667,2,3,walk,
sir_g_carterets_whitehall,st_james_park,125,541,1667,2,3,walk,
st_james_park,home_seething_lane,541,788,1667,2,3,boat,
sir_w_pen_house,dukes_playhouse,516,159,1667,2,4,coach,Elizabeth Pepys
dukes_playhouse,home_seething_lane,159,788,1667,2,4,coach,Elizabeth Pepys
navy_office,home_seething_lane,422,788,1667,2,5,walk,
home_seething_lane,kings_playhouse,788,295,1667,2,5,coach,Elizabeth Pepys; Betty Michell
kings_playhouse,new_exchange,295,129,1667,2,5,coach,Elizabeth Pepys; Betty Michell
new_exchange,home_seething_lane,129,788,1667,2,5,coach,Elizabeth Pepys; Betty Michell
whitehall,westminster_hall,642,610,1667,2,6,walk,
westminster_hall,home_seething_lane,610,788,1667,2,6,boat,
home_seething_lane,navy_office,788,422,1667,2,6,walk,
navy_office,whitehall,422,642,1667,2,6,boat,
whitehall,home_seething_lane,642,788,1667,2,7,walk,
home_seething_lane,navy_office,788,422,1667,2,7,walk,
navy_office,home_seething_lane,422,788,1667,2,7,walk,
home_seething_lane,navy_office,788,422,1667,2,8,walk,
navy_office,home_seething_lane,422,788,1667,2,8,walk,
home_seething_lane,navy_office,788,422,1667,2,9,walk,
navy_office,home_seething_lane,422,788,1667,2,9,walk,
home_seething_lane,parish_church,788,544,1667,2,10,walk,Elizabeth Pepys
parish_church,home_seething_lane,544,788,1667,2,10,walk,
home_seething_lane,the_temple,788,102,1667,2,11,boat,
the_temple,westminster_hall,102,610,1667,2,11,walk,John Creed
westminster_hall,home_seething_lane,610,788,1667,2,11,boat,
home_seething_lane,new_exchange,788,129,1667,2,11,coach,Lord Bellasses
navy_office,home_seething_lane,422,788,1667,2,12,walk,
home_seething_lane,lord_brunckers_covent_garden,788,334,1667,2,12,coach,Lord Bruncker
mrs_pierces_covent_garden,home_seething_lane,418,788,1667,2,13,coach,Elizabeth Pepys
home_seething_lane,navy_office,788,422,1667,2,14,walk,
navy_office,berkeley_house,422,336,1667,2,14,coach,
berkeley_house,the_temple,336,102,1667,2,14,coach,Sir H. Cholmly
the_temple,home_seething_lane,102,788,1667,2,14,coach,
exchequer,excise_office,169,170,1667,2,15,walk,Lord Bellasses
navy_office,home_seething_lane,422,788,1667,2,16,walk,
home_seething_lane,excise_office,788,170,1667,2,16,walk,
excise_office,mrs_martins_new_lodging,170,415,1667,2,16,walk,
whitehall,home_seething_lane,642,788,1667,2,17,boat,
home_seething_lane,berkeley_house,788,336,1667,2,17,boat,Elizabeth Pepys
st_james_park,lord_treasurers_house,541,343,1667,2,17,walk,
home_seething_lane,exchequer,788,169,1667,2,18,coach,
exchequer,home_seething_lane,169,788,1667,2,18,coach,
home_seething_lane,kings_playhouse,788,295,1667,2,18,coach,Elizabeth Pepys
kings_playhouse,home_seething_lane,295,788,1667,2,18,coach,Elizabeth Pepys
home_seething_lane,navy_office,788,422,1667,2,19,walk,
exchequer,leg_tavern,169,314,1667,2,20,walk,
leg_tavern,home_seething_lane,314,788,1667,2,20,coach,
home_seething_lane,berkeley_house,788,336,1667,2,20,coach,Elizabeth Pepys; Lord Bellasses
berkeley_house,home_seething_lane,336,788,1667,2,20,coach,Elizabeth Pepys
royal_exchange,home_seething_lane,789,788,1667,2,22,walk,
home_seething_lane,sir_w_pen_house,788,516,1667,2,22,walk,Elizabeth Pepys
sir_w_pen_house,navy_office,516,422,1667,2,22,walk,
home_seething_lane,lord_treasurers_house,788,343,1667,2,24,boat,
lord_treasurers_house,whitehall,343,642,1667,2,24,walk,
whitehall,home_seething_lane,642,788,1667,2,24,boat,
home_seething_lane,cockpit,788,104,1667,2,25,coach,
cockpit,home_seething_lane,104,788,1667,2,25,coach,
home_seething_lane,navy_office,788,422,1667,2,25,walk,
navy_office,royal_exchange,422,789,1667,2,25,walk,
home_seething_lane,woolwich,788,362,1667,2,27,boat,
woolwich,blackwall,362,47,1667,2,27,boat,
blackwall,deptford,47,77,1667,2,27,boat,
deptford,redriffe,77,475,1667,2,27,walk,
home_seething_lane,whitehall,788,642,1667,2,27,coach,Elizabeth Pepys; Mr. Hunt
whitehall,westminster_hall,642,610,1667,2,27,walk,
westminster_hall,mrs_pierces_covent_garden,610,418,1667,2,27,coach,Elizabeth Pepys
mrs_pierces_covent_garden,home_seething_lane,418,788,1667,2,27,coach,Elizabeth Pepys
home_seething_lane,navy_office,788,422,1667,2,28,walk,
navy_office,royal_exchange,422,789,1667,2,28,walk,
royal_exchange,sir_r_viners,789,370,1667,2,28,walk,
sir_r_viners,home_seething_lane,370,788,1667,2,28,walk,
home_seething_lane,navy_office,788,422,1667,3,1,walk,
home_seething_lane,kings_playhouse,788,295,1667,3,2,coach,Elizabeth Pepys
kings_playhouse,home_seething_lane,295,788,1667,3,2,coach,Elizabeth Pepys
home_seething_lane,whitehall,788,642,1667,3,3,boat,
home_seething_lane,deptford,788,77,1667,3,4,boat,Sir J. Minnes; Sir W. Batten
deptford,woolwich,77,362,1667,3,4,boat,Sir J. Minnes; Sir W. Batten
woolwich,white_hart_woolwich,362,612,1667,3,4,walk,Sir J. Minnes; Sir W. Batten; Captain Cocke
white_hart_woolwich,deptford,612,77,1667,3,4,boat,Sir J. Minnes; Sir W. Batten
deptford,bagwells_house,77,141,1667,3,4,walk,
bagwells_house,redriffe,141,475,1667,3,4,walk,
redriffe,home_seething_lane,475,788,1667,3,6,boat,
navy_office,devonshire_house,422,736,1667,3,7,walk,
devonshire_house,dukes_playhouse,736,159,1667,3,7,coach,
dukes_playhouse,home_seething_lane,159,788,1667,3,7,coach,
home_seething_lane,old_swan,788,444,1667,3,8,walk,
old_swan,whitehall,444,642,1667,3,8,boat,
whitehall,exchequer,642,169,1667,3,8,walk,
westminster_hall,whitehall,610,642,1667,3,8,walk,
whitehall,home_seething_lane,642,788,1667,3,8,coach,Sir W. Batten; Sir W. Pen
lord_treasurers_house,home_seething_lane,343,788,1667,3,8,coach,
home_seething_lane,navy_office,788,422,1667,3,9,walk,
navy_office,new_exchange,422,129,1667,3,9,coach,Elizabeth Pepys; Mrs. Pierce
new_exchange,home_seething_lane,129,788,1667,3,9,coach,Elizabeth Pepys
navy_office,sun_tavern_leadenhall,422,6,1667,3,11,coach,Sir W. Pen
sun_tavern_leadenhall,navy_office,6,422,1667,3,11,walk,
home_seething_lane,navy_office,788,422,1667,3,12,walk,
navy_office,home_seething_lane,422,788,1667,3,12,walk,
home_seething_lane,whitehall,788,642,1667,3,13,coach,Sir W. Batten
whitehall,westminster_hall,642,610,1667,3,13,walk,
westminster_hall,sir_g_carterets_whitehall,610,125,1667,3,13,walk,
lord_treasurers_house,westminster_hall,343,610,1667,3,13,walk,
home_seething_lane,navy_office,788,422,1667,3,14,walk,
navy_office,berkeley_house,422,336,1667,3,14,coach,
berkeley_house,the_temple,336,102,1667,3,14,coach,Sir H. Cholmly
the_temple,home_seething_lane,102,788,1667,3,14,coach,
home_seething_lane,navy_office,788,422,1667,3,15,walk,
navy_office,home_seething_lane,422,788,1667,3,15,walk,
home_seething_lane,whitehall,788,642,1667,3,15,coach,Elizabeth Pepys
whitehall,westminster_hall,642,610,1667,3,15,walk,
westminster_hall,home_seething_lane,610,788,1667,3,15,coach,Elizabeth Pepys
home_seething_lane,whitehall,788,642,1667,3,17,coach,Sir W. Pen; Sir Thomas Allen; Elizabeth Pepys
whitehall,sir_g_carterets_whitehall,642,125,1667,3,17,walk,Elizabeth Pepys
sir_g_carterets_whitehall,home_seething_lane,125,788,1667,3,17,coach,Elizabeth Pepys
home_seething_lane,lord_treasurers_house,788,343,1667,3,17,walk,
home_seething_lane,navy_office,788,422,1667,3,18,walk,
navy_office,home_seething_lane,422,788,1667,3,18,walk,
home_seething_lane,old_swan,788,444,1667,3,20,walk,
old_swan,mrs_martins_new_lodging,444,415,1667,3,20,boat,
mrs_martins_new_lodging,home_seething_lane,415,788,1667,3,20,boat,
home_seething_lane,parish_church,788,544,1667,3,20,walk,Sir W. Batten; Sir J. Minnes
parish_church,whitehall,544,642,1667,3,20,boat,
westminster_hall,charing_cross,610,85,1667,3,20,coach,Elizabeth Pepys
charing_cross,home_seething_lane,85,788,1667,3,20,coach,Elizabeth Pepys
home_seething_lane,navy_office,788,422,1667,3,21,walk,
navy_office,dukes_playhouse,422,159,1667,3,21,coach,
dukes_playhouse,home_seething_lane,159,788,1667,3,21,coach,
home_seething_lane,whitehall,788,642,1667,3,22,coach,
whitehall,lovetts_house,642,346,1667,3,22,walk,
lovetts_house,sir_r_viners,346,370,1667,3,22,coach,
sir_r_viners,royal_exchange,370,789,1667,3,22,walk,
greenwich,woolwich,212,362,1667,3,22,walk,
woolwich,blackwall,362,47,1667,3,22,boat,
blackwall,deptford,47,77,1667,3,22,boat,
deptford,home_seething_lane,77,788,1667,3,22,boat,
home_seething_lane,navy_office,788,422,1667,3,23,walk,
navy_office,home_seething_lane,422,788,1667,3,23,walk,
whitehall,parish_church,642,544,1667,3,24,coach,Sir W. Batten
parish_church,home_seething_lane,544,788,1667,3,24,walk,
exeter_house,lillys_studio,171,134,1667,3,25,coach,Sir W. Pen
lillys_studio,sir_w_pen_house,134,516,1667,3,25,coach,Sir W. Pen
sir_w_pen_house,kings_playhouse,516,295,1667,3,25,coach,Elizabeth Pepys; Sir W. Pen
home_seething_lane,navy_office,788,422,1667,3,26,walk,
navy_office,home_seething_lane,422,788,1667,3,26,walk,
home_seething_lane,blackwall,788,47,1667,3,26,boat,Sir W. Batten; Sir W. Pen; Sir R. Ford
blackwall,home_seething_lane,47,788,1667,3,26,boat,Sir W. Batten
home_seething_lane,whitehall,788,642,1667,3,27,coach,Sir W. Pen
whitehall,exchequer,642,169,1667,3,27,walk,Sir W. Pen
westminster_hall,castle_tavern,610,82,1667,3,27,walk,
castle_tavern,exeter_house,82,171,1667,3,27,walk,Sir W. Batten; Sir W. Pen
exeter_house,home_seething_lane,171,788,1667,3,27,coach,
home_seething_lane,navy_office,788,422,1667,3,28,walk,
navy_office,home_seething_lane,422,788,1667,3,28,walk,
home_seething_lane,blackwall,788,47,1667,3,28,boat,Sir W. Batten; Sir W. Pen; Sir R. Ford
blackwall,home_seething_lane,47,788,1667,3,28,boat,Sir W. Batten
home_seething_lane,navy_office,788,422,1667,3,29,walk,
navy_office,royal_exchange,422,789,1667,3,29,walk,
home_seething_lane,bull_head,788,63,1667,3,29,walk,Balthasar St. Michel
bull_head,home_seething_lane,63,788,1667,3,29,coach,Elizabeth Pepys
home_seething_lane,navy_office,788,422,1667,3,30,walk,
navy_office,dukes_playhouse,422,159,1667,3,30,coach,
dukes_playhouse,navy_office,159,422,1667,3,30,coach,Sir W. Pen
navy_office,home_seething_lane,422,788,1667,3,30,walk,
home_seething_lane,parish_church,788,544,1667,3,31,walk,
parish_church,home_seething_lane,544,788,1667,3,31,walk,
home_seething_lane,whitehall,788,642,1667,3,31,coach,Balthasar St. Michel; Sir J. Minnes
whitehall,strand_bridge,642,32,1667,3,31,boat,
strand_bridge,lord_treasurers_house,32,343,1667,3,31,walk,
redriffe,deptford,475,77,1667,4,1,walk,
deptford,redriffe,77,475,1667,4,1,walk,
redriffe,home_seething_lane,475,788,1667,4,1,boat,
home_seething_lane,navy_office,788,422,1667,4,2,walk,
navy_office,home_seething_lane,422,788,1667,4,2,walk,
whitehall,sir_g_carterets_whitehall,642,125,1667,4,3,walk,
sir_g_carterets_whitehall,home_seething_lane,125,788,1667,4,3,boat,
home_seething_lane,navy_office,788,422,1667,4,4,walk,
navy_office,cockpit,422,104,1667,4,4,boat,Balthasar St. Michel
cockpit,st_james_park,104,541,1667,4,4,walk,Balthasar St. Michel
st_james_park,sir_g_carterets_whitehall,541,125,1667,4,4,walk,
sir_g_carterets_whitehall,lord_treasurers_house,125,343,1667,4,4,walk,
lord_treasurers_house,hackney,343,223,1667,4,4,coach,Elizabeth Pepys; Mercer; Mrs. Anne Jones
hackney,home_seething_lane,223,788,1667,4,4,coach,Elizabeth Pepys; Mercer; Mrs. Anne Jones
home_seething_lane,navy_office,788,422,1667,4,5,walk,
navy_office,home_seething_lane,422,788,1667,4,5,walk,
home_seething_lane,old_swan,788,444,1667,4,5,walk,
old_swan,whitehall,444,642,1667,4,5,boat,
westminster_hall,sir_r_viners,610,370,1667,4,5,coach,
sir_r_viners,royal_exchange,370,789,1667,4,5,walk,
navy_office,home_seething_lane,422,788,1667,4,6,walk,
home_seething_lane,sir_g_carterets_whitehall,788,125,1667,4,6,boat,Balthasar St. Michel
sir_g_carterets_whitehall,royal_exchange,125,789,1667,4,6,walk,Balthasar St. Michel
royal_exchange,captain_cockes_house,789,76,1667,4,6,walk,
captain_cockes_house,home_seething_lane,76,788,1667,4,6,walk,
home_seething_lane,parish_church,788,544,1667,4,7,walk,Elizabeth Pepys
parish_church,home_seething_lane,544,788,1667,4,7,walk,
home_seething_lane,sir_g_carterets_whitehall,788,125,1667,4,7,boat,
sir_g_carterets_whitehall,whitehall,125,642,1667,4,7,walk,
home_seething_lane,navy_office,788,422,1667,4,8,walk,
navy_office,home_seething_lane,422,788,1667,4,8,walk,
home_seething_lane,mrs_pierces_covent_garden,788,418,1667,4,8,coach,Elizabeth Pepys; Mercer; Mrs. Anne Jones
mrs_pierces_covent_garden,kings_playhouse,418,295,1667,4,8,coach,Elizabeth Pepys; Mercer
kings_playhouse,charing_cross,295,85,1667,4,8,coach,Elizabeth Pepys; Mercer
charing_cross,home_seething_lane,85,788,1667,4,8,coach,Elizabeth Pepys; Mercer
home_seething_lane,old_swan,788,444,1667,4,10,walk,
old_swan,whitehall,444,642,1667,4,10,boat,
whitehall,sir_g_carterets_whitehall,642,125,1667,4,10,walk,
sir_g_carterets_whitehall,home_seething_lane,125,788,1667,4,10,coach,
deptford,home_seething_lane,77,788,1667,4,10,boat,
royal_exchange,sir_g_carterets_whitehall,789,125,1667,4,11,walk,
sir_g_carterets_whitehall,navy_office,125,422,1667,4,11,walk,
whitehall,home_seething_lane,642,788,1667,4,11,coach,Elizabeth Pepys
whitehall,sir_g_carterets_whitehall,642,125,1667,4,12,walk,
sir_g_carterets_whitehall,home_seething_lane,125,788,1667,4,12,boat,
home_seething_lane,redriffe,788,475,1667,4,12,boat,
redriffe,home_seething_lane,475,788,1667,4,12,walk,Elizabeth Pepys; Mercer; Barker
home_seething_lane,navy_office,788,422,1667,4,13,walk,
navy_office,home_seething_lane,422,788,1667,4,13,walk,
home_seething_lane,parish_church,788,544,1667,4,14,walk,Elizabeth Pepys
parish_church,home_seething_lane,544,788,1667,4,14,walk,
home_seething_lane,whitehall,788,642,1667,4,14,boat,
home_seething_lane,navy_office,788,422,1667,4,16,walk,
navy_office,home_seething_lane,422,788,1667,4,16,walk,
home_seething_lane,kings_playhouse,788,295,1667,4,16,coach,Elizabeth Pepys
kings_playhouse,mrs_pierces_covent_garden,295,418,1667,4,16,coach,Elizabeth Pepys; Mrs. Knipp
mrs_pierces_covent_garden,cake_house_southampton,418,761,1667,4,16,walk,Elizabeth Pepys; Mrs. Knipp; Mrs. Pierce
cake_house_southampton,home_seething_lane,761,788,1667,4,16,coach,Elizabeth Pepys
kings_playhouse,sir_r_viners,295,370,1667,4,17,coach,
sir_r_viners,home_seething_lane,370,788,1667,4,17,walk,
home_seething_lane,navy_office,788,422,1667,4,18,walk,
navy_office,home_seething_lane,422,788,1667,4,18,walk,
home_seething_lane,dukes_playhouse,788,159,1667,4,18,coach,Elizabeth Pepys
dukes_playhouse,home_seething_lane,159,788,1667,4,18,coach,Elizabeth Pepys
home_seething_lane,navy_office,788,422,1667,4,19,walk,
navy_office,home_seething_lane,422,788,1667,4,19,walk,
home_seething_lane,dukes_playhouse,788,159,1667,4,19,coach,Elizabeth Pepys
dukes_playhouse,home_seething_lane,159,788,1667,4,19,coach,Elizabeth Pepys
home_seething_lane,navy_office,788,422,1667,4,20,walk,
navy_office,home_seething_lane,422,788,1667,4,20,walk,
home_seething_lane,dukes_playhouse,788,159,1667,4,20,coach,Elizabeth Pepys
dukes_playhouse,home_seething_lane,159,788,1667,4,20,coach,Elizabeth Pepys
home_seething_lane,parish_church,788,544,1667,4,21,walk,Elizabeth Pepys
parish_church,home_seething_lane,544,788,1667,4,21,walk,
kingsland,islington,299,282,1667,4,21,coach,Elizabeth Pepys; Mercer
islington,home_seething_lane,282,788,1667,4,21,coach,Elizabeth Pepys; Mercer
old_swan,st_james_palace,444,540,1667,4,22,boat,
st_james_palace,lord_chancellors_new_house,540,336,1667,4,22,coach,Sir G. Carteret
lord_chancellors_new_house,home_seething_lane,336,788,1667,4,22,coach,Sir G. Carteret
home_seething_lane,greenwich,788,212,1667,4,22,boat,
greenwich,woolwich,212,362,1667,4,22,walk,
woolwich,deptford,362,77,1667,4,22,boat,Captain Cocke
deptford,home_seething_lane,77,788,1667,4,22,boat,
navy_office,home_seething_lane,422,788,1667,4,23,walk,
home_seething_lane,mrs_martins_new_lodging,788,415,1667,4,23,walk,Elizabeth Pepys
home_seething_lane,st_james_palace,788,540,1667,4,24,coach,Sir W. Pen
st_james_palace,westminster_hall,540,610,1667,4,24,walk,
westminster_hall,home_seething_lane,610,788,1667,4,24,walk,
sir_g_carterets_whitehall,home_seething_lane,125,788,1667,4,24,boat,
home_seething_lane,navy_office,788,422,1667,4,25,walk,
navy_office,lord_treasurers_house,422,343,1667,4,25,coach,
lord_treasurers_house,sir_r_viners,343,370,1667,4,25,coach,
sir_r_viners,home_seething_lane,370,788,1667,4,25,walk,
home_seething_lane,whitehall,788,642,1667,4,26,coach,Sir W. Batten
whitehall,home_seething_lane,642,788,1667,4,26,coach,Sir W. Batten
home_seething_lane,whitehall,788,642,1667,4,26,coach,Sir W. Batten; Sir W. Pen
whitehall,st_james_palace,642,540,1667,4,26,walk,
home_seething_lane,navy_office,788,422,1667,4,27,walk,
navy_office,home_seething_lane,422,788,1667,4,27,walk,
home_seething_lane,parish_church,788,544,1667,4,28,walk,
parish_church,home_seething_lane,544,788,1667,4,28,walk,
home_seething_lane,barn_elms,788,24,1667,4,28,boat,
deptford,halfway_tree,77,226,1667,4,28,walk,
halfway_tree,redriffe,226,475,1667,4,28,walk,
redriffe,home_seething_lane,475,788,1667,4,28,boat,
home_seething_lane,st_james_palace,788,540,1667,4,29,walk,
st_james_palace,sir_g_carterets_whitehall,540,125,1667,4,29,walk,
sir_g_carterets_whitehall,home_seething_lane,125,788,1667,4,29,coach,
home_seething_lane,sir_g_carterets_whitehall,788,125,1667,4,29,coach,
sir_g_carterets_whitehall,home_seething_lane,125,788,1667,4,30,walk,
home_seething_lane,navy_office,788,422,1667,4,30,walk,
navy_office,royal_exchange,422,789,1667,4,30,walk,
royal_exchange,home_seething_lane,789,788,1667,4,30,walk,
whitehall,home_seething_lane,642,788,1667,4,30,coach,Elizabeth Pepys
home_seething_lane,excise_office,788,170,1667,5,1,walk,
excise_office,westminster_hall,170,610,1667,5,1,walk,
westminster_hall,rose_tavern,610,483,1667,5,1,walk,
rose_tavern,lord_crews_house,483,337,1667,5,1,walk,
lord_crews_house,kings_playhouse,337,295,1667,5,1,coach,
kings_playhouse,hyde_park,295,275,1667,5,1,coach,Sir W. Pen
hyde_park,home_seething_lane,275,788,1667,5,1,coach,Sir W. Pen
home_seething_lane,navy_office,788,422,1667,5,2,walk,
navy_office,lord_treasurers_house,422,343,1667,5,2,coach,
st_james_palace,excise_office,540,170,1667,5,3,walk,
excise_office,westminster_hall,170,610,1667,5,3,coach,
queens_head_bow,home_seething_lane,63,788,1667,5,3,coach,Elizabeth Pepys
home_seething_lane,navy_office,788,422,1667,5,4,walk,
navy_office,home_seething_lane,422,788,1667,5,4,walk,
whitehall,sir_g_carterets_whitehall,642,125,1667,5,5,walk,
sir_g_carterets_whitehall,parish_church,125,544,1667,5,5,walk,
parish_church,home_seething_lane,544,788,1667,5,5,walk,
barn_elms,home_seething_lane,24,788,1667,5,5,boat,Elizabeth Pepys; Barker
lord_treasurers_house,westminster_hall,343,610,1667,5,6,walk,
westminster_hall,exchequer,610,169,1667,5,6,walk,
exchequer,home_seething_lane,169,788,1667,5,6,coach,Captain Cocke
home_seething_lane,sir_r_viners,788,370,1667,5,6,walk,
sir_r_viners,home_seething_lane,370,788,1667,5,6,walk,
navy_office,home_seething_lane,422,788,1667,5,7,walk,
st_james_palace,westminster_hall,540,610,1667,5,8,coach,Sir G. Carteret
westminster_hall,royal_exchange,610,789,1667,5,8,coach,
home_seething_lane,st_james_palace,788,540,1667,5,9,coach,Elizabeth Pepys
whitehall,home_seething_lane,642,788,1667,5,9,coach,Elizabeth Pepys
home_seething_lane,navy_office,788,422,1667,5,10,walk,
navy_office,three_tuns_tavern,422,580,1667,5,10,walk,
three_tuns_tavern,sir_r_viners,580,370,1667,5,10,walk,
sir_r_viners,home_seething_lane,370,788,1667,5,10,coach,
home_seething_lane,navy_office,788,422,1667,5,11,walk,
navy_office,home_seething_lane,422,788,1667,5,11,walk,
home_seething_lane,whitehall,788,642,1667,5,11,coach,Elizabeth Pepys; John Creed
whitehall,home_seething_lane,642,788,1667,5,11,coach,Elizabeth Pepys
whitehall,home_seething_lane,642,788,1667,5,12,coach,Elizabeth Pepys
home_seething_lane,islington,788,282,1667,5,12,coach,Elizabeth Pepys
home_seething_lane,navy_office,788,422,1667,5,13,walk,
navy_office,lord_treasurers_house,422,343,1667,5,13,coach,Elizabeth Pepys
lord_treasurers_house,new_exchange,343,129,1667,5,13,coach,
new_exchange,home_seething_lane,129,788,1667,5,13,coach,Elizabeth Pepys
home_seething_lane,navy_office,788,422,1667,5,14,walk,
navy_office,clarendon_house,422,98,1667,5,14,coach,
clarendon_house,home_seething_lane,98,788,1667,5,14,coach,
st_james_palace,home_seething_lane,540,788,1667,5,15,coach,Sir G. Carteret
home_seething_lane,navy_office,788,422,1667,5,16,walk,
navy_office,three_tuns_tavern,422,580,1667,5,16,walk,
three_tuns_tavern,lord_treasurers_house,580,343,1667,5,16,coach,Elizabeth Pepys; Sir W. Pen
lord_treasurers_house,islington,343,282,1667,5,16,coach,Elizabeth Pepys; Sir W. Pen
islington,home_seething_lane,282,788,1667,5,16,coach,Elizabeth Pepys; Sir W. Pen
home_seething_lane,navy_office,788,422,1667,5,17,walk,
navy_office,three_tuns_tavern,422,580,1667,5,17,walk,
three_tuns_tavern,home_seething_lane,580,788,1667,5,17,walk,
home_seething_lane,sir_r_viners,788,370,1667,5,17,walk,
sir_r_viners,st_james_palace,370,540,1667,5,17,coach,
home_seething_lane,navy_office,788,422,1667,5,18,walk,
navy_office,home_seething_lane,422,788,1667,5,18,walk,
home_seething_lane,parish_church,788,544,1667,5,19,walk,
parish_church,sir_g_carterets_whitehall,544,125,1667,5,19,boat,
sir_g_carterets_whitehall,home_seething_lane,125,788,1667,5,19,boat,
home_seething_lane,excise_office,788,170,1667,5,20,coach,
excise_office,westminster_hall,170,610,1667,5,20,walk,
westminster_hall,lincolns_inn_fields,610,319,1667,5,20,coach,
lincolns_inn_fields,old_swan,319,444,1667,5,20,walk,
old_swan,mrs_martins_new_lodging,444,415,1667,5,20,boat,
home_seething_lane,navy_office,788,422,1667,5,21,walk,
navy_office,home_seething_lane,422,788,1667,5,21,walk,
home_seething_lane,whitehall,788,642,1667,5,22,boat,
whitehall,st_james_palace,642,540,1667,5,22,walk,
st_james_palace,westminster_hall,540,610,1667,5,22,coach,Sir G. Carteret
westminster_hall,red_lion_inn,610,198,1667,5,22,coach,
red_lion_inn,royal_exchange,198,789,1667,5,22,walk,
home_seething_lane,kings_playhouse,788,295,1667,5,22,boat,
kings_playhouse,home_seething_lane,295,788,1667,5,22,coach,
home_seething_lane,navy_office,788,422,1667,5,23,walk,
navy_office,home_seething_lane,422,788,1667,5,23,walk,
home_seething_lane,navy_office,788,422,1667,5,24,walk,
navy_office,islington,422,282,1667,5,24,coach,Elizabeth Pepys; Sir W. Pen
home_seething_lane,navy_office,788,422,1667,5,25,walk,
navy_office,home_seething_lane,422,788,1667,5,25,walk,
home_seething_lane,parish_church,788,544,1667,5,26,walk,Elizabeth Pepys
parish_church,home_seething_lane,544,788,1667,5,26,walk,
home_seething_lane,mrs_martins_new_lodging,788,415,1667,5,26,boat,
mrs_martins_new_lodging,barn_elms,415,24,1667,5,26,boat,
barn_elms,old_swan,24,444,1667,5,26,boat,
home_seething_lane,whitehall,788,642,1667,5,27,boat,
whitehall,st_james_palace,642,540,1667,5,27,walk,
st_james_palace,home_seething_lane,540,788,1667,5,27,coach,
home_seething_lane,spring_garden,788,30,1667,5,27,boat,John Creed
spring_garden,old_swan,30,444,1667,5,27,boat,
old_swan,home_seething_lane,444,788,1667,5,27,walk,
home_seething_lane,st_james_palace,788,540,1667,5,28,coach,
st_james_palace,home_seething_lane,540,788,1667,5,28,coach,
st_james_palace,home_seething_lane,540,788,1667,5,29,coach,
home_seething_lane,navy_office,788,422,1667,5,30,walk,
navy_office,home_seething_lane,422,788,1667,5,30,walk,
home_seething_lane,arundell_house,788,9,1667,5,30,walk,
arundell_house,home_seething_lane,9,788,1667,5,30,coach,
whitehall,sir_g_carterets_whitehall,642,125,1667,5,31,walk,
sir_g_carterets_whitehall,navy_office,125,422,1667,5,31,coach,Mr. Gawden
navy_office,home_seething_lane,422,788,1667,5,31,walk,
home_seething_lane,navy_office,788,422,1667,6,1,walk,
navy_office,home_seething_lane,422,788,1667,6,1,walk,
home_seething_lane,old_swan,788,444,1667,6,2,walk,
old_swan,home_seething_lane,444,788,1667,6,2,boat,
st_james_palace,westminster_hall,540,610,1667,6,3,walk,
westminster_hall,deptford,610,77,1667,6,3,boat,
deptford,whitehall,77,642,1667,6,3,boat,John Creed
whitehall,spring_garden,642,30,1667,6,3,boat,John Creed
spring_garden,home_seething_lane,30,788,1667,6,3,boat,
home_seething_lane,navy_office,788,422,1667,6,4,walk,
navy_office,home_seething_lane,422,788,1667,6,4,walk,
whitehall,st_james_palace,642,540,1667,6,5,walk,
st_james_palace,lord_crews_house,540,337,1667,6,5,coach,Sir G. Carteret
home_seething_lane,navy_office,788,422,1667,6,6,walk,
navy_office,sir_w_pen_house,422,516,1667,6,6,walk,
sir_w_pen_house,navy_office,516,422,1667,6,6,walk,
navy_office,home_seething_lane,422,788,1667,6,6,walk,
home_seething_lane,navy_office,788,422,1667,6,7,walk,
navy_office,home_seething_lane,422,788,1667,6,7,walk,
home_seething_lane,navy_office,788,422,1667,6,8,walk,
navy_office,home_seething_lane,422,788,1667,6,8,walk,
home_seething_lane,st_james_palace,788,540,1667,6,9,boat,
st_james_palace,home_seething_lane,540,788,1667,6,9,boat,
mrs_martins_new_lodging,barn_elms,415,24,1667,6,9,boat,
barn_elms,home_seething_lane,24,788,1667,6,9,boat,
home_seething_lane,whitehall,788,642,1667,6,10,coach,Sir W. Batten; Sir W. Pen
whitehall,deptford,642,77,1667,6,10,boat,Sir W. Batten; Sir W. Pen
deptford,greenwich,77,212,1667,6,10,boat,
greenwich,woolwich,212,362,1667,6,10,boat,
woolwich,gravesend,362,203,1667,6,10,boat,
home_seething_lane,navy_office,788,422,1667,6,11,walk,
navy_office,deptford,422,77,1667,6,11,boat,Sir W. Batten
deptford,home_seething_lane,77,788,1667,6,11,boat,
navy_office,whitehall,422,642,1667,6,12,coach,
whitehall,home_seething_lane,642,788,1667,6,12,coach,Elizabeth Pepys
home_seething_lane,navy_office,788,422,1667,6,16,walk,
navy_office,home_seething_lane,422,788,1667,6,16,walk,
navy_office,whitehall,422,642,1667,6,19,coach,
whitehall,sir_g_carterets_whitehall,642,125,1667,6,19,walk,
sir_g_carterets_whitehall,home_seething_lane,125,788,1667,6,19,coach,
home_seething_lane,navy_office,788,422,1667,6,20,walk,
navy_office,home_seething_lane,422,788,1667,6,20,walk,
home_seething_lane,navy_office,788,422,1667,6,22,walk,
navy_office,home_seething_lane,422,788,1667,6,22,walk,
home_seething_lane,woolwich,788,362,1667,6,23,boat,
woolwich,greenwich,362,212,1667,6,23,boat,
greenwich,home_seething_lane,212,788,1667,6,23,boat,
home_seething_lane,navy_office,788,422,1667,6,24,walk,
navy_office,home_seething_lane,422,788,1667,6,24,walk,
home_seething_lane,st_james_palace,788,540,1667,6,25,coach,Sir W. Pen
st_james_palace,westminster_hall,540,610,1667,6,25,coach,Sir W. Pen
westminster_hall,home_seething_lane,610,788,1667,6,25,coach,
whitehall,westminster_hall,642,610,1667,6,26,walk,
westminster_hall,home_seething_lane,610,788,1667,6,26,coach,
home_seething_lane,navy_office,788,422,1667,6,27,walk,
navy_office,home_seething_lane,422,788,1667,6,27,walk,
home_seething_lane,st_james_palace,788,540,1667,6,28,coach,Sir H. Cholmly
st_james_palace,exchequer,540,169,1667,6,28,walk,Sir H. Cholmly
exchequer,sir_g_carterets_whitehall,169,125,1667,6,28,boat,
sir_g_carterets_whitehall,home_seething_lane,125,788,1667,6,28,coach,
chatham_yard,upnor_castle,90,594,1667,6,30,boat,John Creed
upnor_castle,rochester,594,478,1667,6,30,boat,John Creed
home_seething_lane,sessions_house,788,497,1667,7,4,coach,
sessions_house,home_seething_lane,497,788,1667,7,4,coach,
navy_office,new_exchange,422,129,1667,7,5,coach,Sir W. Pen
new_exchange,home_seething_lane,129,788,1667,7,5,walk,
navy_office,home_seething_lane,422,788,1667,7,6,walk,
home_seething_lane,westminster_hall,788,610,1667,7,6,coach,
westminster_hall,whitehall,610,642,1667,7,6,walk,
home_seething_lane,halfway_house,788,226,1667,7,7,boat,Elizabeth Pepys; Jane
home_seething_lane,whitehall,788,642,1667,7,8,coach,Elizabeth Pepys
whitehall,charing_cross,642,85,1667,7,8,coach,Elizabeth Pepys; John Creed
charing_cross,home_seething_lane,85,788,1667,7,8,coach,Elizabeth Pepys
navy_office,home_seething_lane,422,788,1667,7,9,walk,
home_seething_lane,navy_office,788,422,1667,7,10,walk,
navy_office,home_seething_lane,422,788,1667,7,10,walk,
home_seething_lane,navy_office,788,422,1667,7,11,walk,
navy_office,home_seething_lane,422,788,1667,7,11,walk,
home_seething_lane,whitehall,788,642,1667,7,12,coach,
whitehall,excise_office,642,170,1667,7,12,coach,Sir H. Cholmly
excise_office,lord_crews_house,170,337,1667,7,12,coach,
lord_crews_house,st_james_palace,337,540,1667,7,12,coach,
st_james_palace,home_seething_lane,540,788,1667,7,12,coach,
home_seething_lane,navy_office,788,422,1667,7,13,walk,
navy_office,home_seething_lane,422,788,1667,7,13,walk,
home_seething_lane,new_exchange,788,129,1667,7,13,coach,Elizabeth Pepys
new_exchange,st_james_palace,129,540,1667,7,13,walk,
st_james_palace,home_seething_lane,540,788,1667,7,13,coach,Elizabeth Pepys
home_seething_lane,epsom,788,164,1667,7,14,coach,Elizabeth Pepys; Mrs. Turner; William Hewer
epsom,epsom_downs,164,164,1667,7,14,walk,Elizabeth Pepys; Mrs. Turner; William Hewer
epsom_downs,epsom,164,164,1667,7,14,walk,Elizabeth Pepys; Mrs. Turner; William Hewer
home_seething_lane,whitehall,788,642,1667,7,17,coach,Elizabeth Pepys
whitehall,westminster_hall,642,610,1667,7,17,walk,
westminster_hall,home_seething_lane,610,788,1667,7,17,coach,Elizabeth Pepys
navy_office,home_seething_lane,422,788,1667,7,18,walk,
home_seething_lane,islington,788,282,1667,7,18,coach,Elizabeth Pepys; Mr. Batelier
home_seething_lane,exchequer,788,169,1667,7,19,walk,
exchequer,home_seething_lane,169,788,1667,7,19,coach,
navy_office,home_seething_lane,422,788,1667,7,20,walk,
home_seething_lane,barn_elms,788,24,1667,7,21,boat,Elizabeth Pepys; Mercer
barn_elms,lambeth,24,309,1667,7,21,boat,Elizabeth Pepys; Mercer
lambeth,home_seething_lane,309,788,1667,7,21,boat,Elizabeth Pepys; Mercer
st_james_palace,clarendon_house,540,98,1667,7,22,walk,
clarendon_house,royal_exchange,98,789,1667,7,22,coach,Mr. Gawden
whitehall,home_seething_lane,642,788,1667,7,22,coach,Elizabeth Pepys
home_seething_lane,navy_office,788,422,1667,7,24,walk,
navy_office,gravesend,422,203,1667,7,24,boat,
navy_office,home_seething_lane,422,788,1667,7,25,walk,
home_seething_lane,navy_office,788,422,1667,7,26,walk,
home_seething_lane,whitehall,788,642,1667,7,26,coach,Elizabeth Pepys
whitehall,home_seething_lane,642,788,1667,7,26,coach,Elizabeth Pepys
home_seething_lane,navy_office,788,422,1667,7,27,walk,
navy_office,royal_exchange,422,789,1667,7,27,walk,
home_seething_lane,navy_office,788,422,1667,7,28,walk,
navy_office,home_seething_lane,422,788,1667,7,28,walk,
st_james_palace,westminster_hall,540,610,1667,7,29,walk,
home_seething_lane,whitehall,788,642,1667,7,29,coach,John Creed
westminster_hall,home_seething_lane,610,788,1667,7,30,walk,
home_seething_lane,navy_office,788,422,1667,7,30,walk,
navy_office,whitehall,422,642,1667,7,30,coach,
whitehall,home_seething_lane,642,788,1667,7,30,coach,
home_seething_lane,navy_office,788,422,1667,7,31,walk,
navy_office,home_seething_lane,422,788,1667,7,31,walk,
home_seething_lane,marylebone,788,323,1667,7,31,coach,Elizabeth Pepys
marylebone,home_seething_lane,323,788,1667,7,31,coach,Elizabeth Pepys
sir_w_pen_house,kings_playhouse,516,295,1667,8,1,coach,Elizabeth Pepys; Mrs. Turner; Mrs. Knipp
kings_playhouse,neat_houses,295,423,1667,8,1,coach,Elizabeth Pepys; Mrs. Turner; Mrs. Knipp
home_seething_lane,navy_office,788,422,1667,8,2,walk,
navy_office,home_seething_lane,422,788,1667,8,2,walk,
navy_office,whitehall,422,642,1667,8,3,coach,
whitehall,home_seething_lane,642,788,1667,8,3,coach,
st_james_palace,royal_exchange,540,789,1667,8,5,coach,Mr. Gawden
sir_w_pen_house,dukes_playhouse,516,159,1667,8,5,coach,Elizabeth Pepys; Sir W. Pen
dukes_playhouse,home_seething_lane,159,788,1667,8,5,coach,Elizabeth Pepys
home_seething_lane,navy_office,788,422,1667,8,7,walk,
navy_office,home_seething_lane,422,788,1667,8,7,walk,
home_seething_lane,the_temple,788,102,1667,8,8,coach,Elizabeth Pepys
the_temple,whitehall,102,642,1667,8,8,coach,
whitehall,queens_head_bow,642,63,1667,8,8,coach,Elizabeth Pepys
queens_head_bow,home_seething_lane,63,788,1667,8,8,coach,Elizabeth Pepys
home_seething_lane,westminster_hall,788,610,1667,8,9,coach,Sir H. Cholmly
westminster_hall,home_seething_lane,610,788,1667,8,9,coach,
home_seething_lane,st_james_palace,788,540,1667,8,9,coach,
st_james_palace,home_seething_lane,540,788,1667,8,9,coach,
navy_office,new_exchange,422,129,1667,8,10,walk,
new_exchange,home_seething_lane,129,788,1667,8,10,walk,
home_seething_lane,barnett,788,25,1667,8,11,coach,Elizabeth Pepys; Mrs. Turner; William Hewer
hatfield,barnett,232,25,1667,8,11,coach,Elizabeth Pepys; Mrs. Turner; William Hewer
barnett,home_seething_lane,25,788,1667,8,11,coach,Elizabeth Pepys; Mrs. Turner; William Hewer
st_james_palace,westminster_hall,540,610,1667,8,12,walk,
westminster_hall,home_seething_lane,610,788,1667,8,12,walk,
home_seething_lane,kings_playhouse,788,295,1667,8,12,walk,
kings_playhouse,home_seething_lane,295,788,1667,8,12,coach,
st_james_palace,kings_playhouse,540,295,1667,8,13,coach,Sir W. Pen
kings_playhouse,home_seething_lane,295,788,1667,8,13,coach,Sir W. Pen
home_seething_lane,navy_office,788,422,1667,8,14,walk,
navy_office,kings_playhouse,422,295,1667,8,14,coach,
kings_playhouse,home_seething_lane,295,788,1667,8,14,coach,
home_seething_lane,st_james_palace,788,540,1667,8,15,coach,Sir W. Batten; Sir J. Minnes; Sir W. Pen
st_james_palace,kings_playhouse,540,295,1667,8,15,coach,Sir W. Pen
kings_playhouse,home_seething_lane,295,788,1667,8,15,coach,Elizabeth Pepys
home_seething_lane,navy_office,788,422,1667,8,16,walk,
navy_office,dukes_playhouse,422,159,1667,8,16,coach,Elizabeth Pepys
dukes_playhouse,new_exchange,159,129,1667,8,16,coach,Elizabeth Pepys
new_exchange,home_seething_lane,129,788,1667,8,16,coach,Elizabeth Pepys
navy_office,kings_playhouse,422,295,1667,8,17,coach,Elizabeth Pepys; Sir W. Pen
kings_playhouse,home_seething_lane,295,788,1667,8,17,coach,Elizabeth Pepys
parish_church,home_seething_lane,544,788,1667,8,18,walk,
home_seething_lane,islington,788,282,1667,8,18,coach,Elizabeth Pepys
home_seething_lane,exchequer,788,169,1667,8,19,walk,
exchequer,home_seething_lane,169,788,1667,8,19,walk,
home_seething_lane,dukes_playhouse,788,159,1667,8,19,coach,
dukes_playhouse,home_seething_lane,159,788,1667,8,19,coach,
home_seething_lane,navy_office,788,422,1667,8,20,walk,
navy_office,dukes_playhouse,422,159,1667,8,20,coach,Elizabeth Pepys; Lord Bruncker
dukes_playhouse,home_seething_lane,159,788,1667,8,20,coach,Elizabeth Pepys
home_seething_lane,navy_office,788,422,1667,8,21,walk,
navy_office,whitehall,422,642,1667,8,21,coach,Elizabeth Pepys
whitehall,westminster_hall,642,610,1667,8,21,walk,
westminster_hall,home_seething_lane,610,788,1667,8,21,coach,Elizabeth Pepys
navy_office,captain_cockes_house,422,76,1667,8,22,walk,Lord Bruncker
captain_cockes_house,kings_playhouse,76,295,1667,8,22,coach,Lord Bruncker
kings_playhouse,home_seething_lane,295,788,1667,8,22,coach,
whitehall,exchequer,642,169,1667,8,23,walk,
exchequer,home_seething_lane,169,788,1667,8,23,coach,
home_seething_lane,kings_playhouse,788,295,1667,8,23,coach,Elizabeth Pepys
kings_playhouse,home_seething_lane,295,788,1667,8,23,coach,Elizabeth Pepys; Mrs. Turner
home_seething_lane,navy_office,788,422,1667,8,24,walk,
navy_office,kings_playhouse,422,295,1667,8,24,coach,Elizabeth Pepys; John Creed
kings_playhouse,home_seething_lane,295,788,1667,8,24,coach,Elizabeth Pepys
home_seething_lane,parish_church,788,544,1667,8,25,walk,
parish_church,home_seething_lane,544,788,1667,8,25,walk,
home_seething_lane,barn_elms,788,24,1667,8,25,boat,
barn_elms,home_seething_lane,24,788,1667,8,25,boat,
home_seething_lane,navy_office,788,422,1667,8,26,walk,
navy_office,whitehall,422,642,1667,8,26,coach,Sir J. Minnes
whitehall,kings_playhouse,642,295,1667,8,26,walk,
kings_playhouse,home_seething_lane,295,788,1667,8,26,coach,Sir W. Pen
home_seething_lane,navy_office,788,422,1667,8,27,walk,
navy_office,st_james_palace,422,540,1667,8,27,coach,Elizabeth Pepys; Sir W. Pen
st_james_palace,whitehall,540,642,1667,8,27,walk,Sir J. Minnes
whitehall,home_seething_lane,642,788,1667,8,27,coach,
home_seething_lane,bartholomew_fair,788,27,1667,8,28,coach,Elizabeth Pepys
bartholomew_fair,home_seething_lane,27,788,1667,8,28,coach,Elizabeth Pepys
home_seething_lane,lord_crews_house,788,337,1667,8,29,walk,
lord_crews_house,home_seething_lane,337,788,1667,8,29,coach,
whitehall,walthamstow,642,601,1667,8,30,coach,Elizabeth Pepys
walthamstow,bartholomew_fair,601,27,1667,8,30,coach,
bartholomew_fair,home_seething_lane,27,788,1667,8,30,coach,
home_seething_lane,navy_office,788,422,1667,8,31,walk,
navy_office,whitehall,422,642,1667,8,31,walk,
mrs_martins_new_lodging,whitehall,415,642,1667,9,1,walk,John Creed
whitehall,sir_g_carterets_whitehall,642,125,1667,9,1,walk,
sir_g_carterets_whitehall,home_seething_lane,125,788,1667,9,1,coach,Elizabeth Pepys
st_james_palace,home_seething_lane,540,788,1667,9,3,coach,Elizabeth Pepys
whitehall,bartholomew_fair,642,27,1667,9,4,coach,Elizabeth Pepys; William Hewer
bartholomew_fair,dukes_playhouse,27,159,1667,9,4,coach,Elizabeth Pepys; William Hewer
dukes_playhouse,home_seething_lane,159,788,1667,9,4,coach,Elizabeth Pepys
home_seething_lane,navy_office,788,422,1667,9,5,walk,
navy_office,dukes_playhouse,422,159,1667,9,5,coach,Elizabeth Pepys; Mary Batelier; Sir W. Pen
dukes_playhouse,home_seething_lane,159,788,1667,9,5,coach,Elizabeth Pepys
home_seething_lane,exchequer,788,169,1667,9,6,walk,
exchequer,home_seething_lane,169,788,1667,9,6,coach,
home_seething_lane,navy_office,788,422,1667,9,7,walk,
navy_office,home_seething_lane,422,788,1667,9,7,walk,
whitehall,sir_g_carterets_whitehall,642,125,1667,9,8,walk,
sir_g_carterets_whitehall,mrs_martins_new_lodging,125,415,1667,9,8,walk,
mrs_martins_new_lodging,home_seething_lane,415,788,1667,9,8,coach,
home_seething_lane,whitehall,788,642,1667,9,9,coach,Elizabeth Pepys; John Creed
bear_garden,home_seething_lane,30,788,1667,9,9,coach,Elizabeth Pepys
home_seething_lane,navy_office,788,422,1667,9,10,walk,
navy_office,st_james_palace,422,540,1667,9,10,coach,Elizabeth Pepys
st_james_palace,home_seething_lane,540,788,1667,9,10,coach,Elizabeth Pepys; Mercer
home_seething_lane,exchequer,788,169,1667,9,11,coach,Mr. Gawden
exchequer,home_seething_lane,169,788,1667,9,11,walk,
home_seething_lane,whitehall,788,642,1667,9,11,boat,Sir W. Batten
whitehall,dukes_playhouse,642,159,1667,9,11,coach,
dukes_playhouse,home_seething_lane,159,788,1667,9,11,coach,Mrs. Turner
home_seething_lane,exchequer,788,169,1667,9,12,walk,
exchequer,dukes_playhouse,169,159,1667,9,12,coach,
dukes_playhouse,home_seething_lane,159,788,1667,9,12,coach,Elizabeth Pepys
navy_office,home_seething_lane,422,788,1667,9,14,walk,
home_seething_lane,exchequer,788,169,1667,9,16,coach,Sir H. Cholmly
exchequer,mrs_pierces_covent_garden,169,418,1667,9,16,coach,Elizabeth Pepys; Mercer
mrs_pierces_covent_garden,dukes_playhouse,418,159,1667,9,16,coach,Elizabeth Pepys; Mercer
dukes_playhouse,home_seething_lane,159,788,1667,9,16,coach,Elizabeth Pepys; Mercer
home_seething_lane,navy_office,788,422,1667,9,17,walk,
navy_office,old_swan,422,444,1667,9,17,walk,
old_swan,westminster_hall,444,610,1667,9,17,boat,
westminster_hall,the_temple,610,102,1667,9,17,coach,Sir H. Cholmly
the_temple,home_seething_lane,102,788,1667,9,17,coach,
home_seething_lane,navy_office,788,422,1667,9,19,walk,
navy_office,home_seething_lane,422,788,1667,9,19,walk,
navy_office,kings_playhouse,422,295,1667,9,20,coach,Sir W. Pen
kings_playhouse,home_seething_lane,295,788,1667,9,20,coach,
home_seething_lane,navy_office,788,422,1667,9,21,walk,
navy_office,home_seething_lane,422,788,1667,9,21,walk,
home_seething_lane,st_james_palace,788,540,1667,9,23,coach,
st_james_palace,lord_ashlys_house,540,329,1667,9,23,coach,
lord_ashlys_house,home_seething_lane,329,788,1667,9,23,coach,Elizabeth Pepys
home_seething_lane,navy_office,788,422,1667,9,24,walk,
navy_office,st_james_palace,422,540,1667,9,24,coach,Sir W. Batten; Sir W. Pen
home_seething_lane,whitehall,788,642,1667,9,25,coach,Sir H. Cholmly
kings_playhouse,home_seething_lane,295,788,1667,9,25,coach,
home_seething_lane,navy_office,788,422,1667,9,26,walk,
navy_office,kings_playhouse,422,295,1667,9,26,coach,Elizabeth Pepys
kings_playhouse,home_seething_lane,295,788,1667,9,26,coach,Elizabeth Pepys
home_seething_lane,navy_office,788,422,1667,9,27,walk,
navy_office,grays_inn_fields,422,205,1667,9,27,coach,Mr. Pelling
grays_inn_fields,home_seething_lane,205,788,1667,9,27,coach,
home_seething_lane,navy_office,788,422,1667,9,28,walk,
navy_office,dukes_playhouse,422,159,1667,9,28,coach,
dukes_playhouse,home_seething_lane,159,788,1667,9,28,coach,
home_seething_lane,whitehall,788,642,1667,9,30,boat,
whitehall,mrs_martins_new_lodging,642,415,1667,9,30,walk,
home_seething_lane,whitehall,788,642,1667,9,30,boat,
whitehall,home_seething_lane,642,788,1667,9,30,coach,
whitehall,home_seething_lane,642,788,1667,10,1,coach,
navy_office,kings_playhouse,422,295,1667,10,2,coach,Elizabeth Pepys; Deb Willet
st_james_palace,home_seething_lane,540,788,1667,10,3,coach,
home_seething_lane,whitehall,788,642,1667,10,4,coach,
whitehall,lord_crews_house,642,337,1667,10,4,walk,
lord_crews_house,lord_ashlys_house,337,329,1667,10,4,coach,
lord_ashlys_house,mrs_martins_new_lodging,329,415,1667,10,4,walk,
mrs_martins_new_lodging,lord_crews_house,415,337,1667,10,4,coach,
home_seething_lane,navy_office,788,422,1667,10,5,walk,
navy_office,lord_crews_house,422,337,1667,10,5,coach,
lord_crews_house,kings_playhouse,337,295,1667,10,5,coach,Elizabeth Pepys; Deb Willet
kings_playhouse,home_seething_lane,295,788,1667,10,5,coach,Elizabeth Pepys; Deb Willet
bishops_stortford,audley_end,43,12,1667,10,8,coach,Elizabeth Pepys; Deb Willet; William Hewer
cambridge,brampton,65,51,1667,10,9,coach,Elizabeth Pepys; Deb Willet; William Hewer
stevenage,home_seething_lane,557,788,1667,10,12,coach,Elizabeth Pepys; Deb Willet; William Hewer; John Bowles
st_james_palace,sir_g_carterets_whitehall,540,125,1667,10,13,walk,
sir_g_carterets_whitehall,home_seething_lane,125,788,1667,10,13,coach,
westminster_hall,home_seething_lane,610,788,1667,10,14,coach,
home_seething_lane,dukes_playhouse,788,159,1667,10,14,coach,
dukes_playhouse,home_seething_lane,159,788,1667,10,14,coach,
home_seething_lane,dukes_playhouse,788,159,1667,10,15,coach,Elizabeth Pepys; Deb Willet
dukes_playhouse,home_seething_lane,159,788,1667,10,15,coach,Elizabeth Pepys; Deb Willet
whitehall,dukes_playhouse,642,159,1667,10,16,coach,
dukes_playhouse,home_seething_lane,159,788,1667,10,16,coach,
home_seething_lane,navy_office,788,422,1667,10,17,walk,
navy_office,home_seething_lane,422,788,1667,10,17,walk,
whitehall,kings_playhouse,642,295,1667,10,18,coach,Elizabeth Pepys; Deb Willet; John Creed
kings_playhouse,home_seething_lane,295,788,1667,10,18,coach,Elizabeth Pepys; Deb Willet
home_seething_lane,navy_office,788,422,1667,10,19,walk,
navy_office,kings_playhouse,422,295,1667,10,19,coach,Elizabeth Pepys; Deb Willet
home_seething_lane,whitehall,788,642,1667,10,21,coach,
whitehall,sir_g_carterets_whitehall,642,125,1667,10,21,walk,Sir W. Pen
sir_g_carterets_whitehall,westminster_hall,125,610,1667,10,21,walk,
westminster_hall,home_seething_lane,610,788,1667,10,21,coach,
whitehall,westminster_hall,642,610,1667,10,23,walk,
westminster_hall,kings_playhouse,610,295,1667,10,23,coach,Sir W. Pen
kings_playhouse,home_seething_lane,295,788,1667,10,23,coach,
home_seething_lane,navy_office,788,422,1667,10,24,walk,
navy_office,charing_cross,422,85,1667,10,24,coach,Elizabeth Pepys; Deb Willet
charing_cross,home_seething_lane,85,788,1667,10,24,coach,Elizabeth Pepys; Deb Willet
whitehall,home_seething_lane,642,788,1667,10,25,coach,Sir W. Pen
home_seething_lane,navy_office,788,422,1667,10,26,walk,
navy_office,home_seething_lane,422,788,1667,10,26,walk,
home_seething_lane,deptford,788,77,1667,10,27,boat,
deptford,home_seething_lane,77,788,1667,10,27,boat,
home_seething_lane,whitehall,788,642,1667,10,28,boat,
whitehall,home_seething_lane,642,788,1667,10,28,coach,
home_seething_lane,kings_playhouse,788,295,1667,10,28,coach,Elizabeth Pepys; Mercer; Deb Willet
kings_playhouse,home_seething_lane,295,788,1667,10,28,coach,Elizabeth Pepys
home_seething_lane,navy_office,788,422,1667,10,29,walk,
navy_office,westminster_hall,422,610,1667,10,29,coach,Lord Bruncker
westminster_hall,home_seething_lane,610,788,1667,10,29,coach,
whitehall,home_seething_lane,642,788,1667,10,30,coach,Sir W. Pen
home_seething_lane,westminster_hall,788,610,1667,10,31,boat,
westminster_hall,home_seething_lane,610,788,1667,10,31,coach,Mr. Gawden
home_seething_lane,whitehall,788,642,1667,11,1,boat,
whitehall,kings_playhouse,642,295,1667,11,1,coach,Elizabeth Pepys
kings_playhouse,home_seething_lane,295,788,1667,11,1,coach,Elizabeth Pepys
navy_office,kings_playhouse,422,295,1667,11,2,coach,Elizabeth Pepys; Deb Willet
kings_playhouse,home_seething_lane,295,788,1667,11,2,coach,Elizabeth Pepys; Deb Willet
home_seething_lane,whitehall,788,642,1667,11,4,boat,Sir R. Ford
whitehall,excise_office,642,170,1667,11,4,coach,Sir H. Cholmly
excise_office,home_seething_lane,170,788,1667,11,4,coach,
westminster_hall,home_seething_lane,610,788,1667,11,4,coach,Elizabeth Pepys
navy_office,home_seething_lane,422,788,1667,11,5,walk,
home_seething_lane,westminster_hall,788,610,1667,11,6,walk,
westminster_hall,home_seething_lane,610,788,1667,11,6,coach,
home_seething_lane,dukes_playhouse,788,159,1667,11,6,coach,Elizabeth Pepys; Deb Willet
dukes_playhouse,home_seething_lane,159,788,1667,11,6,coach,Elizabeth Pepys; Deb Willet
navy_office,dukes_playhouse,422,159,1667,11,7,coach,Elizabeth Pepys; Deb Willet; Sir W. Pen
dukes_playhouse,home_seething_lane,159,788,1667,11,7,coach,Sir W. Pen
home_seething_lane,whitehall,788,642,1667,11,10,coach,Sir W. Pen
kings_playhouse,home_seething_lane,295,788,1667,11,11,coach,Elizabeth Pepys; Deb Willet
home_seething_lane,westminster_hall,788,610,1667,11,13,boat,
home_seething_lane,dukes_playhouse,788,159,1667,11,13,coach,Elizabeth Pepys; Deb Willet
dukes_playhouse,home_seething_lane,159,788,1667,11,13,coach,Elizabeth Pepys; Deb Willet
home_seething_lane,westminster_hall,788,610,1667,11,15,walk,
westminster_hall,home_seething_lane,610,788,1667,11,15,coach,Elizabeth Pepys
home_seething_lane,whitehall,788,642,1667,11,18,coach,
whitehall,home_seething_lane,642,788,1667,11,18,coach,Elizabeth Pepys
home_seething_lane,westminster_hall,788,610,1667,11,19,walk,
westminster_hall,home_seething_lane,610,788,1667,11,19,coach,
home_seething_lane,navy_office,788,422,1667,11,20,walk,
navy_office,home_seething_lane,422,788,1667,11,20,walk,
home_seething_lane,navy_office,788,422,1667,11,21,walk,
navy_office,arundell_house,422,9,1667,11,21,coach,
arundell_house,home_seething_lane,9,788,1667,11,21,coach,
home_seething_lane,whitehall,788,642,1667,11,22,boat,
whitehall,the_temple,642,102,1667,11,22,coach,John Creed
the_temple,home_seething_lane,102,788,1667,11,22,coach,
home_seething_lane,the_temple,788,102,1667,11,26,coach,
the_temple,home_seething_lane,102,788,1667,11,26,coach,
home_seething_lane,navy_office,788,422,1667,11,27,walk,
navy_office,home_seething_lane,422,788,1667,11,27,walk,
home_seething_lane,whitehall,788,642,1667,11,28,coach,Lord Bruncker; Sir J. Minnes; Sir T. Harvey
whitehall,kings_playhouse,642,295,1667,11,28,coach,
kings_playhouse,home_seething_lane,295,788,1667,11,28,coach,Elizabeth Pepys
cary_house,home_seething_lane,713,788,1667,11,30,coach,
home_seething_lane,westminster_hall,788,610,1667,12,2,coach,Sir H. Cholmly
whitehall,home_seething_lane,642,788,1667,12,2,coach,Elizabeth Pepys
home_seething_lane,st_james_palace,788,540,1667,12,3,coach,
st_james_palace,navy_office,540,422,1667,12,3,coach,
navy_office,home_seething_lane,422,788,1667,12,3,walk,
home_seething_lane,whitehall,788,642,1667,12,4,coach,Elizabeth Pepys; Deb Willet
whitehall,home_seething_lane,642,788,1667,12,4,coach,Elizabeth Pepys; Deb Willet
home_seething_lane,navy_office,788,422,1667,12,5,walk,
navy_office,home_seething_lane,422,788,1667,12,5,walk,
home_seething_lane,whitehall,788,642,1667,12,6,coach,Sir J. Minnes
home_seething_lane,navy_office,788,422,1667,12,9,walk,
navy_office,home_seething_lane,422,788,1667,12,9,walk,
home_seething_lane,navy_office,788,422,1667,12,10,walk,
navy_office,westminster_hall,422,610,1667,12,10,coach,Elizabeth Pepys; Deb Willet
westminster_hall,home_seething_lane,610,788,1667,12,10,coach,Elizabeth Pepys; Deb Willet
home_seething_lane,whitehall,788,642,1667,12,11,coach,
whitehall,home_seething_lane,642,788,1667,12,11,coach,
home_seething_lane,whitehall,788,642,1667,12,12,coach,
whitehall,navy_office,642,422,1667,12,12,coach,
navy_office,dukes_playhouse,422,159,1667,12,12,coach,
dukes_playhouse,home_seething_lane,159,788,1667,12,12,coach,
home_seething_lane,westminster_hall,788,610,1667,12,13,walk,
westminster_hall,home_seething_lane,610,788,1667,12,13,coach,Roger Pepys; John Creed
home_seething_lane,exeter_house,788,171,1667,12,13,coach,Sir W. Warren
exeter_house,home_seething_lane,171,788,1667,12,13,walk,Sir W. Warren
home_seething_lane,navy_office,788,422,1667,12,18,walk,
home_seething_lane,navy_office,788,422,1667,12,19,walk,
navy_office,westminster_hall,422,610,1667,12,19,coach,
home_seething_lane,navy_office,788,422,1667,12,20,walk,
navy_office,home_seething_lane,422,788,1667,12,20,walk,
home_seething_lane,whitehall,788,642,1667,12,23,coach,
home_seething_lane,whitehall,788,642,1667,12,24,coach,
westminster_hall,kings_playhouse,610,295,1667,12,26,coach,Elizabeth Pepys
kings_playhouse,home_seething_lane,295,788,1667,12,26,coach,Elizabeth Pepys; Sir W. Pen
home_seething_lane,navy_office,788,422,1667,12,28,walk,
navy_office,kings_playhouse,422,295,1667,12,28,coach,Elizabeth Pepys; Deb Willet
kings_playhouse,home_seething_lane,295,788,1667,12,28,coach,Elizabeth Pepys; Deb Willet
home_seething_lane,whitehall,788,642,1667,12,30,coach,
kings_playhouse,home_seething_lane,295,788,1667,12,30,coach,
whitehall,navy_office,642,422,1667,12,31,walk,
navy_office,home_seething_lane,422,788,1667,12,31,walk,
lord_crews_house,dukes_playhouse,337,159,1668,1,1,coach,
dukes_playhouse,whitehall,159,642,1668,1,1,coach,
whitehall,home_seething_lane,642,788,1668,1,1,coach,
westminster_hall,home_seething_lane,610,788,1668,1,2,coach,
home_seething_lane,whitehall,788,642,1668,1,5,coach,
home_seething_lane,dukes_playhouse,788,159,1668,1,6,coach,Elizabeth Pepys; Deb Willet; Mrs. Pierce; Mrs. Knipp
dukes_playhouse,home_seething_lane,159,788,1668,1,6,coach,Elizabeth Pepys; Deb Willet; Mrs. Pierce; Mrs. Knipp; Henry Harris
whitehall,nursery_theatre,642,153,1668,1,7,coach,
nursery_theatre,home_seething_lane,153,788,1668,1,7,coach,
whitehall,captain_cockes_house,642,76,1668,1,8,coach,Lord Bruncker
captain_cockes_house,whitehall,76,642,1668,1,8,coach,Lord Bruncker
home_seething_lane,navy_office,788,422,1668,1,9,walk,
navy_office,home_seething_lane,422,788,1668,1,9,walk,
whitehall,home_seething_lane,642,788,1668,1,10,coach,
home_seething_lane,kings_playhouse,788,295,1668,1,10,coach,Elizabeth Pepys; Deb Willet
kings_playhouse,home_seething_lane,295,788,1668,1,10,coach,Elizabeth Pepys; Deb Willet
home_seething_lane,navy_office,788,422,1668,1,11,walk,
navy_office,kings_playhouse,422,295,1668,1,11,coach,Elizabeth Pepys; Mercer; Deb Willet
home_seething_lane,parish_church,788,544,1668,1,12,walk,Elizabeth Pepys
parish_church,home_seething_lane,544,788,1668,1,12,walk,Elizabeth Pepys
home_seething_lane,the_temple,788,102,1668,1,14,coach,Elizabeth Pepys; Deb Willet
the_temple,mrs_pierces_covent_garden,102,418,1668,1,14,coach,
home_seething_lane,deptford,788,77,1668,1,15,walk,
deptford,home_seething_lane,77,788,1668,1,15,walk,
home_seething_lane,navy_office,788,422,1668,1,18,walk,
navy_office,home_seething_lane,422,788,1668,1,18,walk,
home_seething_lane,deptford,788,77,1668,1,19,walk,Captain Perryman
deptford,home_seething_lane,77,788,1668,1,19,walk,Captain Perryman
home_seething_lane,exchequer,788,169,1668,1,20,coach,
exchequer,lord_crews_house,169,337,1668,1,20,walk,
lord_crews_house,home_seething_lane,337,788,1668,1,20,coach,
home_seething_lane,navy_office,788,422,1668,1,21,walk,
navy_office,whitehall,422,642,1668,1,21,coach,
whitehall,home_seething_lane,642,788,1668,1,21,coach,
home_seething_lane,sir_d_gawdens,788,382,1668,1,22,coach,Lord Bruncker
sir_d_gawdens,home_seething_lane,382,788,1668,1,22,coach,
home_seething_lane,navy_office,788,422,1668,1,23,walk,
navy_office,home_seething_lane,422,788,1668,1,23,walk,
home_seething_lane,whitehall,788,642,1668,1,24,coach,
whitehall,kings_playhouse,642,295,1668,1,24,coach,
kings_playhouse,home_seething_lane,295,788,1668,1,24,coach,Elizabeth Pepys; Deb Willet
home_seething_lane,whitehall,788,642,1668,1,27,coach,
home_seething_lane,whitehall,788,642,1668,1,28,coach,
home_seething_lane,st_james_palace,788,540,1668,1,29,coach,
st_james_palace,home_seething_lane,540,788,1668,1,29,coach,
home_seething_lane,whitehall,788,642,1668,1,29,coach,
home_seething_lane,the_temple,788,102,1668,1,30,boat,Mr. Gibson
the_temple,home_seething_lane,102,788,1668,1,30,coach,
home_seething_lane,durham_yard,788,88,1668,1,31,coach,
durham_yard,whitehall,88,642,1668,1,31,coach,
home_seething_lane,navy_office,788,422,1668,2,1,walk,
navy_office,islington,422,282,1668,2,1,coach,Elizabeth Pepys
home_seething_lane,dukes_playhouse,788,159,1668,2,3,coach,Elizabeth Pepys; Deb Willet
dukes_playhouse,home_seething_lane,159,788,1668,2,3,coach,Elizabeth Pepys; Deb Willet
home_seething_lane,navy_office,788,422,1668,2,4,walk,
navy_office,home_seething_lane,422,788,1668,2,4,walk,
home_seething_lane,durham_yard,788,88,1668,2,5,coach,
durham_yard,home_seething_lane,88,788,1668,2,5,coach,Captain Cocke
home_seething_lane,navy_office,788,422,1668,2,6,walk,
navy_office,dukes_playhouse,422,159,1668,2,6,coach,Elizabeth Pepys; Deb Willet
dukes_playhouse,hercules_pillars,159,234,1668,2,6,coach,Elizabeth Pepys; Deb Willet; Betty Turner; Mercer
hercules_pillars,home_seething_lane,234,788,1668,2,6,coach,Elizabeth Pepys; Deb Willet
home_seething_lane,westminster_hall,788,610,1668,2,7,walk,
westminster_hall,durham_yard,610,88,1668,2,7,walk,
durham_yard,whitehall,88,642,1668,2,7,coach,
home_seething_lane,navy_office,788,422,1668,2,8,walk,
navy_office,home_seething_lane,422,788,1668,2,8,walk,
home_seething_lane,westminster_hall,788,610,1668,2,10,coach,Elizabeth Pepys
westminster_hall,the_temple,610,102,1668,2,10,walk,
the_temple,home_seething_lane,102,788,1668,2,10,coach,Captain Cocke
home_seething_lane,westminster_hall,788,610,1668,2,10,coach,
westminster_hall,home_seething_lane,610,788,1668,2,10,coach,John Creed
home_seething_lane,westminster_hall,788,610,1668,2,11,coach,
westminster_hall,dukes_playhouse,610,159,1668,2,11,coach,
dukes_playhouse,home_seething_lane,159,788,1668,2,11,coach,Captain Cocke
home_seething_lane,navy_office,788,422,1668,2,12,walk,
navy_office,durham_yard,422,88,1668,2,12,coach,
durham_yard,home_seething_lane,88,788,1668,2,12,coach,Elizabeth Pepys; Deb Willet
home_seething_lane,whitehall,788,642,1668,2,13,coach,Elizabeth Pepys; Deb Willet
home_seething_lane,durham_yard,788,88,1668,2,14,walk,
durham_yard,whitehall,88,642,1668,2,14,coach,
whitehall,the_temple,642,102,1668,2,14,coach,
the_temple,home_seething_lane,102,788,1668,2,14,coach,
home_seething_lane,the_temple,788,102,1668,2,15,coach,Captain Cocke
the_temple,home_seething_lane,102,788,1668,2,15,coach,
home_seething_lane,durham_yard,788,88,1668,2,17,coach,
durham_yard,westminster_hall,88,610,1668,2,17,walk,
old_swan,whitehall,444,642,1668,2,18,walk,
home_seething_lane,navy_office,788,422,1668,2,19,walk,
navy_office,whitehall,422,642,1668,2,19,coach,
home_seething_lane,whitehall,788,642,1668,2,20,coach,
whitehall,kings_playhouse,642,295,1668,2,20,coach,
whitehall,home_seething_lane,642,788,1668,2,21,coach,
home_seething_lane,westminster_hall,788,610,1668,2,22,coach,
westminster_hall,dukes_playhouse,610,159,1668,2,22,coach,
dukes_playhouse,home_seething_lane,159,788,1668,2,22,coach,
home_seething_lane,falcon_bankside,788,68,1668,2,23,boat,
falcon_bankside,whitehall,68,642,1668,2,23,boat,
home_seething_lane,navy_office,788,422,1668,2,24,walk,
navy_office,new_exchange,422,129,1668,2,24,coach,Elizabeth Pepys; Deb Willet
new_exchange,nursery_theatre,129,153,1668,2,24,coach,Elizabeth Pepys; Deb Willet
nursery_theatre,home_seething_lane,153,788,1668,2,24,coach,Elizabeth Pepys; Deb Willet
home_seething_lane,navy_office,788,422,1668,2,25,walk,
navy_office,home_seething_lane,422,788,1668,2,25,walk,
home_seething_lane,whitehall,788,642,1668,2,26,boat,
whitehall,westminster_hall,642,610,1668,2,26,walk,
westminster_hall,home_seething_lane,610,788,1668,2,26,coach,
home_seething_lane,navy_office,788,422,1668,2,27,walk,
navy_office,home_seething_lane,422,788,1668,2,27,walk,
whitehall,dukes_playhouse,642,159,1668,2,28,coach,Elizabeth Pepys; Deb Willet
dukes_playhouse,home_seething_lane,159,788,1668,2,28,coach,Elizabeth Pepys; Deb Willet
whitehall,the_temple,642,102,1668,2,29,coach,Captain Cocke
the_temple,home_seething_lane,102,788,1668,2,29,coach,
home_seething_lane,st_james_palace,788,540,1668,3,1,coach,
st_james_palace,home_seething_lane,540,788,1668,3,1,coach,
home_seething_lane,mrs_martins_new_lodging,788,415,1668,3,1,coach,
mrs_martins_new_lodging,home_seething_lane,415,788,1668,3,1,coach,
kings_playhouse,home_seething_lane,295,788,1668,3,2,coach,Elizabeth Pepys
home_seething_lane,deptford,788,77,1668,3,3,boat,Lord Bruncker; Sir W. Pen; Sir T. Harvey; Commissioner Middleton
deptford,home_seething_lane,77,788,1668,3,3,boat,
westminster_hall,kings_playhouse,610,295,1668,3,5,coach,Lord Bruncker; Sir T. Harvey; Sir W. Pen
kings_playhouse,home_seething_lane,295,788,1668,3,5,coach,Sir W. Pen
home_seething_lane,st_james_palace,788,540,1668,3,6,coach,Sir Denis Gawden
st_james_palace,whitehall,540,642,1668,3,6,coach,
whitehall,home_seething_lane,642,788,1668,3,6,coach,
home_seething_lane,whitehall,788,642,1668,3,9,coach,Sir W. Warren
whitehall,home_seething_lane,642,788,1668,3,9,coach,
westminster_hall,home_seething_lane,610,788,1668,3,10,coach,Sir Denis Gawden
home_seething_lane,whitehall,788,642,1668,3,11,boat,
whitehall,home_seething_lane,642,788,1668,3,11,coach,
home_seething_lane,westminster_hall,788,610,1668,3,12,coach,Elizabeth Pepys; Deb Willet
westminster_hall,arundell_house,610,9,1668,3,12,coach,
arundell_house,home_seething_lane,9,788,1668,3,12,coach,
home_seething_lane,westminster_hall,788,610,1668,3,13,walk,
westminster_hall,whitehall,610,642,1668,3,13,walk,
whitehall,lord_crews_house,642,337,1668,3,13,coach,
home_seething_lane,westminster_hall,788,610,1668,3,14,walk,
westminster_hall,home_seething_lane,610,788,1668,3,14,walk,
home_seething_lane,whitehall,788,642,1668,3,15,walk,
whitehall,home_seething_lane,642,788,1668,3,15,coach,
home_seething_lane,navy_office,788,422,1668,3,17,walk,
navy_office,home_seething_lane,422,788,1668,3,17,walk,
home_seething_lane,westminster_hall,788,610,1668,3,18,coach,
westminster_hall,whitehall,610,642,1668,3,18,coach,Sir W. Pen
whitehall,home_seething_lane,642,788,1668,3,18,coach,
home_seething_lane,whitehall,788,642,1668,3,19,boat,
whitehall,home_seething_lane,642,788,1668,3,19,walk,
home_seething_lane,navy_office,788,422,1668,3,20,walk,
navy_office,home_seething_lane,422,788,1668,3,20,walk,
home_seething_lane,whitehall,788,642,1668,3,22,coach,
whitehall,home_seething_lane,642,788,1668,3,23,coach,
home_seething_lane,barn_elms,788,24,1668,3,23,boat,Elizabeth Pepys; Deb Willet; Mrs. Pierce; Mrs. Manuel; Mr. Pelling
barn_elms,mrs_pierces_covent_garden,24,418,1668,3,23,boat,Elizabeth Pepys; Deb Willet; Mrs. Pierce; Mrs. Manuel
mrs_pierces_covent_garden,home_seething_lane,418,788,1668,3,23,coach,Elizabeth Pepys; Deb Willet
whitehall,lord_crews_house,642,337,1668,3,24,walk,John Creed
lord_crews_house,whitehall,337,642,1668,3,24,coach,John Creed
whitehall,home_seething_lane,642,788,1668,3,25,coach,
home_seething_lane,kings_playhouse,788,295,1668,3,25,coach,Elizabeth Pepys; Deb Willet
home_seething_lane,navy_office,788,422,1668,3,26,walk,
navy_office,dukes_playhouse,422,159,1668,3,26,coach,Elizabeth Pepys; Deb Willet
dukes_playhouse,blue_balls_tavern,159,709,1668,3,26,walk,Elizabeth Pepys; Deb Willet; Mrs. Pierce; Betty Turner
whitehall,home_seething_lane,642,788,1668,3,27,coach,Elizabeth Pepys
home_seething_lane,kings_playhouse,788,295,1668,3,28,coach,Elizabeth Pepys; Deb Willet
kings_playhouse,home_seething_lane,295,788,1668,3,28,coach,Elizabeth Pepys; Deb Willet
parish_church,home_seething_lane,544,788,1668,3,29,walk,
whitehall,home_seething_lane,642,788,1668,3,30,coach,John Creed
home_seething_lane,westminster_hall,788,610,1668,3,31,coach,
home_seething_lane,the_temple,788,102,1668,4,2,coach,Lord Bruncker
the_temple,arundell_house,102,9,1668,4,2,walk,Lord Bruncker
whitehall,dukes_playhouse,642,159,1668,4,3,coach,Lord Bruncker
dukes_playhouse,home_seething_lane,159,788,1668,4,3,coach,
home_seething_lane,whitehall,788,642,1668,4,6,coach,
home_seething_lane,kings_playhouse,788,295,1668,4,7,coach,
kings_playhouse,home_seething_lane,295,788,1668,4,7,coach,
whitehall,dukes_playhouse,642,159,1668,4,8,coach,Lord Bruncker
dukes_playhouse,home_seething_lane,159,788,1668,4,8,coach,
home_seething_lane,navy_office,788,422,1668,4,9,walk,
navy_office,home_seething_lane,422,788,1668,4,9,walk,
whitehall,lord_crews_house,642,337,1668,4,13,walk,
lord_crews_house,home_seething_lane,337,788,1668,4,13,coach,
home_seething_lane,westminster_hall,788,610,1668,4,14,boat,
westminster_hall,durham_yard,610,88,1668,4,14,walk,
durham_yard,kings_playhouse,88,295,1668,4,14,coach,
kings_playhouse,home_seething_lane,295,788,1668,4,14,coach,
home_seething_lane,whitehall,788,642,1668,4,15,coach,
kings_playhouse,home_seething_lane,295,788,1668,4,15,coach,John Creed
whitehall,home_seething_lane,642,788,1668,4,16,coach,
kings_playhouse,kensington_grotto,295,291,1668,4,17,coach,Mrs. Knipp
kensington_grotto,home_seething_lane,291,788,1668,4,17,coach,
kings_playhouse,home_seething_lane,295,788,1668,4,18,coach,
home_seething_lane,whitehall,788,642,1668,4,19,boat,Roger Pepys
whitehall,home_seething_lane,642,788,1668,4,19,coach,
whitehall,durham_yard,642,88,1668,4,20,walk,
durham_yard,home_seething_lane,88,788,1668,4,20,coach,John Creed
home_seething_lane,kings_playhouse,788,295,1668,4,21,coach,Mrs. Turner
kings_playhouse,kensington_grotto,295,291,1668,4,21,coach,Mrs. Knipp
kensington_grotto,home_seething_lane,291,788,1668,4,21,coach,Mrs. Turner
home_seething_lane,whitehall,788,642,1668,4,22,coach,
whitehall,home_seething_lane,642,788,1668,4,22,coach,
home_seething_lane,tower,788,583,1668,4,23,walk,Mrs. Knipp; Mrs. Pierce
tower,fox_hall,583,185,1668,4,23,boat,Mrs. Knipp
whitehall,kings_playhouse,642,295,1668,4,24,coach,
kings_playhouse,home_seething_lane,295,788,1668,4,24,coach,
home_seething_lane,navy_office,788,422,1668,4,25,walk,
navy_office,dukes_playhouse,422,159,1668,4,25,coach,
dukes_playhouse,home_seething_lane,159,788,1668,4,25,coach,
home_seething_lane,parish_church,788,544,1668,4,26,walk,
parish_church,home_seething_lane,544,788,1668,4,26,walk,
westminster_hall,lord_crews_house,610,337,1668,4,27,walk,John Creed
lord_crews_house,kings_playhouse,337,295,1668,4,27,coach,
kings_playhouse,home_seething_lane,295,788,1668,4,27,coach,
home_seething_lane,whitehall,788,642,1668,4,28,boat,
whitehall,westminster_hall,642,610,1668,4,28,walk,
westminster_hall,kings_playhouse,610,295,1668,4,28,coach,John Creed
kings_playhouse,home_seething_lane,295,788,1668,4,28,coach,
whitehall,dukes_playhouse,642,159,1668,4,29,coach,Lord Bruncker
dukes_playhouse,home_seething_lane,159,788,1668,4,29,coach,
dolphin_tavern,dukes_playhouse,149,159,1668,4,30,coach,
dukes_playhouse,home_seething_lane,159,788,1668,4,30,coach,Mrs. Turner
westminster_hall,kings_playhouse,610,295,1668,5,1,coach,
kings_playhouse,home_seething_lane,295,788,1668,5,1,boat,
home_seething_lane,dukes_playhouse,788,159,1668,5,2,coach,Lord Bruncker
dukes_playhouse,home_seething_lane,159,788,1668,5,2,coach,
home_seething_lane,islington,788,282,1668,5,3,coach,Sir W. Pen
islington,home_seething_lane,282,788,1668,5,3,coach,Sir W. Pen
home_seething_lane,whitehall,788,642,1668,5,4,boat,
whitehall,dukes_playhouse,642,159,1668,5,4,coach,
dukes_playhouse,home_seething_lane,159,788,1668,5,4,coach,
home_seething_lane,dukes_playhouse,788,159,1668,5,5,coach,John Creed
dukes_playhouse,home_seething_lane,159,788,1668,5,5,boat,
whitehall,mrs_pierces_covent_garden,642,418,1668,5,6,coach,
kings_playhouse,home_seething_lane,295,788,1668,5,6,walk,
home_seething_lane,dukes_playhouse,788,159,1668,5,7,coach,Mercer; Mrs. Turner
dukes_playhouse,marrowbone_gardens,159,185,1668,5,7,coach,Mrs. Knipp; Mercer; Mrs. Turner
marrowbone_gardens,home_seething_lane,185,788,1668,5,7,coach,
home_seething_lane,westminster_hall,788,610,1668,5,9,boat,
westminster_hall,kings_playhouse,610,295,1668,5,9,coach,Sir W. Pen
kings_playhouse,home_seething_lane,295,788,1668,5,9,boat,
home_seething_lane,fox_hall,788,185,1668,5,10,boat,Lady Pen; Mrs. Lowther
fox_hall,home_seething_lane,185,788,1668,5,10,boat,Lady Pen; Mrs. Lowther
home_seething_lane,dukes_playhouse,788,159,1668,5,11,coach,Mercer
dukes_playhouse,fox_hall,159,185,1668,5,11,boat,Mercer
fox_hall,home_seething_lane,185,788,1668,5,11,boat,Mercer
home_seething_lane,islington,788,282,1668,5,12,coach,Mercer; Mrs. Gayet
islington,home_seething_lane,282,788,1668,5,12,coach,Mercer; Mrs. Gayet
home_seething_lane,whitehall,788,642,1668,5,13,boat,
whitehall,home_seething_lane,642,788,1668,5,13,boat,
home_seething_lane,kings_playhouse,788,295,1668,5,14,coach,Mercer; Mrs. Gayet
kings_playhouse,fox_hall,295,185,1668,5,14,boat,Mercer; Mrs. Gayet
fox_hall,home_seething_lane,185,788,1668,5,14,walk,Mercer; Mrs. Gayet
home_seething_lane,whitehall,788,642,1668,5,15,coach,
whitehall,kings_playhouse,642,295,1668,5,15,coach,Lord Bruncker
kings_playhouse,home_seething_lane,295,788,1668,5,15,coach,
home_seething_lane,kings_playhouse,788,295,1668,5,16,coach,
kings_playhouse,home_seething_lane,295,788,1668,5,16,coach,
home_seething_lane,whitehall,788,642,1668,5,18,coach,
whitehall,home_seething_lane,642,788,1668,5,18,coach,
home_seething_lane,whitehall,788,642,1668,5,19,coach,
whitehall,kings_playhouse,642,295,1668,5,20,walk,
kings_playhouse,home_seething_lane,295,788,1668,5,20,coach,John Creed
home_seething_lane,navy_office,788,422,1668,5,21,walk,
navy_office,home_seething_lane,422,788,1668,5,21,walk,
home_seething_lane,dukes_playhouse,788,159,1668,5,22,coach,
dukes_playhouse,home_seething_lane,159,788,1668,5,22,coach,
home_seething_lane,cambridge,788,65,1668,5,23,coach,
cambridge,brampton,65,51,1668,5,24,horse,
brampton,hinchingbroke,51,238,1668,5,24,horse,
hinchingbroke,brampton,238,51,1668,5,24,horse,
brampton,cambridge,51,65,1668,5,25,horse,
cambridge,home_seething_lane,65,788,1668,5,26,coach,
home_seething_lane,whitehall,788,642,1668,5,27,boat,
whitehall,sir_d_gawdens,642,382,1668,5,27,coach,Lord Bruncker; Sir J. Minnes
sir_d_gawdens,home_seething_lane,382,788,1668,5,27,coach,
home_seething_lane,fox_hall,788,185,1668,5,28,boat,Mercer; Mrs. Gayet
fox_hall,home_seething_lane,185,788,1668,5,28,boat,Mercer; Mrs. Gayet
home_seething_lane,whitehall,788,642,1668,5,29,boat,
kings_playhouse,fox_hall,295,185,1668,5,30,boat,Henry Harris
home_seething_lane,fox_hall,788,185,1668,5,31,boat,Mrs. Knipp; Mrs. Pierce; Mrs. Manuel; William Howe
fox_hall,home_seething_lane,185,788,1668,5,31,boat,William Howe
westminster_hall,whitehall,610,642,1668,6,1,walk,
whitehall,fox_hall,642,185,1668,6,1,walk,
fox_hall,home_seething_lane,185,788,1668,6,1,walk,
home_seething_lane,old_ford,788,39,1668,6,2,coach,Mercer
old_ford,deptford,39,77,1668,6,2,boat,
deptford,home_seething_lane,77,788,1668,6,2,boat,
home_seething_lane,whitehall,788,642,1668,6,3,coach,Sir Denis Gawden
whitehall,kings_playhouse,642,295,1668,6,3,coach,
kings_playhouse,home_seething_lane,295,788,1668,6,3,coach,
home_seething_lane,whitehall,788,642,1668,6,4,coach,
home_seething_lane,brampton,788,51,1668,6,5,coach,Elizabeth Pepys; Deb Willet; William Hewer
brampton,newport_pagnell,51,433,1668,6,8,coach,Elizabeth Pepys; Deb Willet; William Hewer; Betty Turner
abingdon,salisbury,1,487,1668,6,10,coach,Elizabeth Pepys; Deb Willet; William Hewer; Betty Turner
salisbury,stonehenge,487,558,1668,6,11,horse,Elizabeth Pepys; Deb Willet; William Hewer
stonehenge,salisbury,558,487,1668,6,11,horse,Elizabeth Pepys; Deb Willet; William Hewer
salisbury,bath,487,28,1668,6,12,coach,Elizabeth Pepys; Deb Willet; William Hewer; Betty Turner
bath,marlborough,28,352,1668,6,15,coach,Elizabeth Pepys; Deb Willet; William Hewer; Betty Turner
marlborough,reading,352,472,1668,6,16,coach,Elizabeth Pepys; Deb Willet; William Hewer; Betty Turner
home_seething_lane,navy_office,788,422,1668,6,18,walk,
navy_office,home_seething_lane,422,788,1668,6,18,walk,
kings_playhouse,home_seething_lane,295,788,1668,6,20,coach,Elizabeth Pepys
home_seething_lane,whitehall,788,642,1668,6,22,coach,
whitehall,home_seething_lane,642,788,1668,6,22,coach,
home_seething_lane,navy_office,788,422,1668,6,23,walk,
navy_office,home_seething_lane,422,788,1668,6,23,walk,
home_seething_lane,dukes_playhouse,788,159,1668,6,24,coach,Elizabeth Pepys; Mercer; Deb Willet; William Hewer
dukes_playhouse,fox_hall,159,185,1668,6,24,boat,Elizabeth Pepys; Mercer; Deb Willet; William Hewer
home_seething_lane,dolphin_tavern,788,149,1668,6,26,walk,
dolphin_tavern,home_seething_lane,149,788,1668,6,26,coach,Elizabeth Pepys
kings_playhouse,home_seething_lane,295,788,1668,6,27,coach,Elizabeth Pepys; Deb Willet
home_seething_lane,whitehall,788,642,1668,6,29,coach,Sir J. Minnes
whitehall,kings_playhouse,642,295,1668,6,29,coach,Elizabeth Pepys
home_seething_lane,navy_office,788,422,1668,6,30,walk,
navy_office,home_seething_lane,422,788,1668,6,30,walk,
home_seething_lane,whitehall,788,642,1668,7,1,coach,Commissioner Middleton
whitehall,home_seething_lane,642,788,1668,7,1,coach,
home_seething_lane,navy_office,788,422,1668,7,2,walk,
navy_office,home_seething_lane,422,788,1668,7,2,walk,
home_seething_lane,st_james_palace,788,540,1668,7,4,coach,
st_james_palace,home_seething_lane,540,788,1668,7,4,coach,
dukes_playhouse,fox_hall,159,185,1668,7,6,coach,Elizabeth Pepys; Deb Willet
navy_office,home_seething_lane,422,788,1668,7,7,walk,
whitehall,home_seething_lane,642,788,1668,7,8,coach,Elizabeth Pepys; Deb Willet
home_seething_lane,kings_playhouse,788,295,1668,7,11,coach,
kings_playhouse,home_seething_lane,295,788,1668,7,11,coach,
home_seething_lane,whitehall,788,642,1668,7,13,boat,
home_seething_lane,whitehall,788,642,1668,7,15,coach,
whitehall,home_seething_lane,642,788,1668,7,15,coach,Elizabeth Pepys; Deb Willet
whitehall,kings_playhouse,642,295,1668,7,17,coach,Elizabeth Pepys; Deb Willet
kings_playhouse,fox_hall,295,185,1668,7,17,coach,Elizabeth Pepys; Deb Willet
home_seething_lane,navy_office,788,422,1668,7,20,walk,
navy_office,home_seething_lane,422,788,1668,7,20,walk,
home_seething_lane,navy_office,788,422,1668,7,21,walk,
navy_office,home_seething_lane,422,788,1668,7,21,walk,
home_seething_lane,st_james_palace,788,540,1668,7,24,boat,
home_seething_lane,dukes_playhouse,788,159,1668,7,28,coach,Elizabeth Pepys; Deb Willet
dukes_playhouse,home_seething_lane,159,788,1668,7,28,coach,Elizabeth Pepys; Deb Willet
home_seething_lane,kings_playhouse,788,295,1668,7,29,coach,Elizabeth Pepys; Deb Willet; Mercer
kings_playhouse,home_seething_lane,295,788,1668,7,29,boat,Elizabeth Pepys; Deb Willet; Mercer
home_seething_lane,whitehall,788,642,1668,7,31,coach,Sir J. Minnes
whitehall,kings_playhouse,642,295,1668,7,31,coach,Sir J. Minnes; Elizabeth Pepys; Deb Willet
kings_playhouse,home_seething_lane,295,788,1668,7,31,coach,Elizabeth Pepys; Deb Willet
home_seething_lane,kings_playhouse,788,295,1668,8,1,coach,Elizabeth Pepys; Deb Willet
kings_playhouse,home_seething_lane,295,788,1668,8,1,coach,Elizabeth Pepys; Deb Willet
home_seething_lane,whitehall,788,642,1668,8,4,coach,
whitehall,home_seething_lane,642,788,1668,8,4,coach,
whitehall,home_seething_lane,642,788,1668,8,5,coach,
petersfield,guildford,455,221,1668,8,7,coach,Elizabeth Pepys; Deb Willet
guildford,home_seething_lane,221,788,1668,8,8,coach,Elizabeth Pepys; Deb Willet
home_seething_lane,whitehall,788,642,1668,8,9,coach,
home_seething_lane,goring_house,788,199,1668,8,10,boat,
home_seething_lane,dukes_playhouse,788,159,1668,8,12,coach,Elizabeth Pepys; Mercer; Deb Willet
dukes_playhouse,home_seething_lane,159,788,1668,8,12,coach,Elizabeth Pepys; Mercer; Deb Willet
whitehall,home_seething_lane,642,788,1668,8,14,coach,
home_seething_lane,kings_playhouse,788,295,1668,8,15,coach,Elizabeth Pepys; Mercer; Deb Willet
kings_playhouse,home_seething_lane,295,788,1668,8,15,coach,Elizabeth Pepys; Mercer; Deb Willet
dukes_playhouse,home_seething_lane,159,788,1668,8,17,coach,
home_seething_lane,whitehall,788,642,1668,8,21,boat,
whitehall,home_seething_lane,642,788,1668,8,21,coach,
home_seething_lane,st_james_palace,788,540,1668,8,23,coach,
st_james_palace,home_seething_lane,540,788,1668,8,23,coach,
st_james_palace,home_seething_lane,540,788,1668,8,25,boat,
home_seething_lane,whitehall,788,642,1668,8,26,boat,
whitehall,home_seething_lane,642,788,1668,8,26,coach,Sir Denis Gawden
navy_office,bartholomew_fair,422,27,1668,8,27,coach,Elizabeth Pepys; Deb Willet; William Batelier
home_seething_lane,whitehall,788,642,1668,8,30,walk,
home_seething_lane,whitehall,788,642,1668,8,31,boat,
whitehall,dukes_playhouse,642,159,1668,8,31,coach,Elizabeth Pepys; Deb Willet; Mercer; William Batelier; William Hewer
dukes_playhouse,bartholomew_fair,159,27,1668,8,31,walk,Elizabeth Pepys; Deb Willet
bartholomew_fair,home_seething_lane,27,788,1668,9,1,coach,
home_seething_lane,durham_yard,788,88,1668,9,3,walk,
durham_yard,whitehall,88,642,1668,9,3,boat,
whitehall,home_seething_lane,642,788,1668,9,3,coach,
home_seething_lane,navy_office,788,422,1668,9,5,walk,
navy_office,home_seething_lane,422,788,1668,9,5,walk,
whitehall,bartholomew_fair,642,27,1668,9,7,coach,Lord Bruncker; Sir J. Minnes; Sir W. Pen
bartholomew_fair,home_seething_lane,27,788,1668,9,7,coach,Lord Bruncker; Sir W. Pen
home_seething_lane,st_james_palace,788,540,1668,9,8,boat,
st_james_palace,home_seething_lane,540,788,1668,9,8,boat,
whitehall,home_seething_lane,642,788,1668,9,9,coach,Lord Bruncker; Sir W. Pen
home_seething_lane,whitehall,788,642,1668,9,10,boat,
whitehall,dukes_playhouse,642,159,1668,9,10,coach,Elizabeth Pepys; Mercer; Deb Willet; William Hewer
dukes_playhouse,home_seething_lane,159,788,1668,9,10,boat,Elizabeth Pepys; Mercer; Deb Willet
home_seething_lane,st_james_palace,788,540,1668,9,14,coach,
st_james_palace,whitehall,540,642,1668,9,14,walk,
whitehall,home_seething_lane,642,788,1668,9,14,boat,
home_seething_lane,kings_playhouse,788,295,1668,9,15,coach,
kings_playhouse,whitehall,295,642,1668,9,15,coach,
home_seething_lane,st_james_palace,788,540,1668,9,16,walk,
st_james_palace,home_seething_lane,540,788,1668,9,16,coach,
home_seething_lane,kings_playhouse,788,295,1668,9,17,coach,Mrs. Knipp
kings_playhouse,home_seething_lane,295,788,1668,9,17,coach,
whitehall,kings_playhouse,642,295,1668,9,18,coach,
kings_playhouse,home_seething_lane,295,788,1668,9,18,coach,
home_seething_lane,kings_playhouse,788,295,1668,9,19,coach,
kings_playhouse,home_seething_lane,295,788,1668,9,19,coach,
home_seething_lane,parish_church,788,544,1668,9,20,walk,
parish_church,home_seething_lane,544,788,1668,9,20,walk,
whitehall,home_seething_lane,642,788,1668,9,21,boat,
home_seething_lane,whitehall,788,642,1668,9,23,boat,
whitehall,home_seething_lane,642,788,1668,9,23,coach,Sir J. Minnes
home_seething_lane,whitehall,788,642,1668,9,27,walk,
home_seething_lane,lord_burlingtons_house,788,335,1668,9,28,boat,
lord_burlingtons_house,kings_playhouse,335,295,1668,9,28,coach,William Howe
kings_playhouse,whitehall,295,642,1668,9,28,coach,
whitehall,home_seething_lane,642,788,1668,9,28,coach,Alderman Backewell
whitehall,kings_playhouse,642,295,1668,10,12,coach,Elizabeth Pepys; Mercer; Deb Willet; William Hewer
kings_playhouse,home_seething_lane,295,788,1668,10,12,coach,Elizabeth Pepys; Mercer; Deb Willet
home_seething_lane,navy_office,788,422,1668,10,13,walk,
navy_office,home_seething_lane,422,788,1668,10,13,walk,Mr. Turner
whitehall,kings_playhouse,642,295,1668,10,14,coach,
kings_playhouse,home_seething_lane,295,788,1668,10,14,coach,Sir W. Pen
home_seething_lane,navy_office,788,422,1668,10,15,walk,
navy_office,home_seething_lane,422,788,1668,10,15,walk,
home_seething_lane,whitehall,788,642,1668,10,16,coach,Elizabeth Pepys; Deb Willet
home_seething_lane,navy_office,788,422,1668,10,17,walk,
navy_office,home_seething_lane,422,788,1668,10,17,walk,
home_seething_lane,whitehall,788,642,1668,10,18,coach,Lord Bruncker
home_seething_lane,dukes_playhouse,788,159,1668,10,19,coach,Elizabeth Pepys; Deb Willet
dukes_playhouse,home_seething_lane,159,788,1668,10,19,coach,Elizabeth Pepys; Deb Willet
home_seething_lane,navy_office,788,422,1668,10,20,walk,
navy_office,home_seething_lane,422,788,1668,10,20,walk,
home_seething_lane,whitehall,788,642,1668,10,21,coach,
home_seething_lane,arundell_house,788,9,1668,10,22,coach,Elizabeth Pepys; Deb Willet
home_seething_lane,whitehall,788,642,1668,10,23,coach,Commissioner Middleton
whitehall,home_seething_lane,642,788,1668,10,23,coach,
home_seething_lane,navy_office,788,422,1668,10,24,walk,
navy_office,home_seething_lane,422,788,1668,10,24,walk,
home_seething_lane,whitehall,788,642,1668,10,26,boat,
home_seething_lane,navy_office,788,422,1668,10,27,walk,
navy_office,home_seething_lane,422,788,1668,10,27,walk,
whitehall,home_seething_lane,642,788,1668,10,28,coach,
home_seething_lane,navy_office,788,422,1668,10,29,walk,
navy_office,home_seething_lane,422,788,1668,10,29,walk,
home_seething_lane,navy_office,788,422,1668,10,30,walk,
navy_office,home_seething_lane,422,788,1668,10,30,walk,
home_seething_lane,navy_office,788,422,1668,10,31,walk,
navy_office,home_seething_lane,422,788,1668,10,31,walk,
home_seething_lane,whitehall,788,642,1668,11,2,boat,
whitehall,home_seething_lane,642,788,1668,11,2,coach,
home_seething_lane,whitehall,788,642,1668,11,4,coach,
whitehall,home_seething_lane,642,788,1668,11,5,coach,
home_seething_lane,navy_office,788,422,1668,11,6,walk,
navy_office,home_seething_lane,422,788,1668,11,6,walk,
home_seething_lane,whitehall,788,642,1668,11,9,coach,
whitehall,home_seething_lane,642,788,1668,11,9,coach,
home_seething_lane,navy_office,788,422,1668,11,10,walk,
navy_office,home_seething_lane,422,788,1668,11,10,walk,
home_seething_lane,navy_office,788,422,1668,11,11,walk,
navy_office,home_seething_lane,422,788,1668,11,11,walk,
home_seething_lane,navy_office,788,422,1668,11,12,walk,
navy_office,home_seething_lane,422,788,1668,11,12,walk,
whitehall,home_seething_lane,642,788,1668,11,13,coach,
home_seething_lane,navy_office,788,422,1668,11,17,walk,
navy_office,home_seething_lane,422,788,1668,11,17,walk,
home_seething_lane,navy_office,788,422,1668,11,19,walk,
navy_office,home_seething_lane,422,788,1668,11,19,walk,
home_seething_lane,navy_office,788,422,1668,11,21,walk,William Hewer
navy_office,home_seething_lane,422,788,1668,11,21,coach,William Hewer
home_seething_lane,whitehall,788,642,1668,11,23,boat,William Hewer
whitehall,dukes_playhouse,642,159,1668,11,25,coach,Elizabeth Pepys
dukes_playhouse,home_seething_lane,159,788,1668,11,25,coach,Elizabeth Pepys
home_seething_lane,navy_office,788,422,1668,11,26,walk,
navy_office,home_seething_lane,422,788,1668,11,26,walk,
whitehall,home_seething_lane,642,788,1668,11,27,coach,William Hewer
home_seething_lane,navy_office,788,422,1668,11,28,walk,
navy_office,home_seething_lane,422,788,1668,11,28,walk,
home_seething_lane,kings_playhouse,788,295,1668,12,2,coach,Elizabeth Pepys
kings_playhouse,whitehall,295,642,1668,12,2,coach,Elizabeth Pepys
whitehall,dukes_playhouse,642,159,1668,12,3,coach,Elizabeth Pepys
dukes_playhouse,home_seething_lane,159,788,1668,12,3,coach,Elizabeth Pepys
home_seething_lane,st_james_palace,788,540,1668,12,7,walk,William Hewer
st_james_palace,whitehall,540,642,1668,12,7,walk,Lord Sandwich
home_seething_lane,dukes_playhouse,788,159,1668,12,8,coach,Elizabeth Pepys
dukes_playhouse,home_seething_lane,159,788,1668,12,8,coach,Elizabeth Pepys
home_seething_lane,dukes_playhouse,788,159,1668,12,9,coach,Elizabeth Pepys
dukes_playhouse,home_seething_lane,159,788,1668,12,9,coach,Elizabeth Pepys
home_seething_lane,whitehall,788,642,1668,12,11,boat,William Hewer
whitehall,home_seething_lane,642,788,1668,12,11,coach,William Hewer
home_seething_lane,whitehall,788,642,1668,12,14,boat,
whitehall,home_seething_lane,642,788,1668,12,14,coach,Elizabeth Pepys
home_seething_lane,brooke_house,788,58,1668,12,18,coach,
brooke_house,home_seething_lane,58,788,1668,12,18,coach,
home_seething_lane,kings_playhouse,788,295,1668,12,19,coach,Elizabeth Pepys
kings_playhouse,home_seething_lane,295,788,1668,12,19,coach,Elizabeth Pepys
home_seething_lane,whitehall,788,642,1668,12,20,coach,Elizabeth Pepys; William Hewer
home_seething_lane,whitehall,788,642,1668,12,21,coach,
whitehall,dukes_playhouse,642,159,1668,12,21,coach,Elizabeth Pepys; Talbot Pepys; William Hewer
dukes_playhouse,home_seething_lane,159,788,1668,12,21,coach,Elizabeth Pepys; Talbot Pepys; William Hewer
home_seething_lane,navy_office,788,422,1668,12,23,walk,
navy_office,home_seething_lane,422,788,1668,12,23,walk,
home_seething_lane,dukes_playhouse,788,159,1668,12,26,coach,Elizabeth Pepys
dukes_playhouse,home_seething_lane,159,788,1668,12,26,coach,Elizabeth Pepys
whitehall,home_seething_lane,642,788,1668,12,27,coach,
home_seething_lane,dukes_playhouse,788,159,1668,12,30,coach,Elizabeth Pepys
dukes_playhouse,home_seething_lane,159,788,1668,12,30,coach,Elizabeth Pepys
home_seething_lane,kings_playhouse,788,295,1669,1,1,coach,Elizabeth Pepys
kings_playhouse,home_seething_lane,295,788,1669,1,1,walk,Elizabeth Pepys
whitehall,home_seething_lane,642,788,1669,1,4,coach,Elizabeth Pepys; William Hewer
whitehall,home_seething_lane,642,788,1669,1,11,walk,William Hewer
whitehall,kings_playhouse,642,295,1669,1,11,coach,Elizabeth Pepys
home_seething_lane,whitehall,788,642,1669,1,12,walk,
whitehall,home_seething_lane,642,788,1669,1,12,walk,
home_seething_lane,whitehall,788,642,1669,1,13,coach,
whitehall,kings_playhouse,642,295,1669,1,13,coach,Elizabeth Pepys; Talbot Pepys
kings_playhouse,home_seething_lane,295,788,1669,1,13,coach,Elizabeth Pepys
home_seething_lane,st_james_palace,788,540,1669,1,15,coach,William Hewer
st_james_palace,dukes_playhouse,540,159,1669,1,15,coach,Elizabeth Pepys
dukes_playhouse,home_seething_lane,159,788,1669,1,15,coach,Elizabeth Pepys
home_seething_lane,whitehall,788,642,1669,1,17,coach,William Hewer
whitehall,home_seething_lane,642,788,1669,1,17,coach,William Hewer
home_seething_lane,st_james_palace,788,540,1669,1,18,coach,William Hewer
st_james_palace,dukes_playhouse,540,159,1669,1,18,coach,Elizabeth Pepys
dukes_playhouse,home_seething_lane,159,788,1669,1,18,coach,Elizabeth Pepys
home_seething_lane,kings_playhouse,788,295,1669,1,19,coach,Elizabeth Pepys
kings_playhouse,home_seething_lane,295,788,1669,1,19,coach,Elizabeth Pepys
whitehall,dukes_playhouse,642,159,1669,1,20,coach,Elizabeth Pepys
dukes_playhouse,home_seething_lane,159,788,1669,1,20,coach,Elizabeth Pepys
home_seething_lane,whitehall,788,642,1669,1,21,coach,
whitehall,dukes_playhouse,642,159,1669,1,21,coach,Elizabeth Pepys
dukes_playhouse,home_seething_lane,159,788,1669,1,21,coach,Elizabeth Pepys
home_seething_lane,navy_office,788,422,1669,1,23,walk,
navy_office,home_seething_lane,422,788,1669,1,23,walk,
whitehall,dukes_playhouse,642,159,1669,1,27,coach,Roger Pepys; Elizabeth Pepys
dukes_playhouse,home_seething_lane,159,788,1669,1,27,coach,Elizabeth Pepys
whitehall,home_seething_lane,642,788,1669,1,29,coach,
home_seething_lane,whitehall,788,642,1669,2,1,boat,
whitehall,dukes_playhouse,642,159,1669,2,1,coach,Elizabeth Pepys
dukes_playhouse,home_seething_lane,159,788,1669,2,1,coach,Elizabeth Pepys
home_seething_lane,kings_playhouse,788,295,1669,2,2,coach,Elizabeth Pepys; Mr. Sheres
kings_playhouse,home_seething_lane,295,788,1669,2,2,coach,Elizabeth Pepys
home_seething_lane,st_james_palace,788,540,1669,2,5,coach,
st_james_palace,home_seething_lane,540,788,1669,2,5,coach,
whitehall,home_seething_lane,642,788,1669,2,8,coach,Elizabeth Pepys
home_seething_lane,kings_playhouse,788,295,1669,2,9,coach,Elizabeth Pepys
kings_playhouse,home_seething_lane,295,788,1669,2,9,coach,Elizabeth Pepys
home_seething_lane,st_james_palace,788,540,1669,2,14,coach,
st_james_palace,whitehall,540,642,1669,2,14,coach,William Hewer
whitehall,home_seething_lane,642,788,1669,2,15,coach,Elizabeth Pepys
home_seething_lane,whitehall,788,642,1669,2,17,coach,William Hewer
whitehall,home_seething_lane,642,788,1669,2,17,coach,
home_seething_lane,kings_playhouse,788,295,1669,2,19,coach,Elizabeth Pepys
kings_playhouse,home_seething_lane,295,788,1669,2,19,coach,Elizabeth Pepys
home_seething_lane,dukes_playhouse,788,159,1669,2,20,coach,Elizabeth Pepys; Bab Pepys; Betty Pepys
dukes_playhouse,home_seething_lane,159,788,1669,2,20,coach,Elizabeth Pepys
home_seething_lane,westminster_hall,788,610,1669,2,23,coach,Elizabeth Pepys; Bab Pepys; Betty Pepys
westminster_hall,home_seething_lane,610,788,1669,2,23,coach,Elizabeth Pepys; Bab Pepys; Betty Pepys
home_seething_lane,dukes_playhouse,788,159,1669,2,25,coach,Elizabeth Pepys; Bab Pepys; Betty Pepys
dukes_playhouse,home_seething_lane,159,788,1669,2,25,coach,Elizabeth Pepys
home_seething_lane,kings_playhouse,788,295,1669,2,26,coach,Elizabeth Pepys; Bab Pepys; Betty Pepys
kings_playhouse,home_seething_lane,295,788,1669,2,26,coach,Elizabeth Pepys
whitehall,home_seething_lane,642,788,1669,3,1,coach,
whitehall,dukes_playhouse,642,159,1669,3,3,coach,
dukes_playhouse,home_seething_lane,159,788,1669,3,3,coach,
home_seething_lane,whitehall,788,642,1669,3,4,coach,
whitehall,tower,642,583,1669,3,4,coach,
tower,deptford,583,77,1669,3,4,boat,
deptford,home_seething_lane,77,788,1669,3,4,boat,
home_seething_lane,whitehall,788,642,1669,3,5,boat,
whitehall,tower,642,583,1669,3,5,coach,Elizabeth Pepys
tower,home_seething_lane,583,788,1669,3,5,coach,Elizabeth Pepys
tower,home_seething_lane,583,788,1669,3,6,walk,
tower,whitehall,583,642,1669,3,7,coach,Elizabeth Pepys
whitehall,kings_playhouse,642,295,1669,3,8,coach,Elizabeth Pepys
kings_playhouse,home_seething_lane,295,788,1669,3,8,coach,Elizabeth Pepys
tower,home_seething_lane,583,788,1669,3,9,walk,
whitehall,dukes_playhouse,642,159,1669,3,10,coach,Elizabeth Pepys
dukes_playhouse,home_seething_lane,159,788,1669,3,10,coach,Elizabeth Pepys
tower,home_seething_lane,583,788,1669,3,11,walk,
home_seething_lane,whitehall,788,642,1669,3,12,coach,
whitehall,home_seething_lane,642,788,1669,3,12,coach,
tower,kings_playhouse,583,295,1669,3,13,coach,Elizabeth Pepys
kings_playhouse,home_seething_lane,295,788,1669,3,13,coach,Elizabeth Pepys
home_seething_lane,whitehall,788,642,1669,3,15,boat,William Hewer
home_seething_lane,tower,788,583,1669,3,16,walk,
tower,kings_playhouse,583,295,1669,3,16,coach,Elizabeth Pepys
kings_playhouse,home_seething_lane,295,788,1669,3,16,coach,Elizabeth Pepys
whitehall,dukes_playhouse,642,159,1669,3,17,coach,Elizabeth Pepys
dukes_playhouse,home_seething_lane,159,788,1669,3,17,coach,Elizabeth Pepys
tower,kings_playhouse,583,295,1669,3,18,coach,Elizabeth Pepys
kings_playhouse,home_seething_lane,295,788,1669,3,18,coach,Elizabeth Pepys
home_seething_lane,whitehall,788,642,1669,3,19,boat,
whitehall,dukes_playhouse,642,159,1669,3,19,coach,Elizabeth Pepys
dukes_playhouse,home_seething_lane,159,788,1669,3,19,coach,Elizabeth Pepys
home_seething_lane,tower,788,583,1669,3,20,walk,
tower,kings_playhouse,583,295,1669,3,20,coach,Elizabeth Pepys
kings_playhouse,home_seething_lane,295,788,1669,3,20,coach,Elizabeth Pepys
home_seething_lane,kings_playhouse,788,295,1669,3,21,coach,Elizabeth Pepys
kings_playhouse,home_seething_lane,295,788,1669,3,21,coach,Elizabeth Pepys
home_seething_lane,whitehall,788,642,1669,3,22,boat,William Hewer
whitehall,kings_playhouse,642,295,1669,3,22,coach,Elizabeth Pepys
kings_playhouse,home_seething_lane,295,788,1669,3,22,coach,Elizabeth Pepys
home_seething_lane,chatham,788,90,1669,3,23,coach,Commissioner Middleton; Mr. Hutchinson
whitehall,greenwich,642,212,1669,3,29,boat,
greenwich,home_seething_lane,212,788,1669,3,29,boat,
home_seething_lane,st_james_palace,788,540,1669,3,30,coach,
st_james_palace,home_seething_lane,540,788,1669,3,30,coach,
home_seething_lane,whitehall,788,642,1669,3,31,boat,
home_seething_lane,navy_office,788,422,1669,4,1,walk,Commissioner Middleton
navy_office,home_seething_lane,422,788,1669,4,1,coach,Elizabeth Pepys
home_seething_lane,whitehall,788,642,1669,4,4,coach,Sir J. Minnes; Commissioner Middleton
whitehall,home_seething_lane,642,788,1669,4,5,coach,Elizabeth Pepys; Mr. Sheres; Betty Turner
home_seething_lane,whitehall,788,642,1669,4,6,coach,
home_seething_lane,whitehall,788,642,1669,4,7,coach,
whitehall,home_seething_lane,642,788,1669,4,7,coach,
whitehall,islington,642,282,1669,4,8,coach,Elizabeth Pepys
whitehall,home_seething_lane,642,788,1669,4,9,coach,
home_seething_lane,whitehall,788,642,1669,4,11,coach,Elizabeth Pepys; Balthasar St. Michel
whitehall,home_seething_lane,642,788,1669,4,11,coach,Elizabeth Pepys
whitehall,bear_garden,642,30,1669,4,12,boat,Elizabeth Pepys; Mr. Sheres
bear_garden,home_seething_lane,30,788,1669,4,12,coach,Elizabeth Pepys; Mr. Sheres
home_seething_lane,whitehall,788,642,1669,4,13,boat,William Hewer
whitehall,dukes_playhouse,642,159,1669,4,14,coach,Elizabeth Pepys
dukes_playhouse,home_seething_lane,159,788,1669,4,14,coach,Elizabeth Pepys
navy_office,home_seething_lane,422,788,1669,4,15,coach,Elizabeth Pepys
home_seething_lane,kings_playhouse,788,295,1669,4,17,coach,Elizabeth Pepys; Mr. Pierce
kings_playhouse,whitehall,295,642,1669,4,17,coach,Elizabeth Pepys
whitehall,home_seething_lane,642,788,1669,4,17,coach,Elizabeth Pepys
whitehall,home_seething_lane,642,788,1669,4,18,coach,
home_seething_lane,whitehall,788,642,1669,4,19,coach,
home_seething_lane,navy_office,788,422,1669,4,20,walk,
navy_office,home_seething_lane,422,788,1669,4,20,coach,
home_seething_lane,whitehall,788,642,1669,4,21,coach,
whitehall,home_seething_lane,642,788,1669,4,21,coach,Elizabeth Pepys
home_seething_lane,whitehall,788,642,1669,4,26,coach,William Hewer
whitehall,kings_playhouse,642,295,1669,4,26,coach,Elizabeth Pepys
kings_playhouse,home_seething_lane,295,788,1669,4,26,coach,Elizabeth Pepys
home_seething_lane,navy_office,788,422,1669,4,28,walk,
navy_office,home_seething_lane,422,788,1669,4,28,walk,
home_seething_lane,st_james_palace,788,540,1669,4,30,coach,
st_james_palace,home_seething_lane,540,788,1669,4,30,coach,
home_seething_lane,navy_office,788,422,1669,5,1,walk,
navy_office,home_seething_lane,422,788,1669,5,1,coach,Elizabeth Pepys; Mr. Sheres
home_seething_lane,st_james_palace,788,540,1669,5,3,coach,
st_james_palace,home_seething_lane,540,788,1669,5,3,coach,
navy_office,home_seething_lane,422,788,1669,5,4,walk,
home_seething_lane,navy_office,788,422,1669,5,6,walk,
navy_office,home_seething_lane,422,788,1669,5,6,coach,Elizabeth Pepys
home_seething_lane,whitehall,788,642,1669,5,7,coach,
whitehall,home_seething_lane,642,788,1669,5,7,coach,Elizabeth Pepys
home_seething_lane,westminster_hall,788,610,1669,5,9,coach,Elizabeth Pepys
westminster_hall,home_seething_lane,610,788,1669,5,9,coach,Elizabeth Pepys
lord_crews_house,whitehall,337,642,1669,5,10,walk,
home_seething_lane,dukes_playhouse,788,159,1669,5,12,coach,Elizabeth Pepys
dukes_playhouse,home_seething_lane,159,788,1669,5,12,coach,Elizabeth Pepys
home_seething_lane,whitehall,788,642,1669,5,14,coach,
whitehall,home_seething_lane,642,788,1669,5,14,boat,Elizabeth Pepys; John Pepys Jr.
home_seething_lane,kings_playhouse,788,295,1669,5,17,coach,Elizabeth Pepys; John Pepys Jr.
kings_playhouse,home_seething_lane,295,788,1669,5,17,coach,Elizabeth Pepys
home_seething_lane,whitehall,788,642,1669,5,19,coach,
home_seething_lane,navy_office,788,422,1669,5,20,walk,
navy_office,home_seething_lane,422,788,1669,5,20,walk,
whitehall,home_seething_lane,642,788,1669,5,24,coach,Elizabeth Pepys
home_seething_lane,whitehall,788,642,1669,5,28,coach,
whitehall,home_seething_lane,642,788,1669,5,29,coach,Elizabeth Pepys
home_seething_lane,whitehall,788,642,1669,5,30,boat,
home_seething_lane,whitehall,788,642,1669,5,31,boat,
whitehall,home_seething_lane,642,788,1669,5,31,coach,Elizabeth Pepys
